{
  "model": "v4_1_temporal_enhanced",
  "phase_comparisons": {
    "initial_phase": {
      "device_smax": 31888.97067323077,
      "ledger_smax": 103557.22951564688,
      "dynamic_smax": 55199.99999999999,
      "avg_prediction": 63548.73339629255,
      "actual_qps": 131629.0471664594,
      "error_percent": 51.72134512534442,
      "accuracy": 48.27865487465558,
      "r2_score": 0.4827865487465558
    },
    "middle_phase": {
      "device_smax": 70836.95497846155,
      "ledger_smax": 109697.18153846155,
      "dynamic_smax": 51700.0,
      "avg_prediction": 77411.37883897436,
      "actual_qps": 114242.28847130523,
      "error_percent": 32.239296083062854,
      "accuracy": 67.76070391693715,
      "r2_score": 0.6776070391693715
    },
    "final_phase": {
      "device_smax": 117288.22650092309,
      "ledger_smax": 123409.32923076923,
      "dynamic_smax": 80850.0,
      "avg_prediction": 107182.51857723079,
      "actual_qps": 109685.28883854666,
      "error_percent": 2.2817738712434594,
      "accuracy": 97.71822612875654,
      "r2_score": 0.9771822612875654
    }
  },
  "overall_avg_prediction": 82714.21027083257,
  "overall_avg_actual": 118518.8748254371,
  "overall_error_percent": 30.2100948961422,
  "overall_accuracy": 69.7899051038578,
  "overall_r2_score": 0.6978990510385781,
  "rocksdb_log_enhanced": true,
  "temporal_enhanced": true,
  "model_version": "v4.1_temporal_enhanced"
}