{
  "fio version" : "fio-3.28",
  "timestamp" : 1757418434,
  "timestamp_ms" : 1757418434419,
  "time" : "Tue Sep  9 07:47:14 2025",
  "jobs" : [
    {
      "jobname" : "mixed_io",
      "groupid" : 0,
      "error" : 0,
      "eta" : 0,
      "elapsed" : 41,
      "job options" : {
        "name" : "mixed_io",
        "filename" : "/dev/nvme1n1p2",
        "rw" : "randrw",
        "rwmixread" : "75",
        "bs" : "64k",
        "ioengine" : "libaio",
        "iodepth" : "1",
        "numjobs" : "2",
        "runtime" : "30",
        "ramp_time" : "10",
        "direct" : "1"
      },
      "read" : {
        "io_bytes" : 11160649728,
        "io_kbytes" : 10899072,
        "bw_bytes" : 372009257,
        "bw" : 363290,
        "iops" : 5676.410786,
        "runtime" : 30001,
        "total_ios" : 170298,
        "short_ios" : 0,
        "drop_ios" : 0,
        "slat_ns" : {
          "min" : 6711,
          "max" : 185389,
          "mean" : 30648.548339,
          "stddev" : 12842.479588,
          "N" : 170298
        },
        "clat_ns" : {
          "min" : 103021,
          "max" : 8955203,
          "mean" : 286813.358113,
          "stddev" : 241743.497613,
          "N" : 170298,
          "percentile" : {
            "1.000000" : 136192,
            "5.000000" : 158720,
            "10.000000" : 162816,
            "20.000000" : 171008,
            "30.000000" : 193536,
            "40.000000" : 244736,
            "50.000000" : 254976,
            "60.000000" : 261120,
            "70.000000" : 276480,
            "80.000000" : 284672,
            "90.000000" : 309248,
            "95.000000" : 577536,
            "99.000000" : 1548288,
            "99.500000" : 1630208,
            "99.900000" : 1794048,
            "99.950000" : 1826816,
            "99.990000" : 2113536
          }
        },
        "lat_ns" : {
          "min" : 119355,
          "max" : 8997819,
          "mean" : 317970.574240,
          "stddev" : 242787.477958,
          "N" : 170298
        },
        "bw_min" : 330054,
        "bw_max" : 386817,
        "bw_agg" : 100.000000,
        "bw_mean" : 363587.854802,
        "bw_dev" : 5890.019311,
        "bw_samples" : 119,
        "iops_min" : 5157,
        "iops_max" : 6044,
        "iops_mean" : 5680.544633,
        "iops_stddev" : 91.984883,
        "iops_samples" : 119
      },
      "write" : {
        "io_bytes" : 3728146432,
        "io_kbytes" : 3640768,
        "bw_bytes" : 124267405,
        "bw" : 121354,
        "iops" : 1896.170128,
        "runtime" : 30001,
        "total_ios" : 56887,
        "short_ios" : 0,
        "drop_ios" : 0,
        "slat_ns" : {
          "min" : 8024,
          "max" : 278919,
          "mean" : 31476.085907,
          "stddev" : 12875.002130,
          "N" : 56887
        },
        "clat_ns" : {
          "min" : 1788,
          "max" : 365048,
          "mean" : 49024.173695,
          "stddev" : 12816.641480,
          "N" : 56887,
          "percentile" : {
            "1.000000" : 35072,
            "5.000000" : 35072,
            "10.000000" : 35584,
            "20.000000" : 35584,
            "30.000000" : 36608,
            "40.000000" : 39680,
            "50.000000" : 49920,
            "60.000000" : 55040,
            "70.000000" : 55552,
            "80.000000" : 57600,
            "90.000000" : 69120,
            "95.000000" : 72192,
            "99.000000" : 75264,
            "99.500000" : 77312,
            "99.900000" : 85504,
            "99.950000" : 89600,
            "99.990000" : 124416
          }
        },
        "lat_ns" : {
          "min" : 35682,
          "max" : 410652,
          "mean" : 81027.222599,
          "stddev" : 20466.378756,
          "N" : 56887
        },
        "bw_min" : 107008,
        "bw_max" : 138764,
        "bw_agg" : 100.000000,
        "bw_mean" : 121418.661864,
        "bw_dev" : 3397.598602,
        "bw_samples" : 119,
        "iops_min" : 1672,
        "iops_max" : 2168,
        "iops_mean" : 1896.540678,
        "iops_stddev" : 53.088186,
        "iops_samples" : 119
      },
      "trim" : {
        "io_bytes" : 0,
        "io_kbytes" : 0,
        "bw_bytes" : 0,
        "bw" : 0,
        "iops" : 0.000000,
        "runtime" : 0,
        "total_ios" : 0,
        "short_ios" : 0,
        "drop_ios" : 0,
        "slat_ns" : {
          "min" : 0,
          "max" : 0,
          "mean" : 0.000000,
          "stddev" : 0.000000,
          "N" : 0
        },
        "clat_ns" : {
          "min" : 0,
          "max" : 0,
          "mean" : 0.000000,
          "stddev" : 0.000000,
          "N" : 0
        },
        "lat_ns" : {
          "min" : 0,
          "max" : 0,
          "mean" : 0.000000,
          "stddev" : 0.000000,
          "N" : 0
        },
        "bw_min" : 0,
        "bw_max" : 0,
        "bw_agg" : 0.000000,
        "bw_mean" : 0.000000,
        "bw_dev" : 0.000000,
        "bw_samples" : 0,
        "iops_min" : 0,
        "iops_max" : 0,
        "iops_mean" : 0.000000,
        "iops_stddev" : 0.000000,
        "iops_samples" : 0
      },
      "sync" : {
        "total_ios" : 0,
        "lat_ns" : {
          "min" : 0,
          "max" : 0,
          "mean" : 0.000000,
          "stddev" : 0.000000,
          "N" : 0
        }
      },
      "job_runtime" : 60000,
      "usr_cpu" : 5.201667,
      "sys_cpu" : 18.641667,
      "ctx" : 227117,
      "majf" : 0,
      "minf" : 122,
      "iodepth_level" : {
        "1" : 100.000000,
        "2" : 0.000000,
        "4" : 0.000000,
        "8" : 0.000000,
        "16" : 0.000000,
        "32" : 0.000000,
        ">=64" : 0.000000
      },
      "iodepth_submit" : {
        "0" : 0.000000,
        "4" : 100.000000,
        "8" : 0.000000,
        "16" : 0.000000,
        "32" : 0.000000,
        "64" : 0.000000,
        ">=64" : 0.000000
      },
      "iodepth_complete" : {
        "0" : 0.000000,
        "4" : 100.000000,
        "8" : 0.000000,
        "16" : 0.000000,
        "32" : 0.000000,
        "64" : 0.000000,
        ">=64" : 0.000000
      },
      "latency_ns" : {
        "2" : 0.000000,
        "4" : 0.000000,
        "10" : 0.000000,
        "20" : 0.000000,
        "50" : 0.000000,
        "100" : 0.000000,
        "250" : 0.000000,
        "500" : 0.000000,
        "750" : 0.000000,
        "1000" : 0.000000
      },
      "latency_us" : {
        "2" : 0.010000,
        "4" : 0.010000,
        "10" : 0.010000,
        "20" : 0.010124,
        "50" : 12.672932,
        "100" : 12.344565,
        "250" : 34.214407,
        "500" : 36.806567,
        "750" : 0.603473,
        "1000" : 0.658934
      },
      "latency_ms" : {
        "2" : 2.672271,
        "4" : 0.010000,
        "10" : 0.010000,
        "20" : 0.000000,
        "50" : 0.000000,
        "100" : 0.000000,
        "250" : 0.000000,
        "500" : 0.000000,
        "750" : 0.000000,
        "1000" : 0.000000,
        "2000" : 0.000000,
        ">=2000" : 0.000000
      },
      "latency_depth" : 1,
      "latency_target" : 0,
      "latency_percentile" : 100.000000,
      "latency_window" : 0
    }
  ],
  "disk_util" : [
    {
      "name" : "nvme1n1",
      "read_ios" : 227747,
      "write_ios" : 76104,
      "read_merges" : 0,
      "write_merges" : 0,
      "read_ticks" : 61228,
      "write_ticks" : 3656,
      "in_queue" : 64882,
      "util" : 73.935719
    }
  ]
}
