{
  "fio version" : "fio-3.28",
  "timestamp" : 1757416616,
  "timestamp_ms" : 1757416616307,
  "time" : "Tue Sep  9 07:16:56 2025",
  "jobs" : [
    {
      "jobname" : "mixed_io",
      "groupid" : 0,
      "error" : 0,
      "eta" : 0,
      "elapsed" : 41,
      "job options" : {
        "name" : "mixed_io",
        "filename" : "/dev/nvme1n1p2",
        "rw" : "randrw",
        "rwmixread" : "25",
        "bs" : "64k",
        "ioengine" : "libaio",
        "iodepth" : "64",
        "numjobs" : "2",
        "runtime" : "30",
        "ramp_time" : "10",
        "direct" : "1"
      },
      "read" : {
        "io_bytes" : 16692543488,
        "io_kbytes" : 16301312,
        "bw_bytes" : 556288315,
        "bw" : 543250,
        "iops" : 8484.087046,
        "runtime" : 30007,
        "total_ios" : 254582,
        "short_ios" : 0,
        "drop_ios" : 0,
        "slat_ns" : {
          "min" : 11664,
          "max" : 214706,
          "mean" : 20712.626356,
          "stddev" : 7185.563527,
          "N" : 254582
        },
        "clat_ns" : {
          "min" : 108125,
          "max" : 134398831,
          "mean" : 13726421.961089,
          "stddev" : 12416220.638608,
          "N" : 254708,
          "percentile" : {
            "1.000000" : 2244608,
            "5.000000" : 5341184,
            "10.000000" : 6782976,
            "20.000000" : 8093696,
            "30.000000" : 8978432,
            "40.000000" : 9895936,
            "50.000000" : 10682368,
            "60.000000" : 11599872,
            "70.000000" : 12910592,
            "80.000000" : 15007744,
            "90.000000" : 20316160,
            "95.000000" : 32374784,
            "99.000000" : 77070336,
            "99.500000" : 86507520,
            "99.900000" : 109576192,
            "99.950000" : 115867648,
            "99.990000" : 127401984
          }
        },
        "lat_ns" : {
          "min" : 127803,
          "max" : 134415295,
          "mean" : 13747471.838089,
          "stddev" : 12416127.464486,
          "N" : 254708
        },
        "bw_min" : 507377,
        "bw_max" : 593058,
        "bw_agg" : 100.000000,
        "bw_mean" : 543609.200000,
        "bw_dev" : 10700.002017,
        "bw_samples" : 120,
        "iops_min" : 7927,
        "iops_max" : 9265,
        "iops_mean" : 8493.466667,
        "iops_stddev" : 167.155677,
        "iops_samples" : 120
      },
      "write" : {
        "io_bytes" : 49991778304,
        "io_kbytes" : 48820096,
        "bw_bytes" : 1666003875,
        "bw" : 1626956,
        "iops" : 25421.201720,
        "runtime" : 30007,
        "total_ios" : 762814,
        "short_ios" : 0,
        "drop_ios" : 0,
        "slat_ns" : {
          "min" : 13106,
          "max" : 374121,
          "mean" : 22614.186306,
          "stddev" : 7563.376294,
          "N" : 762814
        },
        "clat_ns" : {
          "min" : 1676,
          "max" : 23980627,
          "mean" : 420314.513282,
          "stddev" : 902764.295239,
          "N" : 762814,
          "percentile" : {
            "1.000000" : 28288,
            "5.000000" : 32384,
            "10.000000" : 35584,
            "20.000000" : 39168,
            "30.000000" : 53504,
            "40.000000" : 69120,
            "50.000000" : 93696,
            "60.000000" : 138240,
            "70.000000" : 226304,
            "80.000000" : 436224,
            "90.000000" : 1286144,
            "95.000000" : 2408448,
            "99.000000" : 3719168,
            "99.500000" : 4112384,
            "99.900000" : 5406720,
            "99.950000" : 6651904,
            "99.990000" : 22151168
          }
        },
        "lat_ns" : {
          "min" : 42201,
          "max" : 24000247,
          "mean" : 443299.980502,
          "stddev" : 903204.900504,
          "N" : 762814
        },
        "bw_min" : 1473410,
        "bw_max" : 1802425,
        "bw_agg" : 100.000000,
        "bw_mean" : 1628806.933333,
        "bw_dev" : 33350.905314,
        "bw_samples" : 120,
        "iops_min" : 23021,
        "iops_max" : 28162,
        "iops_mean" : 25449.683333,
        "iops_stddev" : 521.144974,
        "iops_samples" : 120
      },
      "trim" : {
        "io_bytes" : 0,
        "io_kbytes" : 0,
        "bw_bytes" : 0,
        "bw" : 0,
        "iops" : 0.000000,
        "runtime" : 0,
        "total_ios" : 0,
        "short_ios" : 0,
        "drop_ios" : 0,
        "slat_ns" : {
          "min" : 0,
          "max" : 0,
          "mean" : 0.000000,
          "stddev" : 0.000000,
          "N" : 0
        },
        "clat_ns" : {
          "min" : 0,
          "max" : 0,
          "mean" : 0.000000,
          "stddev" : 0.000000,
          "N" : 0
        },
        "lat_ns" : {
          "min" : 0,
          "max" : 0,
          "mean" : 0.000000,
          "stddev" : 0.000000,
          "N" : 0
        },
        "bw_min" : 0,
        "bw_max" : 0,
        "bw_agg" : 0.000000,
        "bw_mean" : 0.000000,
        "bw_dev" : 0.000000,
        "bw_samples" : 0,
        "iops_min" : 0,
        "iops_max" : 0,
        "iops_mean" : 0.000000,
        "iops_stddev" : 0.000000,
        "iops_samples" : 0
      },
      "sync" : {
        "total_ios" : 0,
        "lat_ns" : {
          "min" : 0,
          "max" : 0,
          "mean" : 0.000000,
          "stddev" : 0.000000,
          "N" : 0
        }
      },
      "job_runtime" : 60011,
      "usr_cpu" : 13.102598,
      "sys_cpu" : 39.984336,
      "ctx" : 364637,
      "majf" : 0,
      "minf" : 121,
      "iodepth_level" : {
        "1" : 0.000000,
        "2" : 0.000000,
        "4" : 0.000000,
        "8" : 0.000000,
        "16" : 0.000000,
        "32" : 0.000000,
        ">=64" : 100.000000
      },
      "iodepth_submit" : {
        "0" : 0.000000,
        "4" : 100.000000,
        "8" : 0.000000,
        "16" : 0.000000,
        "32" : 0.000000,
        "64" : 0.000000,
        ">=64" : 0.000000
      },
      "iodepth_complete" : {
        "0" : 0.000000,
        "4" : 99.999803,
        "8" : 0.000000,
        "16" : 0.000000,
        "32" : 0.000000,
        "64" : 0.100000,
        ">=64" : 0.000000
      },
      "latency_ns" : {
        "2" : 0.000000,
        "4" : 0.000000,
        "10" : 0.000000,
        "20" : 0.000000,
        "50" : 0.000000,
        "100" : 0.000000,
        "250" : 0.000000,
        "500" : 0.000000,
        "750" : 0.000000,
        "1000" : 0.000000
      },
      "latency_us" : {
        "2" : 0.010000,
        "4" : 0.000000,
        "10" : 0.000000,
        "20" : 0.010000,
        "50" : 20.539495,
        "100" : 18.239800,
        "250" : 14.976273,
        "500" : 7.589277,
        "750" : 3.240429,
        "1000" : 1.716441
      },
      "latency_ms" : {
        "2" : 4.072161,
        "4" : 4.875977,
        "10" : 10.174111,
        "20" : 11.976654,
        "50" : 1.824167,
        "100" : 0.733441,
        "250" : 0.052880,
        "500" : 0.000000,
        "750" : 0.000000,
        "1000" : 0.000000,
        "2000" : 0.000000,
        ">=2000" : 0.000000
      },
      "latency_depth" : 64,
      "latency_target" : 0,
      "latency_percentile" : 100.000000,
      "latency_window" : 0
    }
  ],
  "disk_util" : [
    {
      "name" : "nvme1n1",
      "read_ios" : 337650,
      "write_ios" : 1011406,
      "read_merges" : 0,
      "write_merges" : 0,
      "read_ticks" : 4684548,
      "write_ticks" : 363648,
      "in_queue" : 5048196,
      "util" : 70.544048
    }
  ]
}
