{
  "fio version" : "fio-3.28",
  "timestamp" : 1757414555,
  "timestamp_ms" : 1757414555821,
  "time" : "Tue Sep  9 06:42:35 2025",
  "jobs" : [
    {
      "jobname" : "mixed_io",
      "groupid" : 0,
      "error" : 0,
      "eta" : 0,
      "elapsed" : 41,
      "job options" : {
        "name" : "mixed_io",
        "filename" : "/dev/nvme1n1p2",
        "rw" : "randrw",
        "rwmixread" : "0",
        "bs" : "64k",
        "ioengine" : "libaio",
        "iodepth" : "4",
        "numjobs" : "4",
        "runtime" : "30",
        "ramp_time" : "10",
        "direct" : "1"
      },
      "read" : {
        "io_bytes" : 0,
        "io_kbytes" : 0,
        "bw_bytes" : 0,
        "bw" : 0,
        "iops" : 0.000000,
        "runtime" : 0,
        "total_ios" : 0,
        "short_ios" : 0,
        "drop_ios" : 0,
        "slat_ns" : {
          "min" : 0,
          "max" : 0,
          "mean" : 0.000000,
          "stddev" : 0.000000,
          "N" : 0
        },
        "clat_ns" : {
          "min" : 0,
          "max" : 0,
          "mean" : 0.000000,
          "stddev" : 0.000000,
          "N" : 0
        },
        "lat_ns" : {
          "min" : 0,
          "max" : 0,
          "mean" : 0.000000,
          "stddev" : 0.000000,
          "N" : 0
        },
        "bw_min" : 0,
        "bw_max" : 0,
        "bw_agg" : 0.000000,
        "bw_mean" : 0.000000,
        "bw_dev" : 0.000000,
        "bw_samples" : 0,
        "iops_min" : 0,
        "iops_max" : 0,
        "iops_mean" : 0.000000,
        "iops_stddev" : 0.000000,
        "iops_samples" : 0
      },
      "write" : {
        "io_bytes" : 58042941440,
        "io_kbytes" : 56682560,
        "bw_bytes" : 1934700224,
        "bw" : 1889355,
        "iops" : 29520.749308,
        "runtime" : 30001,
        "total_ios" : 885652,
        "short_ios" : 0,
        "drop_ios" : 0,
        "slat_ns" : {
          "min" : 5071,
          "max" : 325515,
          "mean" : 23664.198841,
          "stddev" : 12225.728150,
          "N" : 885653
        },
        "clat_ns" : {
          "min" : 51210,
          "max" : 25584833,
          "mean" : 514462.819333,
          "stddev" : 419632.430473,
          "N" : 885664,
          "percentile" : {
            "1.000000" : 138240,
            "5.000000" : 232448,
            "10.000000" : 288768,
            "20.000000" : 346112,
            "30.000000" : 395264,
            "40.000000" : 440320,
            "50.000000" : 485376,
            "60.000000" : 528384,
            "70.000000" : 585728,
            "80.000000" : 651264,
            "90.000000" : 757760,
            "95.000000" : 847872,
            "99.000000" : 1056768,
            "99.500000" : 1155072,
            "99.900000" : 1810432,
            "99.950000" : 4620288,
            "99.990000" : 20578304
          }
        },
        "lat_ns" : {
          "min" : 66676,
          "max" : 25603190,
          "mean" : 538544.836219,
          "stddev" : 420197.986777,
          "N" : 885664
        },
        "bw_min" : 1748096,
        "bw_max" : 2090383,
        "bw_agg" : 100.000000,
        "bw_mean" : 1891027.116667,
        "bw_dev" : 20456.762081,
        "bw_samples" : 240,
        "iops_min" : 27314,
        "iops_max" : 32662,
        "iops_mean" : 29546.466667,
        "iops_stddev" : 319.621103,
        "iops_samples" : 240
      },
      "trim" : {
        "io_bytes" : 0,
        "io_kbytes" : 0,
        "bw_bytes" : 0,
        "bw" : 0,
        "iops" : 0.000000,
        "runtime" : 0,
        "total_ios" : 0,
        "short_ios" : 0,
        "drop_ios" : 0,
        "slat_ns" : {
          "min" : 0,
          "max" : 0,
          "mean" : 0.000000,
          "stddev" : 0.000000,
          "N" : 0
        },
        "clat_ns" : {
          "min" : 0,
          "max" : 0,
          "mean" : 0.000000,
          "stddev" : 0.000000,
          "N" : 0
        },
        "lat_ns" : {
          "min" : 0,
          "max" : 0,
          "mean" : 0.000000,
          "stddev" : 0.000000,
          "N" : 0
        },
        "bw_min" : 0,
        "bw_max" : 0,
        "bw_agg" : 0.000000,
        "bw_mean" : 0.000000,
        "bw_dev" : 0.000000,
        "bw_samples" : 0,
        "iops_min" : 0,
        "iops_max" : 0,
        "iops_mean" : 0.000000,
        "iops_stddev" : 0.000000,
        "iops_samples" : 0
      },
      "sync" : {
        "total_ios" : 0,
        "lat_ns" : {
          "min" : 0,
          "max" : 0,
          "mean" : 0.000000,
          "stddev" : 0.000000,
          "N" : 0
        }
      },
      "job_runtime" : 120000,
      "usr_cpu" : 7.960833,
      "sys_cpu" : 22.812500,
      "ctx" : 351433,
      "majf" : 0,
      "minf" : 309,
      "iodepth_level" : {
        "1" : 0.000000,
        "2" : 0.000000,
        "4" : 100.000000,
        "8" : 0.000000,
        "16" : 0.000000,
        "32" : 0.000000,
        ">=64" : 0.000000
      },
      "iodepth_submit" : {
        "0" : 0.000000,
        "4" : 100.000000,
        "8" : 0.000000,
        "16" : 0.000000,
        "32" : 0.000000,
        "64" : 0.000000,
        ">=64" : 0.000000
      },
      "iodepth_complete" : {
        "0" : 0.000000,
        "4" : 100.000000,
        "8" : 0.000000,
        "16" : 0.000000,
        "32" : 0.000000,
        "64" : 0.000000,
        ">=64" : 0.000000
      },
      "latency_ns" : {
        "2" : 0.000000,
        "4" : 0.000000,
        "10" : 0.000000,
        "20" : 0.000000,
        "50" : 0.000000,
        "100" : 0.000000,
        "250" : 0.000000,
        "500" : 0.000000,
        "750" : 0.000000,
        "1000" : 0.000000
      },
      "latency_us" : {
        "2" : 0.000000,
        "4" : 0.000000,
        "10" : 0.000000,
        "20" : 0.000000,
        "50" : 0.000000,
        "100" : 0.317845,
        "250" : 5.950870,
        "500" : 47.130814,
        "750" : 36.125589,
        "1000" : 8.948097
      },
      "latency_ms" : {
        "2" : 1.434311,
        "4" : 0.032067,
        "10" : 0.029244,
        "20" : 0.012759,
        "50" : 0.019759,
        "100" : 0.000000,
        "250" : 0.000000,
        "500" : 0.000000,
        "750" : 0.000000,
        "1000" : 0.000000,
        "2000" : 0.000000,
        ">=2000" : 0.000000
      },
      "latency_depth" : 4,
      "latency_target" : 0,
      "latency_percentile" : 100.000000,
      "latency_window" : 0
    }
  ],
  "disk_util" : [
    {
      "name" : "nvme1n1",
      "read_ios" : 0,
      "write_ios" : 1180983,
      "read_merges" : 0,
      "write_merges" : 0,
      "read_ticks" : 0,
      "write_ticks" : 539519,
      "in_queue" : 539519,
      "util" : 68.822839
    }
  ]
}
