{
  "fio version" : "fio-3.28",
  "timestamp" : 1757415727,
  "timestamp_ms" : 1757415727650,
  "time" : "Tue Sep  9 07:02:07 2025",
  "jobs" : [
    {
      "jobname" : "mixed_io",
      "groupid" : 0,
      "error" : 0,
      "eta" : 0,
      "elapsed" : 41,
      "job options" : {
        "name" : "mixed_io",
        "filename" : "/dev/nvme1n1p2",
        "rw" : "randrw",
        "rwmixread" : "25",
        "bs" : "4k",
        "ioengine" : "libaio",
        "iodepth" : "4",
        "numjobs" : "1",
        "runtime" : "30",
        "ramp_time" : "10",
        "direct" : "1"
      },
      "read" : {
        "io_bytes" : 2246172672,
        "io_kbytes" : 2193528,
        "bw_bytes" : 74869926,
        "bw" : 73115,
        "iops" : 18278.724043,
        "runtime" : 30001,
        "total_ios" : 548380,
        "short_ios" : 0,
        "drop_ios" : 0,
        "slat_ns" : {
          "min" : 2407,
          "max" : 119909,
          "mean" : 4548.985067,
          "stddev" : 1785.266999,
          "N" : 548380
        },
        "clat_ns" : {
          "min" : 11543,
          "max" : 12052386,
          "mean" : 137773.347110,
          "stddev" : 238384.340048,
          "N" : 548382,
          "percentile" : {
            "1.000000" : 52480,
            "5.000000" : 67072,
            "10.000000" : 70144,
            "20.000000" : 73216,
            "30.000000" : 75264,
            "40.000000" : 77312,
            "50.000000" : 81408,
            "60.000000" : 84480,
            "70.000000" : 87552,
            "80.000000" : 92672,
            "90.000000" : 105984,
            "95.000000" : 569344,
            "99.000000" : 1351680,
            "99.500000" : 1433600,
            "99.900000" : 1597440,
            "99.950000" : 1646592,
            "99.990000" : 1925120
          }
        },
        "lat_ns" : {
          "min" : 22625,
          "max" : 12056247,
          "mean" : 142549.566207,
          "stddev" : 238335.391642,
          "N" : 548382
        },
        "bw_min" : 66268,
        "bw_max" : 87344,
        "bw_agg" : 100.000000,
        "bw_mean" : 73179.766667,
        "bw_dev" : 3495.536206,
        "bw_samples" : 60,
        "iops_min" : 16567,
        "iops_max" : 21836,
        "iops_mean" : 18294.783333,
        "iops_stddev" : 873.860286,
        "iops_samples" : 60
      },
      "write" : {
        "io_bytes" : 6740365312,
        "io_kbytes" : 6582388,
        "bw_bytes" : 224671354,
        "bw" : 219405,
        "iops" : 54851.371621,
        "runtime" : 30001,
        "total_ios" : 1645596,
        "short_ios" : 0,
        "drop_ios" : 0,
        "slat_ns" : {
          "min" : 2321,
          "max" : 185816,
          "mean" : 4359.921162,
          "stddev" : 1719.061983,
          "N" : 1645596
        },
        "clat_ns" : {
          "min" : 636,
          "max" : 733194,
          "mean" : 19496.078913,
          "stddev" : 5095.607897,
          "N" : 1645597,
          "percentile" : {
            "1.000000" : 11328,
            "5.000000" : 13888,
            "10.000000" : 14784,
            "20.000000" : 15552,
            "30.000000" : 16192,
            "40.000000" : 17280,
            "50.000000" : 18560,
            "60.000000" : 19840,
            "70.000000" : 20864,
            "80.000000" : 23424,
            "90.000000" : 26496,
            "95.000000" : 27776,
            "99.000000" : 34048,
            "99.500000" : 38144,
            "99.900000" : 47360,
            "99.950000" : 54528,
            "99.990000" : 105984
          }
        },
        "lat_ns" : {
          "min" : 12063,
          "max" : 737230,
          "mean" : 24093.575248,
          "stddev" : 5478.559963,
          "N" : 1645597
        },
        "bw_min" : 197739,
        "bw_max" : 260632,
        "bw_agg" : 100.000000,
        "bw_mean" : 219599.216667,
        "bw_dev" : 10257.431296,
        "bw_samples" : 60,
        "iops_min" : 49434,
        "iops_max" : 65158,
        "iops_mean" : 54899.633333,
        "iops_stddev" : 2564.421189,
        "iops_samples" : 60
      },
      "trim" : {
        "io_bytes" : 0,
        "io_kbytes" : 0,
        "bw_bytes" : 0,
        "bw" : 0,
        "iops" : 0.000000,
        "runtime" : 0,
        "total_ios" : 0,
        "short_ios" : 0,
        "drop_ios" : 0,
        "slat_ns" : {
          "min" : 0,
          "max" : 0,
          "mean" : 0.000000,
          "stddev" : 0.000000,
          "N" : 0
        },
        "clat_ns" : {
          "min" : 0,
          "max" : 0,
          "mean" : 0.000000,
          "stddev" : 0.000000,
          "N" : 0
        },
        "lat_ns" : {
          "min" : 0,
          "max" : 0,
          "mean" : 0.000000,
          "stddev" : 0.000000,
          "N" : 0
        },
        "bw_min" : 0,
        "bw_max" : 0,
        "bw_agg" : 0.000000,
        "bw_mean" : 0.000000,
        "bw_dev" : 0.000000,
        "bw_samples" : 0,
        "iops_min" : 0,
        "iops_max" : 0,
        "iops_mean" : 0.000000,
        "iops_stddev" : 0.000000,
        "iops_samples" : 0
      },
      "sync" : {
        "total_ios" : 0,
        "lat_ns" : {
          "min" : 0,
          "max" : 0,
          "mean" : 0.000000,
          "stddev" : 0.000000,
          "N" : 0
        }
      },
      "job_runtime" : 30000,
      "usr_cpu" : 18.560000,
      "sys_cpu" : 43.510000,
      "ctx" : 676134,
      "majf" : 0,
      "minf" : 62,
      "iodepth_level" : {
        "1" : 0.000000,
        "2" : 0.000000,
        "4" : 100.000000,
        "8" : 0.000000,
        "16" : 0.000000,
        "32" : 0.000000,
        ">=64" : 0.000000
      },
      "iodepth_submit" : {
        "0" : 0.000000,
        "4" : 100.000000,
        "8" : 0.000000,
        "16" : 0.000000,
        "32" : 0.000000,
        "64" : 0.000000,
        ">=64" : 0.000000
      },
      "iodepth_complete" : {
        "0" : 0.000000,
        "4" : 100.000000,
        "8" : 0.000000,
        "16" : 0.000000,
        "32" : 0.000000,
        "64" : 0.000000,
        ">=64" : 0.000000
      },
      "latency_ns" : {
        "2" : 0.000000,
        "4" : 0.000000,
        "10" : 0.000000,
        "20" : 0.000000,
        "50" : 0.000000,
        "100" : 0.000000,
        "250" : 0.000000,
        "500" : 0.000000,
        "750" : 0.010000,
        "1000" : 0.010000
      },
      "latency_us" : {
        "2" : 0.010000,
        "4" : 0.010000,
        "10" : 0.421746,
        "20" : 46.808534,
        "50" : 27.943742,
        "100" : 21.926995,
        "250" : 1.173714,
        "500" : 0.380269,
        "750" : 0.333413,
        "1000" : 0.298864
      },
      "latency_ms" : {
        "2" : 0.709670,
        "4" : 0.010000,
        "10" : 0.010000,
        "20" : 0.010000,
        "50" : 0.000000,
        "100" : 0.000000,
        "250" : 0.000000,
        "500" : 0.000000,
        "750" : 0.000000,
        "1000" : 0.000000,
        "2000" : 0.000000,
        ">=2000" : 0.000000
      },
      "latency_depth" : 4,
      "latency_target" : 0,
      "latency_percentile" : 100.000000,
      "latency_window" : 0
    }
  ],
  "disk_util" : [
    {
      "name" : "nvme1n1",
      "read_ios" : 734269,
      "write_ios" : 2200067,
      "read_merges" : 0,
      "write_merges" : 0,
      "read_ticks" : 95329,
      "write_ticks" : 28091,
      "in_queue" : 123420,
      "util" : 71.582097
    }
  ]
}
