{
  "fio version" : "fio-3.28",
  "timestamp" : 1757417707,
  "timestamp_ms" : 1757417707118,
  "time" : "Tue Sep  9 07:35:07 2025",
  "jobs" : [
    {
      "jobname" : "mixed_io",
      "groupid" : 0,
      "error" : 0,
      "eta" : 0,
      "elapsed" : 41,
      "job options" : {
        "name" : "mixed_io",
        "filename" : "/dev/nvme1n1p2",
        "rw" : "randrw",
        "rwmixread" : "50",
        "bs" : "64k",
        "ioengine" : "libaio",
        "iodepth" : "16",
        "numjobs" : "2",
        "runtime" : "30",
        "ramp_time" : "10",
        "direct" : "1"
      },
      "read" : {
        "io_bytes" : 36905418752,
        "io_kbytes" : 36040448,
        "bw_bytes" : 1230098618,
        "bw" : 1201268,
        "iops" : 18768.815412,
        "runtime" : 30002,
        "total_ios" : 563102,
        "short_ios" : 0,
        "drop_ios" : 0,
        "slat_ns" : {
          "min" : 4698,
          "max" : 202562,
          "mean" : 17391.952405,
          "stddev" : 7214.554057,
          "N" : 563102
        },
        "clat_ns" : {
          "min" : 105197,
          "max" : 31534756,
          "mean" : 1591947.742700,
          "stddev" : 996747.508646,
          "N" : 563132,
          "percentile" : {
            "1.000000" : 211968,
            "5.000000" : 346112,
            "10.000000" : 509952,
            "20.000000" : 864256,
            "30.000000" : 1155072,
            "40.000000" : 1368064,
            "50.000000" : 1548288,
            "60.000000" : 1695744,
            "70.000000" : 1843200,
            "80.000000" : 2072576,
            "90.000000" : 2572288,
            "95.000000" : 3194880,
            "99.000000" : 4489216,
            "99.500000" : 5210112,
            "99.900000" : 7307264,
            "99.950000" : 11075584,
            "99.990000" : 24248320
          }
        },
        "lat_ns" : {
          "min" : 122058,
          "max" : 31558800,
          "mean" : 1609722.397857,
          "stddev" : 996531.096099,
          "N" : 563132
        },
        "bw_min" : 943872,
        "bw_max" : 1337073,
        "bw_agg" : 100.000000,
        "bw_mean" : 1202329.933333,
        "bw_dev" : 44483.427455,
        "bw_samples" : 120,
        "iops_min" : 14748,
        "iops_max" : 20890,
        "iops_mean" : 18785.966667,
        "iops_stddev" : 695.015151,
        "iops_samples" : 120
      },
      "write" : {
        "io_bytes" : 36931960832,
        "io_kbytes" : 36066368,
        "bw_bytes" : 1230983295,
        "bw" : 1202132,
        "iops" : 18783.314446,
        "runtime" : 30002,
        "total_ios" : 563537,
        "short_ios" : 0,
        "drop_ios" : 0,
        "slat_ns" : {
          "min" : 5684,
          "max" : 258417,
          "mean" : 19718.740058,
          "stddev" : 7721.343813,
          "N" : 563537
        },
        "clat_ns" : {
          "min" : 1400,
          "max" : 23450333,
          "mean" : 71014.268476,
          "stddev" : 282960.056701,
          "N" : 563537,
          "percentile" : {
            "1.000000" : 29568,
            "5.000000" : 35072,
            "10.000000" : 36096,
            "20.000000" : 38656,
            "30.000000" : 42240,
            "40.000000" : 47360,
            "50.000000" : 52992,
            "60.000000" : 61696,
            "70.000000" : 72192,
            "80.000000" : 88576,
            "90.000000" : 115200,
            "95.000000" : 142336,
            "99.000000" : 197632,
            "99.500000" : 222208,
            "99.900000" : 346112,
            "99.950000" : 1400832,
            "99.990000" : 19529728
          }
        },
        "lat_ns" : {
          "min" : 34038,
          "max" : 23465983,
          "mean" : 91113.010899,
          "stddev" : 283304.563961,
          "N" : 563537
        },
        "bw_min" : 955008,
        "bw_max" : 1343262,
        "bw_agg" : 100.000000,
        "bw_mean" : 1203240.700000,
        "bw_dev" : 45241.828678,
        "bw_samples" : 120,
        "iops_min" : 14922,
        "iops_max" : 20988,
        "iops_mean" : 18800.250000,
        "iops_stddev" : 706.912957,
        "iops_samples" : 120
      },
      "trim" : {
        "io_bytes" : 0,
        "io_kbytes" : 0,
        "bw_bytes" : 0,
        "bw" : 0,
        "iops" : 0.000000,
        "runtime" : 0,
        "total_ios" : 0,
        "short_ios" : 0,
        "drop_ios" : 0,
        "slat_ns" : {
          "min" : 0,
          "max" : 0,
          "mean" : 0.000000,
          "stddev" : 0.000000,
          "N" : 0
        },
        "clat_ns" : {
          "min" : 0,
          "max" : 0,
          "mean" : 0.000000,
          "stddev" : 0.000000,
          "N" : 0
        },
        "lat_ns" : {
          "min" : 0,
          "max" : 0,
          "mean" : 0.000000,
          "stddev" : 0.000000,
          "N" : 0
        },
        "bw_min" : 0,
        "bw_max" : 0,
        "bw_agg" : 0.000000,
        "bw_mean" : 0.000000,
        "bw_dev" : 0.000000,
        "bw_samples" : 0,
        "iops_min" : 0,
        "iops_max" : 0,
        "iops_mean" : 0.000000,
        "iops_stddev" : 0.000000,
        "iops_samples" : 0
      },
      "sync" : {
        "total_ios" : 0,
        "lat_ns" : {
          "min" : 0,
          "max" : 0,
          "mean" : 0.000000,
          "stddev" : 0.000000,
          "N" : 0
        }
      },
      "job_runtime" : 60002,
      "usr_cpu" : 12.621246,
      "sys_cpu" : 38.610380,
      "ctx" : 379058,
      "majf" : 0,
      "minf" : 120,
      "iodepth_level" : {
        "1" : 0.000000,
        "2" : 0.000000,
        "4" : 0.000000,
        "8" : 0.000000,
        "16" : 100.000000,
        "32" : 0.000000,
        ">=64" : 0.000000
      },
      "iodepth_submit" : {
        "0" : 0.000000,
        "4" : 100.000000,
        "8" : 0.000000,
        "16" : 0.000000,
        "32" : 0.000000,
        "64" : 0.000000,
        ">=64" : 0.000000
      },
      "iodepth_complete" : {
        "0" : 0.000000,
        "4" : 99.999822,
        "8" : 0.000000,
        "16" : 0.100000,
        "32" : 0.000000,
        "64" : 0.000000,
        ">=64" : 0.000000
      },
      "latency_ns" : {
        "2" : 0.000000,
        "4" : 0.000000,
        "10" : 0.000000,
        "20" : 0.000000,
        "50" : 0.000000,
        "100" : 0.000000,
        "250" : 0.000000,
        "500" : 0.000000,
        "750" : 0.000000,
        "1000" : 0.000000
      },
      "latency_us" : {
        "2" : 0.010000,
        "4" : 0.010000,
        "10" : 0.010000,
        "20" : 0.010000,
        "50" : 22.596502,
        "100" : 19.927501,
        "250" : 8.379969,
        "500" : 3.920954,
        "750" : 3.515678,
        "1000" : 3.860598
      },
      "latency_ms" : {
        "2" : 26.445916,
        "4" : 10.405463,
        "10" : 0.910762,
        "20" : 0.010000,
        "50" : 0.027427,
        "100" : 0.000000,
        "250" : 0.000000,
        "500" : 0.000000,
        "750" : 0.000000,
        "1000" : 0.000000,
        "2000" : 0.000000,
        ">=2000" : 0.000000
      },
      "latency_depth" : 16,
      "latency_target" : 0,
      "latency_percentile" : 100.000000,
      "latency_window" : 0
    }
  ],
  "disk_util" : [
    {
      "name" : "nvme1n1",
      "read_ios" : 750476,
      "write_ios" : 751056,
      "read_merges" : 0,
      "write_merges" : 0,
      "read_ticks" : 1170098,
      "write_ticks" : 31083,
      "in_queue" : 1201181,
      "util" : 72.498128
    }
  ]
}
