{
  "fio version" : "fio-3.28",
  "timestamp" : 1757418878,
  "timestamp_ms" : 1757418878708,
  "time" : "Tue Sep  9 07:54:38 2025",
  "jobs" : [
    {
      "jobname" : "mixed_io",
      "groupid" : 0,
      "error" : 0,
      "eta" : 0,
      "elapsed" : 41,
      "job options" : {
        "name" : "mixed_io",
        "filename" : "/dev/nvme1n1p2",
        "rw" : "randrw",
        "rwmixread" : "75",
        "bs" : "4k",
        "ioengine" : "libaio",
        "iodepth" : "4",
        "numjobs" : "4",
        "runtime" : "30",
        "ramp_time" : "10",
        "direct" : "1"
      },
      "read" : {
        "io_bytes" : 12767965184,
        "io_kbytes" : 12468716,
        "bw_bytes" : 425570468,
        "bw" : 415596,
        "iops" : 103898.640091,
        "runtime" : 30002,
        "total_ios" : 3117167,
        "short_ios" : 0,
        "drop_ios" : 0,
        "slat_ns" : {
          "min" : 2411,
          "max" : 1136560,
          "mean" : 9024.061012,
          "stddev" : 4198.820130,
          "N" : 3117167
        },
        "clat_ns" : {
          "min" : 1633,
          "max" : 10209324,
          "mean" : 130630.684274,
          "stddev" : 195474.675359,
          "N" : 3117179,
          "percentile" : {
            "1.000000" : 29824,
            "5.000000" : 55040,
            "10.000000" : 73216,
            "20.000000" : 78336,
            "30.000000" : 82432,
            "40.000000" : 86528,
            "50.000000" : 91648,
            "60.000000" : 94720,
            "70.000000" : 99840,
            "80.000000" : 109056,
            "90.000000" : 142336,
            "95.000000" : 257024,
            "99.000000" : 1253376,
            "99.500000" : 1417216,
            "99.900000" : 1597440,
            "99.950000" : 1646592,
            "99.990000" : 1761280
          }
        },
        "lat_ns" : {
          "min" : 24427,
          "max" : 10216189,
          "mean" : 139965.876658,
          "stddev" : 195557.652441,
          "N" : 3117179
        },
        "bw_min" : 382987,
        "bw_max" : 439835,
        "bw_agg" : 100.000000,
        "bw_mean" : 416142.775141,
        "bw_dev" : 2790.643328,
        "bw_samples" : 237,
        "iops_min" : 95746,
        "iops_max" : 109960,
        "iops_mean" : 104035.057345,
        "iops_stddev" : 697.655176,
        "iops_samples" : 237
      },
      "write" : {
        "io_bytes" : 4262240256,
        "io_kbytes" : 4162344,
        "bw_bytes" : 142065204,
        "bw" : 138735,
        "iops" : 34683.887741,
        "runtime" : 30002,
        "total_ios" : 1040586,
        "short_ios" : 0,
        "drop_ios" : 0,
        "slat_ns" : {
          "min" : 2466,
          "max" : 1011123,
          "mean" : 8871.366278,
          "stddev" : 4268.254378,
          "N" : 1040586
        },
        "clat_ns" : {
          "min" : 1226,
          "max" : 301419,
          "mean" : 25879.944923,
          "stddev" : 9311.121598,
          "N" : 1040586,
          "percentile" : {
            "1.000000" : 15040,
            "5.000000" : 15552,
            "10.000000" : 15808,
            "20.000000" : 16512,
            "30.000000" : 20864,
            "40.000000" : 21888,
            "50.000000" : 24704,
            "60.000000" : 25984,
            "70.000000" : 29568,
            "80.000000" : 33536,
            "90.000000" : 38656,
            "95.000000" : 41728,
            "99.000000" : 50944,
            "99.500000" : 57088,
            "99.900000" : 77312,
            "99.950000" : 100864,
            "99.990000" : 185344
          }
        },
        "lat_ns" : {
          "min" : 13795,
          "max" : 1039777,
          "mean" : 35073.300217,
          "stddev" : 10807.516618,
          "N" : 1040586
        },
        "bw_min" : 127538,
        "bw_max" : 148487,
        "bw_agg" : 100.000000,
        "bw_mean" : 138884.864689,
        "bw_dev" : 1062.926794,
        "bw_samples" : 237,
        "iops_min" : 31884,
        "iops_max" : 37121,
        "iops_mean" : 34720.585028,
        "iops_stddev" : 265.724139,
        "iops_samples" : 237
      },
      "trim" : {
        "io_bytes" : 0,
        "io_kbytes" : 0,
        "bw_bytes" : 0,
        "bw" : 0,
        "iops" : 0.000000,
        "runtime" : 0,
        "total_ios" : 0,
        "short_ios" : 0,
        "drop_ios" : 0,
        "slat_ns" : {
          "min" : 0,
          "max" : 0,
          "mean" : 0.000000,
          "stddev" : 0.000000,
          "N" : 0
        },
        "clat_ns" : {
          "min" : 0,
          "max" : 0,
          "mean" : 0.000000,
          "stddev" : 0.000000,
          "N" : 0
        },
        "lat_ns" : {
          "min" : 0,
          "max" : 0,
          "mean" : 0.000000,
          "stddev" : 0.000000,
          "N" : 0
        },
        "bw_min" : 0,
        "bw_max" : 0,
        "bw_agg" : 0.000000,
        "bw_mean" : 0.000000,
        "bw_dev" : 0.000000,
        "bw_samples" : 0,
        "iops_min" : 0,
        "iops_max" : 0,
        "iops_mean" : 0.000000,
        "iops_stddev" : 0.000000,
        "iops_samples" : 0
      },
      "sync" : {
        "total_ios" : 0,
        "lat_ns" : {
          "min" : 0,
          "max" : 0,
          "mean" : 0.000000,
          "stddev" : 0.000000,
          "N" : 0
        }
      },
      "job_runtime" : 120001,
      "usr_cpu" : 14.806543,
      "sys_cpu" : 42.072983,
      "ctx" : 1450203,
      "majf" : 0,
      "minf" : 243,
      "iodepth_level" : {
        "1" : 0.000000,
        "2" : 0.000000,
        "4" : 100.000000,
        "8" : 0.000000,
        "16" : 0.000000,
        "32" : 0.000000,
        ">=64" : 0.000000
      },
      "iodepth_submit" : {
        "0" : 0.000000,
        "4" : 100.000000,
        "8" : 0.000000,
        "16" : 0.000000,
        "32" : 0.000000,
        "64" : 0.000000,
        ">=64" : 0.000000
      },
      "iodepth_complete" : {
        "0" : 0.000000,
        "4" : 100.000000,
        "8" : 0.000000,
        "16" : 0.000000,
        "32" : 0.000000,
        "64" : 0.000000,
        ">=64" : 0.000000
      },
      "latency_ns" : {
        "2" : 0.000000,
        "4" : 0.000000,
        "10" : 0.000000,
        "20" : 0.000000,
        "50" : 0.000000,
        "100" : 0.000000,
        "250" : 0.000000,
        "500" : 0.000000,
        "750" : 0.000000,
        "1000" : 0.000000
      },
      "latency_us" : {
        "2" : 0.010000,
        "4" : 0.010000,
        "10" : 0.010000,
        "20" : 6.508588,
        "50" : 21.576799,
        "100" : 49.169106,
        "250" : 18.873199,
        "500" : 1.167987,
        "750" : 0.727532,
        "1000" : 0.632457
      },
      "latency_ms" : {
        "2" : 1.332090,
        "4" : 0.010000,
        "10" : 0.010000,
        "20" : 0.010000,
        "50" : 0.000000,
        "100" : 0.000000,
        "250" : 0.000000,
        "500" : 0.000000,
        "750" : 0.000000,
        "1000" : 0.000000,
        "2000" : 0.000000,
        ">=2000" : 0.000000
      },
      "latency_depth" : 4,
      "latency_target" : 0,
      "latency_percentile" : 100.000000,
      "latency_window" : 0
    }
  ],
  "disk_util" : [
    {
      "name" : "nvme1n1",
      "read_ios" : 4165301,
      "write_ios" : 1391921,
      "read_merges" : 0,
      "write_merges" : 0,
      "read_ticks" : 489454,
      "write_ticks" : 23029,
      "in_queue" : 512483,
      "util" : 76.622114
    }
  ]
}
