{
  "fio version" : "fio-3.28",
  "timestamp" : 1757415444,
  "timestamp_ms" : 1757415444881,
  "time" : "Tue Sep  9 06:57:24 2025",
  "jobs" : [
    {
      "jobname" : "mixed_io",
      "groupid" : 0,
      "error" : 0,
      "eta" : 0,
      "elapsed" : 41,
      "job options" : {
        "name" : "mixed_io",
        "filename" : "/dev/nvme1n1p2",
        "rw" : "randrw",
        "rwmixread" : "25",
        "bs" : "1024k",
        "ioengine" : "libaio",
        "iodepth" : "1",
        "numjobs" : "1",
        "runtime" : "30",
        "ramp_time" : "10",
        "direct" : "1"
      },
      "read" : {
        "io_bytes" : 11127488512,
        "io_kbytes" : 10866688,
        "bw_bytes" : 370903920,
        "bw" : 362210,
        "iops" : 353.721543,
        "runtime" : 30001,
        "total_ios" : 10612,
        "short_ios" : 0,
        "drop_ios" : 0,
        "slat_ns" : {
          "min" : 157007,
          "max" : 256107,
          "mean" : 170279.176498,
          "stddev" : 13004.709597,
          "N" : 10612
        },
        "clat_ns" : {
          "min" : 237543,
          "max" : 14714287,
          "mean" : 1481763.745854,
          "stddev" : 834571.498101,
          "N" : 10612,
          "percentile" : {
            "1.000000" : 305152,
            "5.000000" : 362496,
            "10.000000" : 411648,
            "20.000000" : 514048,
            "30.000000" : 741376,
            "40.000000" : 1417216,
            "50.000000" : 1581056,
            "60.000000" : 1712128,
            "70.000000" : 1859584,
            "80.000000" : 2088960,
            "90.000000" : 2473984,
            "95.000000" : 2899968,
            "99.000000" : 3522560,
            "99.500000" : 3719168,
            "99.900000" : 4014080,
            "99.950000" : 4177920,
            "99.990000" : 14221312
          }
        },
        "lat_ns" : {
          "min" : 408038,
          "max" : 14900870,
          "mean" : 1652424.193554,
          "stddev" : 830752.514106,
          "N" : 10612
        },
        "bw_min" : 322180,
        "bw_max" : 412472,
        "bw_agg" : 100.000000,
        "bw_mean" : 362457.683333,
        "bw_dev" : 22581.300262,
        "bw_samples" : 60,
        "iops_min" : 314,
        "iops_max" : 402,
        "iops_mean" : 353.666667,
        "iops_stddev" : 22.017456,
        "iops_samples" : 60
      },
      "write" : {
        "io_bytes" : 33439088640,
        "io_kbytes" : 32655360,
        "bw_bytes" : 1114599134,
        "bw" : 1088475,
        "iops" : 1062.964568,
        "runtime" : 30001,
        "total_ios" : 31890,
        "short_ios" : 0,
        "drop_ios" : 0,
        "slat_ns" : {
          "min" : 153574,
          "max" : 362899,
          "mean" : 195536.302415,
          "stddev" : 17540.182222,
          "N" : 31890
        },
        "clat_ns" : {
          "min" : 11146,
          "max" : 21858188,
          "mean" : 190628.956789,
          "stddev" : 355803.902121,
          "N" : 31890,
          "percentile" : {
            "1.000000" : 109056,
            "5.000000" : 121344,
            "10.000000" : 132096,
            "20.000000" : 134144,
            "30.000000" : 136192,
            "40.000000" : 136192,
            "50.000000" : 136192,
            "60.000000" : 138240,
            "70.000000" : 148480,
            "80.000000" : 199680,
            "90.000000" : 321536,
            "95.000000" : 477184,
            "99.000000" : 643072,
            "99.500000" : 692224,
            "99.900000" : 798720,
            "99.950000" : 1417216,
            "99.990000" : 21102592
          }
        },
        "lat_ns" : {
          "min" : 303784,
          "max" : 22046562,
          "mean" : 386669.903575,
          "stddev" : 354986.601130,
          "N" : 31890
        },
        "bw_min" : 985010,
        "bw_max" : 1206272,
        "bw_agg" : 100.000000,
        "bw_mean" : 1089412.150000,
        "bw_dev" : 53480.233466,
        "bw_samples" : 60,
        "iops_min" : 961,
        "iops_max" : 1178,
        "iops_mean" : 1063.800000,
        "iops_stddev" : 52.252256,
        "iops_samples" : 60
      },
      "trim" : {
        "io_bytes" : 0,
        "io_kbytes" : 0,
        "bw_bytes" : 0,
        "bw" : 0,
        "iops" : 0.000000,
        "runtime" : 0,
        "total_ios" : 0,
        "short_ios" : 0,
        "drop_ios" : 0,
        "slat_ns" : {
          "min" : 0,
          "max" : 0,
          "mean" : 0.000000,
          "stddev" : 0.000000,
          "N" : 0
        },
        "clat_ns" : {
          "min" : 0,
          "max" : 0,
          "mean" : 0.000000,
          "stddev" : 0.000000,
          "N" : 0
        },
        "lat_ns" : {
          "min" : 0,
          "max" : 0,
          "mean" : 0.000000,
          "stddev" : 0.000000,
          "N" : 0
        },
        "bw_min" : 0,
        "bw_max" : 0,
        "bw_agg" : 0.000000,
        "bw_mean" : 0.000000,
        "bw_dev" : 0.000000,
        "bw_samples" : 0,
        "iops_min" : 0,
        "iops_max" : 0,
        "iops_mean" : 0.000000,
        "iops_stddev" : 0.000000,
        "iops_samples" : 0
      },
      "sync" : {
        "total_ios" : 0,
        "lat_ns" : {
          "min" : 0,
          "max" : 0,
          "mean" : 0.000000,
          "stddev" : 0.000000,
          "N" : 0
        }
      },
      "job_runtime" : 30000,
      "usr_cpu" : 5.523333,
      "sys_cpu" : 26.563333,
      "ctx" : 42504,
      "majf" : 0,
      "minf" : 59,
      "iodepth_level" : {
        "1" : 100.000000,
        "2" : 0.000000,
        "4" : 0.000000,
        "8" : 0.000000,
        "16" : 0.000000,
        "32" : 0.000000,
        ">=64" : 0.000000
      },
      "iodepth_submit" : {
        "0" : 0.000000,
        "4" : 100.000000,
        "8" : 0.000000,
        "16" : 0.000000,
        "32" : 0.000000,
        "64" : 0.000000,
        ">=64" : 0.000000
      },
      "iodepth_complete" : {
        "0" : 0.000000,
        "4" : 100.000000,
        "8" : 0.000000,
        "16" : 0.000000,
        "32" : 0.000000,
        "64" : 0.000000,
        ">=64" : 0.000000
      },
      "latency_ns" : {
        "2" : 0.000000,
        "4" : 0.000000,
        "10" : 0.000000,
        "20" : 0.000000,
        "50" : 0.000000,
        "100" : 0.000000,
        "250" : 0.000000,
        "500" : 0.000000,
        "750" : 0.000000,
        "1000" : 0.000000
      },
      "latency_us" : {
        "2" : 0.000000,
        "4" : 0.000000,
        "10" : 0.000000,
        "20" : 0.010000,
        "50" : 0.010000,
        "100" : 0.454096,
        "250" : 62.618230,
        "500" : 13.394664,
        "750" : 5.884429,
        "1000" : 0.404687
      },
      "latency_ms" : {
        "2" : 11.366524,
        "4" : 5.823255,
        "10" : 0.021175,
        "20" : 0.010000,
        "50" : 0.018823,
        "100" : 0.000000,
        "250" : 0.000000,
        "500" : 0.000000,
        "750" : 0.000000,
        "1000" : 0.000000,
        "2000" : 0.000000,
        ">=2000" : 0.000000
      },
      "latency_depth" : 1,
      "latency_target" : 0,
      "latency_percentile" : 100.000000,
      "latency_window" : 0
    }
  ],
  "disk_util" : [
    {
      "name" : "nvme1n1",
      "read_ios" : 112364,
      "write_ios" : 336296,
      "read_merges" : 0,
      "write_merges" : 0,
      "read_ticks" : 125377,
      "write_ticks" : 37102,
      "in_queue" : 162479,
      "util" : 76.420674
    }
  ]
}
