{
  "fio version" : "fio-3.28",
  "timestamp" : 1757416697,
  "timestamp_ms" : 1757416697221,
  "time" : "Tue Sep  9 07:18:17 2025",
  "jobs" : [
    {
      "jobname" : "mixed_io",
      "groupid" : 0,
      "error" : 0,
      "eta" : 0,
      "elapsed" : 41,
      "job options" : {
        "name" : "mixed_io",
        "filename" : "/dev/nvme1n1p2",
        "rw" : "randrw",
        "rwmixread" : "25",
        "bs" : "4k",
        "ioengine" : "libaio",
        "iodepth" : "64",
        "numjobs" : "4",
        "runtime" : "30",
        "ramp_time" : "10",
        "direct" : "1"
      },
      "read" : {
        "io_bytes" : 15906779136,
        "io_kbytes" : 15533964,
        "bw_bytes" : 530172953,
        "bw" : 517747,
        "iops" : 129428.623804,
        "runtime" : 30003,
        "total_ios" : 3883247,
        "short_ios" : 0,
        "drop_ios" : 0,
        "slat_ns" : {
          "min" : 1536,
          "max" : 116584,
          "mean" : 3126.543164,
          "stddev" : 1479.361908,
          "N" : 3883247
        },
        "clat_ns" : {
          "min" : 11764,
          "max" : 44955035,
          "mean" : 1848471.489202,
          "stddev" : 1836171.726164,
          "N" : 3883491,
          "percentile" : {
            "1.000000" : 98816,
            "5.000000" : 197632,
            "10.000000" : 333824,
            "20.000000" : 618496,
            "30.000000" : 880640,
            "40.000000" : 1138688,
            "50.000000" : 1384448,
            "60.000000" : 1613824,
            "70.000000" : 1941504,
            "80.000000" : 2637824,
            "90.000000" : 3948544,
            "95.000000" : 5210112,
            "99.000000" : 8716288,
            "99.500000" : 10944512,
            "99.900000" : 17170432,
            "99.950000" : 20840448,
            "99.990000" : 26345472
          }
        },
        "lat_ns" : {
          "min" : 14069,
          "max" : 44959625,
          "mean" : 1851713.209022,
          "stddev" : 1836164.786090,
          "N" : 3883491
        },
        "bw_min" : 479853,
        "bw_max" : 561474,
        "bw_agg" : 100.000000,
        "bw_mean" : 518232.283333,
        "bw_dev" : 4996.037581,
        "bw_samples" : 240,
        "iops_min" : 119962,
        "iops_max" : 140368,
        "iops_mean" : 129557.366667,
        "iops_stddev" : 1249.015505,
        "iops_samples" : 240
      },
      "write" : {
        "io_bytes" : 47694442496,
        "io_kbytes" : 46576604,
        "bw_bytes" : 1589655784,
        "bw" : 1552398,
        "iops" : 388099.223411,
        "runtime" : 30003,
        "total_ios" : 11644141,
        "short_ios" : 0,
        "drop_ios" : 0,
        "slat_ns" : {
          "min" : 1486,
          "max" : 599591,
          "mean" : 2969.915065,
          "stddev" : 1448.334469,
          "N" : 11644143
        },
        "clat_ns" : {
          "min" : 410,
          "max" : 26586064,
          "mean" : 38157.417546,
          "stddev" : 294092.218384,
          "N" : 11644149,
          "percentile" : {
            "1.000000" : 10816,
            "5.000000" : 12096,
            "10.000000" : 13120,
            "20.000000" : 14912,
            "30.000000" : 17280,
            "40.000000" : 20096,
            "50.000000" : 23680,
            "60.000000" : 28288,
            "70.000000" : 35072,
            "80.000000" : 45824,
            "90.000000" : 63744,
            "95.000000" : 81408,
            "99.000000" : 128512,
            "99.500000" : 164864,
            "99.900000" : 626688,
            "99.950000" : 1859584,
            "99.990000" : 18743296
          }
        },
        "lat_ns" : {
          "min" : 10436,
          "max" : 26588094,
          "mean" : 41241.848718,
          "stddev" : 294112.233937,
          "N" : 11644149
        },
        "bw_min" : 1426216,
        "bw_max" : 1701368,
        "bw_agg" : 100.000000,
        "bw_mean" : 1553947.450000,
        "bw_dev" : 15508.450730,
        "bw_samples" : 240,
        "iops_min" : 356554,
        "iops_max" : 425342,
        "iops_mean" : 388486.166667,
        "iops_stddev" : 3877.087161,
        "iops_samples" : 240
      },
      "trim" : {
        "io_bytes" : 0,
        "io_kbytes" : 0,
        "bw_bytes" : 0,
        "bw" : 0,
        "iops" : 0.000000,
        "runtime" : 0,
        "total_ios" : 0,
        "short_ios" : 0,
        "drop_ios" : 0,
        "slat_ns" : {
          "min" : 0,
          "max" : 0,
          "mean" : 0.000000,
          "stddev" : 0.000000,
          "N" : 0
        },
        "clat_ns" : {
          "min" : 0,
          "max" : 0,
          "mean" : 0.000000,
          "stddev" : 0.000000,
          "N" : 0
        },
        "lat_ns" : {
          "min" : 0,
          "max" : 0,
          "mean" : 0.000000,
          "stddev" : 0.000000,
          "N" : 0
        },
        "bw_min" : 0,
        "bw_max" : 0,
        "bw_agg" : 0.000000,
        "bw_mean" : 0.000000,
        "bw_dev" : 0.000000,
        "bw_samples" : 0,
        "iops_min" : 0,
        "iops_max" : 0,
        "iops_mean" : 0.000000,
        "iops_stddev" : 0.000000,
        "iops_samples" : 0
      },
      "sync" : {
        "total_ios" : 0,
        "lat_ns" : {
          "min" : 0,
          "max" : 0,
          "mean" : 0.000000,
          "stddev" : 0.000000,
          "N" : 0
        }
      },
      "job_runtime" : 120008,
      "usr_cpu" : 17.718819,
      "sys_cpu" : 46.147757,
      "ctx" : 3084170,
      "majf" : 0,
      "minf" : 256,
      "iodepth_level" : {
        "1" : 0.000000,
        "2" : 0.000000,
        "4" : 0.000000,
        "8" : 0.000000,
        "16" : 0.000000,
        "32" : 0.000000,
        ">=64" : 100.000000
      },
      "iodepth_submit" : {
        "0" : 0.000000,
        "4" : 100.000000,
        "8" : 0.000000,
        "16" : 0.000000,
        "32" : 0.000000,
        "64" : 0.000000,
        ">=64" : 0.000000
      },
      "iodepth_complete" : {
        "0" : 0.000000,
        "4" : 99.999974,
        "8" : 0.000000,
        "16" : 0.000000,
        "32" : 0.000000,
        "64" : 0.100000,
        ">=64" : 0.000000
      },
      "latency_ns" : {
        "2" : 0.000000,
        "4" : 0.000000,
        "10" : 0.000000,
        "20" : 0.000000,
        "50" : 0.000000,
        "100" : 0.000000,
        "250" : 0.000000,
        "500" : 0.010000,
        "750" : 0.010000,
        "1000" : 0.000000
      },
      "latency_us" : {
        "2" : 0.010000,
        "4" : 0.010000,
        "10" : 0.362121,
        "20" : 29.212241,
        "50" : 32.733162,
        "100" : 11.067360,
        "250" : 3.154929,
        "500" : 2.304470,
        "750" : 2.294823,
        "1000" : 2.488744
      },
      "latency_ms" : {
        "2" : 9.112318,
        "4" : 4.830883,
        "10" : 2.263497,
        "20" : 0.156060,
        "50" : 0.020512,
        "100" : 0.000000,
        "250" : 0.000000,
        "500" : 0.000000,
        "750" : 0.000000,
        "1000" : 0.000000,
        "2000" : 0.000000,
        ">=2000" : 0.000000
      },
      "latency_depth" : 64,
      "latency_target" : 0,
      "latency_percentile" : 100.000000,
      "latency_window" : 0
    }
  ],
  "disk_util" : [
    {
      "name" : "nvme1n1",
      "read_ios" : 5159092,
      "write_ios" : 15473746,
      "read_merges" : 0,
      "write_merges" : 0,
      "read_ticks" : 9456197,
      "write_ticks" : 343541,
      "in_queue" : 9799737,
      "util" : 80.477710
    }
  ]
}
