{
  "fio version" : "fio-3.28",
  "timestamp" : 1757417060,
  "timestamp_ms" : 1757417060871,
  "time" : "Tue Sep  9 07:24:20 2025",
  "jobs" : [
    {
      "jobname" : "mixed_io",
      "groupid" : 0,
      "error" : 0,
      "eta" : 0,
      "elapsed" : 41,
      "job options" : {
        "name" : "mixed_io",
        "filename" : "/dev/nvme1n1p2",
        "rw" : "randrw",
        "rwmixread" : "50",
        "bs" : "4k",
        "ioengine" : "libaio",
        "iodepth" : "1",
        "numjobs" : "4",
        "runtime" : "30",
        "ramp_time" : "10",
        "direct" : "1"
      },
      "read" : {
        "io_bytes" : 2820100096,
        "io_kbytes" : 2754004,
        "bw_bytes" : 94000203,
        "bw" : 91797,
        "iops" : 22949.268358,
        "runtime" : 30001,
        "total_ios" : 688501,
        "short_ios" : 0,
        "drop_ios" : 0,
        "slat_ns" : {
          "min" : 2650,
          "max" : 949364,
          "mean" : 11139.645555,
          "stddev" : 7740.677346,
          "N" : 688501
        },
        "clat_ns" : {
          "min" : 1608,
          "max" : 9098768,
          "mean" : 120981.423344,
          "stddev" : 160468.829628,
          "N" : 688501,
          "percentile" : {
            "1.000000" : 28288,
            "5.000000" : 29056,
            "10.000000" : 49920,
            "20.000000" : 74240,
            "30.000000" : 77312,
            "40.000000" : 79360,
            "50.000000" : 83456,
            "60.000000" : 91648,
            "70.000000" : 94720,
            "80.000000" : 168960,
            "90.000000" : 181248,
            "95.000000" : 191488,
            "99.000000" : 1089536,
            "99.500000" : 1368064,
            "99.900000" : 1597440,
            "99.950000" : 1662976,
            "99.990000" : 1794048
          }
        },
        "lat_ns" : {
          "min" : 25053,
          "max" : 9129717,
          "mean" : 132482.020083,
          "stddev" : 161824.602338,
          "N" : 688501
        },
        "bw_min" : 73306,
        "bw_max" : 112955,
        "bw_agg" : 99.962882,
        "bw_mean" : 91763.203390,
        "bw_dev" : 2119.120271,
        "bw_samples" : 236,
        "iops_min" : 18326,
        "iops_max" : 28238,
        "iops_mean" : 22940.254237,
        "iops_stddev" : 529.771348,
        "iops_samples" : 236
      },
      "write" : {
        "io_bytes" : 2826547200,
        "io_kbytes" : 2760300,
        "bw_bytes" : 94215099,
        "bw" : 92006,
        "iops" : 23001.733276,
        "runtime" : 30001,
        "total_ios" : 690075,
        "short_ios" : 0,
        "drop_ios" : 0,
        "slat_ns" : {
          "min" : 2642,
          "max" : 833212,
          "mean" : 10585.801358,
          "stddev" : 7610.571315,
          "N" : 690075
        },
        "clat_ns" : {
          "min" : 1282,
          "max" : 960654,
          "mean" : 25003.926549,
          "stddev" : 7445.304970,
          "N" : 690075,
          "percentile" : {
            "1.000000" : 19072,
            "5.000000" : 20864,
            "10.000000" : 20864,
            "20.000000" : 21120,
            "30.000000" : 21376,
            "40.000000" : 21632,
            "50.000000" : 21888,
            "60.000000" : 22400,
            "70.000000" : 23680,
            "80.000000" : 27520,
            "90.000000" : 35072,
            "95.000000" : 42240,
            "99.000000" : 45824,
            "99.500000" : 47872,
            "99.900000" : 71168,
            "99.950000" : 99840,
            "99.990000" : 160768
          }
        },
        "lat_ns" : {
          "min" : 15417,
          "max" : 967869,
          "mean" : 35954.305586,
          "stddev" : 10821.924485,
          "N" : 690075
        },
        "bw_min" : 74306,
        "bw_max" : 112323,
        "bw_agg" : 99.984857,
        "bw_mean" : 91993.288136,
        "bw_dev" : 2143.805763,
        "bw_samples" : 236,
        "iops_min" : 18576,
        "iops_max" : 28080,
        "iops_mean" : 22997.745763,
        "iops_stddev" : 535.932914,
        "iops_samples" : 236
      },
      "trim" : {
        "io_bytes" : 0,
        "io_kbytes" : 0,
        "bw_bytes" : 0,
        "bw" : 0,
        "iops" : 0.000000,
        "runtime" : 0,
        "total_ios" : 0,
        "short_ios" : 0,
        "drop_ios" : 0,
        "slat_ns" : {
          "min" : 0,
          "max" : 0,
          "mean" : 0.000000,
          "stddev" : 0.000000,
          "N" : 0
        },
        "clat_ns" : {
          "min" : 0,
          "max" : 0,
          "mean" : 0.000000,
          "stddev" : 0.000000,
          "N" : 0
        },
        "lat_ns" : {
          "min" : 0,
          "max" : 0,
          "mean" : 0.000000,
          "stddev" : 0.000000,
          "N" : 0
        },
        "bw_min" : 0,
        "bw_max" : 0,
        "bw_agg" : 0.000000,
        "bw_mean" : 0.000000,
        "bw_dev" : 0.000000,
        "bw_samples" : 0,
        "iops_min" : 0,
        "iops_max" : 0,
        "iops_mean" : 0.000000,
        "iops_stddev" : 0.000000,
        "iops_samples" : 0
      },
      "sync" : {
        "total_ios" : 0,
        "lat_ns" : {
          "min" : 0,
          "max" : 0,
          "mean" : 0.000000,
          "stddev" : 0.000000,
          "N" : 0
        }
      },
      "job_runtime" : 120000,
      "usr_cpu" : 8.812500,
      "sys_cpu" : 22.855000,
      "ctx" : 1376153,
      "majf" : 0,
      "minf" : 3351,
      "iodepth_level" : {
        "1" : 100.000000,
        "2" : 0.000000,
        "4" : 0.000000,
        "8" : 0.000000,
        "16" : 0.000000,
        "32" : 0.000000,
        ">=64" : 0.000000
      },
      "iodepth_submit" : {
        "0" : 0.000000,
        "4" : 100.000000,
        "8" : 0.000000,
        "16" : 0.000000,
        "32" : 0.000000,
        "64" : 0.000000,
        ">=64" : 0.000000
      },
      "iodepth_complete" : {
        "0" : 0.000000,
        "4" : 100.000000,
        "8" : 0.000000,
        "16" : 0.000000,
        "32" : 0.000000,
        "64" : 0.000000,
        ">=64" : 0.000000
      },
      "latency_ns" : {
        "2" : 0.000000,
        "4" : 0.000000,
        "10" : 0.000000,
        "20" : 0.000000,
        "50" : 0.000000,
        "100" : 0.000000,
        "250" : 0.000000,
        "500" : 0.000000,
        "750" : 0.000000,
        "1000" : 0.000000
      },
      "latency_us" : {
        "2" : 0.068186,
        "4" : 0.027710,
        "10" : 0.010000,
        "20" : 0.500444,
        "50" : 54.285146,
        "100" : 31.510051,
        "250" : 12.297835,
        "500" : 0.279274,
        "750" : 0.226393,
        "1000" : 0.221025
      },
      "latency_ms" : {
        "2" : 0.575159,
        "4" : 0.010000,
        "10" : 0.010000,
        "20" : 0.000000,
        "50" : 0.000000,
        "100" : 0.000000,
        "250" : 0.000000,
        "500" : 0.000000,
        "750" : 0.000000,
        "1000" : 0.000000,
        "2000" : 0.000000,
        ">=2000" : 0.000000
      },
      "latency_depth" : 1,
      "latency_target" : 0,
      "latency_percentile" : 100.000000,
      "latency_window" : 0
    }
  ],
  "disk_util" : [
    {
      "name" : "nvme1n1",
      "read_ios" : 897257,
      "write_ios" : 898982,
      "read_merges" : 0,
      "write_merges" : 0,
      "read_ticks" : 100832,
      "write_ticks" : 18373,
      "in_queue" : 119204,
      "util" : 68.616597
    }
  ]
}
