{
  "fio version" : "fio-3.28",
  "timestamp" : 1757417868,
  "timestamp_ms" : 1757417868716,
  "time" : "Tue Sep  9 07:37:48 2025",
  "jobs" : [
    {
      "jobname" : "mixed_io",
      "groupid" : 0,
      "error" : 0,
      "eta" : 0,
      "elapsed" : 41,
      "job options" : {
        "name" : "mixed_io",
        "filename" : "/dev/nvme1n1p2",
        "rw" : "randrw",
        "rwmixread" : "50",
        "bs" : "1024k",
        "ioengine" : "libaio",
        "iodepth" : "16",
        "numjobs" : "4",
        "runtime" : "30",
        "ramp_time" : "10",
        "direct" : "1"
      },
      "read" : {
        "io_bytes" : 39974862848,
        "io_kbytes" : 39037952,
        "bw_bytes" : 1331696410,
        "bw" : 1300484,
        "iops" : 1268.505563,
        "runtime" : 30018,
        "total_ios" : 38078,
        "short_ios" : 0,
        "drop_ios" : 0,
        "slat_ns" : {
          "min" : 90714,
          "max" : 389104,
          "mean" : 191900.911445,
          "stddev" : 28226.158717,
          "N" : 38078
        },
        "clat_ns" : {
          "min" : 4083447,
          "max" : 88159598,
          "mean" : 37626231.353838,
          "stddev" : 6324645.936260,
          "N" : 38122,
          "percentile" : {
            "1.000000" : 23986176,
            "5.000000" : 28704768,
            "10.000000" : 30539776,
            "20.000000" : 32899072,
            "30.000000" : 34340864,
            "40.000000" : 35913728,
            "50.000000" : 36962304,
            "60.000000" : 38535168,
            "70.000000" : 40108032,
            "80.000000" : 42205184,
            "90.000000" : 44826624,
            "95.000000" : 47448064,
            "99.000000" : 58458112,
            "99.500000" : 63176704,
            "99.900000" : 72876032,
            "99.950000" : 76021760,
            "99.990000" : 85458944
          }
        },
        "lat_ns" : {
          "min" : 4302294,
          "max" : 88338627,
          "mean" : 37818809.625466,
          "stddev" : 6322924.424842,
          "N" : 38122
        },
        "bw_min" : 1062459,
        "bw_max" : 1522660,
        "bw_agg" : 100.000000,
        "bw_mean" : 1301451.150000,
        "bw_dev" : 25335.785987,
        "bw_samples" : 240,
        "iops_min" : 1036,
        "iops_max" : 1484,
        "iops_mean" : 1269.100000,
        "iops_stddev" : 24.720321,
        "iops_samples" : 240
      },
      "write" : {
        "io_bytes" : 39933968384,
        "io_kbytes" : 38998016,
        "bw_bytes" : 1330334079,
        "bw" : 1299154,
        "iops" : 1268.172430,
        "runtime" : 30018,
        "total_ios" : 38068,
        "short_ios" : 0,
        "drop_ios" : 0,
        "slat_ns" : {
          "min" : 130586,
          "max" : 776966,
          "mean" : 255991.023405,
          "stddev" : 36961.505235,
          "N" : 38069
        },
        "clat_ns" : {
          "min" : 818443,
          "max" : 58981620,
          "mean" : 12340572.800074,
          "stddev" : 4714451.565242,
          "N" : 38084,
          "percentile" : {
            "1.000000" : 4751360,
            "5.000000" : 6848512,
            "10.000000" : 7962624,
            "20.000000" : 9371648,
            "30.000000" : 10289152,
            "40.000000" : 11075584,
            "50.000000" : 11862016,
            "60.000000" : 12779520,
            "70.000000" : 13565952,
            "80.000000" : 14614528,
            "90.000000" : 16187392,
            "95.000000" : 17694720,
            "99.000000" : 35389440,
            "99.500000" : 41680896,
            "99.900000" : 53215232,
            "99.950000" : 54788096,
            "99.990000" : 56885248
          }
        },
        "lat_ns" : {
          "min" : 1075769,
          "max" : 59238095,
          "mean" : 12597358.142159,
          "stddev" : 4711307.173774,
          "N" : 38084
        },
        "bw_min" : 1058884,
        "bw_max" : 1521913,
        "bw_agg" : 100.000000,
        "bw_mean" : 1301410.316667,
        "bw_dev" : 23770.231502,
        "bw_samples" : 240,
        "iops_min" : 1032,
        "iops_max" : 1484,
        "iops_mean" : 1269.066667,
        "iops_stddev" : 23.215671,
        "iops_samples" : 240
      },
      "trim" : {
        "io_bytes" : 0,
        "io_kbytes" : 0,
        "bw_bytes" : 0,
        "bw" : 0,
        "iops" : 0.000000,
        "runtime" : 0,
        "total_ios" : 0,
        "short_ios" : 0,
        "drop_ios" : 0,
        "slat_ns" : {
          "min" : 0,
          "max" : 0,
          "mean" : 0.000000,
          "stddev" : 0.000000,
          "N" : 0
        },
        "clat_ns" : {
          "min" : 0,
          "max" : 0,
          "mean" : 0.000000,
          "stddev" : 0.000000,
          "N" : 0
        },
        "lat_ns" : {
          "min" : 0,
          "max" : 0,
          "mean" : 0.000000,
          "stddev" : 0.000000,
          "N" : 0
        },
        "bw_min" : 0,
        "bw_max" : 0,
        "bw_agg" : 0.000000,
        "bw_mean" : 0.000000,
        "bw_dev" : 0.000000,
        "bw_samples" : 0,
        "iops_min" : 0,
        "iops_max" : 0,
        "iops_mean" : 0.000000,
        "iops_stddev" : 0.000000,
        "iops_samples" : 0
      },
      "sync" : {
        "total_ios" : 0,
        "lat_ns" : {
          "min" : 0,
          "max" : 0,
          "mean" : 0.000000,
          "stddev" : 0.000000,
          "N" : 0
        }
      },
      "job_runtime" : 120067,
      "usr_cpu" : 4.308428,
      "sys_cpu" : 13.959706,
      "ctx" : 62224,
      "majf" : 0,
      "minf" : 241,
      "iodepth_level" : {
        "1" : 0.000000,
        "2" : 0.000000,
        "4" : 0.000000,
        "8" : 0.000000,
        "16" : 100.000000,
        "32" : 0.000000,
        ">=64" : 0.000000
      },
      "iodepth_submit" : {
        "0" : 0.000000,
        "4" : 100.000000,
        "8" : 0.000000,
        "16" : 0.000000,
        "32" : 0.000000,
        "64" : 0.000000,
        ">=64" : 0.000000
      },
      "iodepth_complete" : {
        "0" : 0.000000,
        "4" : 99.994747,
        "8" : 0.000000,
        "16" : 0.100000,
        "32" : 0.000000,
        "64" : 0.000000,
        ">=64" : 0.000000
      },
      "latency_ns" : {
        "2" : 0.000000,
        "4" : 0.000000,
        "10" : 0.000000,
        "20" : 0.000000,
        "50" : 0.000000,
        "100" : 0.000000,
        "250" : 0.000000,
        "500" : 0.000000,
        "750" : 0.000000,
        "1000" : 0.000000
      },
      "latency_us" : {
        "2" : 0.000000,
        "4" : 0.000000,
        "10" : 0.000000,
        "20" : 0.000000,
        "50" : 0.000000,
        "100" : 0.000000,
        "250" : 0.000000,
        "500" : 0.000000,
        "750" : 0.000000,
        "1000" : 0.010000
      },
      "latency_ms" : {
        "2" : 0.024952,
        "4" : 0.212749,
        "10" : 13.174691,
        "20" : 35.702466,
        "50" : 49.529851,
        "100" : 1.428834,
        "250" : 0.000000,
        "500" : 0.000000,
        "750" : 0.000000,
        "1000" : 0.000000,
        "2000" : 0.000000,
        ">=2000" : 0.000000
      },
      "latency_depth" : 16,
      "latency_target" : 0,
      "latency_percentile" : 100.000000,
      "latency_window" : 0
    }
  ],
  "disk_util" : [
    {
      "name" : "nvme1n1",
      "read_ios" : 400844,
      "write_ios" : 404409,
      "read_merges" : 0,
      "write_merges" : 0,
      "read_ticks" : 14710194,
      "write_ticks" : 4727699,
      "in_queue" : 19437893,
      "util" : 80.739946
    }
  ]
}
