{
  "fio version" : "fio-3.28",
  "timestamp" : 1757415848,
  "timestamp_ms" : 1757415848810,
  "time" : "Tue Sep  9 07:04:08 2025",
  "jobs" : [
    {
      "jobname" : "mixed_io",
      "groupid" : 0,
      "error" : 0,
      "eta" : 0,
      "elapsed" : 41,
      "job options" : {
        "name" : "mixed_io",
        "filename" : "/dev/nvme1n1p2",
        "rw" : "randrw",
        "rwmixread" : "25",
        "bs" : "4k",
        "ioengine" : "libaio",
        "iodepth" : "4",
        "numjobs" : "2",
        "runtime" : "30",
        "ramp_time" : "10",
        "direct" : "1"
      },
      "read" : {
        "io_bytes" : 4041576448,
        "io_kbytes" : 3946852,
        "bw_bytes" : 134714724,
        "bw" : 131557,
        "iops" : 32889.137029,
        "runtime" : 30001,
        "total_ios" : 986707,
        "short_ios" : 0,
        "drop_ios" : 0,
        "slat_ns" : {
          "min" : 2424,
          "max" : 246356,
          "mean" : 5577.693638,
          "stddev" : 2570.835863,
          "N" : 986708
        },
        "clat_ns" : {
          "min" : 905,
          "max" : 13875075,
          "mean" : 156359.997697,
          "stddev" : 277023.050862,
          "N" : 986713,
          "percentile" : {
            "1.000000" : 27264,
            "5.000000" : 56576,
            "10.000000" : 69120,
            "20.000000" : 73216,
            "30.000000" : 76288,
            "40.000000" : 80384,
            "50.000000" : 84480,
            "60.000000" : 88576,
            "70.000000" : 92672,
            "80.000000" : 100864,
            "90.000000" : 183296,
            "95.000000" : 757760,
            "99.000000" : 1417216,
            "99.500000" : 1499136,
            "99.900000" : 1646592,
            "99.950000" : 1679360,
            "99.990000" : 3817472
          }
        },
        "lat_ns" : {
          "min" : 22347,
          "max" : 13879099,
          "mean" : 162152.172894,
          "stddev" : 276975.392418,
          "N" : 986713
        },
        "bw_min" : 115069,
        "bw_max" : 142062,
        "bw_agg" : 100.000000,
        "bw_mean" : 131678.083333,
        "bw_dev" : 3078.012622,
        "bw_samples" : 120,
        "iops_min" : 28767,
        "iops_max" : 35515,
        "iops_mean" : 32919.216667,
        "iops_stddev" : 769.504704,
        "iops_samples" : 120
      },
      "write" : {
        "io_bytes" : 12116873216,
        "io_kbytes" : 11832884,
        "bw_bytes" : 403882311,
        "bw" : 394416,
        "iops" : 98604.013200,
        "runtime" : 30001,
        "total_ios" : 2958219,
        "short_ios" : 0,
        "drop_ios" : 0,
        "slat_ns" : {
          "min" : 2361,
          "max" : 910362,
          "mean" : 5196.204331,
          "stddev" : 2544.229199,
          "N" : 2958220
        },
        "clat_ns" : {
          "min" : 635,
          "max" : 913704,
          "mean" : 20078.996146,
          "stddev" : 6296.163847,
          "N" : 2958219,
          "percentile" : {
            "1.000000" : 11584,
            "5.000000" : 13248,
            "10.000000" : 14400,
            "20.000000" : 15424,
            "30.000000" : 16512,
            "40.000000" : 17536,
            "50.000000" : 18560,
            "60.000000" : 20096,
            "70.000000" : 21632,
            "80.000000" : 24448,
            "90.000000" : 27776,
            "95.000000" : 31360,
            "99.000000" : 37120,
            "99.500000" : 40704,
            "99.900000" : 55040,
            "99.950000" : 77312,
            "99.990000" : 164864
          }
        },
        "lat_ns" : {
          "min" : 12574,
          "max" : 942110,
          "mean" : 25491.851539,
          "stddev" : 7175.590191,
          "N" : 2958219
        },
        "bw_min" : 342048,
        "bw_max" : 426478,
        "bw_agg" : 100.000000,
        "bw_mean" : 394780.833333,
        "bw_dev" : 9132.443552,
        "bw_samples" : 120,
        "iops_min" : 85512,
        "iops_max" : 106619,
        "iops_mean" : 98694.866667,
        "iops_stddev" : 2283.142253,
        "iops_samples" : 120
      },
      "trim" : {
        "io_bytes" : 0,
        "io_kbytes" : 0,
        "bw_bytes" : 0,
        "bw" : 0,
        "iops" : 0.000000,
        "runtime" : 0,
        "total_ios" : 0,
        "short_ios" : 0,
        "drop_ios" : 0,
        "slat_ns" : {
          "min" : 0,
          "max" : 0,
          "mean" : 0.000000,
          "stddev" : 0.000000,
          "N" : 0
        },
        "clat_ns" : {
          "min" : 0,
          "max" : 0,
          "mean" : 0.000000,
          "stddev" : 0.000000,
          "N" : 0
        },
        "lat_ns" : {
          "min" : 0,
          "max" : 0,
          "mean" : 0.000000,
          "stddev" : 0.000000,
          "N" : 0
        },
        "bw_min" : 0,
        "bw_max" : 0,
        "bw_agg" : 0.000000,
        "bw_mean" : 0.000000,
        "bw_dev" : 0.000000,
        "bw_samples" : 0,
        "iops_min" : 0,
        "iops_max" : 0,
        "iops_mean" : 0.000000,
        "iops_stddev" : 0.000000,
        "iops_samples" : 0
      },
      "sync" : {
        "total_ios" : 0,
        "lat_ns" : {
          "min" : 0,
          "max" : 0,
          "mean" : 0.000000,
          "stddev" : 0.000000,
          "N" : 0
        }
      },
      "job_runtime" : 60000,
      "usr_cpu" : 17.080000,
      "sys_cpu" : 44.906667,
      "ctx" : 1171604,
      "majf" : 0,
      "minf" : 119,
      "iodepth_level" : {
        "1" : 0.000000,
        "2" : 0.000000,
        "4" : 100.000000,
        "8" : 0.000000,
        "16" : 0.000000,
        "32" : 0.000000,
        ">=64" : 0.000000
      },
      "iodepth_submit" : {
        "0" : 0.000000,
        "4" : 100.000000,
        "8" : 0.000000,
        "16" : 0.000000,
        "32" : 0.000000,
        "64" : 0.000000,
        ">=64" : 0.000000
      },
      "iodepth_complete" : {
        "0" : 0.000000,
        "4" : 100.000000,
        "8" : 0.000000,
        "16" : 0.000000,
        "32" : 0.000000,
        "64" : 0.000000,
        ">=64" : 0.000000
      },
      "latency_ns" : {
        "2" : 0.000000,
        "4" : 0.000000,
        "10" : 0.000000,
        "20" : 0.000000,
        "50" : 0.000000,
        "100" : 0.000000,
        "250" : 0.000000,
        "500" : 0.000000,
        "750" : 0.010000,
        "1000" : 0.010000
      },
      "latency_us" : {
        "2" : 0.010000,
        "4" : 0.010000,
        "10" : 0.170016,
        "20" : 44.968144,
        "50" : 30.704758,
        "100" : 19.043424,
        "250" : 2.882310,
        "500" : 0.578845,
        "750" : 0.393011,
        "1000" : 0.340691
      },
      "latency_ms" : {
        "2" : 0.913097,
        "4" : 0.010000,
        "10" : 0.010000,
        "20" : 0.010000,
        "50" : 0.000000,
        "100" : 0.000000,
        "250" : 0.000000,
        "500" : 0.000000,
        "750" : 0.000000,
        "1000" : 0.000000,
        "2000" : 0.000000,
        ">=2000" : 0.000000
      },
      "latency_depth" : 4,
      "latency_target" : 0,
      "latency_percentile" : 100.000000,
      "latency_window" : 0
    }
  ],
  "disk_util" : [
    {
      "name" : "nvme1n1",
      "read_ios" : 1278675,
      "write_ios" : 3833264,
      "read_merges" : 0,
      "write_merges" : 0,
      "read_ticks" : 196114,
      "write_ticks" : 50078,
      "in_queue" : 246192,
      "util" : 78.433573
    }
  ]
}
