{
  "fio version" : "fio-3.28",
  "timestamp" : 1757414757,
  "timestamp_ms" : 1757414757797,
  "time" : "Tue Sep  9 06:45:57 2025",
  "jobs" : [
    {
      "jobname" : "mixed_io",
      "groupid" : 0,
      "error" : 0,
      "eta" : 0,
      "elapsed" : 41,
      "job options" : {
        "name" : "mixed_io",
        "filename" : "/dev/nvme1n1p2",
        "rw" : "randrw",
        "rwmixread" : "0",
        "bs" : "4k",
        "ioengine" : "libaio",
        "iodepth" : "16",
        "numjobs" : "2",
        "runtime" : "30",
        "ramp_time" : "10",
        "direct" : "1"
      },
      "read" : {
        "io_bytes" : 0,
        "io_kbytes" : 0,
        "bw_bytes" : 0,
        "bw" : 0,
        "iops" : 0.000000,
        "runtime" : 0,
        "total_ios" : 0,
        "short_ios" : 0,
        "drop_ios" : 0,
        "slat_ns" : {
          "min" : 0,
          "max" : 0,
          "mean" : 0.000000,
          "stddev" : 0.000000,
          "N" : 0
        },
        "clat_ns" : {
          "min" : 0,
          "max" : 0,
          "mean" : 0.000000,
          "stddev" : 0.000000,
          "N" : 0
        },
        "lat_ns" : {
          "min" : 0,
          "max" : 0,
          "mean" : 0.000000,
          "stddev" : 0.000000,
          "N" : 0
        },
        "bw_min" : 0,
        "bw_max" : 0,
        "bw_agg" : 0.000000,
        "bw_mean" : 0.000000,
        "bw_dev" : 0.000000,
        "bw_samples" : 0,
        "iops_min" : 0,
        "iops_max" : 0,
        "iops_mean" : 0.000000,
        "iops_stddev" : 0.000000,
        "iops_samples" : 0
      },
      "write" : {
        "io_bytes" : 58286166016,
        "io_kbytes" : 56920084,
        "bw_bytes" : 1942807440,
        "bw" : 1897272,
        "iops" : 474317.156095,
        "runtime" : 30001,
        "total_ios" : 14229989,
        "short_ios" : 0,
        "drop_ios" : 0,
        "slat_ns" : {
          "min" : 1473,
          "max" : 128566,
          "mean" : 2371.471227,
          "stddev" : 1134.669735,
          "N" : 14229991
        },
        "clat_ns" : {
          "min" : 11490,
          "max" : 25414490,
          "mean" : 64500.739856,
          "stddev" : 108760.476979,
          "N" : 14230019,
          "percentile" : {
            "1.000000" : 41216,
            "5.000000" : 47360,
            "10.000000" : 48896,
            "20.000000" : 51456,
            "30.000000" : 52480,
            "40.000000" : 53504,
            "50.000000" : 54016,
            "60.000000" : 55552,
            "70.000000" : 58112,
            "80.000000" : 64256,
            "90.000000" : 83456,
            "95.000000" : 112128,
            "99.000000" : 207872,
            "99.500000" : 264192,
            "99.900000" : 456704,
            "99.950000" : 577536,
            "99.990000" : 2998272
          }
        },
        "lat_ns" : {
          "min" : 15078,
          "max" : 25423967,
          "mean" : 66970.802001,
          "stddev" : 108713.626744,
          "N" : 14230019
        },
        "bw_min" : 1770787,
        "bw_max" : 2078059,
        "bw_agg" : 100.000000,
        "bw_mean" : 1898912.216667,
        "bw_dev" : 34028.193484,
        "bw_samples" : 120,
        "iops_min" : 442696,
        "iops_max" : 519514,
        "iops_mean" : 474727.700000,
        "iops_stddev" : 8506.997594,
        "iops_samples" : 120
      },
      "trim" : {
        "io_bytes" : 0,
        "io_kbytes" : 0,
        "bw_bytes" : 0,
        "bw" : 0,
        "iops" : 0.000000,
        "runtime" : 0,
        "total_ios" : 0,
        "short_ios" : 0,
        "drop_ios" : 0,
        "slat_ns" : {
          "min" : 0,
          "max" : 0,
          "mean" : 0.000000,
          "stddev" : 0.000000,
          "N" : 0
        },
        "clat_ns" : {
          "min" : 0,
          "max" : 0,
          "mean" : 0.000000,
          "stddev" : 0.000000,
          "N" : 0
        },
        "lat_ns" : {
          "min" : 0,
          "max" : 0,
          "mean" : 0.000000,
          "stddev" : 0.000000,
          "N" : 0
        },
        "bw_min" : 0,
        "bw_max" : 0,
        "bw_agg" : 0.000000,
        "bw_mean" : 0.000000,
        "bw_dev" : 0.000000,
        "bw_samples" : 0,
        "iops_min" : 0,
        "iops_max" : 0,
        "iops_mean" : 0.000000,
        "iops_stddev" : 0.000000,
        "iops_samples" : 0
      },
      "sync" : {
        "total_ios" : 0,
        "lat_ns" : {
          "min" : 0,
          "max" : 0,
          "mean" : 0.000000,
          "stddev" : 0.000000,
          "N" : 0
        }
      },
      "job_runtime" : 60000,
      "usr_cpu" : 24.450000,
      "sys_cpu" : 59.756667,
      "ctx" : 603281,
      "majf" : 0,
      "minf" : 116,
      "iodepth_level" : {
        "1" : 0.000000,
        "2" : 0.000000,
        "4" : 0.000000,
        "8" : 0.000000,
        "16" : 100.000000,
        "32" : 0.000000,
        ">=64" : 0.000000
      },
      "iodepth_submit" : {
        "0" : 0.000000,
        "4" : 100.000000,
        "8" : 0.000000,
        "16" : 0.000000,
        "32" : 0.000000,
        "64" : 0.000000,
        ">=64" : 0.000000
      },
      "iodepth_complete" : {
        "0" : 0.000000,
        "4" : 99.999986,
        "8" : 0.000000,
        "16" : 0.100000,
        "32" : 0.000000,
        "64" : 0.000000,
        ">=64" : 0.000000
      },
      "latency_ns" : {
        "2" : 0.000000,
        "4" : 0.000000,
        "10" : 0.000000,
        "20" : 0.000000,
        "50" : 0.000000,
        "100" : 0.000000,
        "250" : 0.000000,
        "500" : 0.000000,
        "750" : 0.000000,
        "1000" : 0.000000
      },
      "latency_us" : {
        "2" : 0.000000,
        "4" : 0.000000,
        "10" : 0.000000,
        "20" : 0.010000,
        "50" : 13.826673,
        "100" : 79.637089,
        "250" : 5.954889,
        "500" : 0.507393,
        "750" : 0.040436,
        "1000" : 0.010000
      },
      "latency_ms" : {
        "2" : 0.014701,
        "4" : 0.010000,
        "10" : 0.010000,
        "20" : 0.010000,
        "50" : 0.010000,
        "100" : 0.000000,
        "250" : 0.000000,
        "500" : 0.000000,
        "750" : 0.000000,
        "1000" : 0.000000,
        "2000" : 0.000000,
        ">=2000" : 0.000000
      },
      "latency_depth" : 16,
      "latency_target" : 0,
      "latency_percentile" : 100.000000,
      "latency_window" : 0
    }
  ],
  "disk_util" : [
    {
      "name" : "nvme1n1",
      "read_ios" : 0,
      "write_ios" : 18800126,
      "read_merges" : 0,
      "write_merges" : 0,
      "read_ticks" : 0,
      "write_ticks" : 550289,
      "in_queue" : 550289,
      "util" : 81.148869
    }
  ]
}
