{
  "fio version" : "fio-3.28",
  "timestamp" : 1757415364,
  "timestamp_ms" : 1757415364143,
  "time" : "Tue Sep  9 06:56:04 2025",
  "jobs" : [
    {
      "jobname" : "mixed_io",
      "groupid" : 0,
      "error" : 0,
      "eta" : 0,
      "elapsed" : 41,
      "job options" : {
        "name" : "mixed_io",
        "filename" : "/dev/nvme1n1p2",
        "rw" : "randrw",
        "rwmixread" : "25",
        "bs" : "4k",
        "ioengine" : "libaio",
        "iodepth" : "1",
        "numjobs" : "1",
        "runtime" : "30",
        "ramp_time" : "10",
        "direct" : "1"
      },
      "read" : {
        "io_bytes" : 626429952,
        "io_kbytes" : 611748,
        "bw_bytes" : 20880302,
        "bw" : 20390,
        "iops" : 5097.730076,
        "runtime" : 30001,
        "total_ios" : 152937,
        "short_ios" : 0,
        "drop_ios" : 0,
        "slat_ns" : {
          "min" : 6584,
          "max" : 62025,
          "mean" : 7374.090835,
          "stddev" : 2004.672949,
          "N" : 152937
        },
        "clat_ns" : {
          "min" : 1718,
          "max" : 1901253,
          "mean" : 96016.313305,
          "stddev" : 128516.483435,
          "N" : 152937,
          "percentile" : {
            "1.000000" : 28544,
            "5.000000" : 29056,
            "10.000000" : 73216,
            "20.000000" : 74240,
            "30.000000" : 74240,
            "40.000000" : 77312,
            "50.000000" : 78336,
            "60.000000" : 79360,
            "70.000000" : 90624,
            "80.000000" : 90624,
            "90.000000" : 91648,
            "95.000000" : 98816,
            "99.000000" : 839680,
            "99.500000" : 1220608,
            "99.900000" : 1531904,
            "99.950000" : 1597440,
            "99.990000" : 1679360
          }
        },
        "lat_ns" : {
          "min" : 31399,
          "max" : 1908586,
          "mean" : 103660.098714,
          "stddev" : 128587.136952,
          "N" : 152937
        },
        "bw_min" : 18688,
        "bw_max" : 21683,
        "bw_agg" : 100.000000,
        "bw_mean" : 20408.250000,
        "bw_dev" : 640.416539,
        "bw_samples" : 60,
        "iops_min" : 4672,
        "iops_max" : 5420,
        "iops_mean" : 5101.916667,
        "iops_stddev" : 160.126358,
        "iops_samples" : 60
      },
      "write" : {
        "io_bytes" : 1875718144,
        "io_kbytes" : 1831756,
        "bw_bytes" : 62521854,
        "bw" : 61056,
        "iops" : 15264.124529,
        "runtime" : 30001,
        "total_ios" : 457939,
        "short_ios" : 0,
        "drop_ios" : 0,
        "slat_ns" : {
          "min" : 6469,
          "max" : 68011,
          "mean" : 7181.501233,
          "stddev" : 2015.682461,
          "N" : 457939
        },
        "clat_ns" : {
          "min" : 1452,
          "max" : 246511,
          "mean" : 21203.085507,
          "stddev" : 2954.265262,
          "N" : 457939,
          "percentile" : {
            "1.000000" : 19840,
            "5.000000" : 20096,
            "10.000000" : 20352,
            "20.000000" : 20608,
            "30.000000" : 20608,
            "40.000000" : 20608,
            "50.000000" : 20864,
            "60.000000" : 20864,
            "70.000000" : 20864,
            "80.000000" : 21120,
            "90.000000" : 21632,
            "95.000000" : 22144,
            "99.000000" : 33024,
            "99.500000" : 38144,
            "99.900000" : 57600,
            "99.950000" : 64256,
            "99.990000" : 101888
          }
        },
        "lat_ns" : {
          "min" : 19091,
          "max" : 263422,
          "mean" : 28655.842381,
          "stddev" : 3755.294540,
          "N" : 457939
        },
        "bw_min" : 55935,
        "bw_max" : 63856,
        "bw_agg" : 100.000000,
        "bw_mean" : 61109.150000,
        "bw_dev" : 1910.631201,
        "bw_samples" : 60,
        "iops_min" : 13983,
        "iops_max" : 15964,
        "iops_mean" : 15277.150000,
        "iops_stddev" : 477.685622,
        "iops_samples" : 60
      },
      "trim" : {
        "io_bytes" : 0,
        "io_kbytes" : 0,
        "bw_bytes" : 0,
        "bw" : 0,
        "iops" : 0.000000,
        "runtime" : 0,
        "total_ios" : 0,
        "short_ios" : 0,
        "drop_ios" : 0,
        "slat_ns" : {
          "min" : 0,
          "max" : 0,
          "mean" : 0.000000,
          "stddev" : 0.000000,
          "N" : 0
        },
        "clat_ns" : {
          "min" : 0,
          "max" : 0,
          "mean" : 0.000000,
          "stddev" : 0.000000,
          "N" : 0
        },
        "lat_ns" : {
          "min" : 0,
          "max" : 0,
          "mean" : 0.000000,
          "stddev" : 0.000000,
          "N" : 0
        },
        "bw_min" : 0,
        "bw_max" : 0,
        "bw_agg" : 0.000000,
        "bw_mean" : 0.000000,
        "bw_dev" : 0.000000,
        "bw_samples" : 0,
        "iops_min" : 0,
        "iops_max" : 0,
        "iops_mean" : 0.000000,
        "iops_stddev" : 0.000000,
        "iops_samples" : 0
      },
      "sync" : {
        "total_ios" : 0,
        "lat_ns" : {
          "min" : 0,
          "max" : 0,
          "mean" : 0.000000,
          "stddev" : 0.000000,
          "N" : 0
        }
      },
      "job_runtime" : 30000,
      "usr_cpu" : 10.280000,
      "sys_cpu" : 26.956667,
      "ctx" : 610142,
      "majf" : 0,
      "minf" : 64,
      "iodepth_level" : {
        "1" : 100.000000,
        "2" : 0.000000,
        "4" : 0.000000,
        "8" : 0.000000,
        "16" : 0.000000,
        "32" : 0.000000,
        ">=64" : 0.000000
      },
      "iodepth_submit" : {
        "0" : 0.000000,
        "4" : 100.000000,
        "8" : 0.000000,
        "16" : 0.000000,
        "32" : 0.000000,
        "64" : 0.000000,
        ">=64" : 0.000000
      },
      "iodepth_complete" : {
        "0" : 0.000000,
        "4" : 100.000000,
        "8" : 0.000000,
        "16" : 0.000000,
        "32" : 0.000000,
        "64" : 0.000000,
        ">=64" : 0.000000
      },
      "latency_ns" : {
        "2" : 0.000000,
        "4" : 0.000000,
        "10" : 0.000000,
        "20" : 0.000000,
        "50" : 0.000000,
        "100" : 0.000000,
        "250" : 0.000000,
        "500" : 0.000000,
        "750" : 0.000000,
        "1000" : 0.000000
      },
      "latency_us" : {
        "2" : 0.036996,
        "4" : 0.010000,
        "10" : 0.035686,
        "20" : 2.123017,
        "50" : 74.643135,
        "100" : 21.908702,
        "250" : 0.686882,
        "500" : 0.154532,
        "750" : 0.125394,
        "1000" : 0.089707
      },
      "latency_ms" : {
        "2" : 0.195457,
        "4" : 0.000000,
        "10" : 0.000000,
        "20" : 0.000000,
        "50" : 0.000000,
        "100" : 0.000000,
        "250" : 0.000000,
        "500" : 0.000000,
        "750" : 0.000000,
        "1000" : 0.000000,
        "2000" : 0.000000,
        ">=2000" : 0.000000
      },
      "latency_depth" : 1,
      "latency_target" : 0,
      "latency_percentile" : 100.000000,
      "latency_window" : 0
    }
  ],
  "disk_util" : [
    {
      "name" : "nvme1n1",
      "read_ios" : 202778,
      "write_ios" : 605527,
      "read_merges" : 0,
      "write_merges" : 0,
      "read_ticks" : 18638,
      "write_ticks" : 9952,
      "in_queue" : 28591,
      "util" : 66.829560
    }
  ]
}
