{
  "fio version" : "fio-3.28",
  "timestamp" : 1757419807,
  "timestamp_ms" : 1757419807961,
  "time" : "Tue Sep  9 08:10:07 2025",
  "jobs" : [
    {
      "jobname" : "mixed_io",
      "groupid" : 0,
      "error" : 0,
      "eta" : 0,
      "elapsed" : 41,
      "job options" : {
        "name" : "mixed_io",
        "filename" : "/dev/nvme1n1p2",
        "rw" : "randrw",
        "rwmixread" : "100",
        "bs" : "1024k",
        "ioengine" : "libaio",
        "iodepth" : "1",
        "numjobs" : "1",
        "runtime" : "30",
        "ramp_time" : "10",
        "direct" : "1"
      },
      "read" : {
        "io_bytes" : 58644758528,
        "io_kbytes" : 57270272,
        "bw_bytes" : 1954760125,
        "bw" : 1908945,
        "iops" : 1864.204527,
        "runtime" : 30001,
        "total_ios" : 55928,
        "short_ios" : 0,
        "drop_ios" : 0,
        "slat_ns" : {
          "min" : 67280,
          "max" : 271814,
          "mean" : 164606.577636,
          "stddev" : 11170.766562,
          "N" : 55928
        },
        "clat_ns" : {
          "min" : 203332,
          "max" : 864841,
          "mean" : 368976.226148,
          "stddev" : 76884.748904,
          "N" : 55928,
          "percentile" : {
            "1.000000" : 238592,
            "5.000000" : 264192,
            "10.000000" : 280576,
            "20.000000" : 313344,
            "30.000000" : 325632,
            "40.000000" : 337920,
            "50.000000" : 354304,
            "60.000000" : 374784,
            "70.000000" : 395264,
            "80.000000" : 428032,
            "90.000000" : 477184,
            "95.000000" : 514048,
            "99.000000" : 602112,
            "99.500000" : 634880,
            "99.900000" : 733184,
            "99.950000" : 749568,
            "99.990000" : 815104
          }
        },
        "lat_ns" : {
          "min" : 358901,
          "max" : 1025222,
          "mean" : 533922.215956,
          "stddev" : 77682.611243,
          "N" : 55928
        },
        "bw_min" : 1809955,
        "bw_max" : 1976320,
        "bw_agg" : 100.000000,
        "bw_mean" : 1909726.050847,
        "bw_dev" : 35524.433650,
        "bw_samples" : 59,
        "iops_min" : 1767,
        "iops_max" : 1930,
        "iops_mean" : 1864.644068,
        "iops_stddev" : 34.645377,
        "iops_samples" : 59
      },
      "write" : {
        "io_bytes" : 0,
        "io_kbytes" : 0,
        "bw_bytes" : 0,
        "bw" : 0,
        "iops" : 0.000000,
        "runtime" : 0,
        "total_ios" : 0,
        "short_ios" : 0,
        "drop_ios" : 0,
        "slat_ns" : {
          "min" : 0,
          "max" : 0,
          "mean" : 0.000000,
          "stddev" : 0.000000,
          "N" : 0
        },
        "clat_ns" : {
          "min" : 0,
          "max" : 0,
          "mean" : 0.000000,
          "stddev" : 0.000000,
          "N" : 0
        },
        "lat_ns" : {
          "min" : 0,
          "max" : 0,
          "mean" : 0.000000,
          "stddev" : 0.000000,
          "N" : 0
        },
        "bw_min" : 0,
        "bw_max" : 0,
        "bw_agg" : 0.000000,
        "bw_mean" : 0.000000,
        "bw_dev" : 0.000000,
        "bw_samples" : 0,
        "iops_min" : 0,
        "iops_max" : 0,
        "iops_mean" : 0.000000,
        "iops_stddev" : 0.000000,
        "iops_samples" : 0
      },
      "trim" : {
        "io_bytes" : 0,
        "io_kbytes" : 0,
        "bw_bytes" : 0,
        "bw" : 0,
        "iops" : 0.000000,
        "runtime" : 0,
        "total_ios" : 0,
        "short_ios" : 0,
        "drop_ios" : 0,
        "slat_ns" : {
          "min" : 0,
          "max" : 0,
          "mean" : 0.000000,
          "stddev" : 0.000000,
          "N" : 0
        },
        "clat_ns" : {
          "min" : 0,
          "max" : 0,
          "mean" : 0.000000,
          "stddev" : 0.000000,
          "N" : 0
        },
        "lat_ns" : {
          "min" : 0,
          "max" : 0,
          "mean" : 0.000000,
          "stddev" : 0.000000,
          "N" : 0
        },
        "bw_min" : 0,
        "bw_max" : 0,
        "bw_agg" : 0.000000,
        "bw_mean" : 0.000000,
        "bw_dev" : 0.000000,
        "bw_samples" : 0,
        "iops_min" : 0,
        "iops_max" : 0,
        "iops_mean" : 0.000000,
        "iops_stddev" : 0.000000,
        "iops_samples" : 0
      },
      "sync" : {
        "total_ios" : 0,
        "lat_ns" : {
          "min" : 0,
          "max" : 0,
          "mean" : 0.000000,
          "stddev" : 0.000000,
          "N" : 0
        }
      },
      "job_runtime" : 30000,
      "usr_cpu" : 0.946667,
      "sys_cpu" : 36.753333,
      "ctx" : 55931,
      "majf" : 0,
      "minf" : 59,
      "iodepth_level" : {
        "1" : 100.000000,
        "2" : 0.000000,
        "4" : 0.000000,
        "8" : 0.000000,
        "16" : 0.000000,
        "32" : 0.000000,
        ">=64" : 0.000000
      },
      "iodepth_submit" : {
        "0" : 0.000000,
        "4" : 100.000000,
        "8" : 0.000000,
        "16" : 0.000000,
        "32" : 0.000000,
        "64" : 0.000000,
        ">=64" : 0.000000
      },
      "iodepth_complete" : {
        "0" : 0.000000,
        "4" : 100.000000,
        "8" : 0.000000,
        "16" : 0.000000,
        "32" : 0.000000,
        "64" : 0.000000,
        ">=64" : 0.000000
      },
      "latency_ns" : {
        "2" : 0.000000,
        "4" : 0.000000,
        "10" : 0.000000,
        "20" : 0.000000,
        "50" : 0.000000,
        "100" : 0.000000,
        "250" : 0.000000,
        "500" : 0.000000,
        "750" : 0.000000,
        "1000" : 0.000000
      },
      "latency_us" : {
        "2" : 0.000000,
        "4" : 0.000000,
        "10" : 0.000000,
        "20" : 0.000000,
        "50" : 0.000000,
        "100" : 0.000000,
        "250" : 2.623015,
        "500" : 90.888285,
        "750" : 6.438635,
        "1000" : 0.050064
      },
      "latency_ms" : {
        "2" : 0.000000,
        "4" : 0.000000,
        "10" : 0.000000,
        "20" : 0.000000,
        "50" : 0.000000,
        "100" : 0.000000,
        "250" : 0.000000,
        "500" : 0.000000,
        "750" : 0.000000,
        "1000" : 0.000000,
        "2000" : 0.000000,
        ">=2000" : 0.000000
      },
      "latency_depth" : 1,
      "latency_target" : 0,
      "latency_percentile" : 100.000000,
      "latency_window" : 0
    }
  ],
  "disk_util" : [
    {
      "name" : "nvme1n1",
      "read_ios" : 584840,
      "write_ios" : 0,
      "read_merges" : 0,
      "write_merges" : 0,
      "read_ticks" : 155263,
      "write_ticks" : 0,
      "in_queue" : 155263,
      "util" : 64.953703
    }
  ]
}
