{
  "fio version" : "fio-3.28",
  "timestamp" : 1757419121,
  "timestamp_ms" : 1757419121043,
  "time" : "Tue Sep  9 07:58:41 2025",
  "jobs" : [
    {
      "jobname" : "mixed_io",
      "groupid" : 0,
      "error" : 0,
      "eta" : 0,
      "elapsed" : 41,
      "job options" : {
        "name" : "mixed_io",
        "filename" : "/dev/nvme1n1p2",
        "rw" : "randrw",
        "rwmixread" : "75",
        "bs" : "4k",
        "ioengine" : "libaio",
        "iodepth" : "16",
        "numjobs" : "2",
        "runtime" : "30",
        "ramp_time" : "10",
        "direct" : "1"
      },
      "read" : {
        "io_bytes" : 22332362752,
        "io_kbytes" : 21808948,
        "bw_bytes" : 744387278,
        "bw" : 726940,
        "iops" : 181734.175527,
        "runtime" : 30001,
        "total_ios" : 5452207,
        "short_ios" : 0,
        "drop_ios" : 0,
        "slat_ns" : {
          "min" : 1517,
          "max" : 133188,
          "mean" : 3153.006227,
          "stddev" : 1417.975204,
          "N" : 5452207
        },
        "clat_ns" : {
          "min" : 10140,
          "max" : 11921079,
          "mean" : 163826.471037,
          "stddev" : 266974.397639,
          "N" : 5452237,
          "percentile" : {
            "1.000000" : 29312,
            "5.000000" : 66048,
            "10.000000" : 70144,
            "20.000000" : 74240,
            "30.000000" : 80384,
            "40.000000" : 85504,
            "50.000000" : 89600,
            "60.000000" : 96768,
            "70.000000" : 109056,
            "80.000000" : 134144,
            "90.000000" : 205824,
            "95.000000" : 708608,
            "99.000000" : 1433600,
            "99.500000" : 1531904,
            "99.900000" : 1695744,
            "99.950000" : 1761280,
            "99.990000" : 2867200
          }
        },
        "lat_ns" : {
          "min" : 19437,
          "max" : 11924383,
          "mean" : 167108.025702,
          "stddev" : 266926.935395,
          "N" : 5452237
        },
        "bw_min" : 640304,
        "bw_max" : 775358,
        "bw_agg" : 100.000000,
        "bw_mean" : 727519.316667,
        "bw_dev" : 15675.932677,
        "bw_samples" : 120,
        "iops_min" : 160076,
        "iops_max" : 193839,
        "iops_mean" : 181879.583333,
        "iops_stddev" : 3919.004835,
        "iops_samples" : 120
      },
      "write" : {
        "io_bytes" : 7437762560,
        "io_kbytes" : 7263440,
        "bw_bytes" : 247917154,
        "bw" : 242106,
        "iops" : 60526.649112,
        "runtime" : 30001,
        "total_ios" : 1815860,
        "short_ios" : 0,
        "drop_ios" : 0,
        "slat_ns" : {
          "min" : 1518,
          "max" : 74240,
          "mean" : 3119.095196,
          "stddev" : 1411.729412,
          "N" : 1815860
        },
        "clat_ns" : {
          "min" : 603,
          "max" : 224181,
          "mean" : 21043.412731,
          "stddev" : 10145.707919,
          "N" : 1815860,
          "percentile" : {
            "1.000000" : 9024,
            "5.000000" : 10560,
            "10.000000" : 11584,
            "20.000000" : 12608,
            "30.000000" : 14016,
            "40.000000" : 15936,
            "50.000000" : 18048,
            "60.000000" : 20864,
            "70.000000" : 24192,
            "80.000000" : 28800,
            "90.000000" : 35072,
            "95.000000" : 40192,
            "99.000000" : 51968,
            "99.500000" : 58112,
            "99.900000" : 79360,
            "99.950000" : 90624,
            "99.990000" : 150528
          }
        },
        "lat_ns" : {
          "min" : 10300,
          "max" : 253734,
          "mean" : 24291.279964,
          "stddev" : 10639.952185,
          "N" : 1815860
        },
        "bw_min" : 213152,
        "bw_max" : 260136,
        "bw_agg" : 100.000000,
        "bw_mean" : 242300.150000,
        "bw_dev" : 5369.291826,
        "bw_samples" : 120,
        "iops_min" : 53288,
        "iops_max" : 65034,
        "iops_mean" : 60574.700000,
        "iops_stddev" : 1342.284648,
        "iops_samples" : 120
      },
      "trim" : {
        "io_bytes" : 0,
        "io_kbytes" : 0,
        "bw_bytes" : 0,
        "bw" : 0,
        "iops" : 0.000000,
        "runtime" : 0,
        "total_ios" : 0,
        "short_ios" : 0,
        "drop_ios" : 0,
        "slat_ns" : {
          "min" : 0,
          "max" : 0,
          "mean" : 0.000000,
          "stddev" : 0.000000,
          "N" : 0
        },
        "clat_ns" : {
          "min" : 0,
          "max" : 0,
          "mean" : 0.000000,
          "stddev" : 0.000000,
          "N" : 0
        },
        "lat_ns" : {
          "min" : 0,
          "max" : 0,
          "mean" : 0.000000,
          "stddev" : 0.000000,
          "N" : 0
        },
        "bw_min" : 0,
        "bw_max" : 0,
        "bw_agg" : 0.000000,
        "bw_mean" : 0.000000,
        "bw_dev" : 0.000000,
        "bw_samples" : 0,
        "iops_min" : 0,
        "iops_max" : 0,
        "iops_mean" : 0.000000,
        "iops_stddev" : 0.000000,
        "iops_samples" : 0
      },
      "sync" : {
        "total_ios" : 0,
        "lat_ns" : {
          "min" : 0,
          "max" : 0,
          "mean" : 0.000000,
          "stddev" : 0.000000,
          "N" : 0
        }
      },
      "job_runtime" : 60000,
      "usr_cpu" : 17.778333,
      "sys_cpu" : 45.761667,
      "ctx" : 1398327,
      "majf" : 0,
      "minf" : 116,
      "iodepth_level" : {
        "1" : 0.000000,
        "2" : 0.000000,
        "4" : 0.000000,
        "8" : 0.000000,
        "16" : 100.000000,
        "32" : 0.000000,
        ">=64" : 0.000000
      },
      "iodepth_submit" : {
        "0" : 0.000000,
        "4" : 100.000000,
        "8" : 0.000000,
        "16" : 0.000000,
        "32" : 0.000000,
        "64" : 0.000000,
        ">=64" : 0.000000
      },
      "iodepth_complete" : {
        "0" : 0.000000,
        "4" : 99.999972,
        "8" : 0.000000,
        "16" : 0.100000,
        "32" : 0.000000,
        "64" : 0.000000,
        ">=64" : 0.000000
      },
      "latency_ns" : {
        "2" : 0.000000,
        "4" : 0.000000,
        "10" : 0.000000,
        "20" : 0.000000,
        "50" : 0.000000,
        "100" : 0.000000,
        "250" : 0.000000,
        "500" : 0.000000,
        "750" : 0.010000,
        "1000" : 0.000000
      },
      "latency_us" : {
        "2" : 0.000000,
        "4" : 0.010000,
        "10" : 0.812472,
        "20" : 13.471574,
        "50" : 12.011722,
        "100" : 46.266676,
        "250" : 21.130116,
        "500" : 1.789031,
        "750" : 0.918938,
        "1000" : 0.856954
      },
      "latency_ms" : {
        "2" : 2.727094,
        "4" : 0.010000,
        "10" : 0.010000,
        "20" : 0.010000,
        "50" : 0.000000,
        "100" : 0.000000,
        "250" : 0.000000,
        "500" : 0.000000,
        "750" : 0.000000,
        "1000" : 0.000000,
        "2000" : 0.000000,
        ">=2000" : 0.000000
      },
      "latency_depth" : 16,
      "latency_target" : 0,
      "latency_percentile" : 100.000000,
      "latency_window" : 0
    }
  ],
  "disk_util" : [
    {
      "name" : "nvme1n1",
      "read_ios" : 7303530,
      "write_ios" : 2435165,
      "read_merges" : 0,
      "write_merges" : 0,
      "read_ticks" : 1115476,
      "write_ticks" : 24762,
      "in_queue" : 1140238,
      "util" : 73.935481
    }
  ]
}
