{
  "fio version" : "fio-3.28",
  "timestamp" : 1757414111,
  "timestamp_ms" : 1757414111529,
  "time" : "Tue Sep  9 06:35:11 2025",
  "jobs" : [
    {
      "jobname" : "mixed_io",
      "groupid" : 0,
      "error" : 0,
      "eta" : 0,
      "elapsed" : 41,
      "job options" : {
        "name" : "mixed_io",
        "filename" : "/dev/nvme1n1p2",
        "rw" : "randrw",
        "rwmixread" : "0",
        "bs" : "1024k",
        "ioengine" : "libaio",
        "iodepth" : "1",
        "numjobs" : "2",
        "runtime" : "30",
        "ramp_time" : "10",
        "direct" : "1"
      },
      "read" : {
        "io_bytes" : 0,
        "io_kbytes" : 0,
        "bw_bytes" : 0,
        "bw" : 0,
        "iops" : 0.000000,
        "runtime" : 0,
        "total_ios" : 0,
        "short_ios" : 0,
        "drop_ios" : 0,
        "slat_ns" : {
          "min" : 0,
          "max" : 0,
          "mean" : 0.000000,
          "stddev" : 0.000000,
          "N" : 0
        },
        "clat_ns" : {
          "min" : 0,
          "max" : 0,
          "mean" : 0.000000,
          "stddev" : 0.000000,
          "N" : 0
        },
        "lat_ns" : {
          "min" : 0,
          "max" : 0,
          "mean" : 0.000000,
          "stddev" : 0.000000,
          "N" : 0
        },
        "bw_min" : 0,
        "bw_max" : 0,
        "bw_agg" : 0.000000,
        "bw_mean" : 0.000000,
        "bw_dev" : 0.000000,
        "bw_samples" : 0,
        "iops_min" : 0,
        "iops_max" : 0,
        "iops_mean" : 0.000000,
        "iops_stddev" : 0.000000,
        "iops_samples" : 0
      },
      "write" : {
        "io_bytes" : 48488251392,
        "io_kbytes" : 47351808,
        "bw_bytes" : 1616221172,
        "bw" : 1578340,
        "iops" : 1541.348622,
        "runtime" : 30001,
        "total_ios" : 46242,
        "short_ios" : 0,
        "drop_ios" : 0,
        "slat_ns" : {
          "min" : 65979,
          "max" : 505371,
          "mean" : 199696.666191,
          "stddev" : 20002.403898,
          "N" : 46242
        },
        "clat_ns" : {
          "min" : 87541,
          "max" : 28379101,
          "mean" : 1089657.258466,
          "stddev" : 821262.099260,
          "N" : 46242,
          "percentile" : {
            "1.000000" : 214016,
            "5.000000" : 346112,
            "10.000000" : 509952,
            "20.000000" : 675840,
            "30.000000" : 782336,
            "40.000000" : 872448,
            "50.000000" : 954368,
            "60.000000" : 1036288,
            "70.000000" : 1155072,
            "80.000000" : 1368064,
            "90.000000" : 1859584,
            "95.000000" : 2179072,
            "99.000000" : 3162112,
            "99.500000" : 3948544,
            "99.900000" : 8585216,
            "99.950000" : 20578304,
            "99.990000" : 23986176
          }
        },
        "lat_ns" : {
          "min" : 342274,
          "max" : 28590304,
          "mean" : 1290063.470179,
          "stddev" : 819189.386239,
          "N" : 46242
        },
        "bw_min" : 1397482,
        "bw_max" : 1736080,
        "bw_agg" : 100.000000,
        "bw_mean" : 1579699.233333,
        "bw_dev" : 38945.525347,
        "bw_samples" : 120,
        "iops_min" : 1364,
        "iops_max" : 1694,
        "iops_mean" : 1542.200000,
        "iops_stddev" : 37.977289,
        "iops_samples" : 120
      },
      "trim" : {
        "io_bytes" : 0,
        "io_kbytes" : 0,
        "bw_bytes" : 0,
        "bw" : 0,
        "iops" : 0.000000,
        "runtime" : 0,
        "total_ios" : 0,
        "short_ios" : 0,
        "drop_ios" : 0,
        "slat_ns" : {
          "min" : 0,
          "max" : 0,
          "mean" : 0.000000,
          "stddev" : 0.000000,
          "N" : 0
        },
        "clat_ns" : {
          "min" : 0,
          "max" : 0,
          "mean" : 0.000000,
          "stddev" : 0.000000,
          "N" : 0
        },
        "lat_ns" : {
          "min" : 0,
          "max" : 0,
          "mean" : 0.000000,
          "stddev" : 0.000000,
          "N" : 0
        },
        "bw_min" : 0,
        "bw_max" : 0,
        "bw_agg" : 0.000000,
        "bw_mean" : 0.000000,
        "bw_dev" : 0.000000,
        "bw_samples" : 0,
        "iops_min" : 0,
        "iops_max" : 0,
        "iops_mean" : 0.000000,
        "iops_stddev" : 0.000000,
        "iops_samples" : 0
      },
      "sync" : {
        "total_ios" : 0,
        "lat_ns" : {
          "min" : 0,
          "max" : 0,
          "mean" : 0.000000,
          "stddev" : 0.000000,
          "N" : 0
        }
      },
      "job_runtime" : 60000,
      "usr_cpu" : 4.383333,
      "sys_cpu" : 15.545000,
      "ctx" : 46247,
      "majf" : 0,
      "minf" : 120,
      "iodepth_level" : {
        "1" : 100.000000,
        "2" : 0.000000,
        "4" : 0.000000,
        "8" : 0.000000,
        "16" : 0.000000,
        "32" : 0.000000,
        ">=64" : 0.000000
      },
      "iodepth_submit" : {
        "0" : 0.000000,
        "4" : 100.000000,
        "8" : 0.000000,
        "16" : 0.000000,
        "32" : 0.000000,
        "64" : 0.000000,
        ">=64" : 0.000000
      },
      "iodepth_complete" : {
        "0" : 0.000000,
        "4" : 100.000000,
        "8" : 0.000000,
        "16" : 0.000000,
        "32" : 0.000000,
        "64" : 0.000000,
        ">=64" : 0.000000
      },
      "latency_ns" : {
        "2" : 0.000000,
        "4" : 0.000000,
        "10" : 0.000000,
        "20" : 0.000000,
        "50" : 0.000000,
        "100" : 0.000000,
        "250" : 0.000000,
        "500" : 0.000000,
        "750" : 0.000000,
        "1000" : 0.000000
      },
      "latency_us" : {
        "2" : 0.000000,
        "4" : 0.000000,
        "10" : 0.000000,
        "20" : 0.000000,
        "50" : 0.000000,
        "100" : 0.010000,
        "250" : 1.989533,
        "500" : 7.642403,
        "750" : 16.692617,
        "1000" : 29.362917
      },
      "latency_ms" : {
        "2" : 36.815017,
        "4" : 7.000130,
        "10" : 0.404394,
        "20" : 0.036763,
        "50" : 0.054063,
        "100" : 0.000000,
        "250" : 0.000000,
        "500" : 0.000000,
        "750" : 0.000000,
        "1000" : 0.000000,
        "2000" : 0.000000,
        ">=2000" : 0.000000
      },
      "latency_depth" : 1,
      "latency_target" : 0,
      "latency_percentile" : 100.000000,
      "latency_window" : 0
    }
  ],
  "disk_util" : [
    {
      "name" : "nvme1n1",
      "read_ios" : 0,
      "write_ios" : 512388,
      "read_merges" : 0,
      "write_merges" : 0,
      "read_ticks" : 0,
      "write_ticks" : 396958,
      "in_queue" : 396958,
      "util" : 82.937785
    }
  ]
}
