{
  "fio version" : "fio-3.28",
  "timestamp" : 1757417666,
  "timestamp_ms" : 1757417666748,
  "time" : "Tue Sep  9 07:34:26 2025",
  "jobs" : [
    {
      "jobname" : "mixed_io",
      "groupid" : 0,
      "error" : 0,
      "eta" : 0,
      "elapsed" : 41,
      "job options" : {
        "name" : "mixed_io",
        "filename" : "/dev/nvme1n1p2",
        "rw" : "randrw",
        "rwmixread" : "50",
        "bs" : "4k",
        "ioengine" : "libaio",
        "iodepth" : "16",
        "numjobs" : "2",
        "runtime" : "30",
        "ramp_time" : "10",
        "direct" : "1"
      },
      "read" : {
        "io_bytes" : 14677000192,
        "io_kbytes" : 14333008,
        "bw_bytes" : 489200726,
        "bw" : 477735,
        "iops" : 119432.837811,
        "runtime" : 30002,
        "total_ios" : 3583224,
        "short_ios" : 0,
        "drop_ios" : 0,
        "slat_ns" : {
          "min" : 1616,
          "max" : 219135,
          "mean" : 3447.143515,
          "stddev" : 1688.852723,
          "N" : 3583226
        },
        "clat_ns" : {
          "min" : 15788,
          "max" : 15262718,
          "mean" : 228053.159882,
          "stddev" : 361705.836627,
          "N" : 3583250,
          "percentile" : {
            "1.000000" : 66048,
            "5.000000" : 72192,
            "10.000000" : 77312,
            "20.000000" : 85504,
            "30.000000" : 92672,
            "40.000000" : 98816,
            "50.000000" : 105984,
            "60.000000" : 115200,
            "70.000000" : 128512,
            "80.000000" : 162816,
            "90.000000" : 544768,
            "95.000000" : 1236992,
            "99.000000" : 1548288,
            "99.500000" : 1613824,
            "99.900000" : 1810432,
            "99.950000" : 2342912,
            "99.990000" : 4014080
          }
        },
        "lat_ns" : {
          "min" : 20722,
          "max" : 15265431,
          "mean" : 231638.612862,
          "stddev" : 361641.263769,
          "N" : 3583250
        },
        "bw_min" : 380232,
        "bw_max" : 523550,
        "bw_agg" : 100.000000,
        "bw_mean" : 478192.828814,
        "bw_dev" : 15440.694871,
        "bw_samples" : 119,
        "iops_min" : 95058,
        "iops_max" : 130887,
        "iops_mean" : 119547.900847,
        "iops_stddev" : 3860.209433,
        "iops_samples" : 119
      },
      "write" : {
        "io_bytes" : 14664318976,
        "io_kbytes" : 14320624,
        "bw_bytes" : 488778047,
        "bw" : 477322,
        "iops" : 119330.444637,
        "runtime" : 30002,
        "total_ios" : 3580152,
        "short_ios" : 0,
        "drop_ios" : 0,
        "slat_ns" : {
          "min" : 1572,
          "max" : 535822,
          "mean" : 3378.697416,
          "stddev" : 1686.732086,
          "N" : 3580152
        },
        "clat_ns" : {
          "min" : 533,
          "max" : 1476334,
          "mean" : 31279.850105,
          "stddev" : 15920.429689,
          "N" : 3580156,
          "percentile" : {
            "1.000000" : 10176,
            "5.000000" : 12224,
            "10.000000" : 13248,
            "20.000000" : 15680,
            "30.000000" : 19072,
            "40.000000" : 23424,
            "50.000000" : 28544,
            "60.000000" : 34048,
            "70.000000" : 39680,
            "80.000000" : 45824,
            "90.000000" : 54016,
            "95.000000" : 60160,
            "99.000000" : 71168,
            "99.500000" : 75264,
            "99.900000" : 86528,
            "99.950000" : 93696,
            "99.990000" : 146432
          }
        },
        "lat_ns" : {
          "min" : 10600,
          "max" : 1479016,
          "mean" : 34796.713363,
          "stddev" : 16402.122877,
          "N" : 3580156
        },
        "bw_min" : 386344,
        "bw_max" : 524976,
        "bw_agg" : 100.000000,
        "bw_mean" : 477831.788701,
        "bw_dev" : 15268.845140,
        "bw_samples" : 119,
        "iops_min" : 96586,
        "iops_max" : 131244,
        "iops_mean" : 119457.690678,
        "iops_stddev" : 3817.215029,
        "iops_samples" : 119
      },
      "trim" : {
        "io_bytes" : 0,
        "io_kbytes" : 0,
        "bw_bytes" : 0,
        "bw" : 0,
        "iops" : 0.000000,
        "runtime" : 0,
        "total_ios" : 0,
        "short_ios" : 0,
        "drop_ios" : 0,
        "slat_ns" : {
          "min" : 0,
          "max" : 0,
          "mean" : 0.000000,
          "stddev" : 0.000000,
          "N" : 0
        },
        "clat_ns" : {
          "min" : 0,
          "max" : 0,
          "mean" : 0.000000,
          "stddev" : 0.000000,
          "N" : 0
        },
        "lat_ns" : {
          "min" : 0,
          "max" : 0,
          "mean" : 0.000000,
          "stddev" : 0.000000,
          "N" : 0
        },
        "bw_min" : 0,
        "bw_max" : 0,
        "bw_agg" : 0.000000,
        "bw_mean" : 0.000000,
        "bw_dev" : 0.000000,
        "bw_samples" : 0,
        "iops_min" : 0,
        "iops_max" : 0,
        "iops_mean" : 0.000000,
        "iops_stddev" : 0.000000,
        "iops_samples" : 0
      },
      "sync" : {
        "total_ios" : 0,
        "lat_ns" : {
          "min" : 0,
          "max" : 0,
          "mean" : 0.000000,
          "stddev" : 0.000000,
          "N" : 0
        }
      },
      "job_runtime" : 60001,
      "usr_cpu" : 18.414693,
      "sys_cpu" : 46.100898,
      "ctx" : 820493,
      "majf" : 0,
      "minf" : 119,
      "iodepth_level" : {
        "1" : 0.000000,
        "2" : 0.000000,
        "4" : 0.000000,
        "8" : 0.000000,
        "16" : 100.000000,
        "32" : 0.000000,
        ">=64" : 0.000000
      },
      "iodepth_submit" : {
        "0" : 0.000000,
        "4" : 100.000000,
        "8" : 0.000000,
        "16" : 0.000000,
        "32" : 0.000000,
        "64" : 0.000000,
        ">=64" : 0.000000
      },
      "iodepth_complete" : {
        "0" : 0.000000,
        "4" : 99.999972,
        "8" : 0.000000,
        "16" : 0.100000,
        "32" : 0.000000,
        "64" : 0.000000,
        ">=64" : 0.000000
      },
      "latency_ns" : {
        "2" : 0.000000,
        "4" : 0.000000,
        "10" : 0.000000,
        "20" : 0.000000,
        "50" : 0.000000,
        "100" : 0.000000,
        "250" : 0.000000,
        "500" : 0.000000,
        "750" : 0.010000,
        "1000" : 0.010000
      },
      "latency_us" : {
        "2" : 0.000000,
        "4" : 0.010000,
        "10" : 0.432603,
        "20" : 15.589116,
        "50" : 26.984790,
        "100" : 27.609663,
        "250" : 22.439057,
        "500" : 1.790301,
        "750" : 0.683309,
        "1000" : 0.762085
      },
      "latency_ms" : {
        "2" : 3.675488,
        "4" : 0.028590,
        "10" : 0.010000,
        "20" : 0.010000,
        "50" : 0.000000,
        "100" : 0.000000,
        "250" : 0.000000,
        "500" : 0.000000,
        "750" : 0.000000,
        "1000" : 0.000000,
        "2000" : 0.000000,
        ">=2000" : 0.000000
      },
      "latency_depth" : 16,
      "latency_target" : 0,
      "latency_percentile" : 100.000000,
      "latency_window" : 0
    }
  ],
  "disk_util" : [
    {
      "name" : "nvme1n1",
      "read_ios" : 4768922,
      "write_ios" : 4766527,
      "read_merges" : 0,
      "write_merges" : 0,
      "read_ticks" : 997823,
      "write_ticks" : 54414,
      "in_queue" : 1052238,
      "util" : 77.586637
    }
  ]
}
