{
  "fio version" : "fio-3.28",
  "timestamp" : 1757418919,
  "timestamp_ms" : 1757418919084,
  "time" : "Tue Sep  9 07:55:19 2025",
  "jobs" : [
    {
      "jobname" : "mixed_io",
      "groupid" : 0,
      "error" : 0,
      "eta" : 0,
      "elapsed" : 41,
      "job options" : {
        "name" : "mixed_io",
        "filename" : "/dev/nvme1n1p2",
        "rw" : "randrw",
        "rwmixread" : "75",
        "bs" : "64k",
        "ioengine" : "libaio",
        "iodepth" : "4",
        "numjobs" : "4",
        "runtime" : "30",
        "ramp_time" : "10",
        "direct" : "1"
      },
      "read" : {
        "io_bytes" : 47892332544,
        "io_kbytes" : 46769856,
        "bw_bytes" : 1596357872,
        "bw" : 1558943,
        "iops" : 24358.088064,
        "runtime" : 30001,
        "total_ios" : 730767,
        "short_ios" : 0,
        "drop_ios" : 0,
        "slat_ns" : {
          "min" : 5271,
          "max" : 190006,
          "mean" : 23131.163961,
          "stddev" : 10739.648336,
          "N" : 730767
        },
        "clat_ns" : {
          "min" : 82626,
          "max" : 17465423,
          "mean" : 603523.567683,
          "stddev" : 581399.569624,
          "N" : 730779,
          "percentile" : {
            "1.000000" : 160768,
            "5.000000" : 181248,
            "10.000000" : 199680,
            "20.000000" : 238592,
            "30.000000" : 272384,
            "40.000000" : 301056,
            "50.000000" : 337920,
            "60.000000" : 382976,
            "70.000000" : 509952,
            "80.000000" : 1073152,
            "90.000000" : 1613824,
            "95.000000" : 1794048,
            "99.000000" : 2113536,
            "99.500000" : 2244608,
            "99.900000" : 2605056,
            "99.950000" : 3194880,
            "99.990000" : 13828096
          }
        },
        "lat_ns" : {
          "min" : 111410,
          "max" : 17480968,
          "mean" : 627051.057487,
          "stddev" : 581296.451998,
          "N" : 730779
        },
        "bw_min" : 1386368,
        "bw_max" : 1678208,
        "bw_agg" : 100.000000,
        "bw_mean" : 1559995.467514,
        "bw_dev" : 15768.295037,
        "bw_samples" : 237,
        "iops_min" : 21662,
        "iops_max" : 26222,
        "iops_mean" : 24374.074294,
        "iops_stddev" : 246.378781,
        "iops_samples" : 237
      },
      "write" : {
        "io_bytes" : 16059400192,
        "io_kbytes" : 15683008,
        "bw_bytes" : 535295496,
        "bw" : 522749,
        "iops" : 8167.961068,
        "runtime" : 30001,
        "total_ios" : 245047,
        "short_ios" : 0,
        "drop_ios" : 0,
        "slat_ns" : {
          "min" : 5782,
          "max" : 167283,
          "mean" : 24804.926981,
          "stddev" : 10371.820420,
          "N" : 245047
        },
        "clat_ns" : {
          "min" : 1660,
          "max" : 302688,
          "mean" : 51024.600909,
          "stddev" : 17601.898077,
          "N" : 245047,
          "percentile" : {
            "1.000000" : 27520,
            "5.000000" : 29824,
            "10.000000" : 33536,
            "20.000000" : 35584,
            "30.000000" : 38656,
            "40.000000" : 43776,
            "50.000000" : 48896,
            "60.000000" : 52480,
            "70.000000" : 56064,
            "80.000000" : 63232,
            "90.000000" : 73216,
            "95.000000" : 81408,
            "99.000000" : 105984,
            "99.500000" : 115200,
            "99.900000" : 154624,
            "99.950000" : 226304,
            "99.990000" : 264192
          }
        },
        "lat_ns" : {
          "min" : 32853,
          "max" : 324628,
          "mean" : 76247.996972,
          "stddev" : 21820.618434,
          "N" : 245047
        },
        "bw_min" : 453092,
        "bw_max" : 578076,
        "bw_agg" : 100.000000,
        "bw_mean" : 523143.640960,
        "bw_dev" : 7032.080110,
        "bw_samples" : 237,
        "iops_min" : 7079,
        "iops_max" : 9032,
        "iops_mean" : 8173.370621,
        "iops_stddev" : 109.944883,
        "iops_samples" : 237
      },
      "trim" : {
        "io_bytes" : 0,
        "io_kbytes" : 0,
        "bw_bytes" : 0,
        "bw" : 0,
        "iops" : 0.000000,
        "runtime" : 0,
        "total_ios" : 0,
        "short_ios" : 0,
        "drop_ios" : 0,
        "slat_ns" : {
          "min" : 0,
          "max" : 0,
          "mean" : 0.000000,
          "stddev" : 0.000000,
          "N" : 0
        },
        "clat_ns" : {
          "min" : 0,
          "max" : 0,
          "mean" : 0.000000,
          "stddev" : 0.000000,
          "N" : 0
        },
        "lat_ns" : {
          "min" : 0,
          "max" : 0,
          "mean" : 0.000000,
          "stddev" : 0.000000,
          "N" : 0
        },
        "bw_min" : 0,
        "bw_max" : 0,
        "bw_agg" : 0.000000,
        "bw_mean" : 0.000000,
        "bw_dev" : 0.000000,
        "bw_samples" : 0,
        "iops_min" : 0,
        "iops_max" : 0,
        "iops_mean" : 0.000000,
        "iops_stddev" : 0.000000,
        "iops_samples" : 0
      },
      "sync" : {
        "total_ios" : 0,
        "lat_ns" : {
          "min" : 0,
          "max" : 0,
          "mean" : 0.000000,
          "stddev" : 0.000000,
          "N" : 0
        }
      },
      "job_runtime" : 120000,
      "usr_cpu" : 6.782500,
      "sys_cpu" : 26.091667,
      "ctx" : 493165,
      "majf" : 0,
      "minf" : 239,
      "iodepth_level" : {
        "1" : 0.000000,
        "2" : 0.000000,
        "4" : 100.000000,
        "8" : 0.000000,
        "16" : 0.000000,
        "32" : 0.000000,
        ">=64" : 0.000000
      },
      "iodepth_submit" : {
        "0" : 0.000000,
        "4" : 100.000000,
        "8" : 0.000000,
        "16" : 0.000000,
        "32" : 0.000000,
        "64" : 0.000000,
        ">=64" : 0.000000
      },
      "iodepth_complete" : {
        "0" : 0.000000,
        "4" : 100.000000,
        "8" : 0.000000,
        "16" : 0.000000,
        "32" : 0.000000,
        "64" : 0.000000,
        ">=64" : 0.000000
      },
      "latency_ns" : {
        "2" : 0.000000,
        "4" : 0.000000,
        "10" : 0.000000,
        "20" : 0.000000,
        "50" : 0.000000,
        "100" : 0.000000,
        "250" : 0.000000,
        "500" : 0.000000,
        "750" : 0.000000,
        "1000" : 0.000000
      },
      "latency_us" : {
        "2" : 0.010000,
        "4" : 0.010000,
        "10" : 0.010000,
        "20" : 0.010000,
        "50" : 13.063350,
        "100" : 11.647609,
        "250" : 17.901055,
        "500" : 34.660294,
        "750" : 4.909850,
        "1000" : 2.190376
      },
      "latency_ms" : {
        "2" : 14.334084,
        "4" : 1.269504,
        "10" : 0.010000,
        "20" : 0.016089,
        "50" : 0.000000,
        "100" : 0.000000,
        "250" : 0.000000,
        "500" : 0.000000,
        "750" : 0.000000,
        "1000" : 0.000000,
        "2000" : 0.000000,
        ">=2000" : 0.000000
      },
      "latency_depth" : 4,
      "latency_target" : 0,
      "latency_percentile" : 100.000000,
      "latency_window" : 0
    }
  ],
  "disk_util" : [
    {
      "name" : "nvme1n1",
      "read_ios" : 976692,
      "write_ios" : 327252,
      "read_merges" : 0,
      "write_merges" : 0,
      "read_ticks" : 552050,
      "write_ticks" : 13818,
      "in_queue" : 565868,
      "util" : 73.009932
    }
  ]
}
