{
  "fio version" : "fio-3.28",
  "timestamp" : 1757417424,
  "timestamp_ms" : 1757417424391,
  "time" : "Tue Sep  9 07:30:24 2025",
  "jobs" : [
    {
      "jobname" : "mixed_io",
      "groupid" : 0,
      "error" : 0,
      "eta" : 0,
      "elapsed" : 41,
      "job options" : {
        "name" : "mixed_io",
        "filename" : "/dev/nvme1n1p2",
        "rw" : "randrw",
        "rwmixread" : "50",
        "bs" : "4k",
        "ioengine" : "libaio",
        "iodepth" : "4",
        "numjobs" : "4",
        "runtime" : "30",
        "ramp_time" : "10",
        "direct" : "1"
      },
      "read" : {
        "io_bytes" : 9158529024,
        "io_kbytes" : 8943876,
        "bw_bytes" : 305274124,
        "bw" : 298119,
        "iops" : 74529.415686,
        "runtime" : 30001,
        "total_ios" : 2235957,
        "short_ios" : 0,
        "drop_ios" : 0,
        "slat_ns" : {
          "min" : 2384,
          "max" : 1033393,
          "mean" : 9561.469162,
          "stddev" : 4132.255386,
          "N" : 2235958
        },
        "clat_ns" : {
          "min" : 10393,
          "max" : 14486526,
          "mean" : 165721.543432,
          "stddev" : 270868.667835,
          "N" : 2235968,
          "percentile" : {
            "1.000000" : 29824,
            "5.000000" : 59136,
            "10.000000" : 73216,
            "20.000000" : 78336,
            "30.000000" : 82432,
            "40.000000" : 87552,
            "50.000000" : 92672,
            "60.000000" : 96768,
            "70.000000" : 102912,
            "80.000000" : 116224,
            "90.000000" : 216064,
            "95.000000" : 798720,
            "99.000000" : 1433600,
            "99.500000" : 1515520,
            "99.900000" : 1662976,
            "99.950000" : 1728512,
            "99.990000" : 2310144
          }
        },
        "lat_ns" : {
          "min" : 23427,
          "max" : 14498620,
          "mean" : 175607.513092,
          "stddev" : 270777.138758,
          "N" : 2235968
        },
        "bw_min" : 272225,
        "bw_max" : 330004,
        "bw_agg" : 100.000000,
        "bw_mean" : 298382.864407,
        "bw_dev" : 3142.144726,
        "bw_samples" : 236,
        "iops_min" : 68055,
        "iops_max" : 82500,
        "iops_mean" : 74595.406780,
        "iops_stddev" : 785.544217,
        "iops_samples" : 236
      },
      "write" : {
        "io_bytes" : 9151766528,
        "io_kbytes" : 8937272,
        "bw_bytes" : 305048715,
        "bw" : 297899,
        "iops" : 74474.717509,
        "runtime" : 30001,
        "total_ios" : 2234316,
        "short_ios" : 0,
        "drop_ios" : 0,
        "slat_ns" : {
          "min" : 2309,
          "max" : 276202,
          "mean" : 9239.488633,
          "stddev" : 4022.579034,
          "N" : 2234317
        },
        "clat_ns" : {
          "min" : 1060,
          "max" : 908424,
          "mean" : 26190.803855,
          "stddev" : 10087.910262,
          "N" : 2234317,
          "percentile" : {
            "1.000000" : 13504,
            "5.000000" : 14784,
            "10.000000" : 15552,
            "20.000000" : 16320,
            "30.000000" : 20096,
            "40.000000" : 21632,
            "50.000000" : 24960,
            "60.000000" : 27008,
            "70.000000" : 30336,
            "80.000000" : 34560,
            "90.000000" : 39680,
            "95.000000" : 43776,
            "99.000000" : 52480,
            "99.500000" : 59136,
            "99.900000" : 78336,
            "99.950000" : 97792,
            "99.990000" : 199680
          }
        },
        "lat_ns" : {
          "min" : 13142,
          "max" : 915993,
          "mean" : 35768.627864,
          "stddev" : 11677.842445,
          "N" : 2234317
        },
        "bw_min" : 268303,
        "bw_max" : 327069,
        "bw_agg" : 100.000000,
        "bw_mean" : 298189.254237,
        "bw_dev" : 3259.197358,
        "bw_samples" : 236,
        "iops_min" : 67075,
        "iops_max" : 81767,
        "iops_mean" : 74546.966102,
        "iops_stddev" : 814.799529,
        "iops_samples" : 236
      },
      "trim" : {
        "io_bytes" : 0,
        "io_kbytes" : 0,
        "bw_bytes" : 0,
        "bw" : 0,
        "iops" : 0.000000,
        "runtime" : 0,
        "total_ios" : 0,
        "short_ios" : 0,
        "drop_ios" : 0,
        "slat_ns" : {
          "min" : 0,
          "max" : 0,
          "mean" : 0.000000,
          "stddev" : 0.000000,
          "N" : 0
        },
        "clat_ns" : {
          "min" : 0,
          "max" : 0,
          "mean" : 0.000000,
          "stddev" : 0.000000,
          "N" : 0
        },
        "lat_ns" : {
          "min" : 0,
          "max" : 0,
          "mean" : 0.000000,
          "stddev" : 0.000000,
          "N" : 0
        },
        "bw_min" : 0,
        "bw_max" : 0,
        "bw_agg" : 0.000000,
        "bw_mean" : 0.000000,
        "bw_dev" : 0.000000,
        "bw_samples" : 0,
        "iops_min" : 0,
        "iops_max" : 0,
        "iops_mean" : 0.000000,
        "iops_stddev" : 0.000000,
        "iops_samples" : 0
      },
      "sync" : {
        "total_ios" : 0,
        "lat_ns" : {
          "min" : 0,
          "max" : 0,
          "mean" : 0.000000,
          "stddev" : 0.000000,
          "N" : 0
        }
      },
      "job_runtime" : 120000,
      "usr_cpu" : 14.521667,
      "sys_cpu" : 43.746667,
      "ctx" : 1213073,
      "majf" : 0,
      "minf" : 236,
      "iodepth_level" : {
        "1" : 0.000000,
        "2" : 0.000000,
        "4" : 100.000000,
        "8" : 0.000000,
        "16" : 0.000000,
        "32" : 0.000000,
        ">=64" : 0.000000
      },
      "iodepth_submit" : {
        "0" : 0.000000,
        "4" : 100.000000,
        "8" : 0.000000,
        "16" : 0.000000,
        "32" : 0.000000,
        "64" : 0.000000,
        ">=64" : 0.000000
      },
      "iodepth_complete" : {
        "0" : 0.000000,
        "4" : 100.000000,
        "8" : 0.000000,
        "16" : 0.000000,
        "32" : 0.000000,
        "64" : 0.000000,
        ">=64" : 0.000000
      },
      "latency_ns" : {
        "2" : 0.000000,
        "4" : 0.000000,
        "10" : 0.000000,
        "20" : 0.000000,
        "50" : 0.000000,
        "100" : 0.000000,
        "250" : 0.000000,
        "500" : 0.000000,
        "750" : 0.000000,
        "1000" : 0.000000
      },
      "latency_us" : {
        "2" : 0.010134,
        "4" : 0.010000,
        "10" : 0.010000,
        "20" : 14.826634,
        "50" : 36.230763,
        "100" : 31.791123,
        "250" : 12.570239,
        "500" : 1.237598,
        "750" : 0.706042,
        "1000" : 0.688772
      },
      "latency_ms" : {
        "2" : 1.926482,
        "4" : 0.010000,
        "10" : 0.010000,
        "20" : 0.010000,
        "50" : 0.000000,
        "100" : 0.000000,
        "250" : 0.000000,
        "500" : 0.000000,
        "750" : 0.000000,
        "1000" : 0.000000,
        "2000" : 0.000000,
        ">=2000" : 0.000000
      },
      "latency_depth" : 4,
      "latency_target" : 0,
      "latency_percentile" : 100.000000,
      "latency_window" : 0
    }
  ],
  "disk_util" : [
    {
      "name" : "nvme1n1",
      "read_ios" : 2980864,
      "write_ios" : 2980795,
      "read_merges" : 0,
      "write_merges" : 0,
      "read_ticks" : 457594,
      "write_ticks" : 49049,
      "in_queue" : 506643,
      "util" : 78.719745
    }
  ]
}
