{
  "fio version" : "fio-3.28",
  "timestamp" : 1757414475,
  "timestamp_ms" : 1757414475034,
  "time" : "Tue Sep  9 06:41:15 2025",
  "jobs" : [
    {
      "jobname" : "mixed_io",
      "groupid" : 0,
      "error" : 0,
      "eta" : 0,
      "elapsed" : 41,
      "job options" : {
        "name" : "mixed_io",
        "filename" : "/dev/nvme1n1p2",
        "rw" : "randrw",
        "rwmixread" : "0",
        "bs" : "1024k",
        "ioengine" : "libaio",
        "iodepth" : "4",
        "numjobs" : "2",
        "runtime" : "30",
        "ramp_time" : "10",
        "direct" : "1"
      },
      "read" : {
        "io_bytes" : 0,
        "io_kbytes" : 0,
        "bw_bytes" : 0,
        "bw" : 0,
        "iops" : 0.000000,
        "runtime" : 0,
        "total_ios" : 0,
        "short_ios" : 0,
        "drop_ios" : 0,
        "slat_ns" : {
          "min" : 0,
          "max" : 0,
          "mean" : 0.000000,
          "stddev" : 0.000000,
          "N" : 0
        },
        "clat_ns" : {
          "min" : 0,
          "max" : 0,
          "mean" : 0.000000,
          "stddev" : 0.000000,
          "N" : 0
        },
        "lat_ns" : {
          "min" : 0,
          "max" : 0,
          "mean" : 0.000000,
          "stddev" : 0.000000,
          "N" : 0
        },
        "bw_min" : 0,
        "bw_max" : 0,
        "bw_agg" : 0.000000,
        "bw_mean" : 0.000000,
        "bw_dev" : 0.000000,
        "bw_samples" : 0,
        "iops_min" : 0,
        "iops_max" : 0,
        "iops_mean" : 0.000000,
        "iops_stddev" : 0.000000,
        "iops_samples" : 0
      },
      "write" : {
        "io_bytes" : 57308872704,
        "io_kbytes" : 55965696,
        "bw_bytes" : 1910041084,
        "bw" : 1865274,
        "iops" : 1821.357152,
        "runtime" : 30004,
        "total_ios" : 54648,
        "short_ios" : 0,
        "drop_ios" : 0,
        "slat_ns" : {
          "min" : 162495,
          "max" : 548493,
          "mean" : 215015.534329,
          "stddev" : 24471.779998,
          "N" : 54648
        },
        "clat_ns" : {
          "min" : 2909136,
          "max" : 30233396,
          "mean" : 4169305.345464,
          "stddev" : 1230540.674996,
          "N" : 54654,
          "percentile" : {
            "1.000000" : 3325952,
            "5.000000" : 3489792,
            "10.000000" : 3588096,
            "20.000000" : 3719168,
            "30.000000" : 3850240,
            "40.000000" : 3948544,
            "50.000000" : 4046848,
            "60.000000" : 4177920,
            "70.000000" : 4292608,
            "80.000000" : 4423680,
            "90.000000" : 4620288,
            "95.000000" : 4816896,
            "99.000000" : 5603328,
            "99.500000" : 9240576,
            "99.900000" : 25296896,
            "99.950000" : 25821184,
            "99.990000" : 29753344
          }
        },
        "lat_ns" : {
          "min" : 3205139,
          "max" : 30402842,
          "mean" : 4384956.790244,
          "stddev" : 1229534.834680,
          "N" : 54654
        },
        "bw_min" : 1746340,
        "bw_max" : 2004992,
        "bw_agg" : 100.000000,
        "bw_mean" : 1867058.266667,
        "bw_dev" : 31324.710380,
        "bw_samples" : 120,
        "iops_min" : 1704,
        "iops_max" : 1958,
        "iops_mean" : 1822.466667,
        "iops_stddev" : 30.559961,
        "iops_samples" : 120
      },
      "trim" : {
        "io_bytes" : 0,
        "io_kbytes" : 0,
        "bw_bytes" : 0,
        "bw" : 0,
        "iops" : 0.000000,
        "runtime" : 0,
        "total_ios" : 0,
        "short_ios" : 0,
        "drop_ios" : 0,
        "slat_ns" : {
          "min" : 0,
          "max" : 0,
          "mean" : 0.000000,
          "stddev" : 0.000000,
          "N" : 0
        },
        "clat_ns" : {
          "min" : 0,
          "max" : 0,
          "mean" : 0.000000,
          "stddev" : 0.000000,
          "N" : 0
        },
        "lat_ns" : {
          "min" : 0,
          "max" : 0,
          "mean" : 0.000000,
          "stddev" : 0.000000,
          "N" : 0
        },
        "bw_min" : 0,
        "bw_max" : 0,
        "bw_agg" : 0.000000,
        "bw_mean" : 0.000000,
        "bw_dev" : 0.000000,
        "bw_samples" : 0,
        "iops_min" : 0,
        "iops_max" : 0,
        "iops_mean" : 0.000000,
        "iops_stddev" : 0.000000,
        "iops_samples" : 0
      },
      "sync" : {
        "total_ios" : 0,
        "lat_ns" : {
          "min" : 0,
          "max" : 0,
          "mean" : 0.000000,
          "stddev" : 0.000000,
          "N" : 0
        }
      },
      "job_runtime" : 60006,
      "usr_cpu" : 5.924408,
      "sys_cpu" : 18.798120,
      "ctx" : 52652,
      "majf" : 0,
      "minf" : 122,
      "iodepth_level" : {
        "1" : 0.000000,
        "2" : 0.000000,
        "4" : 100.000000,
        "8" : 0.000000,
        "16" : 0.000000,
        "32" : 0.000000,
        ">=64" : 0.000000
      },
      "iodepth_submit" : {
        "0" : 0.000000,
        "4" : 100.000000,
        "8" : 0.000000,
        "16" : 0.000000,
        "32" : 0.000000,
        "64" : 0.000000,
        ">=64" : 0.000000
      },
      "iodepth_complete" : {
        "0" : 0.000000,
        "4" : 100.000000,
        "8" : 0.000000,
        "16" : 0.000000,
        "32" : 0.000000,
        "64" : 0.000000,
        ">=64" : 0.000000
      },
      "latency_ns" : {
        "2" : 0.000000,
        "4" : 0.000000,
        "10" : 0.000000,
        "20" : 0.000000,
        "50" : 0.000000,
        "100" : 0.000000,
        "250" : 0.000000,
        "500" : 0.000000,
        "750" : 0.000000,
        "1000" : 0.000000
      },
      "latency_us" : {
        "2" : 0.000000,
        "4" : 0.000000,
        "10" : 0.000000,
        "20" : 0.000000,
        "50" : 0.000000,
        "100" : 0.000000,
        "250" : 0.000000,
        "500" : 0.000000,
        "750" : 0.000000,
        "1000" : 0.000000
      },
      "latency_ms" : {
        "2" : 0.000000,
        "4" : 44.707949,
        "10" : 54.885815,
        "20" : 0.159201,
        "50" : 0.258015,
        "100" : 0.000000,
        "250" : 0.000000,
        "500" : 0.000000,
        "750" : 0.000000,
        "1000" : 0.000000,
        "2000" : 0.000000,
        ">=2000" : 0.000000
      },
      "latency_depth" : 4,
      "latency_target" : 0,
      "latency_percentile" : 100.000000,
      "latency_window" : 0
    }
  ],
  "disk_util" : [
    {
      "name" : "nvme1n1",
      "read_ios" : 0,
      "write_ios" : 583686,
      "read_merges" : 0,
      "write_merges" : 0,
      "read_ticks" : 0,
      "write_ticks" : 2293593,
      "in_queue" : 2293592,
      "util" : 79.636609
    }
  ]
}
