{
  "fio version" : "fio-3.28",
  "timestamp" : 1757421060,
  "timestamp_ms" : 1757421060120,
  "time" : "Tue Sep  9 08:31:00 2025",
  "jobs" : [
    {
      "jobname" : "mixed_io",
      "groupid" : 0,
      "error" : 0,
      "eta" : 0,
      "elapsed" : 41,
      "job options" : {
        "name" : "mixed_io",
        "filename" : "/dev/nvme1n1p2",
        "rw" : "randrw",
        "rwmixread" : "100",
        "bs" : "4k",
        "ioengine" : "libaio",
        "iodepth" : "64",
        "numjobs" : "4",
        "runtime" : "30",
        "ramp_time" : "10",
        "direct" : "1"
      },
      "read" : {
        "io_bytes" : 100022976512,
        "io_kbytes" : 97678688,
        "bw_bytes" : 3333988084,
        "bw" : 3255847,
        "iops" : 813953.434886,
        "runtime" : 30001,
        "total_ios" : 24419417,
        "short_ios" : 0,
        "drop_ios" : 0,
        "slat_ns" : {
          "min" : 1519,
          "max" : 407695,
          "mean" : 2582.523891,
          "stddev" : 1263.714062,
          "N" : 24419420
        },
        "clat_ns" : {
          "min" : 9345,
          "max" : 3071298,
          "mean" : 311330.130247,
          "stddev" : 229489.556920,
          "N" : 24419669,
          "percentile" : {
            "1.000000" : 48896,
            "5.000000" : 88576,
            "10.000000" : 103936,
            "20.000000" : 132096,
            "30.000000" : 164864,
            "40.000000" : 201728,
            "50.000000" : 244736,
            "60.000000" : 296960,
            "70.000000" : 362496,
            "80.000000" : 452608,
            "90.000000" : 610304,
            "95.000000" : 765952,
            "99.000000" : 1122304,
            "99.500000" : 1286144,
            "99.900000" : 1646592,
            "99.950000" : 1794048,
            "99.990000" : 2146304
          }
        },
        "lat_ns" : {
          "min" : 14090,
          "max" : 3073391,
          "mean" : 314003.824761,
          "stddev" : 229479.604251,
          "N" : 24419669
        },
        "bw_min" : 2883409,
        "bw_max" : 3803658,
        "bw_agg" : 99.844227,
        "bw_mean" : 3250776.271186,
        "bw_dev" : 87799.309897,
        "bw_samples" : 236,
        "iops_min" : 720851,
        "iops_max" : 950913,
        "iops_mean" : 812693.237288,
        "iops_stddev" : 21949.804667,
        "iops_samples" : 236
      },
      "write" : {
        "io_bytes" : 0,
        "io_kbytes" : 0,
        "bw_bytes" : 0,
        "bw" : 0,
        "iops" : 0.000000,
        "runtime" : 0,
        "total_ios" : 0,
        "short_ios" : 0,
        "drop_ios" : 0,
        "slat_ns" : {
          "min" : 0,
          "max" : 0,
          "mean" : 0.000000,
          "stddev" : 0.000000,
          "N" : 0
        },
        "clat_ns" : {
          "min" : 0,
          "max" : 0,
          "mean" : 0.000000,
          "stddev" : 0.000000,
          "N" : 0
        },
        "lat_ns" : {
          "min" : 0,
          "max" : 0,
          "mean" : 0.000000,
          "stddev" : 0.000000,
          "N" : 0
        },
        "bw_min" : 0,
        "bw_max" : 0,
        "bw_agg" : 0.000000,
        "bw_mean" : 0.000000,
        "bw_dev" : 0.000000,
        "bw_samples" : 0,
        "iops_min" : 0,
        "iops_max" : 0,
        "iops_mean" : 0.000000,
        "iops_stddev" : 0.000000,
        "iops_samples" : 0
      },
      "trim" : {
        "io_bytes" : 0,
        "io_kbytes" : 0,
        "bw_bytes" : 0,
        "bw" : 0,
        "iops" : 0.000000,
        "runtime" : 0,
        "total_ios" : 0,
        "short_ios" : 0,
        "drop_ios" : 0,
        "slat_ns" : {
          "min" : 0,
          "max" : 0,
          "mean" : 0.000000,
          "stddev" : 0.000000,
          "N" : 0
        },
        "clat_ns" : {
          "min" : 0,
          "max" : 0,
          "mean" : 0.000000,
          "stddev" : 0.000000,
          "N" : 0
        },
        "lat_ns" : {
          "min" : 0,
          "max" : 0,
          "mean" : 0.000000,
          "stddev" : 0.000000,
          "N" : 0
        },
        "bw_min" : 0,
        "bw_max" : 0,
        "bw_agg" : 0.000000,
        "bw_mean" : 0.000000,
        "bw_dev" : 0.000000,
        "bw_samples" : 0,
        "iops_min" : 0,
        "iops_max" : 0,
        "iops_mean" : 0.000000,
        "iops_stddev" : 0.000000,
        "iops_samples" : 0
      },
      "sync" : {
        "total_ios" : 0,
        "lat_ns" : {
          "min" : 0,
          "max" : 0,
          "mean" : 0.000000,
          "stddev" : 0.000000,
          "N" : 0
        }
      },
      "job_runtime" : 120000,
      "usr_cpu" : 21.192500,
      "sys_cpu" : 60.125000,
      "ctx" : 3339336,
      "majf" : 0,
      "minf" : 237,
      "iodepth_level" : {
        "1" : 0.000000,
        "2" : 0.000000,
        "4" : 0.000000,
        "8" : 0.000000,
        "16" : 0.000000,
        "32" : 0.000000,
        ">=64" : 100.000000
      },
      "iodepth_submit" : {
        "0" : 0.000000,
        "4" : 100.000000,
        "8" : 0.000000,
        "16" : 0.000000,
        "32" : 0.000000,
        "64" : 0.000000,
        ">=64" : 0.000000
      },
      "iodepth_complete" : {
        "0" : 0.000000,
        "4" : 99.999984,
        "8" : 0.000000,
        "16" : 0.000000,
        "32" : 0.000000,
        "64" : 0.100000,
        ">=64" : 0.000000
      },
      "latency_ns" : {
        "2" : 0.000000,
        "4" : 0.000000,
        "10" : 0.000000,
        "20" : 0.000000,
        "50" : 0.000000,
        "100" : 0.000000,
        "250" : 0.000000,
        "500" : 0.000000,
        "750" : 0.000000,
        "1000" : 0.000000
      },
      "latency_us" : {
        "2" : 0.000000,
        "4" : 0.000000,
        "10" : 0.010000,
        "20" : 0.014022,
        "50" : 1.044079,
        "100" : 7.518333,
        "250" : 42.693853,
        "500" : 32.386379,
        "750" : 10.964033,
        "1000" : 3.607461
      },
      "latency_ms" : {
        "2" : 1.753334,
        "4" : 0.019534,
        "10" : 0.000000,
        "20" : 0.000000,
        "50" : 0.000000,
        "100" : 0.000000,
        "250" : 0.000000,
        "500" : 0.000000,
        "750" : 0.000000,
        "1000" : 0.000000,
        "2000" : 0.000000,
        ">=2000" : 0.000000
      },
      "latency_depth" : 64,
      "latency_target" : 0,
      "latency_percentile" : 100.000000,
      "latency_window" : 0
    }
  ],
  "disk_util" : [
    {
      "name" : "nvme1n1",
      "read_ios" : 31808067,
      "write_ios" : 0,
      "read_merges" : 0,
      "write_merges" : 0,
      "read_ticks" : 9712215,
      "write_ticks" : 0,
      "in_queue" : 9712215,
      "util" : 87.954721
    }
  ]
}
