{
  "fio version" : "fio-3.28",
  "timestamp" : 1757417949,
  "timestamp_ms" : 1757417949479,
  "time" : "Tue Sep  9 07:39:09 2025",
  "jobs" : [
    {
      "jobname" : "mixed_io",
      "groupid" : 0,
      "error" : 0,
      "eta" : 0,
      "elapsed" : 41,
      "job options" : {
        "name" : "mixed_io",
        "filename" : "/dev/nvme1n1p2",
        "rw" : "randrw",
        "rwmixread" : "50",
        "bs" : "64k",
        "ioengine" : "libaio",
        "iodepth" : "64",
        "numjobs" : "1",
        "runtime" : "30",
        "ramp_time" : "10",
        "direct" : "1"
      },
      "read" : {
        "io_bytes" : 38734987264,
        "io_kbytes" : 37827136,
        "bw_bytes" : 1291080170,
        "bw" : 1260820,
        "iops" : 19698.553430,
        "runtime" : 30002,
        "total_ios" : 590996,
        "short_ios" : 0,
        "drop_ios" : 0,
        "slat_ns" : {
          "min" : 5958,
          "max" : 335418,
          "mean" : 10617.001946,
          "stddev" : 4307.275713,
          "N" : 590996
        },
        "clat_ns" : {
          "min" : 90148,
          "max" : 37142408,
          "mean" : 3115849.699888,
          "stddev" : 1343095.112961,
          "N" : 591049,
          "percentile" : {
            "1.000000" : 978944,
            "5.000000" : 1613824,
            "10.000000" : 1925120,
            "20.000000" : 2277376,
            "30.000000" : 2506752,
            "40.000000" : 2736128,
            "50.000000" : 2965504,
            "60.000000" : 3194880,
            "70.000000" : 3457024,
            "80.000000" : 3751936,
            "90.000000" : 4292608,
            "95.000000" : 5013504,
            "99.000000" : 7110656,
            "99.500000" : 8585216,
            "99.900000" : 22675456,
            "99.950000" : 24510464,
            "99.990000" : 26607616
          }
        },
        "lat_ns" : {
          "min" : 101134,
          "max" : 37150706,
          "mean" : 3126656.661984,
          "stddev" : 1343068.529318,
          "N" : 591049
        },
        "bw_min" : 1049600,
        "bw_max" : 1400576,
        "bw_agg" : 100.000000,
        "bw_mean" : 1261938.666667,
        "bw_dev" : 73831.123943,
        "bw_samples" : 60,
        "iops_min" : 16400,
        "iops_max" : 21884,
        "iops_mean" : 19717.550000,
        "iops_stddev" : 1153.659313,
        "iops_samples" : 60
      },
      "write" : {
        "io_bytes" : 38661455872,
        "io_kbytes" : 37755328,
        "bw_bytes" : 1288629287,
        "bw" : 1258427,
        "iops" : 19662.589161,
        "runtime" : 30002,
        "total_ios" : 589917,
        "short_ios" : 0,
        "drop_ios" : 0,
        "slat_ns" : {
          "min" : 6410,
          "max" : 201193,
          "mean" : 13880.011990,
          "stddev" : 5070.534621,
          "N" : 589917
        },
        "clat_ns" : {
          "min" : 940,
          "max" : 25008723,
          "mean" : 106228.902466,
          "stddev" : 430208.788224,
          "N" : 589927,
          "percentile" : {
            "1.000000" : 27264,
            "5.000000" : 29568,
            "10.000000" : 30592,
            "20.000000" : 32384,
            "30.000000" : 37632,
            "40.000000" : 47360,
            "50.000000" : 58624,
            "60.000000" : 75264,
            "70.000000" : 99840,
            "80.000000" : 138240,
            "90.000000" : 207872,
            "95.000000" : 280576,
            "99.000000" : 489472,
            "99.500000" : 585728,
            "99.900000" : 1646592,
            "99.950000" : 9109504,
            "99.990000" : 23461888
          }
        },
        "lat_ns" : {
          "min" : 32632,
          "max" : 25057156,
          "mean" : 120296.020186,
          "stddev" : 430575.122297,
          "N" : 589927
        },
        "bw_min" : 1046400,
        "bw_max" : 1408128,
        "bw_agg" : 100.000000,
        "bw_mean" : 1259683.350000,
        "bw_dev" : 72488.072664,
        "bw_samples" : 60,
        "iops_min" : 16350,
        "iops_max" : 22002,
        "iops_mean" : 19682.316667,
        "iops_stddev" : 1132.651838,
        "iops_samples" : 60
      },
      "trim" : {
        "io_bytes" : 0,
        "io_kbytes" : 0,
        "bw_bytes" : 0,
        "bw" : 0,
        "iops" : 0.000000,
        "runtime" : 0,
        "total_ios" : 0,
        "short_ios" : 0,
        "drop_ios" : 0,
        "slat_ns" : {
          "min" : 0,
          "max" : 0,
          "mean" : 0.000000,
          "stddev" : 0.000000,
          "N" : 0
        },
        "clat_ns" : {
          "min" : 0,
          "max" : 0,
          "mean" : 0.000000,
          "stddev" : 0.000000,
          "N" : 0
        },
        "lat_ns" : {
          "min" : 0,
          "max" : 0,
          "mean" : 0.000000,
          "stddev" : 0.000000,
          "N" : 0
        },
        "bw_min" : 0,
        "bw_max" : 0,
        "bw_agg" : 0.000000,
        "bw_mean" : 0.000000,
        "bw_dev" : 0.000000,
        "bw_samples" : 0,
        "iops_min" : 0,
        "iops_max" : 0,
        "iops_mean" : 0.000000,
        "iops_stddev" : 0.000000,
        "iops_samples" : 0
      },
      "sync" : {
        "total_ios" : 0,
        "lat_ns" : {
          "min" : 0,
          "max" : 0,
          "mean" : 0.000000,
          "stddev" : 0.000000,
          "N" : 0
        }
      },
      "job_runtime" : 30001,
      "usr_cpu" : 16.976101,
      "sys_cpu" : 45.325156,
      "ctx" : 238753,
      "majf" : 0,
      "minf" : 58,
      "iodepth_level" : {
        "1" : 0.000000,
        "2" : 0.000000,
        "4" : 0.000000,
        "8" : 0.000000,
        "16" : 0.000000,
        "32" : 0.000000,
        ">=64" : 100.000000
      },
      "iodepth_submit" : {
        "0" : 0.000000,
        "4" : 100.000000,
        "8" : 0.000000,
        "16" : 0.000000,
        "32" : 0.000000,
        "64" : 0.000000,
        ">=64" : 0.000000
      },
      "iodepth_complete" : {
        "0" : 0.000000,
        "4" : 99.999915,
        "8" : 0.000000,
        "16" : 0.000000,
        "32" : 0.000000,
        "64" : 0.100000,
        ">=64" : 0.000000
      },
      "latency_ns" : {
        "2" : 0.000000,
        "4" : 0.000000,
        "10" : 0.000000,
        "20" : 0.000000,
        "50" : 0.000000,
        "100" : 0.000000,
        "250" : 0.000000,
        "500" : 0.000000,
        "750" : 0.000000,
        "1000" : 0.010000
      },
      "latency_us" : {
        "2" : 0.000000,
        "4" : 0.000000,
        "10" : 0.010000,
        "20" : 0.010000,
        "50" : 21.461107,
        "100" : 13.502519,
        "250" : 11.638961,
        "500" : 2.949413,
        "750" : 0.510876,
        "1000" : 0.348459
      },
      "latency_ms" : {
        "2" : 5.444686,
        "4" : 36.750379,
        "10" : 7.228560,
        "20" : 0.105258,
        "50" : 0.063002,
        "100" : 0.000000,
        "250" : 0.000000,
        "500" : 0.000000,
        "750" : 0.000000,
        "1000" : 0.000000,
        "2000" : 0.000000,
        ">=2000" : 0.000000
      },
      "latency_depth" : 64,
      "latency_target" : 0,
      "latency_percentile" : 100.000000,
      "latency_window" : 0
    }
  ],
  "disk_util" : [
    {
      "name" : "nvme1n1",
      "read_ios" : 783295,
      "write_ios" : 781998,
      "read_merges" : 0,
      "write_merges" : 0,
      "read_ticks" : 2411297,
      "write_ticks" : 35589,
      "in_queue" : 2446886,
      "util" : 71.618249
    }
  ]
}
