{
  "fio version" : "fio-3.28",
  "timestamp" : 1757417909,
  "timestamp_ms" : 1757417909128,
  "time" : "Tue Sep  9 07:38:29 2025",
  "jobs" : [
    {
      "jobname" : "mixed_io",
      "groupid" : 0,
      "error" : 0,
      "eta" : 0,
      "elapsed" : 41,
      "job options" : {
        "name" : "mixed_io",
        "filename" : "/dev/nvme1n1p2",
        "rw" : "randrw",
        "rwmixread" : "50",
        "bs" : "4k",
        "ioengine" : "libaio",
        "iodepth" : "64",
        "numjobs" : "1",
        "runtime" : "30",
        "ramp_time" : "10",
        "direct" : "1"
      },
      "read" : {
        "io_bytes" : 15280644096,
        "io_kbytes" : 14922504,
        "bw_bytes" : 509320848,
        "bw" : 497383,
        "iops" : 124343.810413,
        "runtime" : 30002,
        "total_ios" : 3730563,
        "short_ios" : 0,
        "drop_ios" : 0,
        "slat_ns" : {
          "min" : 1506,
          "max" : 105820,
          "mean" : 2401.459037,
          "stddev" : 1261.089541,
          "N" : 3730563
        },
        "clat_ns" : {
          "min" : 18272,
          "max" : 16403971,
          "mean" : 384225.007572,
          "stddev" : 398370.267315,
          "N" : 3730626,
          "percentile" : {
            "1.000000" : 70144,
            "5.000000" : 96768,
            "10.000000" : 134144,
            "20.000000" : 189440,
            "30.000000" : 220160,
            "40.000000" : 234496,
            "50.000000" : 244736,
            "60.000000" : 257024,
            "70.000000" : 288768,
            "80.000000" : 448512,
            "90.000000" : 978944,
            "95.000000" : 1318912,
            "99.000000" : 1597440,
            "99.500000" : 1662976,
            "99.900000" : 1810432,
            "99.950000" : 1925120,
            "99.990000" : 13172736
          }
        },
        "lat_ns" : {
          "min" : 20212,
          "max" : 16405592,
          "mean" : 386726.664835,
          "stddev" : 398315.289634,
          "N" : 3730626
        },
        "bw_min" : 456360,
        "bw_max" : 517370,
        "bw_agg" : 100.000000,
        "bw_mean" : 497806.250000,
        "bw_dev" : 14695.323283,
        "bw_samples" : 60,
        "iops_min" : 114090,
        "iops_max" : 129342,
        "iops_mean" : 124451.416667,
        "iops_stddev" : 3673.856503,
        "iops_samples" : 60
      },
      "write" : {
        "io_bytes" : 15275196416,
        "io_kbytes" : 14917184,
        "bw_bytes" : 509139271,
        "bw" : 497206,
        "iops" : 124301.579895,
        "runtime" : 30002,
        "total_ios" : 3729296,
        "short_ios" : 0,
        "drop_ios" : 0,
        "slat_ns" : {
          "min" : 1474,
          "max" : 103987,
          "mean" : 2379.781191,
          "stddev" : 1260.282474,
          "N" : 3729296
        },
        "clat_ns" : {
          "min" : 358,
          "max" : 1457689,
          "mean" : 124431.181503,
          "stddev" : 62283.469149,
          "N" : 3729296,
          "percentile" : {
            "1.000000" : 10688,
            "5.000000" : 13760,
            "10.000000" : 21888,
            "20.000000" : 54016,
            "30.000000" : 89600,
            "40.000000" : 120320,
            "50.000000" : 144384,
            "60.000000" : 160768,
            "70.000000" : 173056,
            "80.000000" : 179200,
            "90.000000" : 187392,
            "95.000000" : 193536,
            "99.000000" : 220160,
            "99.500000" : 240640,
            "99.900000" : 305152,
            "99.950000" : 313344,
            "99.990000" : 325632
          }
        },
        "lat_ns" : {
          "min" : 10201,
          "max" : 1459327,
          "mean" : 126911.598014,
          "stddev" : 62402.273064,
          "N" : 3729296
        },
        "bw_min" : 455568,
        "bw_max" : 517280,
        "bw_agg" : 100.000000,
        "bw_mean" : 497628.216667,
        "bw_dev" : 14654.530854,
        "bw_samples" : 60,
        "iops_min" : 113890,
        "iops_max" : 129320,
        "iops_mean" : 124406.983333,
        "iops_stddev" : 3663.743022,
        "iops_samples" : 60
      },
      "trim" : {
        "io_bytes" : 0,
        "io_kbytes" : 0,
        "bw_bytes" : 0,
        "bw" : 0,
        "iops" : 0.000000,
        "runtime" : 0,
        "total_ios" : 0,
        "short_ios" : 0,
        "drop_ios" : 0,
        "slat_ns" : {
          "min" : 0,
          "max" : 0,
          "mean" : 0.000000,
          "stddev" : 0.000000,
          "N" : 0
        },
        "clat_ns" : {
          "min" : 0,
          "max" : 0,
          "mean" : 0.000000,
          "stddev" : 0.000000,
          "N" : 0
        },
        "lat_ns" : {
          "min" : 0,
          "max" : 0,
          "mean" : 0.000000,
          "stddev" : 0.000000,
          "N" : 0
        },
        "bw_min" : 0,
        "bw_max" : 0,
        "bw_agg" : 0.000000,
        "bw_mean" : 0.000000,
        "bw_dev" : 0.000000,
        "bw_samples" : 0,
        "iops_min" : 0,
        "iops_max" : 0,
        "iops_mean" : 0.000000,
        "iops_stddev" : 0.000000,
        "iops_samples" : 0
      },
      "sync" : {
        "total_ios" : 0,
        "lat_ns" : {
          "min" : 0,
          "max" : 0,
          "mean" : 0.000000,
          "stddev" : 0.000000,
          "N" : 0
        }
      },
      "job_runtime" : 30001,
      "usr_cpu" : 26.135795,
      "sys_cpu" : 62.191260,
      "ctx" : 196684,
      "majf" : 0,
      "minf" : 62,
      "iodepth_level" : {
        "1" : 0.000000,
        "2" : 0.000000,
        "4" : 0.000000,
        "8" : 0.000000,
        "16" : 0.000000,
        "32" : 0.000000,
        ">=64" : 100.000000
      },
      "iodepth_submit" : {
        "0" : 0.000000,
        "4" : 100.000000,
        "8" : 0.000000,
        "16" : 0.000000,
        "32" : 0.000000,
        "64" : 0.000000,
        ">=64" : 0.000000
      },
      "iodepth_complete" : {
        "0" : 0.000000,
        "4" : 99.999987,
        "8" : 0.000000,
        "16" : 0.000000,
        "32" : 0.000000,
        "64" : 0.100000,
        ">=64" : 0.000000
      },
      "latency_ns" : {
        "2" : 0.000000,
        "4" : 0.000000,
        "10" : 0.000000,
        "20" : 0.000000,
        "50" : 0.000000,
        "100" : 0.000000,
        "250" : 0.000000,
        "500" : 0.010000,
        "750" : 0.000000,
        "1000" : 0.000000
      },
      "latency_us" : {
        "2" : 0.010000,
        "4" : 0.010000,
        "10" : 0.247940,
        "20" : 4.348594,
        "50" : 4.870534,
        "100" : 9.864717,
        "250" : 57.673557,
        "500" : 13.530819,
        "750" : 2.535169,
        "1000" : 2.085938
      },
      "latency_ms" : {
        "2" : 4.822196,
        "4" : 0.012440,
        "10" : 0.010000,
        "20" : 0.010000,
        "50" : 0.000000,
        "100" : 0.000000,
        "250" : 0.000000,
        "500" : 0.000000,
        "750" : 0.000000,
        "1000" : 0.000000,
        "2000" : 0.000000,
        ">=2000" : 0.000000
      },
      "latency_depth" : 64,
      "latency_target" : 0,
      "latency_percentile" : 100.000000,
      "latency_window" : 0
    }
  ],
  "disk_util" : [
    {
      "name" : "nvme1n1",
      "read_ios" : 5047977,
      "write_ios" : 5045287,
      "read_merges" : 0,
      "write_merges" : 0,
      "read_ticks" : 1354427,
      "write_ticks" : 49110,
      "in_queue" : 1403536,
      "util" : 72.524623
    }
  ]
}
