{
  "fio version" : "fio-3.28",
  "timestamp" : 1757416495,
  "timestamp_ms" : 1757416495081,
  "time" : "Tue Sep  9 07:14:55 2025",
  "jobs" : [
    {
      "jobname" : "mixed_io",
      "groupid" : 0,
      "error" : 0,
      "eta" : 0,
      "elapsed" : 41,
      "job options" : {
        "name" : "mixed_io",
        "filename" : "/dev/nvme1n1p2",
        "rw" : "randrw",
        "rwmixread" : "25",
        "bs" : "64k",
        "ioengine" : "libaio",
        "iodepth" : "64",
        "numjobs" : "1",
        "runtime" : "30",
        "ramp_time" : "10",
        "direct" : "1"
      },
      "read" : {
        "io_bytes" : 15686238208,
        "io_kbytes" : 15318592,
        "bw_bytes" : 522717791,
        "bw" : 510466,
        "iops" : 7973.941151,
        "runtime" : 30009,
        "total_ios" : 239290,
        "short_ios" : 0,
        "drop_ios" : 0,
        "slat_ns" : {
          "min" : 5834,
          "max" : 229850,
          "mean" : 13201.400109,
          "stddev" : 3939.089137,
          "N" : 239290
        },
        "clat_ns" : {
          "min" : 94425,
          "max" : 105335972,
          "mean" : 7478658.593065,
          "stddev" : 11726093.101362,
          "N" : 239353,
          "percentile" : {
            "1.000000" : 391168,
            "5.000000" : 1155072,
            "10.000000" : 1515520,
            "20.000000" : 2007040,
            "30.000000" : 2539520,
            "40.000000" : 3096576,
            "50.000000" : 3686400,
            "60.000000" : 4554752,
            "70.000000" : 5734400,
            "80.000000" : 7897088,
            "90.000000" : 14221312,
            "95.000000" : 35389440,
            "99.000000" : 62128128,
            "99.500000" : 68681728,
            "99.900000" : 81264640,
            "99.950000" : 85458944,
            "99.990000" : 96993280
          }
        },
        "lat_ns" : {
          "min" : 106337,
          "max" : 105348271,
          "mean" : 7492071.263790,
          "stddev" : 11726078.988559,
          "N" : 239353
        },
        "bw_min" : 472448,
        "bw_max" : 557952,
        "bw_agg" : 100.000000,
        "bw_mean" : 510966.400000,
        "bw_dev" : 19806.136414,
        "bw_samples" : 60,
        "iops_min" : 7382,
        "iops_max" : 8718,
        "iops_mean" : 7983.616667,
        "iops_stddev" : 309.515756,
        "iops_samples" : 60
      },
      "write" : {
        "io_bytes" : 47130804224,
        "io_kbytes" : 46026176,
        "bw_bytes" : 1570555640,
        "bw" : 1533745,
        "iops" : 23964.777233,
        "runtime" : 30009,
        "total_ios" : 719159,
        "short_ios" : 0,
        "drop_ios" : 0,
        "slat_ns" : {
          "min" : 6210,
          "max" : 140401,
          "mean" : 15251.969895,
          "stddev" : 4482.524953,
          "N" : 719159
        },
        "clat_ns" : {
          "min" : 1022,
          "max" : 24053964,
          "mean" : 160925.662727,
          "stddev" : 413647.639858,
          "N" : 719159,
          "percentile" : {
            "1.000000" : 30080,
            "5.000000" : 31104,
            "10.000000" : 31872,
            "20.000000" : 34560,
            "30.000000" : 39680,
            "40.000000" : 54016,
            "50.000000" : 70144,
            "60.000000" : 95744,
            "70.000000" : 132096,
            "80.000000" : 197632,
            "90.000000" : 362496,
            "95.000000" : 569344,
            "99.000000" : 1187840,
            "99.500000" : 1548288,
            "99.900000" : 3620864,
            "99.950000" : 5079040,
            "99.990000" : 19791872
          }
        },
        "lat_ns" : {
          "min" : 33620,
          "max" : 24069751,
          "mean" : 176392.310777,
          "stddev" : 413791.401578,
          "N" : 719159
        },
        "bw_min" : 1429120,
        "bw_max" : 1652713,
        "bw_agg" : 100.000000,
        "bw_mean" : 1535621.783333,
        "bw_dev" : 57207.392000,
        "bw_samples" : 60,
        "iops_min" : 22330,
        "iops_max" : 25823,
        "iops_mean" : 23993.850000,
        "iops_stddev" : 893.938170,
        "iops_samples" : 60
      },
      "trim" : {
        "io_bytes" : 0,
        "io_kbytes" : 0,
        "bw_bytes" : 0,
        "bw" : 0,
        "iops" : 0.000000,
        "runtime" : 0,
        "total_ios" : 0,
        "short_ios" : 0,
        "drop_ios" : 0,
        "slat_ns" : {
          "min" : 0,
          "max" : 0,
          "mean" : 0.000000,
          "stddev" : 0.000000,
          "N" : 0
        },
        "clat_ns" : {
          "min" : 0,
          "max" : 0,
          "mean" : 0.000000,
          "stddev" : 0.000000,
          "N" : 0
        },
        "lat_ns" : {
          "min" : 0,
          "max" : 0,
          "mean" : 0.000000,
          "stddev" : 0.000000,
          "N" : 0
        },
        "bw_min" : 0,
        "bw_max" : 0,
        "bw_agg" : 0.000000,
        "bw_mean" : 0.000000,
        "bw_dev" : 0.000000,
        "bw_samples" : 0,
        "iops_min" : 0,
        "iops_max" : 0,
        "iops_mean" : 0.000000,
        "iops_stddev" : 0.000000,
        "iops_samples" : 0
      },
      "sync" : {
        "total_ios" : 0,
        "lat_ns" : {
          "min" : 0,
          "max" : 0,
          "mean" : 0.000000,
          "stddev" : 0.000000,
          "N" : 0
        }
      },
      "job_runtime" : 30008,
      "usr_cpu" : 16.838843,
      "sys_cpu" : 44.788057,
      "ctx" : 289531,
      "majf" : 0,
      "minf" : 62,
      "iodepth_level" : {
        "1" : 0.000000,
        "2" : 0.000000,
        "4" : 0.000000,
        "8" : 0.000000,
        "16" : 0.000000,
        "32" : 0.000000,
        ">=64" : 100.000000
      },
      "iodepth_submit" : {
        "0" : 0.000000,
        "4" : 100.000000,
        "8" : 0.000000,
        "16" : 0.000000,
        "32" : 0.000000,
        "64" : 0.000000,
        ">=64" : 0.000000
      },
      "iodepth_complete" : {
        "0" : 0.000000,
        "4" : 99.999896,
        "8" : 0.000000,
        "16" : 0.000000,
        "32" : 0.000000,
        "64" : 0.100000,
        ">=64" : 0.000000
      },
      "latency_ns" : {
        "2" : 0.000000,
        "4" : 0.000000,
        "10" : 0.000000,
        "20" : 0.000000,
        "50" : 0.000000,
        "100" : 0.000000,
        "250" : 0.000000,
        "500" : 0.000000,
        "750" : 0.000000,
        "1000" : 0.000000
      },
      "latency_us" : {
        "2" : 0.010000,
        "4" : 0.000000,
        "10" : 0.010000,
        "20" : 0.010000,
        "50" : 27.679616,
        "100" : 18.473596,
        "250" : 17.302538,
        "500" : 7.295120,
        "750" : 2.656375,
        "1000" : 1.395066
      },
      "latency_ms" : {
        "2" : 4.975852,
        "4" : 8.693942,
        "10" : 7.786330,
        "20" : 1.820232,
        "50" : 1.268195,
        "100" : 0.655017,
        "250" : 0.010000,
        "500" : 0.000000,
        "750" : 0.000000,
        "1000" : 0.000000,
        "2000" : 0.000000,
        ">=2000" : 0.000000
      },
      "latency_depth" : 64,
      "latency_target" : 0,
      "latency_percentile" : 100.000000,
      "latency_window" : 0
    }
  ],
  "disk_util" : [
    {
      "name" : "nvme1n1",
      "read_ios" : 317076,
      "write_ios" : 950229,
      "read_merges" : 0,
      "write_merges" : 0,
      "read_ticks" : 2381504,
      "write_ticks" : 111255,
      "in_queue" : 2492759,
      "util" : 69.975044
    }
  ]
}
