{
  "fio version" : "fio-3.28",
  "timestamp" : 1757418838,
  "timestamp_ms" : 1757418838280,
  "time" : "Tue Sep  9 07:53:58 2025",
  "jobs" : [
    {
      "jobname" : "mixed_io",
      "groupid" : 0,
      "error" : 0,
      "eta" : 0,
      "elapsed" : 41,
      "job options" : {
        "name" : "mixed_io",
        "filename" : "/dev/nvme1n1p2",
        "rw" : "randrw",
        "rwmixread" : "75",
        "bs" : "1024k",
        "ioengine" : "libaio",
        "iodepth" : "4",
        "numjobs" : "2",
        "runtime" : "30",
        "ramp_time" : "10",
        "direct" : "1"
      },
      "read" : {
        "io_bytes" : 77982597120,
        "io_kbytes" : 76154880,
        "bw_bytes" : 2599246620,
        "bw" : 2538326,
        "iops" : 2478.634758,
        "runtime" : 30002,
        "total_ios" : 74364,
        "short_ios" : 0,
        "drop_ios" : 0,
        "slat_ns" : {
          "min" : 157185,
          "max" : 521977,
          "mean" : 208316.412390,
          "stddev" : 36582.848973,
          "N" : 74364
        },
        "clat_ns" : {
          "min" : 236768,
          "max" : 32992543,
          "mean" : 2807031.872368,
          "stddev" : 1394283.391682,
          "N" : 74370,
          "percentile" : {
            "1.000000" : 651264,
            "5.000000" : 913408,
            "10.000000" : 1138688,
            "20.000000" : 1548288,
            "30.000000" : 2113536,
            "40.000000" : 2473984,
            "50.000000" : 2703360,
            "60.000000" : 2965504,
            "70.000000" : 3293184,
            "80.000000" : 3850240,
            "90.000000" : 4489216,
            "95.000000" : 5079040,
            "99.000000" : 6455296,
            "99.500000" : 7110656,
            "99.900000" : 9895936,
            "99.950000" : 16187392,
            "99.990000" : 25034752
          }
        },
        "lat_ns" : {
          "min" : 442876,
          "max" : 33181053,
          "mean" : 3015839.975756,
          "stddev" : 1387920.903225,
          "N" : 74370
        },
        "bw_min" : 2035863,
        "bw_max" : 3933882,
        "bw_agg" : 100.000000,
        "bw_mean" : 2540618.650000,
        "bw_dev" : 131247.025007,
        "bw_samples" : 120,
        "iops_min" : 1988,
        "iops_max" : 3840,
        "iops_mean" : 2480.600000,
        "iops_stddev" : 128.068157,
        "iops_samples" : 120
      },
      "write" : {
        "io_bytes" : 25977421824,
        "io_kbytes" : 25368576,
        "bw_bytes" : 865856337,
        "bw" : 845562,
        "iops" : 825.744950,
        "runtime" : 30002,
        "total_ios" : 24774,
        "short_ios" : 0,
        "drop_ios" : 0,
        "slat_ns" : {
          "min" : 157400,
          "max" : 473212,
          "mean" : 245750.293856,
          "stddev" : 41591.267683,
          "N" : 24774
        },
        "clat_ns" : {
          "min" : 2300,
          "max" : 25828919,
          "mean" : 372108.217890,
          "stddev" : 717229.192811,
          "N" : 24774,
          "percentile" : {
            "1.000000" : 115200,
            "5.000000" : 132096,
            "10.000000" : 138240,
            "20.000000" : 162816,
            "30.000000" : 207872,
            "40.000000" : 232448,
            "50.000000" : 261120,
            "60.000000" : 313344,
            "70.000000" : 407552,
            "80.000000" : 477184,
            "90.000000" : 626688,
            "95.000000" : 798720,
            "99.000000" : 1384448,
            "99.500000" : 1564672,
            "99.900000" : 9633792,
            "99.950000" : 21626880,
            "99.990000" : 25296896
          }
        },
        "lat_ns" : {
          "min" : 305524,
          "max" : 26015086,
          "mean" : 618506.895980,
          "stddev" : 719868.025204,
          "N" : 24774
        },
        "bw_min" : 651264,
        "bw_max" : 1276408,
        "bw_agg" : 100.000000,
        "bw_mean" : 846418.566667,
        "bw_dev" : 48353.832450,
        "bw_samples" : 120,
        "iops_min" : 636,
        "iops_max" : 1246,
        "iops_mean" : 825.833333,
        "iops_stddev" : 47.217140,
        "iops_samples" : 120
      },
      "trim" : {
        "io_bytes" : 0,
        "io_kbytes" : 0,
        "bw_bytes" : 0,
        "bw" : 0,
        "iops" : 0.000000,
        "runtime" : 0,
        "total_ios" : 0,
        "short_ios" : 0,
        "drop_ios" : 0,
        "slat_ns" : {
          "min" : 0,
          "max" : 0,
          "mean" : 0.000000,
          "stddev" : 0.000000,
          "N" : 0
        },
        "clat_ns" : {
          "min" : 0,
          "max" : 0,
          "mean" : 0.000000,
          "stddev" : 0.000000,
          "N" : 0
        },
        "lat_ns" : {
          "min" : 0,
          "max" : 0,
          "mean" : 0.000000,
          "stddev" : 0.000000,
          "N" : 0
        },
        "bw_min" : 0,
        "bw_max" : 0,
        "bw_agg" : 0.000000,
        "bw_mean" : 0.000000,
        "bw_dev" : 0.000000,
        "bw_samples" : 0,
        "iops_min" : 0,
        "iops_max" : 0,
        "iops_mean" : 0.000000,
        "iops_stddev" : 0.000000,
        "iops_samples" : 0
      },
      "sync" : {
        "total_ios" : 0,
        "lat_ns" : {
          "min" : 0,
          "max" : 0,
          "mean" : 0.000000,
          "stddev" : 0.000000,
          "N" : 0
        }
      },
      "job_runtime" : 60001,
      "usr_cpu" : 3.648273,
      "sys_cpu" : 37.867702,
      "ctx" : 48504,
      "majf" : 0,
      "minf" : 118,
      "iodepth_level" : {
        "1" : 0.000000,
        "2" : 0.000000,
        "4" : 100.000000,
        "8" : 0.000000,
        "16" : 0.000000,
        "32" : 0.000000,
        ">=64" : 0.000000
      },
      "iodepth_submit" : {
        "0" : 0.000000,
        "4" : 100.000000,
        "8" : 0.000000,
        "16" : 0.000000,
        "32" : 0.000000,
        "64" : 0.000000,
        ">=64" : 0.000000
      },
      "iodepth_complete" : {
        "0" : 0.000000,
        "4" : 100.000000,
        "8" : 0.000000,
        "16" : 0.000000,
        "32" : 0.000000,
        "64" : 0.000000,
        ">=64" : 0.000000
      },
      "latency_ns" : {
        "2" : 0.000000,
        "4" : 0.000000,
        "10" : 0.000000,
        "20" : 0.000000,
        "50" : 0.000000,
        "100" : 0.000000,
        "250" : 0.000000,
        "500" : 0.000000,
        "750" : 0.000000,
        "1000" : 0.000000
      },
      "latency_us" : {
        "2" : 0.000000,
        "4" : 0.010000,
        "10" : 0.000000,
        "20" : 0.000000,
        "50" : 0.000000,
        "100" : 0.042365,
        "250" : 11.567714,
        "500" : 9.092376,
        "750" : 4.761040,
        "1000" : 3.687789
      },
      "latency_ms" : {
        "2" : 16.605136,
        "4" : 41.004458,
        "10" : 13.147330,
        "20" : 0.049426,
        "50" : 0.047409,
        "100" : 0.000000,
        "250" : 0.000000,
        "500" : 0.000000,
        "750" : 0.000000,
        "1000" : 0.000000,
        "2000" : 0.000000,
        ">=2000" : 0.000000
      },
      "latency_depth" : 4,
      "latency_target" : 0,
      "latency_percentile" : 100.000000,
      "latency_window" : 0
    }
  ],
  "disk_util" : [
    {
      "name" : "nvme1n1",
      "read_ios" : 778240,
      "write_ios" : 260456,
      "read_merges" : 0,
      "write_merges" : 0,
      "read_ticks" : 1757383,
      "write_ticks" : 42737,
      "in_queue" : 1800119,
      "util" : 77.957472
    }
  ]
}
