{
  "fio version" : "fio-3.28",
  "timestamp" : 1757416171,
  "timestamp_ms" : 1757416171934,
  "time" : "Tue Sep  9 07:09:31 2025",
  "jobs" : [
    {
      "jobname" : "mixed_io",
      "groupid" : 0,
      "error" : 0,
      "eta" : 0,
      "elapsed" : 41,
      "job options" : {
        "name" : "mixed_io",
        "filename" : "/dev/nvme1n1p2",
        "rw" : "randrw",
        "rwmixread" : "25",
        "bs" : "1024k",
        "ioengine" : "libaio",
        "iodepth" : "16",
        "numjobs" : "1",
        "runtime" : "30",
        "ramp_time" : "10",
        "direct" : "1"
      },
      "read" : {
        "io_bytes" : 17671651328,
        "io_kbytes" : 17257472,
        "bw_bytes" : 588898004,
        "bw" : 575095,
        "iops" : 561.183684,
        "runtime" : 30008,
        "total_ios" : 16840,
        "short_ios" : 0,
        "drop_ios" : 0,
        "slat_ns" : {
          "min" : 123018,
          "max" : 676290,
          "mean" : 192873.680879,
          "stddev" : 28119.826255,
          "N" : 16840
        },
        "clat_ns" : {
          "min" : 401158,
          "max" : 70921303,
          "mean" : 20391162.458996,
          "stddev" : 9461759.735952,
          "N" : 16852,
          "percentile" : {
            "1.000000" : 4292608,
            "5.000000" : 6520832,
            "10.000000" : 8454144,
            "20.000000" : 11862016,
            "30.000000" : 14745600,
            "40.000000" : 17170432,
            "50.000000" : 19791872,
            "60.000000" : 22151168,
            "70.000000" : 24772608,
            "80.000000" : 27918336,
            "90.000000" : 32899072,
            "95.000000" : 36962304,
            "99.000000" : 47448064,
            "99.500000" : 51118080,
            "99.900000" : 58982400,
            "99.950000" : 62652416,
            "99.990000" : 70778880
          }
        },
        "lat_ns" : {
          "min" : 615806,
          "max" : 71082773,
          "mean" : 20584428.510207,
          "stddev" : 9461924.880129,
          "N" : 16852
        },
        "bw_min" : 487424,
        "bw_max" : 702464,
        "bw_agg" : 100.000000,
        "bw_mean" : 575848.800000,
        "bw_dev" : 42585.060658,
        "bw_samples" : 60,
        "iops_min" : 476,
        "iops_max" : 686,
        "iops_mean" : 562.266667,
        "iops_stddev" : 41.576504,
        "iops_samples" : 60
      },
      "write" : {
        "io_bytes" : 52579794944,
        "io_kbytes" : 51347456,
        "bw_bytes" : 1752192580,
        "bw" : 1711125,
        "iops" : 1670.921088,
        "runtime" : 30008,
        "total_ios" : 50141,
        "short_ios" : 0,
        "drop_ios" : 0,
        "slat_ns" : {
          "min" : 130651,
          "max" : 642451,
          "mean" : 246392.913127,
          "stddev" : 43239.750654,
          "N" : 50142
        },
        "clat_ns" : {
          "min" : 68960,
          "max" : 28884523,
          "mean" : 2408514.628151,
          "stddev" : 1941049.461175,
          "N" : 50144,
          "percentile" : {
            "1.000000" : 136192,
            "5.000000" : 240640,
            "10.000000" : 428032,
            "20.000000" : 856064,
            "30.000000" : 1253376,
            "40.000000" : 1581056,
            "50.000000" : 2007040,
            "60.000000" : 2473984,
            "70.000000" : 3063808,
            "80.000000" : 3719168,
            "90.000000" : 4816896,
            "95.000000" : 5799936,
            "99.000000" : 7438336,
            "99.500000" : 7897088,
            "99.900000" : 23461888,
            "99.950000" : 25034752,
            "99.990000" : 27918336
          }
        },
        "lat_ns" : {
          "min" : 301125,
          "max" : 29088373,
          "mean" : 2655374.867821,
          "stddev" : 1940145.280258,
          "N" : 50144
        },
        "bw_min" : 1594484,
        "bw_max" : 1834581,
        "bw_agg" : 100.000000,
        "bw_mean" : 1712938.500000,
        "bw_dev" : 61448.091324,
        "bw_samples" : 60,
        "iops_min" : 1557,
        "iops_max" : 1791,
        "iops_mean" : 1672.616667,
        "iops_stddev" : 59.972619,
        "iops_samples" : 60
      },
      "trim" : {
        "io_bytes" : 0,
        "io_kbytes" : 0,
        "bw_bytes" : 0,
        "bw" : 0,
        "iops" : 0.000000,
        "runtime" : 0,
        "total_ios" : 0,
        "short_ios" : 0,
        "drop_ios" : 0,
        "slat_ns" : {
          "min" : 0,
          "max" : 0,
          "mean" : 0.000000,
          "stddev" : 0.000000,
          "N" : 0
        },
        "clat_ns" : {
          "min" : 0,
          "max" : 0,
          "mean" : 0.000000,
          "stddev" : 0.000000,
          "N" : 0
        },
        "lat_ns" : {
          "min" : 0,
          "max" : 0,
          "mean" : 0.000000,
          "stddev" : 0.000000,
          "N" : 0
        },
        "bw_min" : 0,
        "bw_max" : 0,
        "bw_agg" : 0.000000,
        "bw_mean" : 0.000000,
        "bw_dev" : 0.000000,
        "bw_samples" : 0,
        "iops_min" : 0,
        "iops_max" : 0,
        "iops_mean" : 0.000000,
        "iops_stddev" : 0.000000,
        "iops_samples" : 0
      },
      "sync" : {
        "total_ios" : 0,
        "lat_ns" : {
          "min" : 0,
          "max" : 0,
          "mean" : 0.000000,
          "stddev" : 0.000000,
          "N" : 0
        }
      },
      "job_runtime" : 30007,
      "usr_cpu" : 15.752991,
      "sys_cpu" : 42.333456,
      "ctx" : 40694,
      "majf" : 0,
      "minf" : 63,
      "iodepth_level" : {
        "1" : 0.000000,
        "2" : 0.000000,
        "4" : 0.000000,
        "8" : 0.000000,
        "16" : 100.000000,
        "32" : 0.000000,
        ">=64" : 0.000000
      },
      "iodepth_submit" : {
        "0" : 0.000000,
        "4" : 100.000000,
        "8" : 0.000000,
        "16" : 0.000000,
        "32" : 0.000000,
        "64" : 0.000000,
        ">=64" : 0.000000
      },
      "iodepth_complete" : {
        "0" : 0.000000,
        "4" : 99.998507,
        "8" : 0.000000,
        "16" : 0.100000,
        "32" : 0.000000,
        "64" : 0.000000,
        ">=64" : 0.000000
      },
      "latency_ns" : {
        "2" : 0.000000,
        "4" : 0.000000,
        "10" : 0.000000,
        "20" : 0.000000,
        "50" : 0.000000,
        "100" : 0.000000,
        "250" : 0.000000,
        "500" : 0.000000,
        "750" : 0.000000,
        "1000" : 0.000000
      },
      "latency_us" : {
        "2" : 0.000000,
        "4" : 0.000000,
        "10" : 0.000000,
        "20" : 0.000000,
        "50" : 0.000000,
        "100" : 0.014930,
        "250" : 3.941416,
        "500" : 4.701333,
        "750" : 4.287783,
        "1000" : 4.899897
      },
      "latency_ms" : {
        "2" : 19.333841,
        "4" : 25.104134,
        "10" : 15.970201,
        "20" : 9.363849,
        "50" : 12.249742,
        "100" : 0.155268,
        "250" : 0.000000,
        "500" : 0.000000,
        "750" : 0.000000,
        "1000" : 0.000000,
        "2000" : 0.000000,
        ">=2000" : 0.000000
      },
      "latency_depth" : 16,
      "latency_target" : 0,
      "latency_percentile" : 100.000000,
      "latency_window" : 0
    }
  ],
  "disk_util" : [
    {
      "name" : "nvme1n1",
      "read_ios" : 172251,
      "write_ios" : 512514,
      "read_merges" : 0,
      "write_merges" : 0,
      "read_ticks" : 2304582,
      "write_ticks" : 912381,
      "in_queue" : 3216963,
      "util" : 78.947368
    }
  ]
}
