{
  "fio version" : "fio-3.28",
  "timestamp" : 1757418474,
  "timestamp_ms" : 1757418474786,
  "time" : "Tue Sep  9 07:47:54 2025",
  "jobs" : [
    {
      "jobname" : "mixed_io",
      "groupid" : 0,
      "error" : 0,
      "eta" : 0,
      "elapsed" : 41,
      "job options" : {
        "name" : "mixed_io",
        "filename" : "/dev/nvme1n1p2",
        "rw" : "randrw",
        "rwmixread" : "75",
        "bs" : "1024k",
        "ioengine" : "libaio",
        "iodepth" : "1",
        "numjobs" : "2",
        "runtime" : "30",
        "ramp_time" : "10",
        "direct" : "1"
      },
      "read" : {
        "io_bytes" : 50839158784,
        "io_kbytes" : 49647616,
        "bw_bytes" : 1694582140,
        "bw" : 1654865,
        "iops" : 1616.079464,
        "runtime" : 30001,
        "total_ios" : 48484,
        "short_ios" : 0,
        "drop_ios" : 0,
        "slat_ns" : {
          "min" : 64250,
          "max" : 377884,
          "mean" : 190284.798263,
          "stddev" : 25473.433434,
          "N" : 48484
        },
        "clat_ns" : {
          "min" : 160058,
          "max" : 23336542,
          "mean" : 903804.494307,
          "stddev" : 701260.138018,
          "N" : 48484,
          "percentile" : {
            "1.000000" : 207872,
            "5.000000" : 246784,
            "10.000000" : 280576,
            "20.000000" : 342016,
            "30.000000" : 391168,
            "40.000000" : 440320,
            "50.000000" : 514048,
            "60.000000" : 765952,
            "70.000000" : 1466368,
            "80.000000" : 1662976,
            "90.000000" : 1826816,
            "95.000000" : 1957888,
            "99.000000" : 2277376,
            "99.500000" : 2637824,
            "99.900000" : 3391488,
            "99.950000" : 4014080,
            "99.990000" : 16318464
          }
        },
        "lat_ns" : {
          "min" : 291318,
          "max" : 23503678,
          "mean" : 1094594.029041,
          "stddev" : 699207.831489,
          "N" : 48484
        },
        "bw_min" : 1445888,
        "bw_max" : 1855488,
        "bw_agg" : 100.000000,
        "bw_mean" : 1656174.083333,
        "bw_dev" : 40776.677310,
        "bw_samples" : 120,
        "iops_min" : 1412,
        "iops_max" : 1812,
        "iops_mean" : 1616.850000,
        "iops_stddev" : 39.789726,
        "iops_samples" : 120
      },
      "write" : {
        "io_bytes" : 16784556032,
        "io_kbytes" : 16391168,
        "bw_bytes" : 559466552,
        "bw" : 546354,
        "iops" : 533.515549,
        "runtime" : 30001,
        "total_ios" : 16006,
        "short_ios" : 0,
        "drop_ios" : 0,
        "slat_ns" : {
          "min" : 106350,
          "max" : 550245,
          "mean" : 240945.260199,
          "stddev" : 33131.121299,
          "N" : 16007
        },
        "clat_ns" : {
          "min" : 8916,
          "max" : 20370987,
          "mean" : 170013.498313,
          "stddev" : 233920.622771,
          "N" : 16006,
          "percentile" : {
            "1.000000" : 99840,
            "5.000000" : 126464,
            "10.000000" : 134144,
            "20.000000" : 138240,
            "30.000000" : 140288,
            "40.000000" : 146432,
            "50.000000" : 152576,
            "60.000000" : 158720,
            "70.000000" : 164864,
            "80.000000" : 179200,
            "90.000000" : 222208,
            "95.000000" : 280576,
            "99.000000" : 378880,
            "99.500000" : 505856,
            "99.900000" : 872448,
            "99.950000" : 1036288,
            "99.990000" : 20316160
          }
        },
        "lat_ns" : {
          "min" : 304334,
          "max" : 20660126,
          "mean" : 411587.928902,
          "stddev" : 235852.401768,
          "N" : 16006
        },
        "bw_min" : 446899,
        "bw_max" : 682661,
        "bw_agg" : 100.000000,
        "bw_mean" : 546825.233333,
        "bw_dev" : 22937.958552,
        "bw_samples" : 120,
        "iops_min" : 436,
        "iops_max" : 666,
        "iops_mean" : 533.566667,
        "iops_stddev" : 22.343072,
        "iops_samples" : 120
      },
      "trim" : {
        "io_bytes" : 0,
        "io_kbytes" : 0,
        "bw_bytes" : 0,
        "bw" : 0,
        "iops" : 0.000000,
        "runtime" : 0,
        "total_ios" : 0,
        "short_ios" : 0,
        "drop_ios" : 0,
        "slat_ns" : {
          "min" : 0,
          "max" : 0,
          "mean" : 0.000000,
          "stddev" : 0.000000,
          "N" : 0
        },
        "clat_ns" : {
          "min" : 0,
          "max" : 0,
          "mean" : 0.000000,
          "stddev" : 0.000000,
          "N" : 0
        },
        "lat_ns" : {
          "min" : 0,
          "max" : 0,
          "mean" : 0.000000,
          "stddev" : 0.000000,
          "N" : 0
        },
        "bw_min" : 0,
        "bw_max" : 0,
        "bw_agg" : 0.000000,
        "bw_mean" : 0.000000,
        "bw_dev" : 0.000000,
        "bw_samples" : 0,
        "iops_min" : 0,
        "iops_max" : 0,
        "iops_mean" : 0.000000,
        "iops_stddev" : 0.000000,
        "iops_samples" : 0
      },
      "sync" : {
        "total_ios" : 0,
        "lat_ns" : {
          "min" : 0,
          "max" : 0,
          "mean" : 0.000000,
          "stddev" : 0.000000,
          "N" : 0
        }
      },
      "job_runtime" : 60000,
      "usr_cpu" : 2.970000,
      "sys_cpu" : 24.523333,
      "ctx" : 64501,
      "majf" : 0,
      "minf" : 122,
      "iodepth_level" : {
        "1" : 100.000000,
        "2" : 0.000000,
        "4" : 0.000000,
        "8" : 0.000000,
        "16" : 0.000000,
        "32" : 0.000000,
        ">=64" : 0.000000
      },
      "iodepth_submit" : {
        "0" : 0.000000,
        "4" : 100.000000,
        "8" : 0.000000,
        "16" : 0.000000,
        "32" : 0.000000,
        "64" : 0.000000,
        ">=64" : 0.000000
      },
      "iodepth_complete" : {
        "0" : 0.000000,
        "4" : 100.000000,
        "8" : 0.000000,
        "16" : 0.000000,
        "32" : 0.000000,
        "64" : 0.000000,
        ">=64" : 0.000000
      },
      "latency_ns" : {
        "2" : 0.000000,
        "4" : 0.000000,
        "10" : 0.000000,
        "20" : 0.000000,
        "50" : 0.000000,
        "100" : 0.000000,
        "250" : 0.000000,
        "500" : 0.000000,
        "750" : 0.000000,
        "1000" : 0.000000
      },
      "latency_us" : {
        "2" : 0.000000,
        "4" : 0.000000,
        "10" : 0.010000,
        "20" : 0.000000,
        "50" : 0.010000,
        "100" : 0.241898,
        "250" : 26.602574,
        "500" : 34.163436,
        "750" : 8.767251,
        "1000" : 1.059079
      },
      "latency_ms" : {
        "2" : 26.253683,
        "4" : 2.868662,
        "10" : 0.015506,
        "20" : 0.018608,
        "50" : 0.010000,
        "100" : 0.000000,
        "250" : 0.000000,
        "500" : 0.000000,
        "750" : 0.000000,
        "1000" : 0.000000,
        "2000" : 0.000000,
        ">=2000" : 0.000000
      },
      "latency_depth" : 1,
      "latency_target" : 0,
      "latency_percentile" : 100.000000,
      "latency_window" : 0
    }
  ],
  "disk_util" : [
    {
      "name" : "nvme1n1",
      "read_ios" : 509520,
      "write_ios" : 169968,
      "read_merges" : 0,
      "write_merges" : 0,
      "read_ticks" : 297458,
      "write_ticks" : 18379,
      "in_queue" : 315837,
      "util" : 78.303511
    }
  ]
}
