{
  "fio version" : "fio-3.28",
  "timestamp" : 1757415768,
  "timestamp_ms" : 1757415768023,
  "time" : "Tue Sep  9 07:02:48 2025",
  "jobs" : [
    {
      "jobname" : "mixed_io",
      "groupid" : 0,
      "error" : 0,
      "eta" : 0,
      "elapsed" : 41,
      "job options" : {
        "name" : "mixed_io",
        "filename" : "/dev/nvme1n1p2",
        "rw" : "randrw",
        "rwmixread" : "25",
        "bs" : "64k",
        "ioengine" : "libaio",
        "iodepth" : "4",
        "numjobs" : "1",
        "runtime" : "30",
        "ramp_time" : "10",
        "direct" : "1"
      },
      "read" : {
        "io_bytes" : 8182431744,
        "io_kbytes" : 7990656,
        "bw_bytes" : 272738633,
        "bw" : 266346,
        "iops" : 4161.594614,
        "runtime" : 30001,
        "total_ios" : 124852,
        "short_ios" : 0,
        "drop_ios" : 0,
        "slat_ns" : {
          "min" : 5861,
          "max" : 218465,
          "mean" : 18800.256245,
          "stddev" : 5317.878797,
          "N" : 124853
        },
        "clat_ns" : {
          "min" : 68584,
          "max" : 22145504,
          "mean" : 737178.229436,
          "stddev" : 647194.162837,
          "N" : 124854,
          "percentile" : {
            "1.000000" : 138240,
            "5.000000" : 162816,
            "10.000000" : 175104,
            "20.000000" : 193536,
            "30.000000" : 211968,
            "40.000000" : 242688,
            "50.000000" : 358400,
            "60.000000" : 954368,
            "70.000000" : 1236992,
            "80.000000" : 1400832,
            "90.000000" : 1548288,
            "95.000000" : 1646592,
            "99.000000" : 1810432,
            "99.500000" : 1892352,
            "99.900000" : 2834432,
            "99.950000" : 3194880,
            "99.990000" : 17694720
          }
        },
        "lat_ns" : {
          "min" : 120029,
          "max" : 22167312,
          "mean" : 756391.226216,
          "stddev" : 646765.640962,
          "N" : 124854
        },
        "bw_min" : 244480,
        "bw_max" : 284416,
        "bw_agg" : 100.000000,
        "bw_mean" : 266555.150000,
        "bw_dev" : 10446.947120,
        "bw_samples" : 60,
        "iops_min" : 3818,
        "iops_max" : 4444,
        "iops_mean" : 4164.716667,
        "iops_stddev" : 163.244860,
        "iops_samples" : 60
      },
      "write" : {
        "io_bytes" : 24435294208,
        "io_kbytes" : 23862592,
        "bw_bytes" : 814482657,
        "bw" : 795393,
        "iops" : 12427.952402,
        "runtime" : 30001,
        "total_ios" : 372851,
        "short_ios" : 0,
        "drop_ios" : 0,
        "slat_ns" : {
          "min" : 6344,
          "max" : 194275,
          "mean" : 19834.348445,
          "stddev" : 5336.419249,
          "N" : 372851
        },
        "clat_ns" : {
          "min" : 1396,
          "max" : 19750261,
          "mean" : 45953.883656,
          "stddev" : 48428.689536,
          "N" : 372852,
          "percentile" : {
            "1.000000" : 25728,
            "5.000000" : 26240,
            "10.000000" : 26752,
            "20.000000" : 31616,
            "30.000000" : 33536,
            "40.000000" : 34048,
            "50.000000" : 39168,
            "60.000000" : 50432,
            "70.000000" : 52992,
            "80.000000" : 59648,
            "90.000000" : 75264,
            "95.000000" : 79360,
            "99.000000" : 89600,
            "99.500000" : 97792,
            "99.900000" : 118272,
            "99.950000" : 123392,
            "99.990000" : 148480
          }
        },
        "lat_ns" : {
          "min" : 30269,
          "max" : 19773859,
          "mean" : 66463.236190,
          "stddev" : 49193.531846,
          "N" : 372852
        },
        "bw_min" : 722432,
        "bw_max" : 855552,
        "bw_agg" : 100.000000,
        "bw_mean" : 796032.700000,
        "bw_dev" : 31918.934944,
        "bw_samples" : 60,
        "iops_min" : 11288,
        "iops_max" : 13368,
        "iops_mean" : 12437.800000,
        "iops_stddev" : 498.756991,
        "iops_samples" : 60
      },
      "trim" : {
        "io_bytes" : 0,
        "io_kbytes" : 0,
        "bw_bytes" : 0,
        "bw" : 0,
        "iops" : 0.000000,
        "runtime" : 0,
        "total_ios" : 0,
        "short_ios" : 0,
        "drop_ios" : 0,
        "slat_ns" : {
          "min" : 0,
          "max" : 0,
          "mean" : 0.000000,
          "stddev" : 0.000000,
          "N" : 0
        },
        "clat_ns" : {
          "min" : 0,
          "max" : 0,
          "mean" : 0.000000,
          "stddev" : 0.000000,
          "N" : 0
        },
        "lat_ns" : {
          "min" : 0,
          "max" : 0,
          "mean" : 0.000000,
          "stddev" : 0.000000,
          "N" : 0
        },
        "bw_min" : 0,
        "bw_max" : 0,
        "bw_agg" : 0.000000,
        "bw_mean" : 0.000000,
        "bw_dev" : 0.000000,
        "bw_samples" : 0,
        "iops_min" : 0,
        "iops_max" : 0,
        "iops_mean" : 0.000000,
        "iops_stddev" : 0.000000,
        "iops_samples" : 0
      },
      "sync" : {
        "total_ios" : 0,
        "lat_ns" : {
          "min" : 0,
          "max" : 0,
          "mean" : 0.000000,
          "stddev" : 0.000000,
          "N" : 0
        }
      },
      "job_runtime" : 30000,
      "usr_cpu" : 10.580000,
      "sys_cpu" : 35.266667,
      "ctx" : 142750,
      "majf" : 0,
      "minf" : 59,
      "iodepth_level" : {
        "1" : 0.000000,
        "2" : 0.000000,
        "4" : 100.000000,
        "8" : 0.000000,
        "16" : 0.000000,
        "32" : 0.000000,
        ">=64" : 0.000000
      },
      "iodepth_submit" : {
        "0" : 0.000000,
        "4" : 100.000000,
        "8" : 0.000000,
        "16" : 0.000000,
        "32" : 0.000000,
        "64" : 0.000000,
        ">=64" : 0.000000
      },
      "iodepth_complete" : {
        "0" : 0.000000,
        "4" : 100.000000,
        "8" : 0.000000,
        "16" : 0.000000,
        "32" : 0.000000,
        "64" : 0.000000,
        ">=64" : 0.000000
      },
      "latency_ns" : {
        "2" : 0.000000,
        "4" : 0.000000,
        "10" : 0.000000,
        "20" : 0.000000,
        "50" : 0.000000,
        "100" : 0.000000,
        "250" : 0.000000,
        "500" : 0.000000,
        "750" : 0.000000,
        "1000" : 0.000000
      },
      "latency_us" : {
        "2" : 0.010000,
        "4" : 0.000000,
        "10" : 0.010000,
        "20" : 0.010000,
        "50" : 43.919968,
        "100" : 30.673514,
        "250" : 10.676849,
        "500" : 2.805287,
        "750" : 0.847694,
        "1000" : 1.327298
      },
      "latency_ms" : {
        "2" : 9.667613,
        "4" : 0.067108,
        "10" : 0.010000,
        "20" : 0.010000,
        "50" : 0.010000,
        "100" : 0.000000,
        "250" : 0.000000,
        "500" : 0.000000,
        "750" : 0.000000,
        "1000" : 0.000000,
        "2000" : 0.000000,
        ">=2000" : 0.000000
      },
      "latency_depth" : 4,
      "latency_target" : 0,
      "latency_percentile" : 100.000000,
      "latency_window" : 0
    }
  ],
  "disk_util" : [
    {
      "name" : "nvme1n1",
      "read_ios" : 170259,
      "write_ios" : 507473,
      "read_merges" : 0,
      "write_merges" : 0,
      "read_ticks" : 118901,
      "write_ticks" : 17044,
      "in_queue" : 135945,
      "util" : 77.962718
    }
  ]
}
