{
  "fio version" : "fio-3.28",
  "timestamp" : 1757418636,
  "timestamp_ms" : 1757418636384,
  "time" : "Tue Sep  9 07:50:36 2025",
  "jobs" : [
    {
      "jobname" : "mixed_io",
      "groupid" : 0,
      "error" : 0,
      "eta" : 0,
      "elapsed" : 41,
      "job options" : {
        "name" : "mixed_io",
        "filename" : "/dev/nvme1n1p2",
        "rw" : "randrw",
        "rwmixread" : "75",
        "bs" : "4k",
        "ioengine" : "libaio",
        "iodepth" : "4",
        "numjobs" : "1",
        "runtime" : "30",
        "ramp_time" : "10",
        "direct" : "1"
      },
      "read" : {
        "io_bytes" : 4205854720,
        "io_kbytes" : 4107280,
        "bw_bytes" : 140190484,
        "bw" : 136904,
        "iops" : 34226.092464,
        "runtime" : 30001,
        "total_ios" : 1026817,
        "short_ios" : 0,
        "drop_ios" : 0,
        "slat_ns" : {
          "min" : 2752,
          "max" : 140355,
          "mean" : 7109.162144,
          "stddev" : 2776.145249,
          "N" : 1026817
        },
        "clat_ns" : {
          "min" : 1182,
          "max" : 8177039,
          "mean" : 97710.102412,
          "stddev" : 126368.566823,
          "N" : 1026820,
          "percentile" : {
            "1.000000" : 26752,
            "5.000000" : 49920,
            "10.000000" : 69120,
            "20.000000" : 74240,
            "30.000000" : 77312,
            "40.000000" : 80384,
            "50.000000" : 83456,
            "60.000000" : 87552,
            "70.000000" : 90624,
            "80.000000" : 94720,
            "90.000000" : 101888,
            "95.000000" : 113152,
            "99.000000" : 774144,
            "99.500000" : 1155072,
            "99.900000" : 1482752,
            "99.950000" : 1564672,
            "99.990000" : 1794048
          }
        },
        "lat_ns" : {
          "min" : 25421,
          "max" : 8184215,
          "mean" : 105145.406677,
          "stddev" : 126366.515001,
          "N" : 1026820
        },
        "bw_min" : 115992,
        "bw_max" : 144665,
        "bw_agg" : 100.000000,
        "bw_mean" : 137059.779661,
        "bw_dev" : 4034.133407,
        "bw_samples" : 59,
        "iops_min" : 28998,
        "iops_max" : 36166,
        "iops_mean" : 34264.796610,
        "iops_stddev" : 1008.537483,
        "iops_samples" : 59
      },
      "write" : {
        "io_bytes" : 1402728448,
        "io_kbytes" : 1369852,
        "bw_bytes" : 46756056,
        "bw" : 45660,
        "iops" : 11415.019499,
        "runtime" : 30001,
        "total_ios" : 342462,
        "short_ios" : 0,
        "drop_ios" : 0,
        "slat_ns" : {
          "min" : 3247,
          "max" : 100959,
          "mean" : 7137.241924,
          "stddev" : 2858.790793,
          "N" : 342463
        },
        "clat_ns" : {
          "min" : 1104,
          "max" : 171622,
          "mean" : 21725.446584,
          "stddev" : 7569.409792,
          "N" : 342462,
          "percentile" : {
            "1.000000" : 12096,
            "5.000000" : 12864,
            "10.000000" : 13120,
            "20.000000" : 13632,
            "30.000000" : 18048,
            "40.000000" : 19328,
            "50.000000" : 20608,
            "60.000000" : 21888,
            "70.000000" : 24704,
            "80.000000" : 27264,
            "90.000000" : 31872,
            "95.000000" : 35072,
            "99.000000" : 43264,
            "99.500000" : 49408,
            "99.900000" : 63744,
            "99.950000" : 69120,
            "99.990000" : 104960
          }
        },
        "lat_ns" : {
          "min" : 16556,
          "max" : 197355,
          "mean" : 29199.421548,
          "stddev" : 8530.156054,
          "N" : 342462
        },
        "bw_min" : 39520,
        "bw_max" : 48840,
        "bw_agg" : 100.000000,
        "bw_mean" : 45728.694915,
        "bw_dev" : 1404.729318,
        "bw_samples" : 59,
        "iops_min" : 9880,
        "iops_max" : 12210,
        "iops_mean" : 11432.000000,
        "iops_stddev" : 351.105348,
        "iops_samples" : 59
      },
      "trim" : {
        "io_bytes" : 0,
        "io_kbytes" : 0,
        "bw_bytes" : 0,
        "bw" : 0,
        "iops" : 0.000000,
        "runtime" : 0,
        "total_ios" : 0,
        "short_ios" : 0,
        "drop_ios" : 0,
        "slat_ns" : {
          "min" : 0,
          "max" : 0,
          "mean" : 0.000000,
          "stddev" : 0.000000,
          "N" : 0
        },
        "clat_ns" : {
          "min" : 0,
          "max" : 0,
          "mean" : 0.000000,
          "stddev" : 0.000000,
          "N" : 0
        },
        "lat_ns" : {
          "min" : 0,
          "max" : 0,
          "mean" : 0.000000,
          "stddev" : 0.000000,
          "N" : 0
        },
        "bw_min" : 0,
        "bw_max" : 0,
        "bw_agg" : 0.000000,
        "bw_mean" : 0.000000,
        "bw_dev" : 0.000000,
        "bw_samples" : 0,
        "iops_min" : 0,
        "iops_max" : 0,
        "iops_mean" : 0.000000,
        "iops_stddev" : 0.000000,
        "iops_samples" : 0
      },
      "sync" : {
        "total_ios" : 0,
        "lat_ns" : {
          "min" : 0,
          "max" : 0,
          "mean" : 0.000000,
          "stddev" : 0.000000,
          "N" : 0
        }
      },
      "job_runtime" : 30000,
      "usr_cpu" : 16.970000,
      "sys_cpu" : 44.180000,
      "ctx" : 481326,
      "majf" : 0,
      "minf" : 63,
      "iodepth_level" : {
        "1" : 0.000000,
        "2" : 0.000000,
        "4" : 100.000000,
        "8" : 0.000000,
        "16" : 0.000000,
        "32" : 0.000000,
        ">=64" : 0.000000
      },
      "iodepth_submit" : {
        "0" : 0.000000,
        "4" : 100.000000,
        "8" : 0.000000,
        "16" : 0.000000,
        "32" : 0.000000,
        "64" : 0.000000,
        ">=64" : 0.000000
      },
      "iodepth_complete" : {
        "0" : 0.000000,
        "4" : 100.000000,
        "8" : 0.000000,
        "16" : 0.000000,
        "32" : 0.000000,
        "64" : 0.000000,
        ">=64" : 0.000000
      },
      "latency_ns" : {
        "2" : 0.000000,
        "4" : 0.000000,
        "10" : 0.000000,
        "20" : 0.000000,
        "50" : 0.000000,
        "100" : 0.000000,
        "250" : 0.000000,
        "500" : 0.000000,
        "750" : 0.000000,
        "1000" : 0.000000
      },
      "latency_us" : {
        "2" : 0.010000,
        "4" : 0.010000,
        "10" : 0.010000,
        "20" : 11.936501,
        "50" : 16.706603,
        "100" : 62.353253,
        "250" : 7.679662,
        "500" : 0.278906,
        "750" : 0.260429,
        "1000" : 0.249547
      },
      "latency_ms" : {
        "2" : 0.521807,
        "4" : 0.010000,
        "10" : 0.010000,
        "20" : 0.000000,
        "50" : 0.000000,
        "100" : 0.000000,
        "250" : 0.000000,
        "500" : 0.000000,
        "750" : 0.000000,
        "1000" : 0.000000,
        "2000" : 0.000000,
        ">=2000" : 0.000000
      },
      "latency_depth" : 4,
      "latency_target" : 0,
      "latency_percentile" : 100.000000,
      "latency_window" : 0
    }
  ],
  "disk_util" : [
    {
      "name" : "nvme1n1",
      "read_ios" : 1360944,
      "write_ios" : 454284,
      "read_merges" : 0,
      "write_merges" : 0,
      "read_ticks" : 119643,
      "write_ticks" : 6475,
      "in_queue" : 126118,
      "util" : 68.126850
    }
  ]
}
