{
  "fio version" : "fio-3.28",
  "timestamp" : 1757418676,
  "timestamp_ms" : 1757418676757,
  "time" : "Tue Sep  9 07:51:16 2025",
  "jobs" : [
    {
      "jobname" : "mixed_io",
      "groupid" : 0,
      "error" : 0,
      "eta" : 0,
      "elapsed" : 41,
      "job options" : {
        "name" : "mixed_io",
        "filename" : "/dev/nvme1n1p2",
        "rw" : "randrw",
        "rwmixread" : "75",
        "bs" : "64k",
        "ioengine" : "libaio",
        "iodepth" : "4",
        "numjobs" : "1",
        "runtime" : "30",
        "ramp_time" : "10",
        "direct" : "1"
      },
      "read" : {
        "io_bytes" : 22706126848,
        "io_kbytes" : 22173952,
        "bw_bytes" : 756845666,
        "bw" : 739107,
        "iops" : 11548.448385,
        "runtime" : 30001,
        "total_ios" : 346465,
        "short_ios" : 0,
        "drop_ios" : 0,
        "slat_ns" : {
          "min" : 7156,
          "max" : 134687,
          "mean" : 18730.919533,
          "stddev" : 6382.354019,
          "N" : 346465
        },
        "clat_ns" : {
          "min" : 82746,
          "max" : 12979629,
          "mean" : 303621.190711,
          "stddev" : 332026.748555,
          "N" : 346467,
          "percentile" : {
            "1.000000" : 125440,
            "5.000000" : 154624,
            "10.000000" : 160768,
            "20.000000" : 166912,
            "30.000000" : 175104,
            "40.000000" : 187392,
            "50.000000" : 195584,
            "60.000000" : 207872,
            "70.000000" : 230400,
            "80.000000" : 280576,
            "90.000000" : 411648,
            "95.000000" : 1253376,
            "99.000000" : 1646592,
            "99.500000" : 1712128,
            "99.900000" : 1843200,
            "99.950000" : 1908736,
            "99.990000" : 3620864
          }
        },
        "lat_ns" : {
          "min" : 115705,
          "max" : 13003301,
          "mean" : 322698.591843,
          "stddev" : 332020.498256,
          "N" : 346467
        },
        "bw_min" : 664960,
        "bw_max" : 1044736,
        "bw_agg" : 100.000000,
        "bw_mean" : 739719.566667,
        "bw_dev" : 100367.147930,
        "bw_samples" : 60,
        "iops_min" : 10390,
        "iops_max" : 16324,
        "iops_mean" : 11557.933333,
        "iops_stddev" : 1568.258257,
        "iops_samples" : 60
      },
      "write" : {
        "io_bytes" : 7615283200,
        "io_kbytes" : 7436800,
        "bw_bytes" : 253834312,
        "bw" : 247885,
        "iops" : 3873.170894,
        "runtime" : 30001,
        "total_ios" : 116199,
        "short_ios" : 0,
        "drop_ios" : 0,
        "slat_ns" : {
          "min" : 9188,
          "max" : 151921,
          "mean" : 20025.386127,
          "stddev" : 6430.060485,
          "N" : 116200
        },
        "clat_ns" : {
          "min" : 1424,
          "max" : 216722,
          "mean" : 42688.074191,
          "stddev" : 14821.903193,
          "N" : 116200,
          "percentile" : {
            "1.000000" : 25984,
            "5.000000" : 26496,
            "10.000000" : 27264,
            "20.000000" : 33024,
            "30.000000" : 34048,
            "40.000000" : 34560,
            "50.000000" : 35584,
            "60.000000" : 41216,
            "70.000000" : 47872,
            "80.000000" : 54016,
            "90.000000" : 62720,
            "95.000000" : 72192,
            "99.000000" : 87552,
            "99.500000" : 102912,
            "99.900000" : 121344,
            "99.950000" : 134144,
            "99.990000" : 146432
          }
        },
        "lat_ns" : {
          "min" : 40961,
          "max" : 423170,
          "mean" : 63099.338046,
          "stddev" : 17482.320844,
          "N" : 116200
        },
        "bw_min" : 222396,
        "bw_max" : 355072,
        "bw_agg" : 100.000000,
        "bw_mean" : 248091.816667,
        "bw_dev" : 33567.619192,
        "bw_samples" : 60,
        "iops_min" : 3474,
        "iops_max" : 5548,
        "iops_mean" : 3876.250000,
        "iops_stddev" : 524.421251,
        "iops_samples" : 60
      },
      "trim" : {
        "io_bytes" : 0,
        "io_kbytes" : 0,
        "bw_bytes" : 0,
        "bw" : 0,
        "iops" : 0.000000,
        "runtime" : 0,
        "total_ios" : 0,
        "short_ios" : 0,
        "drop_ios" : 0,
        "slat_ns" : {
          "min" : 0,
          "max" : 0,
          "mean" : 0.000000,
          "stddev" : 0.000000,
          "N" : 0
        },
        "clat_ns" : {
          "min" : 0,
          "max" : 0,
          "mean" : 0.000000,
          "stddev" : 0.000000,
          "N" : 0
        },
        "lat_ns" : {
          "min" : 0,
          "max" : 0,
          "mean" : 0.000000,
          "stddev" : 0.000000,
          "N" : 0
        },
        "bw_min" : 0,
        "bw_max" : 0,
        "bw_agg" : 0.000000,
        "bw_mean" : 0.000000,
        "bw_dev" : 0.000000,
        "bw_samples" : 0,
        "iops_min" : 0,
        "iops_max" : 0,
        "iops_mean" : 0.000000,
        "iops_stddev" : 0.000000,
        "iops_samples" : 0
      },
      "sync" : {
        "total_ios" : 0,
        "lat_ns" : {
          "min" : 0,
          "max" : 0,
          "mean" : 0.000000,
          "stddev" : 0.000000,
          "N" : 0
        }
      },
      "job_runtime" : 30000,
      "usr_cpu" : 8.490000,
      "sys_cpu" : 37.290000,
      "ctx" : 225009,
      "majf" : 0,
      "minf" : 59,
      "iodepth_level" : {
        "1" : 0.000000,
        "2" : 0.000000,
        "4" : 100.000000,
        "8" : 0.000000,
        "16" : 0.000000,
        "32" : 0.000000,
        ">=64" : 0.000000
      },
      "iodepth_submit" : {
        "0" : 0.000000,
        "4" : 100.000000,
        "8" : 0.000000,
        "16" : 0.000000,
        "32" : 0.000000,
        "64" : 0.000000,
        ">=64" : 0.000000
      },
      "iodepth_complete" : {
        "0" : 0.000000,
        "4" : 100.000000,
        "8" : 0.000000,
        "16" : 0.000000,
        "32" : 0.000000,
        "64" : 0.000000,
        ">=64" : 0.000000
      },
      "latency_ns" : {
        "2" : 0.000000,
        "4" : 0.000000,
        "10" : 0.000000,
        "20" : 0.000000,
        "50" : 0.000000,
        "100" : 0.000000,
        "250" : 0.000000,
        "500" : 0.000000,
        "750" : 0.000000,
        "1000" : 0.000000
      },
      "latency_us" : {
        "2" : 0.010000,
        "4" : 0.000000,
        "10" : 0.010000,
        "20" : 0.010000,
        "50" : 18.106877,
        "100" : 6.859406,
        "250" : 56.349748,
        "500" : 11.821754,
        "750" : 0.860668,
        "1000" : 0.928103
      },
      "latency_ms" : {
        "2" : 5.053343,
        "4" : 0.010000,
        "10" : 0.010000,
        "20" : 0.010000,
        "50" : 0.000000,
        "100" : 0.000000,
        "250" : 0.000000,
        "500" : 0.000000,
        "750" : 0.000000,
        "1000" : 0.000000,
        "2000" : 0.000000,
        ">=2000" : 0.000000
      },
      "latency_depth" : 4,
      "latency_target" : 0,
      "latency_percentile" : 100.000000,
      "latency_window" : 0
    }
  ],
  "disk_util" : [
    {
      "name" : "nvme1n1",
      "read_ios" : 478700,
      "write_ios" : 160337,
      "read_merges" : 0,
      "write_merges" : 0,
      "read_ticks" : 132062,
      "write_ticks" : 5438,
      "in_queue" : 137499,
      "util" : 73.693010
    }
  ]
}
