{
  "fio version" : "fio-3.28",
  "timestamp" : 1757419363,
  "timestamp_ms" : 1757419363406,
  "time" : "Tue Sep  9 08:02:43 2025",
  "jobs" : [
    {
      "jobname" : "mixed_io",
      "groupid" : 0,
      "error" : 0,
      "eta" : 0,
      "elapsed" : 41,
      "job options" : {
        "name" : "mixed_io",
        "filename" : "/dev/nvme1n1p2",
        "rw" : "randrw",
        "rwmixread" : "75",
        "bs" : "4k",
        "ioengine" : "libaio",
        "iodepth" : "64",
        "numjobs" : "1",
        "runtime" : "30",
        "ramp_time" : "10",
        "direct" : "1"
      },
      "read" : {
        "io_bytes" : 25016193024,
        "io_kbytes" : 24429876,
        "bw_bytes" : 833845305,
        "bw" : 814302,
        "iops" : 203573.714210,
        "runtime" : 30001,
        "total_ios" : 6107415,
        "short_ios" : 0,
        "drop_ios" : 0,
        "slat_ns" : {
          "min" : 1489,
          "max" : 112671,
          "mean" : 2236.257189,
          "stddev" : 1112.741718,
          "N" : 6107416
        },
        "clat_ns" : {
          "min" : 16867,
          "max" : 14082690,
          "mean" : 274955.696824,
          "stddev" : 288711.582702,
          "N" : 6107468,
          "percentile" : {
            "1.000000" : 68096,
            "5.000000" : 83456,
            "10.000000" : 107008,
            "20.000000" : 152576,
            "30.000000" : 187392,
            "40.000000" : 201728,
            "50.000000" : 211968,
            "60.000000" : 220160,
            "70.000000" : 232448,
            "80.000000" : 261120,
            "90.000000" : 370688,
            "95.000000" : 962560,
            "99.000000" : 1499136,
            "99.500000" : 1581056,
            "99.900000" : 1728512,
            "99.950000" : 1794048,
            "99.990000" : 7372800
          }
        },
        "lat_ns" : {
          "min" : 19371,
          "max" : 14084312,
          "mean" : 277279.796860,
          "stddev" : 288683.229050,
          "N" : 6107468
        },
        "bw_min" : 754248,
        "bw_max" : 907304,
        "bw_agg" : 100.000000,
        "bw_mean" : 816028.694915,
        "bw_dev" : 36330.208989,
        "bw_samples" : 59,
        "iops_min" : 188562,
        "iops_max" : 226826,
        "iops_mean" : 204007.050847,
        "iops_stddev" : 9082.576682,
        "iops_samples" : 59
      },
      "write" : {
        "io_bytes" : 8334352384,
        "io_kbytes" : 8139016,
        "bw_bytes" : 277802486,
        "bw" : 271291,
        "iops" : 67822.539249,
        "runtime" : 30001,
        "total_ios" : 2034744,
        "short_ios" : 0,
        "drop_ios" : 0,
        "slat_ns" : {
          "min" : 1472,
          "max" : 55461,
          "mean" : 2220.707574,
          "stddev" : 1121.284299,
          "N" : 2034744
        },
        "clat_ns" : {
          "min" : 4949,
          "max" : 367745,
          "mean" : 106917.216605,
          "stddev" : 52705.554041,
          "N" : 2034754,
          "percentile" : {
            "1.000000" : 9920,
            "5.000000" : 12224,
            "10.000000" : 17536,
            "20.000000" : 43776,
            "30.000000" : 77312,
            "40.000000" : 110080,
            "50.000000" : 130560,
            "60.000000" : 140288,
            "70.000000" : 146432,
            "80.000000" : 152576,
            "90.000000" : 158720,
            "95.000000" : 162816,
            "99.000000" : 173056,
            "99.500000" : 177152,
            "99.900000" : 203776,
            "99.950000" : 218112,
            "99.990000" : 276480
          }
        },
        "lat_ns" : {
          "min" : 9646,
          "max" : 374999,
          "mean" : 109225.596102,
          "stddev" : 52792.494967,
          "N" : 2034754
        },
        "bw_min" : 248192,
        "bw_max" : 302933,
        "bw_agg" : 100.000000,
        "bw_mean" : 271817.915254,
        "bw_dev" : 12330.877657,
        "bw_samples" : 59,
        "iops_min" : 62048,
        "iops_max" : 75733,
        "iops_mean" : 67954.372881,
        "iops_stddev" : 3082.619665,
        "iops_samples" : 59
      },
      "trim" : {
        "io_bytes" : 0,
        "io_kbytes" : 0,
        "bw_bytes" : 0,
        "bw" : 0,
        "iops" : 0.000000,
        "runtime" : 0,
        "total_ios" : 0,
        "short_ios" : 0,
        "drop_ios" : 0,
        "slat_ns" : {
          "min" : 0,
          "max" : 0,
          "mean" : 0.000000,
          "stddev" : 0.000000,
          "N" : 0
        },
        "clat_ns" : {
          "min" : 0,
          "max" : 0,
          "mean" : 0.000000,
          "stddev" : 0.000000,
          "N" : 0
        },
        "lat_ns" : {
          "min" : 0,
          "max" : 0,
          "mean" : 0.000000,
          "stddev" : 0.000000,
          "N" : 0
        },
        "bw_min" : 0,
        "bw_max" : 0,
        "bw_agg" : 0.000000,
        "bw_mean" : 0.000000,
        "bw_dev" : 0.000000,
        "bw_samples" : 0,
        "iops_min" : 0,
        "iops_max" : 0,
        "iops_mean" : 0.000000,
        "iops_stddev" : 0.000000,
        "iops_samples" : 0
      },
      "sync" : {
        "total_ios" : 0,
        "lat_ns" : {
          "min" : 0,
          "max" : 0,
          "mean" : 0.000000,
          "stddev" : 0.000000,
          "N" : 0
        }
      },
      "job_runtime" : 30000,
      "usr_cpu" : 26.793333,
      "sys_cpu" : 64.623333,
      "ctx" : 250741,
      "majf" : 0,
      "minf" : 58,
      "iodepth_level" : {
        "1" : 0.000000,
        "2" : 0.000000,
        "4" : 0.000000,
        "8" : 0.000000,
        "16" : 0.000000,
        "32" : 0.000000,
        ">=64" : 100.000000
      },
      "iodepth_submit" : {
        "0" : 0.000000,
        "4" : 100.000000,
        "8" : 0.000000,
        "16" : 0.000000,
        "32" : 0.000000,
        "64" : 0.000000,
        ">=64" : 0.000000
      },
      "iodepth_complete" : {
        "0" : 0.000000,
        "4" : 99.999988,
        "8" : 0.000000,
        "16" : 0.000000,
        "32" : 0.000000,
        "64" : 0.100000,
        ">=64" : 0.000000
      },
      "latency_ns" : {
        "2" : 0.000000,
        "4" : 0.000000,
        "10" : 0.000000,
        "20" : 0.000000,
        "50" : 0.000000,
        "100" : 0.000000,
        "250" : 0.000000,
        "500" : 0.000000,
        "750" : 0.000000,
        "1000" : 0.000000
      },
      "latency_us" : {
        "2" : 0.000000,
        "4" : 0.000000,
        "10" : 0.261233,
        "20" : 2.628357,
        "50" : 2.661112,
        "100" : 10.174599,
        "250" : 66.864808,
        "500" : 11.086114,
        "750" : 1.439164,
        "1000" : 1.348758
      },
      "latency_ms" : {
        "2" : 3.525416,
        "4" : 0.010000,
        "10" : 0.010000,
        "20" : 0.010000,
        "50" : 0.000000,
        "100" : 0.000000,
        "250" : 0.000000,
        "500" : 0.000000,
        "750" : 0.000000,
        "1000" : 0.000000,
        "2000" : 0.000000,
        ">=2000" : 0.000000
      },
      "latency_depth" : 64,
      "latency_target" : 0,
      "latency_percentile" : 100.000000,
      "latency_window" : 0
    }
  ],
  "disk_util" : [
    {
      "name" : "nvme1n1",
      "read_ios" : 7799313,
      "write_ios" : 2599940,
      "read_merges" : 0,
      "write_merges" : 0,
      "read_ticks" : 1369978,
      "write_ticks" : 23946,
      "in_queue" : 1393923,
      "util" : 71.250841
    }
  ]
}
