{
  "fio version" : "fio-3.28",
  "timestamp" : 1757418757,
  "timestamp_ms" : 1757418757528,
  "time" : "Tue Sep  9 07:52:37 2025",
  "jobs" : [
    {
      "jobname" : "mixed_io",
      "groupid" : 0,
      "error" : 0,
      "eta" : 0,
      "elapsed" : 41,
      "job options" : {
        "name" : "mixed_io",
        "filename" : "/dev/nvme1n1p2",
        "rw" : "randrw",
        "rwmixread" : "75",
        "bs" : "4k",
        "ioengine" : "libaio",
        "iodepth" : "4",
        "numjobs" : "2",
        "runtime" : "30",
        "ramp_time" : "10",
        "direct" : "1"
      },
      "read" : {
        "io_bytes" : 7440904192,
        "io_kbytes" : 7266508,
        "bw_bytes" : 248021872,
        "bw" : 242208,
        "iops" : 60551.981601,
        "runtime" : 30001,
        "total_ios" : 1816620,
        "short_ios" : 0,
        "drop_ios" : 0,
        "slat_ns" : {
          "min" : 2433,
          "max" : 174126,
          "mean" : 8257.421598,
          "stddev" : 3537.598154,
          "N" : 1816621
        },
        "clat_ns" : {
          "min" : 1360,
          "max" : 9910821,
          "mean" : 110024.882639,
          "stddev" : 155253.649730,
          "N" : 1816626,
          "percentile" : {
            "1.000000" : 28032,
            "5.000000" : 39680,
            "10.000000" : 67072,
            "20.000000" : 75264,
            "30.000000" : 79360,
            "40.000000" : 82432,
            "50.000000" : 86528,
            "60.000000" : 91648,
            "70.000000" : 94720,
            "80.000000" : 100864,
            "90.000000" : 113152,
            "95.000000" : 144384,
            "99.000000" : 1056768,
            "99.500000" : 1302528,
            "99.900000" : 1515520,
            "99.950000" : 1613824,
            "99.990000" : 1941504
          }
        },
        "lat_ns" : {
          "min" : 25433,
          "max" : 9917481,
          "mean" : 118585.374656,
          "stddev" : 155283.137945,
          "N" : 1816626
        },
        "bw_min" : 215704,
        "bw_max" : 263078,
        "bw_agg" : 100.000000,
        "bw_mean" : 242608.694915,
        "bw_dev" : 4160.164283,
        "bw_samples" : 118,
        "iops_min" : 53926,
        "iops_max" : 65769,
        "iops_mean" : 60651.881356,
        "iops_stddev" : 1039.982981,
        "iops_samples" : 118
      },
      "write" : {
        "io_bytes" : 2484035584,
        "io_kbytes" : 2425816,
        "bw_bytes" : 82798426,
        "bw" : 80857,
        "iops" : 20214.459518,
        "runtime" : 30001,
        "total_ios" : 606454,
        "short_ios" : 0,
        "drop_ios" : 0,
        "slat_ns" : {
          "min" : 2456,
          "max" : 875937,
          "mean" : 8211.299442,
          "stddev" : 3709.514565,
          "N" : 606454
        },
        "clat_ns" : {
          "min" : 1226,
          "max" : 257176,
          "mean" : 25330.834358,
          "stddev" : 8845.216367,
          "N" : 606454,
          "percentile" : {
            "1.000000" : 13376,
            "5.000000" : 14144,
            "10.000000" : 15424,
            "20.000000" : 16192,
            "30.000000" : 20096,
            "40.000000" : 21632,
            "50.000000" : 24448,
            "60.000000" : 25728,
            "70.000000" : 29312,
            "80.000000" : 33024,
            "90.000000" : 37632,
            "95.000000" : 40192,
            "99.000000" : 48896,
            "99.500000" : 54528,
            "99.900000" : 75264,
            "99.950000" : 92672,
            "99.990000" : 132096
          }
        },
        "lat_ns" : {
          "min" : 13555,
          "max" : 891811,
          "mean" : 33856.938475,
          "stddev" : 10163.835662,
          "N" : 606454
        },
        "bw_min" : 71088,
        "bw_max" : 89955,
        "bw_agg" : 100.000000,
        "bw_mean" : 80993.898305,
        "bw_dev" : 1536.257484,
        "bw_samples" : 118,
        "iops_min" : 17772,
        "iops_max" : 22488,
        "iops_mean" : 20248.118644,
        "iops_stddev" : 384.039663,
        "iops_samples" : 118
      },
      "trim" : {
        "io_bytes" : 0,
        "io_kbytes" : 0,
        "bw_bytes" : 0,
        "bw" : 0,
        "iops" : 0.000000,
        "runtime" : 0,
        "total_ios" : 0,
        "short_ios" : 0,
        "drop_ios" : 0,
        "slat_ns" : {
          "min" : 0,
          "max" : 0,
          "mean" : 0.000000,
          "stddev" : 0.000000,
          "N" : 0
        },
        "clat_ns" : {
          "min" : 0,
          "max" : 0,
          "mean" : 0.000000,
          "stddev" : 0.000000,
          "N" : 0
        },
        "lat_ns" : {
          "min" : 0,
          "max" : 0,
          "mean" : 0.000000,
          "stddev" : 0.000000,
          "N" : 0
        },
        "bw_min" : 0,
        "bw_max" : 0,
        "bw_agg" : 0.000000,
        "bw_mean" : 0.000000,
        "bw_dev" : 0.000000,
        "bw_samples" : 0,
        "iops_min" : 0,
        "iops_max" : 0,
        "iops_mean" : 0.000000,
        "iops_stddev" : 0.000000,
        "iops_samples" : 0
      },
      "sync" : {
        "total_ios" : 0,
        "lat_ns" : {
          "min" : 0,
          "max" : 0,
          "mean" : 0.000000,
          "stddev" : 0.000000,
          "N" : 0
        }
      },
      "job_runtime" : 60000,
      "usr_cpu" : 16.133333,
      "sys_cpu" : 44.750000,
      "ctx" : 794075,
      "majf" : 0,
      "minf" : 119,
      "iodepth_level" : {
        "1" : 0.000000,
        "2" : 0.000000,
        "4" : 100.000000,
        "8" : 0.000000,
        "16" : 0.000000,
        "32" : 0.000000,
        ">=64" : 0.000000
      },
      "iodepth_submit" : {
        "0" : 0.000000,
        "4" : 100.000000,
        "8" : 0.000000,
        "16" : 0.000000,
        "32" : 0.000000,
        "64" : 0.000000,
        ">=64" : 0.000000
      },
      "iodepth_complete" : {
        "0" : 0.000000,
        "4" : 100.000000,
        "8" : 0.000000,
        "16" : 0.000000,
        "32" : 0.000000,
        "64" : 0.000000,
        ">=64" : 0.000000
      },
      "latency_ns" : {
        "2" : 0.000000,
        "4" : 0.000000,
        "10" : 0.000000,
        "20" : 0.000000,
        "50" : 0.000000,
        "100" : 0.000000,
        "250" : 0.000000,
        "500" : 0.000000,
        "750" : 0.000000,
        "1000" : 0.000000
      },
      "latency_us" : {
        "2" : 0.010000,
        "4" : 0.010000,
        "10" : 0.010000,
        "20" : 7.282568,
        "50" : 22.839335,
        "100" : 54.415135,
        "250" : 13.210162,
        "500" : 0.550251,
        "750" : 0.433375,
        "1000" : 0.415835
      },
      "latency_ms" : {
        "2" : 0.840461,
        "4" : 0.010000,
        "10" : 0.010000,
        "20" : 0.000000,
        "50" : 0.000000,
        "100" : 0.000000,
        "250" : 0.000000,
        "500" : 0.000000,
        "750" : 0.000000,
        "1000" : 0.000000,
        "2000" : 0.000000,
        ">=2000" : 0.000000
      },
      "latency_depth" : 4,
      "latency_target" : 0,
      "latency_percentile" : 100.000000,
      "latency_window" : 0
    }
  ],
  "disk_util" : [
    {
      "name" : "nvme1n1",
      "read_ios" : 2399503,
      "write_ios" : 801646,
      "read_merges" : 0,
      "write_merges" : 0,
      "read_ticks" : 236825,
      "write_ticks" : 12449,
      "in_queue" : 249274,
      "util" : 68.180678
    }
  ]
}
