{
  "fio version" : "fio-3.28",
  "timestamp" : 1757417383,
  "timestamp_ms" : 1757417383956,
  "time" : "Tue Sep  9 07:29:43 2025",
  "jobs" : [
    {
      "jobname" : "mixed_io",
      "groupid" : 0,
      "error" : 0,
      "eta" : 0,
      "elapsed" : 41,
      "job options" : {
        "name" : "mixed_io",
        "filename" : "/dev/nvme1n1p2",
        "rw" : "randrw",
        "rwmixread" : "50",
        "bs" : "1024k",
        "ioengine" : "libaio",
        "iodepth" : "4",
        "numjobs" : "2",
        "runtime" : "30",
        "ramp_time" : "10",
        "direct" : "1"
      },
      "read" : {
        "io_bytes" : 39094059008,
        "io_kbytes" : 38177792,
        "bw_bytes" : 1303048430,
        "bw" : 1272508,
        "iops" : 1242.517166,
        "runtime" : 30002,
        "total_ios" : 37278,
        "short_ios" : 0,
        "drop_ios" : 0,
        "slat_ns" : {
          "min" : 64702,
          "max" : 475705,
          "mean" : 203680.609646,
          "stddev" : 33050.918234,
          "N" : 37279
        },
        "clat_ns" : {
          "min" : 237833,
          "max" : 37531017,
          "mean" : 5300224.993616,
          "stddev" : 2437049.344006,
          "N" : 37283,
          "percentile" : {
            "1.000000" : 815104,
            "5.000000" : 1695744,
            "10.000000" : 2473984,
            "20.000000" : 3325952,
            "30.000000" : 3981312,
            "40.000000" : 4554752,
            "50.000000" : 5144576,
            "60.000000" : 5668864,
            "70.000000" : 6324224,
            "80.000000" : 7110656,
            "90.000000" : 8224768,
            "95.000000" : 9371648,
            "99.000000" : 11599872,
            "99.500000" : 12648448,
            "99.900000" : 25296896,
            "99.950000" : 28704768,
            "99.990000" : 33816576
          }
        },
        "lat_ns" : {
          "min" : 470591,
          "max" : 37733043,
          "mean" : 5504405.206287,
          "stddev" : 2432001.116432,
          "N" : 37283
        },
        "bw_min" : 1060936,
        "bw_max" : 1515084,
        "bw_agg" : 100.000000,
        "bw_mean" : 1273486.416667,
        "bw_dev" : 47983.407944,
        "bw_samples" : 120,
        "iops_min" : 1035,
        "iops_max" : 1479,
        "iops_mean" : 1243.416667,
        "iops_stddev" : 46.847992,
        "iops_samples" : 120
      },
      "write" : {
        "io_bytes" : 38949355520,
        "io_kbytes" : 38036480,
        "bw_bytes" : 1298225302,
        "bw" : 1267798,
        "iops" : 1237.984134,
        "runtime" : 30002,
        "total_ios" : 37142,
        "short_ios" : 0,
        "drop_ios" : 0,
        "slat_ns" : {
          "min" : 105706,
          "max" : 493349,
          "mean" : 244564.073204,
          "stddev" : 45661.649284,
          "N" : 37143
        },
        "clat_ns" : {
          "min" : 60942,
          "max" : 27185962,
          "mean" : 682515.061223,
          "stddev" : 988799.458907,
          "N" : 37143,
          "percentile" : {
            "1.000000" : 112128,
            "5.000000" : 132096,
            "10.000000" : 138240,
            "20.000000" : 166912,
            "30.000000" : 242688,
            "40.000000" : 305152,
            "50.000000" : 448512,
            "60.000000" : 602112,
            "70.000000" : 806912,
            "80.000000" : 1105920,
            "90.000000" : 1482752,
            "95.000000" : 1843200,
            "99.000000" : 2736128,
            "99.500000" : 3031040,
            "99.900000" : 20840448,
            "99.950000" : 24248320,
            "99.990000" : 26869760
          }
        },
        "lat_ns" : {
          "min" : 304423,
          "max" : 27418448,
          "mean" : 927709.705140,
          "stddev" : 985649.316708,
          "N" : 37143
        },
        "bw_min" : 1049577,
        "bw_max" : 1500699,
        "bw_agg" : 100.000000,
        "bw_mean" : 1268840.933333,
        "bw_dev" : 49429.067788,
        "bw_samples" : 120,
        "iops_min" : 1024,
        "iops_max" : 1465,
        "iops_mean" : 1238.866667,
        "iops_stddev" : 48.272186,
        "iops_samples" : 120
      },
      "trim" : {
        "io_bytes" : 0,
        "io_kbytes" : 0,
        "bw_bytes" : 0,
        "bw" : 0,
        "iops" : 0.000000,
        "runtime" : 0,
        "total_ios" : 0,
        "short_ios" : 0,
        "drop_ios" : 0,
        "slat_ns" : {
          "min" : 0,
          "max" : 0,
          "mean" : 0.000000,
          "stddev" : 0.000000,
          "N" : 0
        },
        "clat_ns" : {
          "min" : 0,
          "max" : 0,
          "mean" : 0.000000,
          "stddev" : 0.000000,
          "N" : 0
        },
        "lat_ns" : {
          "min" : 0,
          "max" : 0,
          "mean" : 0.000000,
          "stddev" : 0.000000,
          "N" : 0
        },
        "bw_min" : 0,
        "bw_max" : 0,
        "bw_agg" : 0.000000,
        "bw_mean" : 0.000000,
        "bw_dev" : 0.000000,
        "bw_samples" : 0,
        "iops_min" : 0,
        "iops_max" : 0,
        "iops_mean" : 0.000000,
        "iops_stddev" : 0.000000,
        "iops_samples" : 0
      },
      "sync" : {
        "total_ios" : 0,
        "lat_ns" : {
          "min" : 0,
          "max" : 0,
          "mean" : 0.000000,
          "stddev" : 0.000000,
          "N" : 0
        }
      },
      "job_runtime" : 60001,
      "usr_cpu" : 5.096582,
      "sys_cpu" : 27.359544,
      "ctx" : 45675,
      "majf" : 0,
      "minf" : 120,
      "iodepth_level" : {
        "1" : 0.000000,
        "2" : 0.000000,
        "4" : 100.000000,
        "8" : 0.000000,
        "16" : 0.000000,
        "32" : 0.000000,
        ">=64" : 0.000000
      },
      "iodepth_submit" : {
        "0" : 0.000000,
        "4" : 100.000000,
        "8" : 0.000000,
        "16" : 0.000000,
        "32" : 0.000000,
        "64" : 0.000000,
        ">=64" : 0.000000
      },
      "iodepth_complete" : {
        "0" : 0.000000,
        "4" : 100.000000,
        "8" : 0.000000,
        "16" : 0.000000,
        "32" : 0.000000,
        "64" : 0.000000,
        ">=64" : 0.000000
      },
      "latency_ns" : {
        "2" : 0.000000,
        "4" : 0.000000,
        "10" : 0.000000,
        "20" : 0.000000,
        "50" : 0.000000,
        "100" : 0.000000,
        "250" : 0.000000,
        "500" : 0.000000,
        "750" : 0.000000,
        "1000" : 0.000000
      },
      "latency_us" : {
        "2" : 0.000000,
        "4" : 0.000000,
        "10" : 0.000000,
        "20" : 0.000000,
        "50" : 0.000000,
        "100" : 0.201559,
        "250" : 15.561677,
        "500" : 11.417630,
        "750" : 6.819403,
        "1000" : 5.104811
      },
      "latency_ms" : {
        "2" : 12.248052,
        "4" : 13.563558,
        "10" : 33.511153,
        "20" : 1.452567,
        "50" : 0.127654,
        "100" : 0.000000,
        "250" : 0.000000,
        "500" : 0.000000,
        "750" : 0.000000,
        "1000" : 0.000000,
        "2000" : 0.000000,
        ">=2000" : 0.000000
      },
      "latency_depth" : 4,
      "latency_target" : 0,
      "latency_percentile" : 100.000000,
      "latency_window" : 0
    }
  ],
  "disk_util" : [
    {
      "name" : "nvme1n1",
      "read_ios" : 393437,
      "write_ios" : 394232,
      "read_merges" : 0,
      "write_merges" : 0,
      "read_ticks" : 1666340,
      "write_ticks" : 175450,
      "in_queue" : 1841790,
      "util" : 79.466447
    }
  ]
}
