{
  "fio version" : "fio-3.28",
  "timestamp" : 1757415404,
  "timestamp_ms" : 1757415404516,
  "time" : "Tue Sep  9 06:56:44 2025",
  "jobs" : [
    {
      "jobname" : "mixed_io",
      "groupid" : 0,
      "error" : 0,
      "eta" : 0,
      "elapsed" : 41,
      "job options" : {
        "name" : "mixed_io",
        "filename" : "/dev/nvme1n1p2",
        "rw" : "randrw",
        "rwmixread" : "25",
        "bs" : "64k",
        "ioengine" : "libaio",
        "iodepth" : "1",
        "numjobs" : "1",
        "runtime" : "30",
        "ramp_time" : "10",
        "direct" : "1"
      },
      "read" : {
        "io_bytes" : 3640131584,
        "io_kbytes" : 3554816,
        "bw_bytes" : 121333675,
        "bw" : 118489,
        "iops" : 1851.404953,
        "runtime" : 30001,
        "total_ios" : 55544,
        "short_ios" : 0,
        "drop_ios" : 0,
        "slat_ns" : {
          "min" : 15684,
          "max" : 71942,
          "mean" : 18430.599363,
          "stddev" : 5232.148244,
          "N" : 55544
        },
        "clat_ns" : {
          "min" : 85786,
          "max" : 13574560,
          "mean" : 349270.611425,
          "stddev" : 423205.119266,
          "N" : 55544,
          "percentile" : {
            "1.000000" : 119296,
            "5.000000" : 154624,
            "10.000000" : 156672,
            "20.000000" : 160768,
            "30.000000" : 164864,
            "40.000000" : 166912,
            "50.000000" : 187392,
            "60.000000" : 191488,
            "70.000000" : 207872,
            "80.000000" : 284672,
            "90.000000" : 1155072,
            "95.000000" : 1417216,
            "99.000000" : 1646592,
            "99.500000" : 1728512,
            "99.900000" : 1859584,
            "99.950000" : 2637824,
            "99.990000" : 8847360
          }
        },
        "lat_ns" : {
          "min" : 119505,
          "max" : 13591016,
          "mean" : 367996.854062,
          "stddev" : 423135.017291,
          "N" : 55544
        },
        "bw_min" : 109824,
        "bw_max" : 125056,
        "bw_agg" : 100.000000,
        "bw_mean" : 118673.661017,
        "bw_dev" : 3790.624776,
        "bw_samples" : 59,
        "iops_min" : 1716,
        "iops_max" : 1954,
        "iops_mean" : 1854.016949,
        "iops_stddev" : 59.266636,
        "iops_samples" : 59
      },
      "write" : {
        "io_bytes" : 10790633472,
        "io_kbytes" : 10537728,
        "bw_bytes" : 359675793,
        "bw" : 351245,
        "iops" : 5488.183727,
        "runtime" : 30001,
        "total_ios" : 164651,
        "short_ios" : 0,
        "drop_ios" : 0,
        "slat_ns" : {
          "min" : 15155,
          "max" : 159582,
          "mean" : 18492.168464,
          "stddev" : 5289.908633,
          "N" : 164652
        },
        "clat_ns" : {
          "min" : 1744,
          "max" : 136498,
          "mean" : 36455.110300,
          "stddev" : 8392.471330,
          "N" : 164651,
          "percentile" : {
            "1.000000" : 33536,
            "5.000000" : 33536,
            "10.000000" : 33536,
            "20.000000" : 33536,
            "30.000000" : 33536,
            "40.000000" : 34048,
            "50.000000" : 34048,
            "60.000000" : 34048,
            "70.000000" : 34048,
            "80.000000" : 34560,
            "90.000000" : 39680,
            "95.000000" : 59136,
            "99.000000" : 73216,
            "99.500000" : 73216,
            "99.900000" : 76288,
            "99.950000" : 79360,
            "99.990000" : 113152
          }
        },
        "lat_ns" : {
          "min" : 44949,
          "max" : 170486,
          "mean" : 55244.961118,
          "stddev" : 11468.268093,
          "N" : 164651
        },
        "bw_min" : 322180,
        "bw_max" : 374016,
        "bw_agg" : 100.000000,
        "bw_mean" : 351654.610169,
        "bw_dev" : 13942.249088,
        "bw_samples" : 59,
        "iops_min" : 5034,
        "iops_max" : 5844,
        "iops_mean" : 5494.423729,
        "iops_stddev" : 217.870430,
        "iops_samples" : 59
      },
      "trim" : {
        "io_bytes" : 0,
        "io_kbytes" : 0,
        "bw_bytes" : 0,
        "bw" : 0,
        "iops" : 0.000000,
        "runtime" : 0,
        "total_ios" : 0,
        "short_ios" : 0,
        "drop_ios" : 0,
        "slat_ns" : {
          "min" : 0,
          "max" : 0,
          "mean" : 0.000000,
          "stddev" : 0.000000,
          "N" : 0
        },
        "clat_ns" : {
          "min" : 0,
          "max" : 0,
          "mean" : 0.000000,
          "stddev" : 0.000000,
          "N" : 0
        },
        "lat_ns" : {
          "min" : 0,
          "max" : 0,
          "mean" : 0.000000,
          "stddev" : 0.000000,
          "N" : 0
        },
        "bw_min" : 0,
        "bw_max" : 0,
        "bw_agg" : 0.000000,
        "bw_mean" : 0.000000,
        "bw_dev" : 0.000000,
        "bw_samples" : 0,
        "iops_min" : 0,
        "iops_max" : 0,
        "iops_mean" : 0.000000,
        "iops_stddev" : 0.000000,
        "iops_samples" : 0
      },
      "sync" : {
        "total_ios" : 0,
        "lat_ns" : {
          "min" : 0,
          "max" : 0,
          "mean" : 0.000000,
          "stddev" : 0.000000,
          "N" : 0
        }
      },
      "job_runtime" : 30000,
      "usr_cpu" : 5.510000,
      "sys_cpu" : 18.873333,
      "ctx" : 220137,
      "majf" : 0,
      "minf" : 60,
      "iodepth_level" : {
        "1" : 100.000000,
        "2" : 0.000000,
        "4" : 0.000000,
        "8" : 0.000000,
        "16" : 0.000000,
        "32" : 0.000000,
        ">=64" : 0.000000
      },
      "iodepth_submit" : {
        "0" : 0.000000,
        "4" : 100.000000,
        "8" : 0.000000,
        "16" : 0.000000,
        "32" : 0.000000,
        "64" : 0.000000,
        ">=64" : 0.000000
      },
      "iodepth_complete" : {
        "0" : 0.000000,
        "4" : 100.000000,
        "8" : 0.000000,
        "16" : 0.000000,
        "32" : 0.000000,
        "64" : 0.000000,
        ">=64" : 0.000000
      },
      "latency_ns" : {
        "2" : 0.000000,
        "4" : 0.000000,
        "10" : 0.000000,
        "20" : 0.000000,
        "50" : 0.000000,
        "100" : 0.000000,
        "250" : 0.000000,
        "500" : 0.000000,
        "750" : 0.000000,
        "1000" : 0.000000
      },
      "latency_us" : {
        "2" : 0.010000,
        "4" : 0.010000,
        "10" : 0.010000,
        "20" : 0.014078,
        "50" : 69.775880,
        "100" : 4.963782,
        "250" : 18.679807,
        "500" : 2.795704,
        "750" : 0.353777,
        "1000" : 0.470492
      },
      "latency_ms" : {
        "2" : 2.918322,
        "4" : 0.011808,
        "10" : 0.010000,
        "20" : 0.010000,
        "50" : 0.000000,
        "100" : 0.000000,
        "250" : 0.000000,
        "500" : 0.000000,
        "750" : 0.000000,
        "1000" : 0.000000,
        "2000" : 0.000000,
        ">=2000" : 0.000000
      },
      "latency_depth" : 1,
      "latency_target" : 0,
      "latency_percentile" : 100.000000,
      "latency_window" : 0
    }
  ],
  "disk_util" : [
    {
      "name" : "nvme1n1",
      "read_ios" : 74861,
      "write_ios" : 222386,
      "read_merges" : 0,
      "write_merges" : 0,
      "read_ticks" : 25080,
      "write_ticks" : 7750,
      "in_queue" : 32829,
      "util" : 80.965774
    }
  ]
}
