{
  "fio version" : "fio-3.28",
  "timestamp" : 1757415485,
  "timestamp_ms" : 1757415485293,
  "time" : "Tue Sep  9 06:58:05 2025",
  "jobs" : [
    {
      "jobname" : "mixed_io",
      "groupid" : 0,
      "error" : 0,
      "eta" : 0,
      "elapsed" : 41,
      "job options" : {
        "name" : "mixed_io",
        "filename" : "/dev/nvme1n1p2",
        "rw" : "randrw",
        "rwmixread" : "25",
        "bs" : "4k",
        "ioengine" : "libaio",
        "iodepth" : "1",
        "numjobs" : "2",
        "runtime" : "30",
        "ramp_time" : "10",
        "direct" : "1"
      },
      "read" : {
        "io_bytes" : 1170223104,
        "io_kbytes" : 1142796,
        "bw_bytes" : 39006136,
        "bw" : 38091,
        "iops" : 9522.982567,
        "runtime" : 30001,
        "total_ios" : 285699,
        "short_ios" : 0,
        "drop_ios" : 0,
        "slat_ns" : {
          "min" : 2625,
          "max" : 134421,
          "mean" : 8135.661024,
          "stddev" : 3021.483395,
          "N" : 285699
        },
        "clat_ns" : {
          "min" : 1612,
          "max" : 9587007,
          "mean" : 103399.816107,
          "stddev" : 159272.614807,
          "N" : 285699,
          "percentile" : {
            "1.000000" : 28288,
            "5.000000" : 28800,
            "10.000000" : 29568,
            "20.000000" : 74240,
            "30.000000" : 74240,
            "40.000000" : 77312,
            "50.000000" : 78336,
            "60.000000" : 80384,
            "70.000000" : 90624,
            "80.000000" : 90624,
            "90.000000" : 96768,
            "95.000000" : 177152,
            "99.000000" : 1073152,
            "99.500000" : 1351680,
            "99.900000" : 1564672,
            "99.950000" : 1630208,
            "99.990000" : 1744896
          }
        },
        "lat_ns" : {
          "min" : 29421,
          "max" : 9595508,
          "mean" : 111819.742050,
          "stddev" : 159449.610018,
          "N" : 285699
        },
        "bw_min" : 33161,
        "bw_max" : 41371,
        "bw_agg" : 100.000000,
        "bw_mean" : 38125.033333,
        "bw_dev" : 1168.705748,
        "bw_samples" : 120,
        "iops_min" : 8290,
        "iops_max" : 10342,
        "iops_mean" : 9530.900000,
        "iops_stddev" : 292.182682,
        "iops_samples" : 120
      },
      "write" : {
        "io_bytes" : 3511332864,
        "io_kbytes" : 3429036,
        "bw_bytes" : 117040527,
        "bw" : 114297,
        "iops" : 28574.347522,
        "runtime" : 30001,
        "total_ios" : 857259,
        "short_ios" : 0,
        "drop_ios" : 0,
        "slat_ns" : {
          "min" : 2571,
          "max" : 174006,
          "mean" : 7835.607070,
          "stddev" : 2976.557170,
          "N" : 857259
        },
        "clat_ns" : {
          "min" : 1500,
          "max" : 259790,
          "mean" : 22081.879346,
          "stddev" : 4274.043580,
          "N" : 857259,
          "percentile" : {
            "1.000000" : 20352,
            "5.000000" : 20608,
            "10.000000" : 20864,
            "20.000000" : 20864,
            "30.000000" : 20864,
            "40.000000" : 21120,
            "50.000000" : 21120,
            "60.000000" : 21376,
            "70.000000" : 21376,
            "80.000000" : 21632,
            "90.000000" : 22656,
            "95.000000" : 28800,
            "99.000000" : 39680,
            "99.500000" : 44800,
            "99.900000" : 67072,
            "99.950000" : 88576,
            "99.990000" : 119296
          }
        },
        "lat_ns" : {
          "min" : 14894,
          "max" : 269163,
          "mean" : 30204.558959,
          "stddev" : 5475.294723,
          "N" : 857259
        },
        "bw_min" : 99098,
        "bw_max" : 125048,
        "bw_agg" : 100.000000,
        "bw_mean" : 114398.250000,
        "bw_dev" : 3495.159177,
        "bw_samples" : 120,
        "iops_min" : 24774,
        "iops_max" : 31262,
        "iops_mean" : 28599.266667,
        "iops_stddev" : 873.820769,
        "iops_samples" : 120
      },
      "trim" : {
        "io_bytes" : 0,
        "io_kbytes" : 0,
        "bw_bytes" : 0,
        "bw" : 0,
        "iops" : 0.000000,
        "runtime" : 0,
        "total_ios" : 0,
        "short_ios" : 0,
        "drop_ios" : 0,
        "slat_ns" : {
          "min" : 0,
          "max" : 0,
          "mean" : 0.000000,
          "stddev" : 0.000000,
          "N" : 0
        },
        "clat_ns" : {
          "min" : 0,
          "max" : 0,
          "mean" : 0.000000,
          "stddev" : 0.000000,
          "N" : 0
        },
        "lat_ns" : {
          "min" : 0,
          "max" : 0,
          "mean" : 0.000000,
          "stddev" : 0.000000,
          "N" : 0
        },
        "bw_min" : 0,
        "bw_max" : 0,
        "bw_agg" : 0.000000,
        "bw_mean" : 0.000000,
        "bw_dev" : 0.000000,
        "bw_samples" : 0,
        "iops_min" : 0,
        "iops_max" : 0,
        "iops_mean" : 0.000000,
        "iops_stddev" : 0.000000,
        "iops_samples" : 0
      },
      "sync" : {
        "total_ios" : 0,
        "lat_ns" : {
          "min" : 0,
          "max" : 0,
          "mean" : 0.000000,
          "stddev" : 0.000000,
          "N" : 0
        }
      },
      "job_runtime" : 60000,
      "usr_cpu" : 10.685000,
      "sys_cpu" : 27.621667,
      "ctx" : 1140459,
      "majf" : 0,
      "minf" : 118,
      "iodepth_level" : {
        "1" : 100.000000,
        "2" : 0.000000,
        "4" : 0.000000,
        "8" : 0.000000,
        "16" : 0.000000,
        "32" : 0.000000,
        ">=64" : 0.000000
      },
      "iodepth_submit" : {
        "0" : 0.000000,
        "4" : 100.000000,
        "8" : 0.000000,
        "16" : 0.000000,
        "32" : 0.000000,
        "64" : 0.000000,
        ">=64" : 0.000000
      },
      "iodepth_complete" : {
        "0" : 0.000000,
        "4" : 100.000000,
        "8" : 0.000000,
        "16" : 0.000000,
        "32" : 0.000000,
        "64" : 0.000000,
        ">=64" : 0.000000
      },
      "latency_ns" : {
        "2" : 0.000000,
        "4" : 0.000000,
        "10" : 0.000000,
        "20" : 0.000000,
        "50" : 0.000000,
        "100" : 0.000000,
        "250" : 0.000000,
        "500" : 0.000000,
        "750" : 0.000000,
        "1000" : 0.000000
      },
      "latency_us" : {
        "2" : 0.071831,
        "4" : 0.022748,
        "10" : 0.021611,
        "20" : 0.589873,
        "50" : 77.344924,
        "100" : 19.718047,
        "250" : 1.456746,
        "500" : 0.206832,
        "750" : 0.152762,
        "1000" : 0.128526
      },
      "latency_ms" : {
        "2" : 0.285137,
        "4" : 0.010000,
        "10" : 0.010000,
        "20" : 0.000000,
        "50" : 0.000000,
        "100" : 0.000000,
        "250" : 0.000000,
        "500" : 0.000000,
        "750" : 0.000000,
        "1000" : 0.000000,
        "2000" : 0.000000,
        ">=2000" : 0.000000
      },
      "latency_depth" : 1,
      "latency_target" : 0,
      "latency_percentile" : 100.000000,
      "latency_window" : 0
    }
  ],
  "disk_util" : [
    {
      "name" : "nvme1n1",
      "read_ios" : 374678,
      "write_ios" : 1123053,
      "read_merges" : 0,
      "write_merges" : 0,
      "read_ticks" : 37689,
      "write_ticks" : 19253,
      "in_queue" : 56942,
      "util" : 63.022340
    }
  ]
}
