{
  "fio version" : "fio-3.28",
  "timestamp" : 1757420736,
  "timestamp_ms" : 1757420736911,
  "time" : "Tue Sep  9 08:25:36 2025",
  "jobs" : [
    {
      "jobname" : "mixed_io",
      "groupid" : 0,
      "error" : 0,
      "eta" : 0,
      "elapsed" : 41,
      "job options" : {
        "name" : "mixed_io",
        "filename" : "/dev/nvme1n1p2",
        "rw" : "randrw",
        "rwmixread" : "100",
        "bs" : "64k",
        "ioengine" : "libaio",
        "iodepth" : "16",
        "numjobs" : "4",
        "runtime" : "30",
        "ramp_time" : "10",
        "direct" : "1"
      },
      "read" : {
        "io_bytes" : 132222615552,
        "io_kbytes" : 129123648,
        "bw_bytes" : 4407273609,
        "bw" : 4303978,
        "iops" : 67247.625079,
        "runtime" : 30001,
        "total_ios" : 2017496,
        "short_ios" : 0,
        "drop_ios" : 0,
        "slat_ns" : {
          "min" : 6564,
          "max" : 241762,
          "mean" : 18370.067221,
          "stddev" : 8510.772817,
          "N" : 2017497
        },
        "clat_ns" : {
          "min" : 117158,
          "max" : 7468485,
          "mean" : 930825.966116,
          "stddev" : 528408.419813,
          "N" : 2017556,
          "percentile" : {
            "1.000000" : 309248,
            "5.000000" : 411648,
            "10.000000" : 473088,
            "20.000000" : 552960,
            "30.000000" : 626688,
            "40.000000" : 700416,
            "50.000000" : 774144,
            "60.000000" : 872448,
            "70.000000" : 1011712,
            "80.000000" : 1220608,
            "90.000000" : 1597440,
            "95.000000" : 1974272,
            "99.000000" : 2899968,
            "99.500000" : 3325952,
            "99.900000" : 4358144,
            "99.950000" : 4816896,
            "99.990000" : 5734400
          }
        },
        "lat_ns" : {
          "min" : 134969,
          "max" : 7481660,
          "mean" : 949563.491877,
          "stddev" : 528349.646631,
          "N" : 2017556
        },
        "bw_min" : 3820684,
        "bw_max" : 5025223,
        "bw_agg" : 100.000000,
        "bw_mean" : 4307822.916667,
        "bw_dev" : 59163.570117,
        "bw_samples" : 240,
        "iops_min" : 59697,
        "iops_max" : 78518,
        "iops_mean" : 67308.783333,
        "iops_stddev" : 924.439176,
        "iops_samples" : 240
      },
      "write" : {
        "io_bytes" : 0,
        "io_kbytes" : 0,
        "bw_bytes" : 0,
        "bw" : 0,
        "iops" : 0.000000,
        "runtime" : 0,
        "total_ios" : 0,
        "short_ios" : 0,
        "drop_ios" : 0,
        "slat_ns" : {
          "min" : 0,
          "max" : 0,
          "mean" : 0.000000,
          "stddev" : 0.000000,
          "N" : 0
        },
        "clat_ns" : {
          "min" : 0,
          "max" : 0,
          "mean" : 0.000000,
          "stddev" : 0.000000,
          "N" : 0
        },
        "lat_ns" : {
          "min" : 0,
          "max" : 0,
          "mean" : 0.000000,
          "stddev" : 0.000000,
          "N" : 0
        },
        "bw_min" : 0,
        "bw_max" : 0,
        "bw_agg" : 0.000000,
        "bw_mean" : 0.000000,
        "bw_dev" : 0.000000,
        "bw_samples" : 0,
        "iops_min" : 0,
        "iops_max" : 0,
        "iops_mean" : 0.000000,
        "iops_stddev" : 0.000000,
        "iops_samples" : 0
      },
      "trim" : {
        "io_bytes" : 0,
        "io_kbytes" : 0,
        "bw_bytes" : 0,
        "bw" : 0,
        "iops" : 0.000000,
        "runtime" : 0,
        "total_ios" : 0,
        "short_ios" : 0,
        "drop_ios" : 0,
        "slat_ns" : {
          "min" : 0,
          "max" : 0,
          "mean" : 0.000000,
          "stddev" : 0.000000,
          "N" : 0
        },
        "clat_ns" : {
          "min" : 0,
          "max" : 0,
          "mean" : 0.000000,
          "stddev" : 0.000000,
          "N" : 0
        },
        "lat_ns" : {
          "min" : 0,
          "max" : 0,
          "mean" : 0.000000,
          "stddev" : 0.000000,
          "N" : 0
        },
        "bw_min" : 0,
        "bw_max" : 0,
        "bw_agg" : 0.000000,
        "bw_mean" : 0.000000,
        "bw_dev" : 0.000000,
        "bw_samples" : 0,
        "iops_min" : 0,
        "iops_max" : 0,
        "iops_mean" : 0.000000,
        "iops_stddev" : 0.000000,
        "iops_samples" : 0
      },
      "sync" : {
        "total_ios" : 0,
        "lat_ns" : {
          "min" : 0,
          "max" : 0,
          "mean" : 0.000000,
          "stddev" : 0.000000,
          "N" : 0
        }
      },
      "job_runtime" : 120000,
      "usr_cpu" : 8.665000,
      "sys_cpu" : 40.767500,
      "ctx" : 849158,
      "majf" : 0,
      "minf" : 240,
      "iodepth_level" : {
        "1" : 0.000000,
        "2" : 0.000000,
        "4" : 0.000000,
        "8" : 0.000000,
        "16" : 100.000000,
        "32" : 0.000000,
        ">=64" : 0.000000
      },
      "iodepth_submit" : {
        "0" : 0.000000,
        "4" : 100.000000,
        "8" : 0.000000,
        "16" : 0.000000,
        "32" : 0.000000,
        "64" : 0.000000,
        ">=64" : 0.000000
      },
      "iodepth_complete" : {
        "0" : 0.000000,
        "4" : 99.999802,
        "8" : 0.000000,
        "16" : 0.100000,
        "32" : 0.000000,
        "64" : 0.000000,
        ">=64" : 0.000000
      },
      "latency_ns" : {
        "2" : 0.000000,
        "4" : 0.000000,
        "10" : 0.000000,
        "20" : 0.000000,
        "50" : 0.000000,
        "100" : 0.000000,
        "250" : 0.000000,
        "500" : 0.000000,
        "750" : 0.000000,
        "1000" : 0.000000
      },
      "latency_us" : {
        "2" : 0.000000,
        "4" : 0.000000,
        "10" : 0.000000,
        "20" : 0.000000,
        "50" : 0.000000,
        "100" : 0.000000,
        "250" : 0.280694,
        "500" : 12.735540,
        "750" : 33.680215,
        "1000" : 22.686340
      },
      "latency_ms" : {
        "2" : 25.856854,
        "4" : 4.591385,
        "10" : 0.171946,
        "20" : 0.000000,
        "50" : 0.000000,
        "100" : 0.000000,
        "250" : 0.000000,
        "500" : 0.000000,
        "750" : 0.000000,
        "1000" : 0.000000,
        "2000" : 0.000000,
        ">=2000" : 0.000000
      },
      "latency_depth" : 16,
      "latency_target" : 0,
      "latency_percentile" : 100.000000,
      "latency_window" : 0
    }
  ],
  "disk_util" : [
    {
      "name" : "nvme1n1",
      "read_ios" : 2707041,
      "write_ios" : 0,
      "read_merges" : 0,
      "write_merges" : 0,
      "read_ticks" : 2435669,
      "write_ticks" : 0,
      "in_queue" : 2435669,
      "util" : 66.356376
    }
  ]
}
