{
  "fio version" : "fio-3.28",
  "timestamp" : 1757418959,
  "timestamp_ms" : 1757418959467,
  "time" : "Tue Sep  9 07:55:59 2025",
  "jobs" : [
    {
      "jobname" : "mixed_io",
      "groupid" : 0,
      "error" : 0,
      "eta" : 0,
      "elapsed" : 41,
      "job options" : {
        "name" : "mixed_io",
        "filename" : "/dev/nvme1n1p2",
        "rw" : "randrw",
        "rwmixread" : "75",
        "bs" : "1024k",
        "ioengine" : "libaio",
        "iodepth" : "4",
        "numjobs" : "4",
        "runtime" : "30",
        "ramp_time" : "10",
        "direct" : "1"
      },
      "read" : {
        "io_bytes" : 76763103232,
        "io_kbytes" : 74963968,
        "bw_bytes" : 2558514256,
        "bw" : 2498549,
        "iops" : 2439.589374,
        "runtime" : 30003,
        "total_ios" : 73195,
        "short_ios" : 0,
        "drop_ios" : 0,
        "slat_ns" : {
          "min" : 90161,
          "max" : 567157,
          "mean" : 181016.481208,
          "stddev" : 30370.805905,
          "N" : 73195
        },
        "clat_ns" : {
          "min" : 660002,
          "max" : 34021998,
          "mean" : 6188623.692666,
          "stddev" : 2021885.999276,
          "N" : 73207,
          "percentile" : {
            "1.000000" : 2408448,
            "5.000000" : 3489792,
            "10.000000" : 4014080,
            "20.000000" : 4554752,
            "30.000000" : 5144576,
            "40.000000" : 5603328,
            "50.000000" : 5996544,
            "60.000000" : 6389760,
            "70.000000" : 6979584,
            "80.000000" : 7569408,
            "90.000000" : 8454144,
            "95.000000" : 9371648,
            "99.000000" : 11599872,
            "99.500000" : 12779520,
            "99.900000" : 26083328,
            "99.950000" : 28966912,
            "99.990000" : 33161216
          }
        },
        "lat_ns" : {
          "min" : 853349,
          "max" : 34198548,
          "mean" : 6370176.868360,
          "stddev" : 2019152.510988,
          "N" : 73207
        },
        "bw_min" : 1992608,
        "bw_max" : 2804667,
        "bw_agg" : 100.000000,
        "bw_mean" : 2501352.816667,
        "bw_dev" : 45394.264174,
        "bw_samples" : 240,
        "iops_min" : 1944,
        "iops_max" : 2738,
        "iops_mean" : 2442.166667,
        "iops_stddev" : 44.300390,
        "iops_samples" : 240
      },
      "write" : {
        "io_bytes" : 25674383360,
        "io_kbytes" : 25072640,
        "bw_bytes" : 855727205,
        "bw" : 835671,
        "iops" : 816.085058,
        "runtime" : 30003,
        "total_ios" : 24485,
        "short_ios" : 0,
        "drop_ios" : 0,
        "slat_ns" : {
          "min" : 88511,
          "max" : 453497,
          "mean" : 223575.196243,
          "stddev" : 36916.688994,
          "N" : 24485
        },
        "clat_ns" : {
          "min" : 15459,
          "max" : 29170568,
          "mean" : 313996.211354,
          "stddev" : 672694.644912,
          "N" : 24485,
          "percentile" : {
            "1.000000" : 125440,
            "5.000000" : 142336,
            "10.000000" : 154624,
            "20.000000" : 166912,
            "30.000000" : 187392,
            "40.000000" : 199680,
            "50.000000" : 214016,
            "60.000000" : 236544,
            "70.000000" : 280576,
            "80.000000" : 358400,
            "90.000000" : 464896,
            "95.000000" : 806912,
            "99.000000" : 1466368,
            "99.500000" : 1613824,
            "99.900000" : 2965504,
            "99.950000" : 20578304,
            "99.990000" : 26083328
          }
        },
        "lat_ns" : {
          "min" : 302994,
          "max" : 29336334,
          "mean" : 538283.643455,
          "stddev" : 672919.617113,
          "N" : 24485
        },
        "bw_min" : 641979,
        "bw_max" : 1136864,
        "bw_agg" : 100.000000,
        "bw_mean" : 836744.583333,
        "bw_dev" : 26874.939645,
        "bw_samples" : 240,
        "iops_min" : 626,
        "iops_max" : 1108,
        "iops_mean" : 816.166667,
        "iops_stddev" : 26.212728,
        "iops_samples" : 240
      },
      "trim" : {
        "io_bytes" : 0,
        "io_kbytes" : 0,
        "bw_bytes" : 0,
        "bw" : 0,
        "iops" : 0.000000,
        "runtime" : 0,
        "total_ios" : 0,
        "short_ios" : 0,
        "drop_ios" : 0,
        "slat_ns" : {
          "min" : 0,
          "max" : 0,
          "mean" : 0.000000,
          "stddev" : 0.000000,
          "N" : 0
        },
        "clat_ns" : {
          "min" : 0,
          "max" : 0,
          "mean" : 0.000000,
          "stddev" : 0.000000,
          "N" : 0
        },
        "lat_ns" : {
          "min" : 0,
          "max" : 0,
          "mean" : 0.000000,
          "stddev" : 0.000000,
          "N" : 0
        },
        "bw_min" : 0,
        "bw_max" : 0,
        "bw_agg" : 0.000000,
        "bw_mean" : 0.000000,
        "bw_dev" : 0.000000,
        "bw_samples" : 0,
        "iops_min" : 0,
        "iops_max" : 0,
        "iops_mean" : 0.000000,
        "iops_stddev" : 0.000000,
        "iops_samples" : 0
      },
      "sync" : {
        "total_ios" : 0,
        "lat_ns" : {
          "min" : 0,
          "max" : 0,
          "mean" : 0.000000,
          "stddev" : 0.000000,
          "N" : 0
        }
      },
      "job_runtime" : 120006,
      "usr_cpu" : 2.187391,
      "sys_cpu" : 17.159975,
      "ctx" : 72648,
      "majf" : 0,
      "minf" : 241,
      "iodepth_level" : {
        "1" : 0.000000,
        "2" : 0.000000,
        "4" : 100.000000,
        "8" : 0.000000,
        "16" : 0.000000,
        "32" : 0.000000,
        ">=64" : 0.000000
      },
      "iodepth_submit" : {
        "0" : 0.000000,
        "4" : 100.000000,
        "8" : 0.000000,
        "16" : 0.000000,
        "32" : 0.000000,
        "64" : 0.000000,
        ">=64" : 0.000000
      },
      "iodepth_complete" : {
        "0" : 0.000000,
        "4" : 100.000000,
        "8" : 0.000000,
        "16" : 0.000000,
        "32" : 0.000000,
        "64" : 0.000000,
        ">=64" : 0.000000
      },
      "latency_ns" : {
        "2" : 0.000000,
        "4" : 0.000000,
        "10" : 0.000000,
        "20" : 0.000000,
        "50" : 0.000000,
        "100" : 0.000000,
        "250" : 0.000000,
        "500" : 0.000000,
        "750" : 0.000000,
        "1000" : 0.000000
      },
      "latency_us" : {
        "2" : 0.000000,
        "4" : 0.000000,
        "10" : 0.000000,
        "20" : 0.010000,
        "50" : 0.000000,
        "100" : 0.021499,
        "250" : 16.080057,
        "500" : 6.779279,
        "750" : 0.834357,
        "1000" : 0.416667
      },
      "latency_ms" : {
        "2" : 1.152744,
        "4" : 7.220516,
        "10" : 65.149468,
        "20" : 2.232801,
        "50" : 0.123874,
        "100" : 0.000000,
        "250" : 0.000000,
        "500" : 0.000000,
        "750" : 0.000000,
        "1000" : 0.000000,
        "2000" : 0.000000,
        ">=2000" : 0.000000
      },
      "latency_depth" : 4,
      "latency_target" : 0,
      "latency_percentile" : 100.000000,
      "latency_window" : 0
    }
  ],
  "disk_util" : [
    {
      "name" : "nvme1n1",
      "read_ios" : 782851,
      "write_ios" : 263800,
      "read_merges" : 0,
      "write_merges" : 0,
      "read_ticks" : 4360753,
      "write_ticks" : 48040,
      "in_queue" : 4408793,
      "util" : 81.383390
    }
  ]
}
