{
  "fio version" : "fio-3.28",
  "timestamp" : 1757419444,
  "timestamp_ms" : 1757419444260,
  "time" : "Tue Sep  9 08:04:04 2025",
  "jobs" : [
    {
      "jobname" : "mixed_io",
      "groupid" : 0,
      "error" : 0,
      "eta" : 0,
      "elapsed" : 41,
      "job options" : {
        "name" : "mixed_io",
        "filename" : "/dev/nvme1n1p2",
        "rw" : "randrw",
        "rwmixread" : "75",
        "bs" : "1024k",
        "ioengine" : "libaio",
        "iodepth" : "64",
        "numjobs" : "1",
        "runtime" : "30",
        "ramp_time" : "10",
        "direct" : "1"
      },
      "read" : {
        "io_bytes" : 71953285120,
        "io_kbytes" : 70266880,
        "bw_bytes" : 2394611458,
        "bw" : 2338487,
        "iops" : 2281.782481,
        "runtime" : 30048,
        "total_ios" : 68563,
        "short_ios" : 0,
        "drop_ios" : 0,
        "slat_ns" : {
          "min" : 92269,
          "max" : 1077200,
          "mean" : 164105.482002,
          "stddev" : 43335.739485,
          "N" : 68564
        },
        "clat_ns" : {
          "min" : 9104401,
          "max" : 73444345,
          "mean" : 24622315.266253,
          "stddev" : 3949035.333468,
          "N" : 68619,
          "percentile" : {
            "1.000000" : 17956864,
            "5.000000" : 19791872,
            "10.000000" : 20578304,
            "20.000000" : 21889024,
            "30.000000" : 22675456,
            "40.000000" : 23461888,
            "50.000000" : 24248320,
            "60.000000" : 25034752,
            "70.000000" : 25821184,
            "80.000000" : 26869760,
            "90.000000" : 28704768,
            "95.000000" : 30277632,
            "99.000000" : 35913728,
            "99.500000" : 47448064,
            "99.900000" : 59506688,
            "99.950000" : 64225280,
            "99.990000" : 71827456
          }
        },
        "lat_ns" : {
          "min" : 9236378,
          "max" : 73558009,
          "mean" : 24786821.386045,
          "stddev" : 3948305.924433,
          "N" : 68619
        },
        "bw_min" : 1916665,
        "bw_max" : 2587703,
        "bw_agg" : 100.000000,
        "bw_mean" : 2343613.750000,
        "bw_dev" : 143170.410882,
        "bw_samples" : 60,
        "iops_min" : 1871,
        "iops_max" : 2527,
        "iops_mean" : 2288.233333,
        "iops_stddev" : 139.713553,
        "iops_samples" : 60
      },
      "write" : {
        "io_bytes" : 24032313344,
        "io_kbytes" : 23469056,
        "bw_bytes" : 799797435,
        "bw" : 781052,
        "iops" : 762.513312,
        "runtime" : 30048,
        "total_ios" : 22912,
        "short_ios" : 0,
        "drop_ios" : 0,
        "slat_ns" : {
          "min" : 110001,
          "max" : 624642,
          "mean" : 234136.571753,
          "stddev" : 60872.655741,
          "N" : 22912
        },
        "clat_ns" : {
          "min" : 215547,
          "max" : 58303166,
          "mean" : 9472809.961342,
          "stddev" : 2234524.951467,
          "N" : 22919,
          "percentile" : {
            "1.000000" : 5799936,
            "5.000000" : 6979584,
            "10.000000" : 7569408,
            "20.000000" : 8159232,
            "30.000000" : 8585216,
            "40.000000" : 8978432,
            "50.000000" : 9371648,
            "60.000000" : 9633792,
            "70.000000" : 10027008,
            "80.000000" : 10551296,
            "90.000000" : 11206656,
            "95.000000" : 11862016,
            "99.000000" : 14876672,
            "99.500000" : 17694720,
            "99.900000" : 36438016,
            "99.950000" : 40632320,
            "99.990000" : 56885248
          }
        },
        "lat_ns" : {
          "min" : 454476,
          "max" : 58499667,
          "mean" : 9707358.359658,
          "stddev" : 2228690.676238,
          "N" : 22919
        },
        "bw_min" : 646412,
        "bw_max" : 876248,
        "bw_agg" : 100.000000,
        "bw_mean" : 783125.400000,
        "bw_dev" : 42899.954346,
        "bw_samples" : 60,
        "iops_min" : 631,
        "iops_max" : 855,
        "iops_mean" : 764.400000,
        "iops_stddev" : 41.822142,
        "iops_samples" : 60
      },
      "trim" : {
        "io_bytes" : 0,
        "io_kbytes" : 0,
        "bw_bytes" : 0,
        "bw" : 0,
        "iops" : 0.000000,
        "runtime" : 0,
        "total_ios" : 0,
        "short_ios" : 0,
        "drop_ios" : 0,
        "slat_ns" : {
          "min" : 0,
          "max" : 0,
          "mean" : 0.000000,
          "stddev" : 0.000000,
          "N" : 0
        },
        "clat_ns" : {
          "min" : 0,
          "max" : 0,
          "mean" : 0.000000,
          "stddev" : 0.000000,
          "N" : 0
        },
        "lat_ns" : {
          "min" : 0,
          "max" : 0,
          "mean" : 0.000000,
          "stddev" : 0.000000,
          "N" : 0
        },
        "bw_min" : 0,
        "bw_max" : 0,
        "bw_agg" : 0.000000,
        "bw_mean" : 0.000000,
        "bw_dev" : 0.000000,
        "bw_samples" : 0,
        "iops_min" : 0,
        "iops_max" : 0,
        "iops_mean" : 0.000000,
        "iops_stddev" : 0.000000,
        "iops_samples" : 0
      },
      "sync" : {
        "total_ios" : 0,
        "lat_ns" : {
          "min" : 0,
          "max" : 0,
          "mean" : 0.000000,
          "stddev" : 0.000000,
          "N" : 0
        }
      },
      "job_runtime" : 30047,
      "usr_cpu" : 8.929344,
      "sys_cpu" : 51.079975,
      "ctx" : 24907,
      "majf" : 0,
      "minf" : 62,
      "iodepth_level" : {
        "1" : 0.000000,
        "2" : 0.000000,
        "4" : 0.000000,
        "8" : 0.000000,
        "16" : 0.000000,
        "32" : 0.000000,
        ">=64" : 100.000000
      },
      "iodepth_submit" : {
        "0" : 0.000000,
        "4" : 100.000000,
        "8" : 0.000000,
        "16" : 0.000000,
        "32" : 0.000000,
        "64" : 0.000000,
        ">=64" : 0.000000
      },
      "iodepth_complete" : {
        "0" : 0.000000,
        "4" : 99.998907,
        "8" : 0.000000,
        "16" : 0.000000,
        "32" : 0.000000,
        "64" : 0.100000,
        ">=64" : 0.000000
      },
      "latency_ns" : {
        "2" : 0.000000,
        "4" : 0.000000,
        "10" : 0.000000,
        "20" : 0.000000,
        "50" : 0.000000,
        "100" : 0.000000,
        "250" : 0.000000,
        "500" : 0.000000,
        "750" : 0.000000,
        "1000" : 0.000000
      },
      "latency_us" : {
        "2" : 0.000000,
        "4" : 0.000000,
        "10" : 0.000000,
        "20" : 0.000000,
        "50" : 0.000000,
        "100" : 0.000000,
        "250" : 0.010000,
        "500" : 0.010000,
        "750" : 0.010000,
        "1000" : 0.010000
      },
      "latency_ms" : {
        "2" : 0.014212,
        "4" : 0.028423,
        "10" : 17.128177,
        "20" : 12.388084,
        "50" : 70.239956,
        "100" : 0.256901,
        "250" : 0.000000,
        "500" : 0.000000,
        "750" : 0.000000,
        "1000" : 0.000000,
        "2000" : 0.000000,
        ">=2000" : 0.000000
      },
      "latency_depth" : 64,
      "latency_target" : 0,
      "latency_percentile" : 100.000000,
      "latency_window" : 0
    }
  ],
  "disk_util" : [
    {
      "name" : "nvme1n1",
      "read_ios" : 718796,
      "write_ios" : 239944,
      "read_merges" : 0,
      "write_merges" : 0,
      "read_ticks" : 16741814,
      "write_ticks" : 2176138,
      "in_queue" : 18917953,
      "util" : 75.699536
    }
  ]
}
