{
  "fio version" : "fio-3.28",
  "timestamp" : 1757417222,
  "timestamp_ms" : 1757417222411,
  "time" : "Tue Sep  9 07:27:02 2025",
  "jobs" : [
    {
      "jobname" : "mixed_io",
      "groupid" : 0,
      "error" : 0,
      "eta" : 0,
      "elapsed" : 41,
      "job options" : {
        "name" : "mixed_io",
        "filename" : "/dev/nvme1n1p2",
        "rw" : "randrw",
        "rwmixread" : "50",
        "bs" : "64k",
        "ioengine" : "libaio",
        "iodepth" : "4",
        "numjobs" : "1",
        "runtime" : "30",
        "ramp_time" : "10",
        "direct" : "1"
      },
      "read" : {
        "io_bytes" : 13815513088,
        "io_kbytes" : 13491712,
        "bw_bytes" : 460501752,
        "bw" : 449708,
        "iops" : 7026.599113,
        "runtime" : 30001,
        "total_ios" : 210805,
        "short_ios" : 0,
        "drop_ios" : 0,
        "slat_ns" : {
          "min" : 14734,
          "max" : 219200,
          "mean" : 19093.462679,
          "stddev" : 6288.811541,
          "N" : 210805
        },
        "clat_ns" : {
          "min" : 50666,
          "max" : 14553007,
          "mean" : 481607.603208,
          "stddev" : 537174.293144,
          "N" : 210808,
          "percentile" : {
            "1.000000" : 126464,
            "5.000000" : 154624,
            "10.000000" : 162816,
            "20.000000" : 173056,
            "30.000000" : 187392,
            "40.000000" : 197632,
            "50.000000" : 214016,
            "60.000000" : 242688,
            "70.000000" : 309248,
            "80.000000" : 962560,
            "90.000000" : 1466368,
            "95.000000" : 1597440,
            "99.000000" : 1777664,
            "99.500000" : 1826816,
            "99.900000" : 2088960,
            "99.950000" : 2768896,
            "99.990000" : 13434880
          }
        },
        "lat_ns" : {
          "min" : 112765,
          "max" : 14568231,
          "mean" : 501075.371646,
          "stddev" : 536868.833939,
          "N" : 210808
        },
        "bw_min" : 402468,
        "bw_max" : 485963,
        "bw_agg" : 100.000000,
        "bw_mean" : 450089.583333,
        "bw_dev" : 19825.280352,
        "bw_samples" : 60,
        "iops_min" : 6288,
        "iops_max" : 7593,
        "iops_mean" : 7032.483333,
        "iops_stddev" : 309.779008,
        "iops_samples" : 60
      },
      "write" : {
        "io_bytes" : 13847953408,
        "io_kbytes" : 13523392,
        "bw_bytes" : 461583060,
        "bw" : 450764,
        "iops" : 7043.198560,
        "runtime" : 30001,
        "total_ios" : 211303,
        "short_ios" : 0,
        "drop_ios" : 0,
        "slat_ns" : {
          "min" : 14392,
          "max" : 190758,
          "mean" : 20079.345220,
          "stddev" : 6281.191648,
          "N" : 211303
        },
        "clat_ns" : {
          "min" : 1572,
          "max" : 504886,
          "mean" : 43844.630147,
          "stddev" : 16447.437951,
          "N" : 211303,
          "percentile" : {
            "1.000000" : 25984,
            "5.000000" : 26496,
            "10.000000" : 27008,
            "20.000000" : 32128,
            "30.000000" : 34048,
            "40.000000" : 34560,
            "50.000000" : 35584,
            "60.000000" : 44288,
            "70.000000" : 51456,
            "80.000000" : 57088,
            "90.000000" : 68096,
            "95.000000" : 76288,
            "99.000000" : 91648,
            "99.500000" : 104960,
            "99.900000" : 123392,
            "99.950000" : 132096,
            "99.990000" : 152576
          }
        },
        "lat_ns" : {
          "min" : 40788,
          "max" : 521339,
          "mean" : 64378.139009,
          "stddev" : 19005.103277,
          "N" : 211303
        },
        "bw_min" : 400545,
        "bw_max" : 488913,
        "bw_agg" : 100.000000,
        "bw_mean" : 451154.250000,
        "bw_dev" : 20472.974571,
        "bw_samples" : 60,
        "iops_min" : 6258,
        "iops_max" : 7639,
        "iops_mean" : 7049.083333,
        "iops_stddev" : 319.908583,
        "iops_samples" : 60
      },
      "trim" : {
        "io_bytes" : 0,
        "io_kbytes" : 0,
        "bw_bytes" : 0,
        "bw" : 0,
        "iops" : 0.000000,
        "runtime" : 0,
        "total_ios" : 0,
        "short_ios" : 0,
        "drop_ios" : 0,
        "slat_ns" : {
          "min" : 0,
          "max" : 0,
          "mean" : 0.000000,
          "stddev" : 0.000000,
          "N" : 0
        },
        "clat_ns" : {
          "min" : 0,
          "max" : 0,
          "mean" : 0.000000,
          "stddev" : 0.000000,
          "N" : 0
        },
        "lat_ns" : {
          "min" : 0,
          "max" : 0,
          "mean" : 0.000000,
          "stddev" : 0.000000,
          "N" : 0
        },
        "bw_min" : 0,
        "bw_max" : 0,
        "bw_agg" : 0.000000,
        "bw_mean" : 0.000000,
        "bw_dev" : 0.000000,
        "bw_samples" : 0,
        "iops_min" : 0,
        "iops_max" : 0,
        "iops_mean" : 0.000000,
        "iops_stddev" : 0.000000,
        "iops_samples" : 0
      },
      "sync" : {
        "total_ios" : 0,
        "lat_ns" : {
          "min" : 0,
          "max" : 0,
          "mean" : 0.000000,
          "stddev" : 0.000000,
          "N" : 0
        }
      },
      "job_runtime" : 30000,
      "usr_cpu" : 8.426667,
      "sys_cpu" : 32.883333,
      "ctx" : 167412,
      "majf" : 0,
      "minf" : 59,
      "iodepth_level" : {
        "1" : 0.000000,
        "2" : 0.000000,
        "4" : 100.000000,
        "8" : 0.000000,
        "16" : 0.000000,
        "32" : 0.000000,
        ">=64" : 0.000000
      },
      "iodepth_submit" : {
        "0" : 0.000000,
        "4" : 100.000000,
        "8" : 0.000000,
        "16" : 0.000000,
        "32" : 0.000000,
        "64" : 0.000000,
        ">=64" : 0.000000
      },
      "iodepth_complete" : {
        "0" : 0.000000,
        "4" : 100.000000,
        "8" : 0.000000,
        "16" : 0.000000,
        "32" : 0.000000,
        "64" : 0.000000,
        ">=64" : 0.000000
      },
      "latency_ns" : {
        "2" : 0.000000,
        "4" : 0.000000,
        "10" : 0.000000,
        "20" : 0.000000,
        "50" : 0.000000,
        "100" : 0.000000,
        "250" : 0.000000,
        "500" : 0.000000,
        "750" : 0.000000,
        "1000" : 0.000000
      },
      "latency_us" : {
        "2" : 0.010000,
        "4" : 0.010000,
        "10" : 0.010000,
        "20" : 0.010000,
        "50" : 33.590219,
        "100" : 16.111043,
        "250" : 31.079487,
        "500" : 7.522245,
        "750" : 0.887214,
        "1000" : 0.991926
      },
      "latency_ms" : {
        "2" : 9.755797,
        "4" : 0.046671,
        "10" : 0.010000,
        "20" : 0.010000,
        "50" : 0.000000,
        "100" : 0.000000,
        "250" : 0.000000,
        "500" : 0.000000,
        "750" : 0.000000,
        "1000" : 0.000000,
        "2000" : 0.000000,
        ">=2000" : 0.000000
      },
      "latency_depth" : 4,
      "latency_target" : 0,
      "latency_percentile" : 100.000000,
      "latency_window" : 0
    }
  ],
  "disk_util" : [
    {
      "name" : "nvme1n1",
      "read_ios" : 287042,
      "write_ios" : 287151,
      "read_merges" : 0,
      "write_merges" : 0,
      "read_ticks" : 129575,
      "write_ticks" : 9757,
      "in_queue" : 139332,
      "util" : 78.055902
    }
  ]
}
