{
  "fio version" : "fio-3.28",
  "timestamp" : 1757417989,
  "timestamp_ms" : 1757417989920,
  "time" : "Tue Sep  9 07:39:49 2025",
  "jobs" : [
    {
      "jobname" : "mixed_io",
      "groupid" : 0,
      "error" : 0,
      "eta" : 0,
      "elapsed" : 41,
      "job options" : {
        "name" : "mixed_io",
        "filename" : "/dev/nvme1n1p2",
        "rw" : "randrw",
        "rwmixread" : "50",
        "bs" : "1024k",
        "ioengine" : "libaio",
        "iodepth" : "64",
        "numjobs" : "1",
        "runtime" : "30",
        "ramp_time" : "10",
        "direct" : "1"
      },
      "read" : {
        "io_bytes" : 39810236416,
        "io_kbytes" : 38877184,
        "bw_bytes" : 1326212153,
        "bw" : 1295129,
        "iops" : 1262.908921,
        "runtime" : 30018,
        "total_ios" : 37910,
        "short_ios" : 0,
        "drop_ios" : 0,
        "slat_ns" : {
          "min" : 64472,
          "max" : 571650,
          "mean" : 178243.211264,
          "stddev" : 48956.484214,
          "N" : 37910
        },
        "clat_ns" : {
          "min" : 6507318,
          "max" : 84306942,
          "mean" : 39058549.171627,
          "stddev" : 7236919.847961,
          "N" : 37966,
          "percentile" : {
            "1.000000" : 26345472,
            "5.000000" : 29753344,
            "10.000000" : 31326208,
            "20.000000" : 33816576,
            "30.000000" : 35389440,
            "40.000000" : 36438016,
            "50.000000" : 38010880,
            "60.000000" : 39583744,
            "70.000000" : 41156608,
            "80.000000" : 43778048,
            "90.000000" : 47972352,
            "95.000000" : 52166656,
            "99.000000" : 64749568,
            "99.500000" : 68681728,
            "99.900000" : 76021760,
            "99.950000" : 78118912,
            "99.990000" : 83361792
          }
        },
        "lat_ns" : {
          "min" : 6687908,
          "max" : 84536180,
          "mean" : 39237157.782095,
          "stddev" : 7235635.674481,
          "N" : 37966
        },
        "bw_min" : 1146880,
        "bw_max" : 1454941,
        "bw_agg" : 100.000000,
        "bw_mean" : 1296010.850000,
        "bw_dev" : 76321.370884,
        "bw_samples" : 60,
        "iops_min" : 1120,
        "iops_max" : 1420,
        "iops_mean" : 1265.233333,
        "iops_stddev" : 74.417140,
        "iops_samples" : 60
      },
      "write" : {
        "io_bytes" : 39461060608,
        "io_kbytes" : 38536192,
        "bw_bytes" : 1314579938,
        "bw" : 1283769,
        "iops" : 1253.447931,
        "runtime" : 30018,
        "total_ios" : 37626,
        "short_ios" : 0,
        "drop_ios" : 0,
        "slat_ns" : {
          "min" : 93496,
          "max" : 1125344,
          "mean" : 253410.117286,
          "stddev" : 66959.115797,
          "N" : 37626
        },
        "clat_ns" : {
          "min" : 476513,
          "max" : 64094323,
          "mean" : 11234079.640927,
          "stddev" : 3446820.354499,
          "N" : 37633,
          "percentile" : {
            "1.000000" : 5931008,
            "5.000000" : 7766016,
            "10.000000" : 8585216,
            "20.000000" : 9502720,
            "30.000000" : 10158080,
            "40.000000" : 10682368,
            "50.000000" : 11075584,
            "60.000000" : 11468800,
            "70.000000" : 11862016,
            "80.000000" : 12386304,
            "90.000000" : 13172736,
            "95.000000" : 13959168,
            "99.000000" : 28966912,
            "99.500000" : 34340864,
            "99.900000" : 46923776,
            "99.950000" : 61079552,
            "99.990000" : 63176704
          }
        },
        "lat_ns" : {
          "min" : 742683,
          "max" : 64410166,
          "mean" : 11487899.486010,
          "stddev" : 3442601.067983,
          "N" : 37633
        },
        "bw_min" : 1101824,
        "bw_max" : 1401587,
        "bw_agg" : 100.000000,
        "bw_mean" : 1286130.483333,
        "bw_dev" : 67170.784952,
        "bw_samples" : 60,
        "iops_min" : 1076,
        "iops_max" : 1368,
        "iops_mean" : 1255.600000,
        "iops_stddev" : 65.477438,
        "iops_samples" : 60
      },
      "trim" : {
        "io_bytes" : 0,
        "io_kbytes" : 0,
        "bw_bytes" : 0,
        "bw" : 0,
        "iops" : 0.000000,
        "runtime" : 0,
        "total_ios" : 0,
        "short_ios" : 0,
        "drop_ios" : 0,
        "slat_ns" : {
          "min" : 0,
          "max" : 0,
          "mean" : 0.000000,
          "stddev" : 0.000000,
          "N" : 0
        },
        "clat_ns" : {
          "min" : 0,
          "max" : 0,
          "mean" : 0.000000,
          "stddev" : 0.000000,
          "N" : 0
        },
        "lat_ns" : {
          "min" : 0,
          "max" : 0,
          "mean" : 0.000000,
          "stddev" : 0.000000,
          "N" : 0
        },
        "bw_min" : 0,
        "bw_max" : 0,
        "bw_agg" : 0.000000,
        "bw_mean" : 0.000000,
        "bw_dev" : 0.000000,
        "bw_samples" : 0,
        "iops_min" : 0,
        "iops_max" : 0,
        "iops_mean" : 0.000000,
        "iops_stddev" : 0.000000,
        "iops_samples" : 0
      },
      "sync" : {
        "total_ios" : 0,
        "lat_ns" : {
          "min" : 0,
          "max" : 0,
          "mean" : 0.000000,
          "stddev" : 0.000000,
          "N" : 0
        }
      },
      "job_runtime" : 30017,
      "usr_cpu" : 14.878236,
      "sys_cpu" : 44.248259,
      "ctx" : 23289,
      "majf" : 0,
      "minf" : 63,
      "iodepth_level" : {
        "1" : 0.000000,
        "2" : 0.000000,
        "4" : 0.000000,
        "8" : 0.000000,
        "16" : 0.000000,
        "32" : 0.000000,
        ">=64" : 100.000000
      },
      "iodepth_submit" : {
        "0" : 0.000000,
        "4" : 100.000000,
        "8" : 0.000000,
        "16" : 0.000000,
        "32" : 0.000000,
        "64" : 0.000000,
        ">=64" : 0.000000
      },
      "iodepth_complete" : {
        "0" : 0.000000,
        "4" : 99.998676,
        "8" : 0.000000,
        "16" : 0.000000,
        "32" : 0.000000,
        "64" : 0.100000,
        ">=64" : 0.000000
      },
      "latency_ns" : {
        "2" : 0.000000,
        "4" : 0.000000,
        "10" : 0.000000,
        "20" : 0.000000,
        "50" : 0.000000,
        "100" : 0.000000,
        "250" : 0.000000,
        "500" : 0.000000,
        "750" : 0.000000,
        "1000" : 0.000000
      },
      "latency_us" : {
        "2" : 0.000000,
        "4" : 0.000000,
        "10" : 0.000000,
        "20" : 0.000000,
        "50" : 0.000000,
        "100" : 0.000000,
        "250" : 0.000000,
        "500" : 0.010000,
        "750" : 0.010000,
        "1000" : 0.010000
      },
      "latency_ms" : {
        "2" : 0.026477,
        "4" : 0.092671,
        "10" : 13.480989,
        "20" : 35.624073,
        "50" : 47.317835,
        "100" : 3.530767,
        "250" : 0.000000,
        "500" : 0.000000,
        "750" : 0.000000,
        "1000" : 0.000000,
        "2000" : 0.000000,
        ">=2000" : 0.000000
      },
      "latency_depth" : 64,
      "latency_target" : 0,
      "latency_percentile" : 100.000000,
      "latency_window" : 0
    }
  ],
  "disk_util" : [
    {
      "name" : "nvme1n1",
      "read_ios" : 395860,
      "write_ios" : 393576,
      "read_merges" : 0,
      "write_merges" : 0,
      "read_ticks" : 14203086,
      "write_ticks" : 4292976,
      "in_queue" : 18496063,
      "util" : 75.488876
    }
  ]
}
