{
  "fio version" : "fio-3.28",
  "timestamp" : 1757417787,
  "timestamp_ms" : 1757417787936,
  "time" : "Tue Sep  9 07:36:27 2025",
  "jobs" : [
    {
      "jobname" : "mixed_io",
      "groupid" : 0,
      "error" : 0,
      "eta" : 0,
      "elapsed" : 41,
      "job options" : {
        "name" : "mixed_io",
        "filename" : "/dev/nvme1n1p2",
        "rw" : "randrw",
        "rwmixread" : "50",
        "bs" : "4k",
        "ioengine" : "libaio",
        "iodepth" : "16",
        "numjobs" : "4",
        "runtime" : "30",
        "ramp_time" : "10",
        "direct" : "1"
      },
      "read" : {
        "io_bytes" : 18797826048,
        "io_kbytes" : 18357252,
        "bw_bytes" : 626573315,
        "bw" : 611888,
        "iops" : 152970.001000,
        "runtime" : 30001,
        "total_ios" : 4589253,
        "short_ios" : 0,
        "drop_ios" : 0,
        "slat_ns" : {
          "min" : 2485,
          "max" : 914768,
          "mean" : 5596.872371,
          "stddev" : 2959.292410,
          "N" : 4589253
        },
        "clat_ns" : {
          "min" : 13800,
          "max" : 23253615,
          "mean" : 348478.600275,
          "stddev" : 477339.271777,
          "N" : 4589313,
          "percentile" : {
            "1.000000" : 70144,
            "5.000000" : 81408,
            "10.000000" : 92672,
            "20.000000" : 114176,
            "30.000000" : 128512,
            "40.000000" : 140288,
            "50.000000" : 150528,
            "60.000000" : 164864,
            "70.000000" : 195584,
            "80.000000" : 313344,
            "90.000000" : 1302528,
            "95.000000" : 1482752,
            "99.000000" : 1679360,
            "99.500000" : 1728512,
            "99.900000" : 1859584,
            "99.950000" : 1941504,
            "99.990000" : 13565952
          }
        },
        "lat_ns" : {
          "min" : 22317,
          "max" : 23257103,
          "mean" : 354265.394527,
          "stddev" : 477217.264540,
          "N" : 4589313
        },
        "bw_min" : 512696,
        "bw_max" : 688294,
        "bw_agg" : 100.000000,
        "bw_mean" : 612495.683333,
        "bw_dev" : 10139.272322,
        "bw_samples" : 240,
        "iops_min" : 128176,
        "iops_max" : 172073,
        "iops_mean" : 153123.266667,
        "iops_stddev" : 2534.787940,
        "iops_samples" : 240
      },
      "write" : {
        "io_bytes" : 18781622272,
        "io_kbytes" : 18341428,
        "bw_bytes" : 626033207,
        "bw" : 611360,
        "iops" : 152840.138662,
        "runtime" : 30001,
        "total_ios" : 4585357,
        "short_ios" : 0,
        "drop_ios" : 0,
        "slat_ns" : {
          "min" : 2445,
          "max" : 264557,
          "mean" : 5268.694163,
          "stddev" : 2840.727895,
          "N" : 4585357
        },
        "clat_ns" : {
          "min" : 564,
          "max" : 21946568,
          "mean" : 56464.279966,
          "stddev" : 93507.832989,
          "N" : 4585357,
          "percentile" : {
            "1.000000" : 13120,
            "5.000000" : 15040,
            "10.000000" : 17280,
            "20.000000" : 24960,
            "30.000000" : 35072,
            "40.000000" : 46336,
            "50.000000" : 57088,
            "60.000000" : 66048,
            "70.000000" : 74240,
            "80.000000" : 82432,
            "90.000000" : 92672,
            "95.000000" : 99840,
            "99.000000" : 114176,
            "99.500000" : 120320,
            "99.900000" : 140288,
            "99.950000" : 160768,
            "99.990000" : 246784
          }
        },
        "lat_ns" : {
          "min" : 12800,
          "max" : 21954812,
          "mean" : 61922.935693,
          "stddev" : 93709.230941,
          "N" : 4585357
        },
        "bw_min" : 508744,
        "bw_max" : 684434,
        "bw_agg" : 100.000000,
        "bw_mean" : 611974.266667,
        "bw_dev" : 10252.391017,
        "bw_samples" : 240,
        "iops_min" : 127186,
        "iops_max" : 171106,
        "iops_mean" : 152992.900000,
        "iops_stddev" : 2563.055486,
        "iops_samples" : 240
      },
      "trim" : {
        "io_bytes" : 0,
        "io_kbytes" : 0,
        "bw_bytes" : 0,
        "bw" : 0,
        "iops" : 0.000000,
        "runtime" : 0,
        "total_ios" : 0,
        "short_ios" : 0,
        "drop_ios" : 0,
        "slat_ns" : {
          "min" : 0,
          "max" : 0,
          "mean" : 0.000000,
          "stddev" : 0.000000,
          "N" : 0
        },
        "clat_ns" : {
          "min" : 0,
          "max" : 0,
          "mean" : 0.000000,
          "stddev" : 0.000000,
          "N" : 0
        },
        "lat_ns" : {
          "min" : 0,
          "max" : 0,
          "mean" : 0.000000,
          "stddev" : 0.000000,
          "N" : 0
        },
        "bw_min" : 0,
        "bw_max" : 0,
        "bw_agg" : 0.000000,
        "bw_mean" : 0.000000,
        "bw_dev" : 0.000000,
        "bw_samples" : 0,
        "iops_min" : 0,
        "iops_max" : 0,
        "iops_mean" : 0.000000,
        "iops_stddev" : 0.000000,
        "iops_samples" : 0
      },
      "sync" : {
        "total_ios" : 0,
        "lat_ns" : {
          "min" : 0,
          "max" : 0,
          "mean" : 0.000000,
          "stddev" : 0.000000,
          "N" : 0
        }
      },
      "job_runtime" : 120000,
      "usr_cpu" : 17.158333,
      "sys_cpu" : 45.451667,
      "ctx" : 802551,
      "majf" : 0,
      "minf" : 237,
      "iodepth_level" : {
        "1" : 0.000000,
        "2" : 0.000000,
        "4" : 0.000000,
        "8" : 0.000000,
        "16" : 100.000000,
        "32" : 0.000000,
        ">=64" : 0.000000
      },
      "iodepth_submit" : {
        "0" : 0.000000,
        "4" : 100.000000,
        "8" : 0.000000,
        "16" : 0.000000,
        "32" : 0.000000,
        "64" : 0.000000,
        ">=64" : 0.000000
      },
      "iodepth_complete" : {
        "0" : 0.000000,
        "4" : 99.999956,
        "8" : 0.000000,
        "16" : 0.100000,
        "32" : 0.000000,
        "64" : 0.000000,
        ">=64" : 0.000000
      },
      "latency_ns" : {
        "2" : 0.000000,
        "4" : 0.000000,
        "10" : 0.000000,
        "20" : 0.000000,
        "50" : 0.000000,
        "100" : 0.000000,
        "250" : 0.000000,
        "500" : 0.000000,
        "750" : 0.010000,
        "1000" : 0.010000
      },
      "latency_us" : {
        "2" : 0.010000,
        "4" : 0.010000,
        "10" : 0.038029,
        "20" : 7.019317,
        "50" : 14.673169,
        "100" : 32.209009,
        "250" : 34.492333,
        "500" : 3.153333,
        "750" : 0.666622,
        "1000" : 0.693512
      },
      "latency_ms" : {
        "2" : 7.035285,
        "4" : 0.011336,
        "10" : 0.010000,
        "20" : 0.010000,
        "50" : 0.010000,
        "100" : 0.000000,
        "250" : 0.000000,
        "500" : 0.000000,
        "750" : 0.000000,
        "1000" : 0.000000,
        "2000" : 0.000000,
        ">=2000" : 0.000000
      },
      "latency_depth" : 16,
      "latency_target" : 0,
      "latency_percentile" : 100.000000,
      "latency_window" : 0
    }
  ],
  "disk_util" : [
    {
      "name" : "nvme1n1",
      "read_ios" : 6130911,
      "write_ios" : 6127196,
      "read_merges" : 0,
      "write_merges" : 0,
      "read_ticks" : 1889686,
      "write_ticks" : 94500,
      "in_queue" : 1984186,
      "util" : 86.797487
    }
  ]
}
