{
  "fio version" : "fio-3.28",
  "timestamp" : 1757416980,
  "timestamp_ms" : 1757416980069,
  "time" : "Tue Sep  9 07:23:00 2025",
  "jobs" : [
    {
      "jobname" : "mixed_io",
      "groupid" : 0,
      "error" : 0,
      "eta" : 0,
      "elapsed" : 41,
      "job options" : {
        "name" : "mixed_io",
        "filename" : "/dev/nvme1n1p2",
        "rw" : "randrw",
        "rwmixread" : "50",
        "bs" : "64k",
        "ioengine" : "libaio",
        "iodepth" : "1",
        "numjobs" : "2",
        "runtime" : "30",
        "ramp_time" : "10",
        "direct" : "1"
      },
      "read" : {
        "io_bytes" : 8198160384,
        "io_kbytes" : 8006016,
        "bw_bytes" : 273253795,
        "bw" : 266849,
        "iops" : 4169.488701,
        "runtime" : 30002,
        "total_ios" : 125093,
        "short_ios" : 0,
        "drop_ios" : 0,
        "slat_ns" : {
          "min" : 6305,
          "max" : 285867,
          "mean" : 26336.392617,
          "stddev" : 11232.116052,
          "N" : 125094
        },
        "clat_ns" : {
          "min" : 17318,
          "max" : 14132690,
          "mean" : 369202.083746,
          "stddev" : 402936.191730,
          "N" : 125093,
          "percentile" : {
            "1.000000" : 132096,
            "5.000000" : 158720,
            "10.000000" : 160768,
            "20.000000" : 168960,
            "30.000000" : 193536,
            "40.000000" : 224256,
            "50.000000" : 252928,
            "60.000000" : 264192,
            "70.000000" : 280576,
            "80.000000" : 296960,
            "90.000000" : 1011712,
            "95.000000" : 1466368,
            "99.000000" : 1695744,
            "99.500000" : 1761280,
            "99.900000" : 1859584,
            "99.950000" : 2277376,
            "99.990000" : 10420224
          }
        },
        "lat_ns" : {
          "min" : 108214,
          "max" : 14149174,
          "mean" : 395950.390118,
          "stddev" : 402881.012469,
          "N" : 125093
        },
        "bw_min" : 240240,
        "bw_max" : 292387,
        "bw_agg" : 100.000000,
        "bw_mean" : 267080.300000,
        "bw_dev" : 5922.823767,
        "bw_samples" : 120,
        "iops_min" : 3753,
        "iops_max" : 4568,
        "iops_mean" : 4172.833333,
        "iops_stddev" : 92.593075,
        "iops_samples" : 120
      },
      "write" : {
        "io_bytes" : 8202289152,
        "io_kbytes" : 8010048,
        "bw_bytes" : 273391412,
        "bw" : 266983,
        "iops" : 4171.621892,
        "runtime" : 30002,
        "total_ios" : 125157,
        "short_ios" : 0,
        "drop_ios" : 0,
        "slat_ns" : {
          "min" : 6646,
          "max" : 394680,
          "mean" : 26054.985818,
          "stddev" : 11530.152584,
          "N" : 125157
        },
        "clat_ns" : {
          "min" : 1812,
          "max" : 167184,
          "mean" : 48649.432385,
          "stddev" : 14353.307832,
          "N" : 125157,
          "percentile" : {
            "1.000000" : 35072,
            "5.000000" : 35072,
            "10.000000" : 35584,
            "20.000000" : 35584,
            "30.000000" : 36096,
            "40.000000" : 36608,
            "50.000000" : 40704,
            "60.000000" : 55040,
            "70.000000" : 56064,
            "80.000000" : 67072,
            "90.000000" : 71168,
            "95.000000" : 73216,
            "99.000000" : 76288,
            "99.500000" : 78336,
            "99.900000" : 87552,
            "99.950000" : 90624,
            "99.990000" : 117248
          }
        },
        "lat_ns" : {
          "min" : 35088,
          "max" : 442528,
          "mean" : 75124.258915,
          "stddev" : 20730.075360,
          "N" : 125157
        },
        "bw_min" : 234240,
        "bw_max" : 304608,
        "bw_agg" : 100.000000,
        "bw_mean" : 267217.783333,
        "bw_dev" : 7775.887489,
        "bw_samples" : 120,
        "iops_min" : 3660,
        "iops_max" : 4758,
        "iops_mean" : 4174.916667,
        "iops_stddev" : 121.508854,
        "iops_samples" : 120
      },
      "trim" : {
        "io_bytes" : 0,
        "io_kbytes" : 0,
        "bw_bytes" : 0,
        "bw" : 0,
        "iops" : 0.000000,
        "runtime" : 0,
        "total_ios" : 0,
        "short_ios" : 0,
        "drop_ios" : 0,
        "slat_ns" : {
          "min" : 0,
          "max" : 0,
          "mean" : 0.000000,
          "stddev" : 0.000000,
          "N" : 0
        },
        "clat_ns" : {
          "min" : 0,
          "max" : 0,
          "mean" : 0.000000,
          "stddev" : 0.000000,
          "N" : 0
        },
        "lat_ns" : {
          "min" : 0,
          "max" : 0,
          "mean" : 0.000000,
          "stddev" : 0.000000,
          "N" : 0
        },
        "bw_min" : 0,
        "bw_max" : 0,
        "bw_agg" : 0.000000,
        "bw_mean" : 0.000000,
        "bw_dev" : 0.000000,
        "bw_samples" : 0,
        "iops_min" : 0,
        "iops_max" : 0,
        "iops_mean" : 0.000000,
        "iops_stddev" : 0.000000,
        "iops_samples" : 0
      },
      "sync" : {
        "total_ios" : 0,
        "lat_ns" : {
          "min" : 0,
          "max" : 0,
          "mean" : 0.000000,
          "stddev" : 0.000000,
          "N" : 0
        }
      },
      "job_runtime" : 60001,
      "usr_cpu" : 4.893252,
      "sys_cpu" : 16.896385,
      "ctx" : 250149,
      "majf" : 0,
      "minf" : 122,
      "iodepth_level" : {
        "1" : 100.000000,
        "2" : 0.000000,
        "4" : 0.000000,
        "8" : 0.000000,
        "16" : 0.000000,
        "32" : 0.000000,
        ">=64" : 0.000000
      },
      "iodepth_submit" : {
        "0" : 0.000000,
        "4" : 100.000000,
        "8" : 0.000000,
        "16" : 0.000000,
        "32" : 0.000000,
        "64" : 0.000000,
        ">=64" : 0.000000
      },
      "iodepth_complete" : {
        "0" : 0.000000,
        "4" : 100.000000,
        "8" : 0.000000,
        "16" : 0.000000,
        "32" : 0.000000,
        "64" : 0.000000,
        ">=64" : 0.000000
      },
      "latency_ns" : {
        "2" : 0.000000,
        "4" : 0.000000,
        "10" : 0.000000,
        "20" : 0.000000,
        "50" : 0.000000,
        "100" : 0.000000,
        "250" : 0.000000,
        "500" : 0.000000,
        "750" : 0.000000,
        "1000" : 0.000000
      },
      "latency_us" : {
        "2" : 0.010000,
        "4" : 0.010000,
        "10" : 0.010000,
        "20" : 0.028372,
        "50" : 28.268531,
        "100" : 21.699101,
        "250" : 23.864935,
        "500" : 19.572827,
        "750" : 0.713686,
        "1000" : 0.805594
      },
      "latency_ms" : {
        "2" : 5.009790,
        "4" : 0.021179,
        "10" : 0.010000,
        "20" : 0.010000,
        "50" : 0.000000,
        "100" : 0.000000,
        "250" : 0.000000,
        "500" : 0.000000,
        "750" : 0.000000,
        "1000" : 0.000000,
        "2000" : 0.000000,
        ">=2000" : 0.000000
      },
      "latency_depth" : 1,
      "latency_target" : 0,
      "latency_percentile" : 100.000000,
      "latency_window" : 0
    }
  ],
  "disk_util" : [
    {
      "name" : "nvme1n1",
      "read_ios" : 168704,
      "write_ios" : 168809,
      "read_merges" : 0,
      "write_merges" : 0,
      "read_ticks" : 58745,
      "write_ticks" : 7762,
      "in_queue" : 66507,
      "util" : 76.796766
    }
  ]
}
