{
  "fio version" : "fio-3.28",
  "timestamp" : 1757414232,
  "timestamp_ms" : 1757414232712,
  "time" : "Tue Sep  9 06:37:12 2025",
  "jobs" : [
    {
      "jobname" : "mixed_io",
      "groupid" : 0,
      "error" : 0,
      "eta" : 0,
      "elapsed" : 41,
      "job options" : {
        "name" : "mixed_io",
        "filename" : "/dev/nvme1n1p2",
        "rw" : "randrw",
        "rwmixread" : "0",
        "bs" : "1024k",
        "ioengine" : "libaio",
        "iodepth" : "1",
        "numjobs" : "4",
        "runtime" : "30",
        "ramp_time" : "10",
        "direct" : "1"
      },
      "read" : {
        "io_bytes" : 0,
        "io_kbytes" : 0,
        "bw_bytes" : 0,
        "bw" : 0,
        "iops" : 0.000000,
        "runtime" : 0,
        "total_ios" : 0,
        "short_ios" : 0,
        "drop_ios" : 0,
        "slat_ns" : {
          "min" : 0,
          "max" : 0,
          "mean" : 0.000000,
          "stddev" : 0.000000,
          "N" : 0
        },
        "clat_ns" : {
          "min" : 0,
          "max" : 0,
          "mean" : 0.000000,
          "stddev" : 0.000000,
          "N" : 0
        },
        "lat_ns" : {
          "min" : 0,
          "max" : 0,
          "mean" : 0.000000,
          "stddev" : 0.000000,
          "N" : 0
        },
        "bw_min" : 0,
        "bw_max" : 0,
        "bw_agg" : 0.000000,
        "bw_mean" : 0.000000,
        "bw_dev" : 0.000000,
        "bw_samples" : 0,
        "iops_min" : 0,
        "iops_max" : 0,
        "iops_mean" : 0.000000,
        "iops_stddev" : 0.000000,
        "iops_samples" : 0
      },
      "write" : {
        "io_bytes" : 52088012800,
        "io_kbytes" : 50867200,
        "bw_bytes" : 1736151349,
        "bw" : 1695460,
        "iops" : 1655.722952,
        "runtime" : 30002,
        "total_ios" : 49675,
        "short_ios" : 0,
        "drop_ios" : 0,
        "slat_ns" : {
          "min" : 88378,
          "max" : 573619,
          "mean" : 212000.517987,
          "stddev" : 28581.047221,
          "N" : 49675
        },
        "clat_ns" : {
          "min" : 1240881,
          "max" : 26780966,
          "mean" : 2193603.505264,
          "stddev" : 991480.007802,
          "N" : 49675,
          "percentile" : {
            "1.000000" : 1482752,
            "5.000000" : 1581056,
            "10.000000" : 1646592,
            "20.000000" : 1744896,
            "30.000000" : 1826816,
            "40.000000" : 1908736,
            "50.000000" : 1990656,
            "60.000000" : 2113536,
            "70.000000" : 2277376,
            "80.000000" : 2572288,
            "90.000000" : 2965504,
            "95.000000" : 3194880,
            "99.000000" : 3686400,
            "99.500000" : 4489216,
            "99.900000" : 22937600,
            "99.950000" : 23724032,
            "99.990000" : 24772608
          }
        },
        "lat_ns" : {
          "min" : 1422450,
          "max" : 26997786,
          "mean" : 2406406.783654,
          "stddev" : 990935.043854,
          "N" : 49675
        },
        "bw_min" : 1566720,
        "bw_max" : 1814528,
        "bw_agg" : 100.000000,
        "bw_mean" : 1697493.302825,
        "bw_dev" : 16005.404369,
        "bw_samples" : 238,
        "iops_min" : 1530,
        "iops_max" : 1772,
        "iops_mean" : 1656.442938,
        "iops_stddev" : 15.610764,
        "iops_samples" : 238
      },
      "trim" : {
        "io_bytes" : 0,
        "io_kbytes" : 0,
        "bw_bytes" : 0,
        "bw" : 0,
        "iops" : 0.000000,
        "runtime" : 0,
        "total_ios" : 0,
        "short_ios" : 0,
        "drop_ios" : 0,
        "slat_ns" : {
          "min" : 0,
          "max" : 0,
          "mean" : 0.000000,
          "stddev" : 0.000000,
          "N" : 0
        },
        "clat_ns" : {
          "min" : 0,
          "max" : 0,
          "mean" : 0.000000,
          "stddev" : 0.000000,
          "N" : 0
        },
        "lat_ns" : {
          "min" : 0,
          "max" : 0,
          "mean" : 0.000000,
          "stddev" : 0.000000,
          "N" : 0
        },
        "bw_min" : 0,
        "bw_max" : 0,
        "bw_agg" : 0.000000,
        "bw_mean" : 0.000000,
        "bw_dev" : 0.000000,
        "bw_samples" : 0,
        "iops_min" : 0,
        "iops_max" : 0,
        "iops_mean" : 0.000000,
        "iops_stddev" : 0.000000,
        "iops_samples" : 0
      },
      "sync" : {
        "total_ios" : 0,
        "lat_ns" : {
          "min" : 0,
          "max" : 0,
          "mean" : 0.000000,
          "stddev" : 0.000000,
          "N" : 0
        }
      },
      "job_runtime" : 120002,
      "usr_cpu" : 2.843286,
      "sys_cpu" : 8.812353,
      "ctx" : 49684,
      "majf" : 0,
      "minf" : 241,
      "iodepth_level" : {
        "1" : 100.000000,
        "2" : 0.000000,
        "4" : 0.000000,
        "8" : 0.000000,
        "16" : 0.000000,
        "32" : 0.000000,
        ">=64" : 0.000000
      },
      "iodepth_submit" : {
        "0" : 0.000000,
        "4" : 100.000000,
        "8" : 0.000000,
        "16" : 0.000000,
        "32" : 0.000000,
        "64" : 0.000000,
        ">=64" : 0.000000
      },
      "iodepth_complete" : {
        "0" : 0.000000,
        "4" : 100.000000,
        "8" : 0.000000,
        "16" : 0.000000,
        "32" : 0.000000,
        "64" : 0.000000,
        ">=64" : 0.000000
      },
      "latency_ns" : {
        "2" : 0.000000,
        "4" : 0.000000,
        "10" : 0.000000,
        "20" : 0.000000,
        "50" : 0.000000,
        "100" : 0.000000,
        "250" : 0.000000,
        "500" : 0.000000,
        "750" : 0.000000,
        "1000" : 0.000000
      },
      "latency_us" : {
        "2" : 0.000000,
        "4" : 0.000000,
        "10" : 0.000000,
        "20" : 0.000000,
        "50" : 0.000000,
        "100" : 0.000000,
        "250" : 0.000000,
        "500" : 0.000000,
        "750" : 0.000000,
        "1000" : 0.000000
      },
      "latency_ms" : {
        "2" : 50.252642,
        "4" : 49.048817,
        "10" : 0.521389,
        "20" : 0.034222,
        "50" : 0.142929,
        "100" : 0.000000,
        "250" : 0.000000,
        "500" : 0.000000,
        "750" : 0.000000,
        "1000" : 0.000000,
        "2000" : 0.000000,
        ">=2000" : 0.000000
      },
      "latency_depth" : 1,
      "latency_target" : 0,
      "latency_percentile" : 100.000000,
      "latency_window" : 0
    }
  ],
  "disk_util" : [
    {
      "name" : "nvme1n1",
      "read_ios" : 0,
      "write_ios" : 528457,
      "read_merges" : 0,
      "write_merges" : 0,
      "read_ticks" : 0,
      "write_ticks" : 1019716,
      "in_queue" : 1019716,
      "util" : 80.157740
    }
  ]
}
