{
  "fio version" : "fio-3.28",
  "timestamp" : 1757418151,
  "timestamp_ms" : 1757418151569,
  "time" : "Tue Sep  9 07:42:31 2025",
  "jobs" : [
    {
      "jobname" : "mixed_io",
      "groupid" : 0,
      "error" : 0,
      "eta" : 0,
      "elapsed" : 41,
      "job options" : {
        "name" : "mixed_io",
        "filename" : "/dev/nvme1n1p2",
        "rw" : "randrw",
        "rwmixread" : "50",
        "bs" : "4k",
        "ioengine" : "libaio",
        "iodepth" : "64",
        "numjobs" : "4",
        "runtime" : "30",
        "ramp_time" : "10",
        "direct" : "1"
      },
      "read" : {
        "io_bytes" : 36267896832,
        "io_kbytes" : 35417868,
        "bw_bytes" : 1208809013,
        "bw" : 1180477,
        "iops" : 295111.722161,
        "runtime" : 30003,
        "total_ios" : 8854237,
        "short_ios" : 0,
        "drop_ios" : 0,
        "slat_ns" : {
          "min" : 1531,
          "max" : 126194,
          "mean" : 2771.673215,
          "stddev" : 1353.860013,
          "N" : 8854238
        },
        "clat_ns" : {
          "min" : 7887,
          "max" : 28560855,
          "mean" : 827206.353019,
          "stddev" : 676169.817183,
          "N" : 8854466,
          "percentile" : {
            "1.000000" : 71168,
            "5.000000" : 98816,
            "10.000000" : 134144,
            "20.000000" : 228352,
            "30.000000" : 387072,
            "40.000000" : 585728,
            "50.000000" : 790528,
            "60.000000" : 978944,
            "70.000000" : 1138688,
            "80.000000" : 1318912,
            "90.000000" : 1548288,
            "95.000000" : 1728512,
            "99.000000" : 2310144,
            "99.500000" : 2572288,
            "99.900000" : 3751936,
            "99.950000" : 4620288,
            "99.990000" : 22937600
          }
        },
        "lat_ns" : {
          "min" : 12171,
          "max" : 28563205,
          "mean" : 830083.094299,
          "stddev" : 676146.366612,
          "N" : 8854466
        },
        "bw_min" : 996864,
        "bw_max" : 1361149,
        "bw_agg" : 100.000000,
        "bw_mean" : 1181301.416667,
        "bw_dev" : 17293.286854,
        "bw_samples" : 240,
        "iops_min" : 249214,
        "iops_max" : 340284,
        "iops_mean" : 295324.966667,
        "iops_stddev" : 4323.334366,
        "iops_samples" : 240
      },
      "write" : {
        "io_bytes" : 36249272320,
        "io_kbytes" : 35399680,
        "bw_bytes" : 1208188258,
        "bw" : 1179871,
        "iops" : 294967.003300,
        "runtime" : 30003,
        "total_ios" : 8849895,
        "short_ios" : 0,
        "drop_ios" : 0,
        "slat_ns" : {
          "min" : 1502,
          "max" : 625019,
          "mean" : 2650.699096,
          "stddev" : 1332.378466,
          "N" : 8849897
        },
        "clat_ns" : {
          "min" : 420,
          "max" : 24548354,
          "mean" : 33427.685789,
          "stddev" : 219024.344653,
          "N" : 8849918,
          "percentile" : {
            "1.000000" : 10944,
            "5.000000" : 12096,
            "10.000000" : 13248,
            "20.000000" : 15296,
            "30.000000" : 17536,
            "40.000000" : 20096,
            "50.000000" : 23168,
            "60.000000" : 27264,
            "70.000000" : 33024,
            "80.000000" : 42240,
            "90.000000" : 59648,
            "95.000000" : 76288,
            "99.000000" : 115200,
            "99.500000" : 132096,
            "99.900000" : 175104,
            "99.950000" : 205824,
            "99.990000" : 13041664
          }
        },
        "lat_ns" : {
          "min" : 10276,
          "max" : 24550686,
          "mean" : 36183.456337,
          "stddev" : 219053.834654,
          "N" : 8849918
        },
        "bw_min" : 991966,
        "bw_max" : 1360200,
        "bw_agg" : 100.000000,
        "bw_mean" : 1180723.100000,
        "bw_dev" : 17629.311783,
        "bw_samples" : 240,
        "iops_min" : 247990,
        "iops_max" : 340049,
        "iops_mean" : 295180.433333,
        "iops_stddev" : 4407.317909,
        "iops_samples" : 240
      },
      "trim" : {
        "io_bytes" : 0,
        "io_kbytes" : 0,
        "bw_bytes" : 0,
        "bw" : 0,
        "iops" : 0.000000,
        "runtime" : 0,
        "total_ios" : 0,
        "short_ios" : 0,
        "drop_ios" : 0,
        "slat_ns" : {
          "min" : 0,
          "max" : 0,
          "mean" : 0.000000,
          "stddev" : 0.000000,
          "N" : 0
        },
        "clat_ns" : {
          "min" : 0,
          "max" : 0,
          "mean" : 0.000000,
          "stddev" : 0.000000,
          "N" : 0
        },
        "lat_ns" : {
          "min" : 0,
          "max" : 0,
          "mean" : 0.000000,
          "stddev" : 0.000000,
          "N" : 0
        },
        "bw_min" : 0,
        "bw_max" : 0,
        "bw_agg" : 0.000000,
        "bw_mean" : 0.000000,
        "bw_dev" : 0.000000,
        "bw_samples" : 0,
        "iops_min" : 0,
        "iops_max" : 0,
        "iops_mean" : 0.000000,
        "iops_stddev" : 0.000000,
        "iops_samples" : 0
      },
      "sync" : {
        "total_ios" : 0,
        "lat_ns" : {
          "min" : 0,
          "max" : 0,
          "mean" : 0.000000,
          "stddev" : 0.000000,
          "N" : 0
        }
      },
      "job_runtime" : 120005,
      "usr_cpu" : 18.071747,
      "sys_cpu" : 47.708845,
      "ctx" : 3469429,
      "majf" : 0,
      "minf" : 264,
      "iodepth_level" : {
        "1" : 0.000000,
        "2" : 0.000000,
        "4" : 0.000000,
        "8" : 0.000000,
        "16" : 0.000000,
        "32" : 0.000000,
        ">=64" : 100.000000
      },
      "iodepth_submit" : {
        "0" : 0.000000,
        "4" : 100.000000,
        "8" : 0.000000,
        "16" : 0.000000,
        "32" : 0.000000,
        "64" : 0.000000,
        ">=64" : 0.000000
      },
      "iodepth_complete" : {
        "0" : 0.000000,
        "4" : 99.999977,
        "8" : 0.000000,
        "16" : 0.000000,
        "32" : 0.000000,
        "64" : 0.100000,
        ">=64" : 0.000000
      },
      "latency_ns" : {
        "2" : 0.000000,
        "4" : 0.000000,
        "10" : 0.000000,
        "20" : 0.000000,
        "50" : 0.000000,
        "100" : 0.000000,
        "250" : 0.000000,
        "500" : 0.010000,
        "750" : 0.000000,
        "1000" : 0.000000
      },
      "latency_us" : {
        "2" : 0.000000,
        "4" : 0.010000,
        "10" : 0.136640,
        "20" : 19.540314,
        "50" : 23.209576,
        "100" : 8.723252,
        "250" : 9.165086,
        "500" : 7.171891,
        "750" : 6.069882,
        "1000" : 6.668257
      },
      "latency_ms" : {
        "2" : 18.191047,
        "4" : 1.077969,
        "10" : 0.027056,
        "20" : 0.010000,
        "50" : 0.017341,
        "100" : 0.000000,
        "250" : 0.000000,
        "500" : 0.000000,
        "750" : 0.000000,
        "1000" : 0.000000,
        "2000" : 0.000000,
        ">=2000" : 0.000000
      },
      "latency_depth" : 64,
      "latency_target" : 0,
      "latency_percentile" : 100.000000,
      "latency_window" : 0
    }
  ],
  "disk_util" : [
    {
      "name" : "nvme1n1",
      "read_ios" : 11741058,
      "write_ios" : 11736733,
      "read_merges" : 0,
      "write_merges" : 0,
      "read_ticks" : 9574833,
      "write_ticks" : 195536,
      "in_queue" : 9770369,
      "util" : 79.926707
    }
  ]
}
