{
  "fio version" : "fio-3.28",
  "timestamp" : 1757416737,
  "timestamp_ms" : 1757416737595,
  "time" : "Tue Sep  9 07:18:57 2025",
  "jobs" : [
    {
      "jobname" : "mixed_io",
      "groupid" : 0,
      "error" : 0,
      "eta" : 0,
      "elapsed" : 41,
      "job options" : {
        "name" : "mixed_io",
        "filename" : "/dev/nvme1n1p2",
        "rw" : "randrw",
        "rwmixread" : "25",
        "bs" : "64k",
        "ioengine" : "libaio",
        "iodepth" : "64",
        "numjobs" : "4",
        "runtime" : "30",
        "ramp_time" : "10",
        "direct" : "1"
      },
      "read" : {
        "io_bytes" : 17067081728,
        "io_kbytes" : 16667072,
        "bw_bytes" : 568788966,
        "bw" : 555457,
        "iops" : 8670.932480,
        "runtime" : 30006,
        "total_ios" : 260180,
        "short_ios" : 0,
        "drop_ios" : 0,
        "slat_ns" : {
          "min" : 6192,
          "max" : 175688,
          "mean" : 21864.426232,
          "stddev" : 9120.222673,
          "N" : 260180
        },
        "clat_ns" : {
          "min" : 159281,
          "max" : 166546557,
          "mean" : 28784971.343610,
          "stddev" : 13779149.162549,
          "N" : 260423,
          "percentile" : {
            "1.000000" : 15269888,
            "5.000000" : 20316160,
            "10.000000" : 21364736,
            "20.000000" : 22413312,
            "30.000000" : 23461888,
            "40.000000" : 24248320,
            "50.000000" : 25034752,
            "60.000000" : 26083328,
            "70.000000" : 27656192,
            "80.000000" : 30015488,
            "90.000000" : 36438016,
            "95.000000" : 51642368,
            "99.000000" : 96993280,
            "99.500000" : 105381888,
            "99.900000" : 122159104,
            "99.950000" : 129499136,
            "99.990000" : 145752064
          }
        },
        "lat_ns" : {
          "min" : 202397,
          "max" : 166562975,
          "mean" : 28807200.434466,
          "stddev" : 13779108.936217,
          "N" : 260423
        },
        "bw_min" : 498175,
        "bw_max" : 601137,
        "bw_agg" : 100.000000,
        "bw_mean" : 555675.400000,
        "bw_dev" : 5888.198177,
        "bw_samples" : 240,
        "iops_min" : 7783,
        "iops_max" : 9390,
        "iops_mean" : 8681.583333,
        "iops_stddev" : 91.918804,
        "iops_samples" : 240
      },
      "write" : {
        "io_bytes" : 51178110976,
        "io_kbytes" : 49978624,
        "bw_bytes" : 1705595913,
        "bw" : 1665621,
        "iops" : 26024.995001,
        "runtime" : 30006,
        "total_ios" : 780906,
        "short_ios" : 0,
        "drop_ios" : 0,
        "slat_ns" : {
          "min" : 6652,
          "max" : 420308,
          "mean" : 23005.791601,
          "stddev" : 9294.943847,
          "N" : 780907
        },
        "clat_ns" : {
          "min" : 675,
          "max" : 28996233,
          "mean" : 216485.756399,
          "stddev" : 794272.980436,
          "N" : 780915,
          "percentile" : {
            "1.000000" : 28544,
            "5.000000" : 31872,
            "10.000000" : 35584,
            "20.000000" : 36608,
            "30.000000" : 40192,
            "40.000000" : 47872,
            "50.000000" : 56064,
            "60.000000" : 69120,
            "70.000000" : 82432,
            "80.000000" : 144384,
            "90.000000" : 358400,
            "95.000000" : 733184,
            "99.000000" : 3391488,
            "99.500000" : 4489216,
            "99.900000" : 6914048,
            "99.950000" : 17956864,
            "99.990000" : 28180480
          }
        },
        "lat_ns" : {
          "min" : 34409,
          "max" : 29015855,
          "mean" : 239876.724104,
          "stddev" : 795091.402371,
          "N" : 780915
        },
        "bw_min" : 1464302,
        "bw_max" : 1845919,
        "bw_agg" : 100.000000,
        "bw_mean" : 1667875.483333,
        "bw_dev" : 19922.399798,
        "bw_samples" : 240,
        "iops_min" : 22878,
        "iops_max" : 28841,
        "iops_mean" : 26059.466667,
        "iops_stddev" : 311.267486,
        "iops_samples" : 240
      },
      "trim" : {
        "io_bytes" : 0,
        "io_kbytes" : 0,
        "bw_bytes" : 0,
        "bw" : 0,
        "iops" : 0.000000,
        "runtime" : 0,
        "total_ios" : 0,
        "short_ios" : 0,
        "drop_ios" : 0,
        "slat_ns" : {
          "min" : 0,
          "max" : 0,
          "mean" : 0.000000,
          "stddev" : 0.000000,
          "N" : 0
        },
        "clat_ns" : {
          "min" : 0,
          "max" : 0,
          "mean" : 0.000000,
          "stddev" : 0.000000,
          "N" : 0
        },
        "lat_ns" : {
          "min" : 0,
          "max" : 0,
          "mean" : 0.000000,
          "stddev" : 0.000000,
          "N" : 0
        },
        "bw_min" : 0,
        "bw_max" : 0,
        "bw_agg" : 0.000000,
        "bw_mean" : 0.000000,
        "bw_dev" : 0.000000,
        "bw_samples" : 0,
        "iops_min" : 0,
        "iops_max" : 0,
        "iops_mean" : 0.000000,
        "iops_stddev" : 0.000000,
        "iops_samples" : 0
      },
      "sync" : {
        "total_ios" : 0,
        "lat_ns" : {
          "min" : 0,
          "max" : 0,
          "mean" : 0.000000,
          "stddev" : 0.000000,
          "N" : 0
        }
      },
      "job_runtime" : 120019,
      "usr_cpu" : 7.999567,
      "sys_cpu" : 23.915380,
      "ctx" : 581930,
      "majf" : 0,
      "minf" : 243,
      "iodepth_level" : {
        "1" : 0.000000,
        "2" : 0.000000,
        "4" : 0.000000,
        "8" : 0.000000,
        "16" : 0.000000,
        "32" : 0.000000,
        ">=64" : 100.000000
      },
      "iodepth_submit" : {
        "0" : 0.000000,
        "4" : 100.000000,
        "8" : 0.000000,
        "16" : 0.000000,
        "32" : 0.000000,
        "64" : 0.000000,
        ">=64" : 0.000000
      },
      "iodepth_complete" : {
        "0" : 0.000000,
        "4" : 99.999616,
        "8" : 0.000000,
        "16" : 0.000000,
        "32" : 0.000000,
        "64" : 0.100000,
        ">=64" : 0.000000
      },
      "latency_ns" : {
        "2" : 0.000000,
        "4" : 0.000000,
        "10" : 0.000000,
        "20" : 0.000000,
        "50" : 0.000000,
        "100" : 0.000000,
        "250" : 0.000000,
        "500" : 0.000000,
        "750" : 0.010000,
        "1000" : 0.000000
      },
      "latency_us" : {
        "2" : 0.010000,
        "4" : 0.010000,
        "10" : 0.010000,
        "20" : 0.010000,
        "50" : 31.734842,
        "100" : 24.078126,
        "250" : 8.603516,
        "500" : 5.299850,
        "750" : 1.604959,
        "1000" : 0.732889
      },
      "latency_ms" : {
        "2" : 1.248504,
        "4" : 1.197884,
        "10" : 0.560088,
        "20" : 1.016150,
        "50" : 22.634826,
        "100" : 1.114701,
        "250" : 0.191435,
        "500" : 0.000000,
        "750" : 0.000000,
        "1000" : 0.000000,
        "2000" : 0.000000,
        ">=2000" : 0.000000
      },
      "latency_depth" : 64,
      "latency_target" : 0,
      "latency_percentile" : 100.000000,
      "latency_window" : 0
    }
  ],
  "disk_util" : [
    {
      "name" : "nvme1n1",
      "read_ios" : 344704,
      "write_ios" : 1034940,
      "read_merges" : 0,
      "write_merges" : 0,
      "read_ticks" : 9968074,
      "write_ticks" : 212621,
      "in_queue" : 10180696,
      "util" : 72.167033
    }
  ]
}
