{
  "fio version" : "fio-3.28",
  "timestamp" : 1757419403,
  "timestamp_ms" : 1757419403773,
  "time" : "Tue Sep  9 08:03:23 2025",
  "jobs" : [
    {
      "jobname" : "mixed_io",
      "groupid" : 0,
      "error" : 0,
      "eta" : 0,
      "elapsed" : 41,
      "job options" : {
        "name" : "mixed_io",
        "filename" : "/dev/nvme1n1p2",
        "rw" : "randrw",
        "rwmixread" : "75",
        "bs" : "64k",
        "ioengine" : "libaio",
        "iodepth" : "64",
        "numjobs" : "1",
        "runtime" : "30",
        "ramp_time" : "10",
        "direct" : "1"
      },
      "read" : {
        "io_bytes" : 60786737152,
        "io_kbytes" : 59362048,
        "bw_bytes" : 2026157033,
        "bw" : 1978668,
        "iops" : 30914.602847,
        "runtime" : 30001,
        "total_ios" : 927469,
        "short_ios" : 0,
        "drop_ios" : 0,
        "slat_ns" : {
          "min" : 5873,
          "max" : 223702,
          "mean" : 10703.046464,
          "stddev" : 4113.571304,
          "N" : 927469
        },
        "clat_ns" : {
          "min" : 128260,
          "max" : 29680422,
          "mean" : 2025453.291541,
          "stddev" : 825278.066518,
          "N" : 927532,
          "percentile" : {
            "1.000000" : 585728,
            "5.000000" : 856064,
            "10.000000" : 1044480,
            "20.000000" : 1368064,
            "30.000000" : 1646592,
            "40.000000" : 1843200,
            "50.000000" : 2023424,
            "60.000000" : 2179072,
            "70.000000" : 2375680,
            "80.000000" : 2605056,
            "90.000000" : 2932736,
            "95.000000" : 3194880,
            "99.000000" : 3784704,
            "99.500000" : 4112384,
            "99.900000" : 5668864,
            "99.950000" : 14483456,
            "99.990000" : 22413312
          }
        },
        "lat_ns" : {
          "min" : 136135,
          "max" : 29689289,
          "mean" : 2036351.849732,
          "stddev" : 825210.078362,
          "N" : 927532
        },
        "bw_min" : 1606156,
        "bw_max" : 2335360,
        "bw_agg" : 100.000000,
        "bw_mean" : 1980328.966667,
        "bw_dev" : 117797.648957,
        "bw_samples" : 60,
        "iops_min" : 25096,
        "iops_max" : 36490,
        "iops_mean" : 30942.400000,
        "iops_stddev" : 1840.560464,
        "iops_samples" : 60
      },
      "write" : {
        "io_bytes" : 20277493760,
        "io_kbytes" : 19802240,
        "bw_bytes" : 675893928,
        "bw" : 660052,
        "iops" : 10313.322889,
        "runtime" : 30001,
        "total_ios" : 309410,
        "short_ios" : 0,
        "drop_ios" : 0,
        "slat_ns" : {
          "min" : 6935,
          "max" : 314221,
          "mean" : 14419.960198,
          "stddev" : 5134.992479,
          "N" : 309410
        },
        "clat_ns" : {
          "min" : 10597,
          "max" : 801400,
          "mean" : 82889.971614,
          "stddev" : 70411.644153,
          "N" : 309410,
          "percentile" : {
            "1.000000" : 27264,
            "5.000000" : 29568,
            "10.000000" : 30336,
            "20.000000" : 33024,
            "30.000000" : 38144,
            "40.000000" : 46336,
            "50.000000" : 56064,
            "60.000000" : 70144,
            "70.000000" : 90624,
            "80.000000" : 120320,
            "90.000000" : 173056,
            "95.000000" : 224256,
            "99.000000" : 350208,
            "99.500000" : 407552,
            "99.900000" : 561152,
            "99.950000" : 626688,
            "99.990000" : 708608
          }
        },
        "lat_ns" : {
          "min" : 31770,
          "max" : 830200,
          "mean" : 97504.192033,
          "stddev" : 71932.323173,
          "N" : 309410
        },
        "bw_min" : 546501,
        "bw_max" : 780672,
        "bw_agg" : 100.000000,
        "bw_mean" : 660659.700000,
        "bw_dev" : 39143.956507,
        "bw_samples" : 60,
        "iops_min" : 8539,
        "iops_max" : 12198,
        "iops_mean" : 10322.583333,
        "iops_stddev" : 611.584391,
        "iops_samples" : 60
      },
      "trim" : {
        "io_bytes" : 0,
        "io_kbytes" : 0,
        "bw_bytes" : 0,
        "bw" : 0,
        "iops" : 0.000000,
        "runtime" : 0,
        "total_ios" : 0,
        "short_ios" : 0,
        "drop_ios" : 0,
        "slat_ns" : {
          "min" : 0,
          "max" : 0,
          "mean" : 0.000000,
          "stddev" : 0.000000,
          "N" : 0
        },
        "clat_ns" : {
          "min" : 0,
          "max" : 0,
          "mean" : 0.000000,
          "stddev" : 0.000000,
          "N" : 0
        },
        "lat_ns" : {
          "min" : 0,
          "max" : 0,
          "mean" : 0.000000,
          "stddev" : 0.000000,
          "N" : 0
        },
        "bw_min" : 0,
        "bw_max" : 0,
        "bw_agg" : 0.000000,
        "bw_mean" : 0.000000,
        "bw_dev" : 0.000000,
        "bw_samples" : 0,
        "iops_min" : 0,
        "iops_max" : 0,
        "iops_mean" : 0.000000,
        "iops_stddev" : 0.000000,
        "iops_samples" : 0
      },
      "sync" : {
        "total_ios" : 0,
        "lat_ns" : {
          "min" : 0,
          "max" : 0,
          "mean" : 0.000000,
          "stddev" : 0.000000,
          "N" : 0
        }
      },
      "job_runtime" : 30000,
      "usr_cpu" : 13.460000,
      "sys_cpu" : 48.970000,
      "ctx" : 269508,
      "majf" : 0,
      "minf" : 62,
      "iodepth_level" : {
        "1" : 0.000000,
        "2" : 0.000000,
        "4" : 0.000000,
        "8" : 0.000000,
        "16" : 0.000000,
        "32" : 0.000000,
        ">=64" : 100.000000
      },
      "iodepth_submit" : {
        "0" : 0.000000,
        "4" : 100.000000,
        "8" : 0.000000,
        "16" : 0.000000,
        "32" : 0.000000,
        "64" : 0.000000,
        ">=64" : 0.000000
      },
      "iodepth_complete" : {
        "0" : 0.000000,
        "4" : 99.999919,
        "8" : 0.000000,
        "16" : 0.000000,
        "32" : 0.000000,
        "64" : 0.100000,
        ">=64" : 0.000000
      },
      "latency_ns" : {
        "2" : 0.000000,
        "4" : 0.000000,
        "10" : 0.000000,
        "20" : 0.000000,
        "50" : 0.000000,
        "100" : 0.000000,
        "250" : 0.000000,
        "500" : 0.000000,
        "750" : 0.000000,
        "1000" : 0.000000
      },
      "latency_us" : {
        "2" : 0.000000,
        "4" : 0.000000,
        "10" : 0.000000,
        "20" : 0.010000,
        "50" : 11.078125,
        "100" : 7.351568,
        "250" : 5.705247,
        "500" : 1.209011,
        "750" : 1.767513,
        "1000" : 4.500198
      },
      "latency_ms" : {
        "2" : 30.001722,
        "4" : 37.928528,
        "10" : 0.410954,
        "20" : 0.042203,
        "50" : 0.010000,
        "100" : 0.000000,
        "250" : 0.000000,
        "500" : 0.000000,
        "750" : 0.000000,
        "1000" : 0.000000,
        "2000" : 0.000000,
        ">=2000" : 0.000000
      },
      "latency_depth" : 64,
      "latency_target" : 0,
      "latency_percentile" : 100.000000,
      "latency_window" : 0
    }
  ],
  "disk_util" : [
    {
      "name" : "nvme1n1",
      "read_ios" : 1229759,
      "write_ios" : 410670,
      "read_merges" : 0,
      "write_merges" : 0,
      "read_ticks" : 2448275,
      "write_ticks" : 12892,
      "in_queue" : 2461168,
      "util" : 69.594729
    }
  ]
}
