{
  "timestamp": "2025-09-17T05:21:04.157767",
  "optimization_results": {
    "enhanced_v1": {
      "all_results": {
        "gradient_descent": {
          "success": true,
          "optimal_parameters": [
            0.0,
            0.0,
            0.0
          ],
          "optimal_value": -0.1813794355603139,
          "iterations": 5,
          "convergence": true
        },
        "genetic_algorithm": {
          "success": true,
          "optimal_parameters": [
            0.004126491011098299,
            0.13419640601636917,
            -0.02547466953018218
          ],
          "optimal_value": -0.40270065556948337,
          "iterations": 1000,
          "convergence": false
        },
        "bayesian_optimization": {
          "success": true,
          "optimal_parameters": [
            -1.246413666883761,
            0.5351626955131454,
            0.5241268690932355
          ],
          "optimal_value": 2.3095988587978136,
          "iterations": 1000,
          "convergence": true
        },
        "particle_swarm": {
          "success": true,
          "optimal_parameters": [
            1.0406921734097772,
            -0.30599349829416767,
            0.059575545861132895
          ],
          "optimal_value": 1.183652275893716,
          "iterations": 1000,
          "convergence": true
        }
      },
      "best_result": {
        "algorithm": "genetic_algorithm",
        "parameters": [
          0.004126491011098299,
          0.13419640601636917,
          -0.02547466953018218
        ],
        "value": -0.40270065556948337
      }
    }
  },
  "performance_history": [],
  "summary": {
    "total_models_optimized": 1,
    "optimization_algorithms_used": [
      "gradient_descent",
      "genetic_algorithm",
      "bayesian_optimization",
      "particle_swarm"
    ],
    "best_improvements": [
      {
        "model": "enhanced_v1",
        "algorithm": "genetic_algorithm",
        "improvement": -0.40270065556948337
      }
    ],
    "overall_effectiveness": -0.40270065556948337
  }
}