{
  "phase": "Phase-E: Advanced Model Optimization & Future Research",
  "timestamp": "2025-09-17T05:21:14.610455",
  "status": "completed",
  "objectives_achieved": [
    "Advanced Optimization",
    "Machine Learning Integration",
    "Cloud-Native Optimization",
    "Real-time Learning System"
  ],
  "results": {
    "advanced_optimization": {
      "enhanced_v1": {
        "all_results": {
          "gradient_descent": {
            "success": true,
            "optimal_parameters": [
              0.0,
              0.0,
              0.0
            ],
            "optimal_value": -0.1813794355603139,
            "iterations": 5,
            "convergence": true
          },
          "genetic_algorithm": {
            "success": true,
            "optimal_parameters": [
              0.004126491011098299,
              0.13419640601636917,
              -0.02547466953018218
            ],
            "optimal_value": -0.40270065556948337,
            "iterations": 1000,
            "convergence": false
          },
          "bayesian_optimization": {
            "success": true,
            "optimal_parameters": [
              -1.246413666883761,
              0.5351626955131454,
              0.5241268690932355
            ],
            "optimal_value": 2.3095988587978136,
            "iterations": 1000,
            "convergence": true
          },
          "particle_swarm": {
            "success": true,
            "optimal_parameters": [
              1.0406921734097772,
              -0.30599349829416767,
              0.059575545861132895
            ],
            "optimal_value": 1.183652275893716,
            "iterations": 1000,
            "convergence": true
          }
        },
        "best_result": {
          "algorithm": "genetic_algorithm",
          "parameters": [
            0.004126491011098299,
            0.13419640601636917,
            -0.02547466953018218
          ],
          "value": -0.40270065556948337
        }
      }
    },
    "machine_learning": {
      "random_forest": {
        "performance": {
          "mse": 3020.0441990093004,
          "rmse": 54.954928796326364,
          "r2_score": 0.9361044032130457,
          "mae": 41.568262637064294,
          "mean_relative_error": 24.319168476097893,
          "accuracy_level": "Fair"
        },
        "feature_importance": {
          "qps": 0.8107828085773027,
          "latency": 0.14405093107158892,
          "io_utilization": 0.005416907962964115,
          "cpu_usage": 0.0054243837725541245,
          "memory_usage": 0.003649888898426047,
          "compaction_activity": 0.00523913202563033,
          "read_bandwidth": 0.004533575419921197,
          "write_bandwidth": 0.005028996577803052,
          "io_efficiency": 0.0036678007310459813,
          "system_load": 0.004091701353297232,
          "performance_efficiency": 0.004147889678018454,
          "compaction_pressure": 0.003965983931447688
        },
        "has_model": true
      },
      "gradient_boosting": {
        "performance": {
          "mse": 3051.6703467193693,
          "rmse": 55.241925624650065,
          "r2_score": 0.9354352833429888,
          "mae": 42.98500560957892,
          "mean_relative_error": 21.486091067424283,
          "accuracy_level": "Fair"
        },
        "feature_importance": {
          "qps": 0.8156075238469753,
          "latency": 0.15371357937080765,
          "io_utilization": 0.0020818611687866643,
          "cpu_usage": 0.0039862978042862944,
          "memory_usage": 0.002949016096448828,
          "compaction_activity": 0.002643046230624152,
          "read_bandwidth": 0.002501074735735639,
          "write_bandwidth": 0.002236930677746681,
          "io_efficiency": 0.002149698200259323,
          "system_load": 0.002150876875444139,
          "performance_efficiency": 0.006992260710690287,
          "compaction_pressure": 0.0029878342821950364
        },
        "has_model": true
      },
      "linear_regression": {
        "performance": {
          "mse": 3439.480452031467,
          "rmse": 58.64708391754416,
          "r2_score": 0.9272303179563707,
          "mae": 45.054396283475995,
          "mean_relative_error": 20.773506100656704,
          "accuracy_level": "Fair"
        },
        "feature_importance": {
          "qps": 190.8139524493797,
          "latency": 73.01938043466667,
          "io_utilization": 10.148003175365222,
          "cpu_usage": 3.6971497889385354,
          "memory_usage": 2.507763529291849,
          "compaction_activity": 20.79923288146914,
          "read_bandwidth": 13.299828969872568,
          "write_bandwidth": 2.6261264880298096,
          "io_efficiency": 10.014764303130093,
          "system_load": 0.9788433176460382,
          "performance_efficiency": 2.2935056714113107,
          "compaction_pressure": 22.361810776976455
        },
        "has_model": true
      },
      "ridge_regression": {
        "performance": {
          "mse": 3395.935938724048,
          "rmse": 58.274659490417,
          "r2_score": 0.9281515967460943,
          "mae": 44.7665213834948,
          "mean_relative_error": 20.33394851875275,
          "accuracy_level": "Fair"
        },
        "feature_importance": {
          "qps": 181.70031961675784,
          "latency": 72.63321507340169,
          "io_utilization": 8.793298193487683,
          "cpu_usage": 2.368897467781692,
          "memory_usage": 3.8119438296360513,
          "compaction_activity": 19.074264491011846,
          "read_bandwidth": 13.132048607508674,
          "write_bandwidth": 2.395982373636847,
          "io_efficiency": 9.676132927112503,
          "system_load": 0.8574849316512099,
          "performance_efficiency": 11.887634738098251,
          "compaction_pressure": 20.165921350255573
        },
        "has_model": true
      },
      "lasso_regression": {
        "performance": {
          "mse": 3279.8159748027606,
          "rmse": 57.26967762090826,
          "r2_score": 0.9306083668808043,
          "mae": 43.82787389106666,
          "mean_relative_error": 20.685558508440927,
          "accuracy_level": "Fair"
        },
        "feature_importance": {
          "qps": 189.5481426152032,
          "latency": 71.81941613851731,
          "io_utilization": 0.0,
          "cpu_usage": 3.06652576477723,
          "memory_usage": 1.3483214186322023,
          "compaction_activity": 5.519637755495097,
          "read_bandwidth": 7.958484706269037,
          "write_bandwidth": 0.9668371236147395,
          "io_efficiency": 3.0979701385721974,
          "system_load": 0.0,
          "performance_efficiency": 2.5907508860436783,
          "compaction_pressure": 3.4272724963024506
        },
        "has_model": true
      },
      "svr": {
        "performance": {
          "mse": 41933.95094370153,
          "rmse": 204.77780871886858,
          "r2_score": 0.11279615640670815,
          "mae": 168.38638836648167,
          "mean_relative_error": 129.65760293329046,
          "accuracy_level": "Poor"
        },
        "feature_importance": null,
        "has_model": true
      },
      "neural_network": {
        "performance": {
          "mse": 6143.370270275723,
          "rmse": 78.37965469607354,
          "r2_score": 0.8700236540143129,
          "mae": 63.922108474981506,
          "mean_relative_error": 43.627585148702295,
          "accuracy_level": "Poor"
        },
        "feature_importance": null,
        "has_model": true
      }
    },
    "cloud_native": {
      "timestamp": "2025-09-17T05:21:14.610220",
      "scaling_optimization": {
        "auto_scaling_enabled": true,
        "scaling_threshold": 0.8,
        "scaling_efficiency": 0.95
      },
      "resource_optimization": {
        "cpu_optimization": 0.3,
        "memory_optimization": 0.25,
        "storage_optimization": 0.2
      },
      "cost_optimization": {
        "cost_reduction": 0.25,
        "performance_per_cost": 1.4
      }
    },