{
  "evaluation_results": {
    "initial": {
      "log_characteristics": {
        "avg_performance": 17.13913216011042,
        "stability": "low",
        "performance_level": "medium",
        "cv": 0.3560382907355691,
        "duration_hours": 32.20107010333333
      },
      "model_predictions": {
        "base_performance": {
          "write_bw": 4116.6455078125,
          "read_bw": 5487.189453125
        },
        "device_degradation": 0.0,
        "workload_impact": 0.3,
        "adjusted_write_bw": 1199.90007271875,
        "adjusted_read_bw": 1599.3796432875001,
        "s_max": 1209794.6333184,
        "io_contention": 0.76,
        "stability_factor": 0.2,
        "performance_factor": 0.4,
        "degradation_analysis": {
          "device_degradation": 0.0,
          "workload_impact": 0.3,
          "io_intensity": 0.8,
          "stability_factor": 0.2,
          "performance_factor": 0.4
        }
      },
      "performance_accuracy": -68.00938329371161,
      "stability_match": 0.98,
      "phase_characteristics_evaluation": 0.0,
      "overall_score": -26.909753317484643
    },
    "middle": {
      "log_characteristics": {
        "avg_performance": 13.195097920800622,
        "stability": "high",
        "performance_level": "low",
        "cv": 0.027420463439383945,
        "duration_hours": 32.200674094166665
      },
      "model_predictions": {
        "base_performance": {
          "write_bw": 2595.7431640625,
          "read_bw": 3326.6240234375
        },
        "device_degradation": 0.3694518609541816,
        "workload_impact": 0.5,
        "adjusted_write_bw": 760.9863705550466,
        "adjusted_read_bw": 975.2565572916504,
        "s_max": 767261.5812414698,
        "io_contention": 0.8200000000000001,
        "stability_factor": 0.5,
        "performance_factor": 0.6,
        "degradation_analysis": {
          "device_degradation": 0.3694518609541816,
          "workload_impact": 0.5,
          "io_intensity": 0.6,
          "stability_factor": 0.5,
          "performance_factor": 0.6
        }
      },
      "performance_accuracy": -55.67190021041338,
      "stability_match": 0.5399999999999999,
      "phase_characteristics_evaluation": 0.0,
      "overall_score": -22.106760084165355
    },
    "final": {
      "log_characteristics": {
        "avg_performance": 12.310995685936152,
        "stability": "high",
        "performance_level": "low",
        "cv": 0.012980690286441296,
        "duration_hours": 32.19997141722222
      },
      "model_predictions": {
        "base_performance": {
          "write_bw": 1074.8408203125,
          "read_bw": 1166.05859375
        },
        "device_degradation": 0.7389037219083632,
        "workload_impact": 0.7,
        "adjusted_write_bw": 183.50153378203132,
        "adjusted_read_bw": 199.07463169349367,
        "s_max": 185014.71566060313,
        "io_contention": 0.88,
        "stability_factor": 0.8,
        "performance_factor": 0.8,
        "degradation_analysis": {
          "device_degradation": 0.7389037219083632,
          "workload_impact": 0.7,
          "io_intensity": 0.4,
          "stability_factor": 0.8,
          "performance_factor": 0.8
        }
      },
      "performance_accuracy": -12.905498991577097,
      "stability_match": 0.6599999999999999,
      "phase_characteristics_evaluation": 0.0,
      "overall_score": -4.964199596630839
    }
  },
  "analysis_time": "2025-09-19T11:46:15.860418",
  "analysis_type": "model_evaluation_with_log_phases"
}