{
  "timestamp": "2025-09-17T09:25:29.848085",
  "simulation_metrics": {
    "simulation_duration": 30,
    "initial_qps": 286904.3,
    "final_qps": 12349.4,
    "degradation_rate": 0.9570000000000001,
    "compaction_intensity": 287.885,
    "flush_intensity": 138.852
  },
  "summary": {
    "total_loops": 30,
    "final_qps": 14821.202988512283,
    "final_latency": 10.0,
    "performance_degradation": 95.7
  }
}