{
  "metrics": [],
  "system_conditions": {
    "cpu_usage": {
      "mean": 49.03444134394328,
      "max": 78.0690507888794,
      "trend": "increasing"
    },
    "io_utilization": {
      "mean": 51.77583100795746,
      "max": 73.55178809165955,
      "trend": "increasing"
    },
    "memory_usage": {
      "mean": 57.42066480636596,
      "max": 74.84143047332763,
      "trend": "increasing"
    }
  }
}