{
  "model": "v3",
  "predicted_smax": 9.443304819633141,
  "actual_put_rate": 187.1,
  "error_percent": -94.95280341013729,
  "error_abs": 94.95280341013729,
  "validation_status": "Poor",
  "bottleneck_level": "L2",
  "stall_factor": 0.5,
  "p_stall": 0.5,
  "system_factor": 0.7200000000000001,
  "mu_eff": 0.09999999999999998,
  "level_capacities": {
    "L0": 223.09999999999994,
    "L1": 223.09999999999994,
    "L2": 66.92999999999998,
    "L3": 223.09999999999994
  },
  "level_wa": {
    "L0": 0.0,
    "L1": 0.0,
    "L2": 22.6,
    "L3": 0.9
  },
  "parameters": {
    "B_w": 1484,
    "B_r": 2368,
    "B_eff": 2231,
    "CR": 0.5406,
    "WA": 2.87,
    "w_wal": 1.0,
    "w_req": 2.5515220000000003,
    "r_req": 1.010922,
    "stall_percentage_actual": 0.4531,
    "N_L0_estimated": 8,
    "k_s": 1.0,
    "cpu_factor": 0.8,
    "wal_factor": 0.9
  },
  "detailed_calculations": {
    "S_max": 9.443304819633141,
    "stall_factor": 0.5,
    "p_stall": 0.5,
    "system_factor": 0.7200000000000001,
    "mu_eff": 0.09999999999999998,
    "min_level_capacity": 66.92999999999998,
    "bottleneck_level": "L2",
    "level_capacities": {
      "L0": 223.09999999999994,
      "L1": 223.09999999999994,
      "L2": 66.92999999999998,
      "L3": 223.09999999999994
    },
    "level_wa": {
      "L0": 0.0,
      "L1": 0.0,
      "L2": 22.6,
      "L3": 0.9
    },
    "rho_r_initial": 0.1,
    "rho_r_steady": 0.15,
    "parameters": {
      "B_w": 1484,
      "B_r": 2368,
      "B_eff": 2231,
      "CR": 0.5406,
      "WA": 2.87,
      "w_wal": 1.0,
      "w_req": 2.5515220000000003,
      "r_req": 1.010922,
      "stall_percentage_actual": 0.4531,
      "N_L0_estimated": 8,
      "k_s": 1.0,
      "cpu_factor": 0.8,
      "wal_factor": 0.9
    }
  }
}