{
  "timestamp": "2025-09-17T04:43:18.062975",
  "model_performance": {
    "random_forest": {
      "mse": 3550.2642000209935,
      "rmse": 59.584093515140374,
      "r2_score": 0.9298725476853562,
      "mae": 47.64433242741312,
      "mean_relative_error": 119.49093071732484,
      "accuracy_level": "Poor"
    },
    "gradient_boosting": {
      "mse": 3170.04322538556,
      "rmse": 56.30313690537642,
      "r2_score": 0.9373829544510319,
      "mae": 44.1937489746141,
      "mean_relative_error": 113.66234614350374,
      "accuracy_level": "Poor"
    },
    "linear_regression": {
      "mse": 3568.3543373455177,
      "rmse": 59.735704041599085,
      "r2_score": 0.9295152178723853,
      "mae": 47.9309501632163,
      "mean_relative_error": 60.372749456046265,
      "accuracy_level": "Poor"
    },
    "ridge_regression": {
      "mse": 3565.7458928856586,
      "rmse": 59.71386683916608,
      "r2_score": 0.9295667418024841,
      "mae": 47.9770293613623,
      "mean_relative_error": 60.10360489386956,
      "accuracy_level": "Poor"
    },
    "lasso_regression": {
      "mse": 3585.9682715254685,
      "rmse": 59.882954766155855,
      "r2_score": 0.929167294377207,
      "mae": 48.070803524648255,
      "mean_relative_error": 61.81895634895426,
      "accuracy_level": "Poor"
    },
    "svr": {
      "mse": 44861.82947620102,
      "rmse": 211.80611293397794,
      "r2_score": 0.1138558625238757,
      "mae": 173.5082447592244,
      "mean_relative_error": 317.3580120412247,
      "accuracy_level": "Poor"
    },
    "neural_network": {
      "mse": 4532.4716942217665,
      "rmse": 67.32363399447304,
      "r2_score": 0.9104712565892618,
      "mae": 56.166780894372,
      "mean_relative_error": 109.58185937893984,
      "accuracy_level": "Poor"
    }
  },
  "feature_importance": {
    "random_forest": {
      "qps": 0.7817075379694917,
      "latency": 0.13694660921853513,
      "io_utilization": 0.005195498717958916,
      "cpu_usage": 0.005060298986451404,
      "memory_usage": 0.004319805979555559,
      "compaction_activity": 0.0037043482161675263,
      "read_bandwidth": 0.005433321808561258,
      "write_bandwidth": 0.004362305859305103,
      "io_efficiency": 0.005376242252320676,
      "system_load": 0.0031364196790156862,
      "performance_efficiency": 0.04036343529337988,
      "compaction_pressure": 0.004394176019257276
    },
    "gradient_boosting": {
      "qps": 0.7471446941971989,
      "latency": 0.15270618293672975,
      "io_utilization": 0.00272791933744372,
      "cpu_usage": 0.0035909195438507445,
      "memory_usage": 0.0018811577961896384,
      "compaction_activity": 0.0015999263585837768,
      "read_bandwidth": 0.004008992791734971,
      "write_bandwidth": 0.00122795921368967,
      "io_efficiency": 0.0025588996528177386,
      "system_load": 0.0014134797170625513,
      "performance_efficiency": 0.07803105114897703,
      "compaction_pressure": 0.0031088173057216215
    },
    "linear_regression": {
      "qps": 197.8069695130381,
      "latency": 70.43623698264322,
      "io_utilization": 0.6844895812480531,
      "cpu_usage": 1.0781709165498714,
      "memory_usage": 4.6511897678648575,
      "compaction_activity": 4.027681204669509,
      "read_bandwidth": 0.36842744317214526,
      "write_bandwidth": 0.14780162146914547,
      "io_efficiency": 4.520629665643155,
      "system_load": 3.9566502684386884,
      "performance_efficiency": 12.245725040706597,
      "compaction_pressure": 3.170867019667015
    },
    "ridge_regression": {
      "qps": 188.01109847885965,
      "latency": 70.28331834563811,
      "io_utilization": 0.8627758143814038,
      "cpu_usage": 0.36941922349397405,
      "memory_usage": 3.2462348658111377,
      "compaction_activity": 3.675399016091818,
      "read_bandwidth": 0.04581477715599136,
      "write_bandwidth": 0.03912926495017748,
      "io_efficiency": 4.274133365453532,
      "system_load": 1.9615487412982706,
      "performance_efficiency": 1.8685986746588492,
      "compaction_pressure": 2.760071554937188
    },
    "lasso_regression": {
      "qps": 185.59382084009664,
      "latency": 69.5978838957086,
      "io_utilization": 1.4959213047889122,
      "cpu_usage": 0.0,
      "memory_usage": 3.013497495542829,
      "compaction_activity": 0.6016856338623109,
      "read_bandwidth": 0.0,
      "write_bandwidth": 0.0,
      "io_efficiency": 3.2629801354288235,
      "system_load": 0.2270878433474914,
      "performance_efficiency": 0.0,
      "compaction_pressure": 0.0
    }
  },
  "best_model": {
    "name": "gradient_boosting",
    "performance": {
      "mse": 3170.04322538556,
      "rmse": 56.30313690537642,
      "r2_score": 0.9373829544510319,
      "mae": 44.1937489746141,
      "mean_relative_error": 113.66234614350374,
      "accuracy_level": "Poor"
    }
  },
  "summary": {
    "total_models": 7,
    "best_model": "gradient_boosting",
    "best_r2_score": 0.9373829544510319,
    "average_r2_score": 0.8114045536145146,
    "average_rmse": 82.0499289994127,
    "overall_performance": "Good"
  }
}