{
  "baseline": {
    "steady_state": {
      "avg_put_rate": 196.4027580075817,
      "avg_stall_prob": 0.017986209962091555,
      "avg_read_ratio": 0.0,
      "avg_l0_files": 0.0,
      "avg_backlog": {
        "L0": 0.0,
        "L1": 0.0,
        "L2": 0.0,
        "L3": 0.0
      }
    },
    "performance_metrics": {
      "throughput_efficiency": 0.9820137900379085,
      "stall_percentage": 1.7986209962091555,
      "read_write_ratio": 0.0,
      "l0_file_stability": 0
    },
    "bottleneck_analysis": {
      "bottlenecks": [
        {
          "level": 0,
          "utilization": 0.07021294937920584,
          "capacity": 1421.0,
          "demand": 99.7726010678515
        },
        {
          "level": 1,
          "utilization": 0.03510647468960292,
          "capacity": 1421.0,
          "demand": 49.88630053392575
        },
        {
          "level": 2,
          "utilization": 0.007021294937920586,
          "capacity": 1421.0,
          "demand": 9.977260106785153
        },
        {
          "level": 3,
          "utilization": 0.007021294937920586,
          "capacity": 1421.0,
          "demand": 9.977260106785153
        }
      ],
      "max_utilization": 0.07021294937920584,
      "bottleneck_level": 0
    }
  },
  "baseline_smax": 196.4027580075817,
  "sensitivity": {
    "WA": {
      "parameter_values": [
        1.0,
        1.5,
        2.0,
        2.5,
        3.0,
        3.5,
        4.0
      ],
      "smax_values": [
        196.4027580075817,
        196.4027580075817,
        196.4027580075817,
        196.4027580075817,
        196.4027580075817,
        196.4027580075817,
        196.4027580075817
      ],
      "sensitivity_score": 0.0,
      "impact_ratio": 1.0
    },
    "CR": {
      "parameter_values": [
        0.2,
        0.3,
        0.4,
        0.5,
        0.6,
        0.7,
        0.8,
        0.9
      ],
      "smax_values": [
        196.4027580075817,
        196.4027580075817,
        196.4027580075817,
        196.4027580075817,
        196.4027580075817,
        196.4027580075817,
        196.4027580075817,
        196.4027580075817
      ],
      "sensitivity_score": 0.0,
      "impact_ratio": 1.0
    },
    "Bandwidth": {
      "parameter_values": [
        0.5,
        0.7,
        0.8,
        0.9,
        1.0,
        1.1,
        1.2,
        1.5
      ],
      "smax_values": [
        196.4027580075817,
        196.4027580075817,
        196.4027580075817,
        196.4027580075817,
        196.4027580075817,
        196.4027580075817,
        196.4027580075817,
        196.4027580075817
      ],
      "sensitivity_score": 0.0,
      "impact_ratio": 1.0
    },
    "Capacity": {
      "parameter_values": [
        0.3,
        0.5,
        0.7,
        0.8,
        1.0,
        1.2,
        1.5,
        2.0
      ],
      "smax_values": [
        196.4027580075817,
        196.4027580075817,
        196.4027580075817,
        196.4027580075817,
        196.4027580075817,
        196.4027580075817,
        196.4027580075817,
        196.4027580075817
      ],
      "sensitivity_score": 0.0,
      "impact_ratio": 1.0
    },
    "Stall": {
      "parameter_values": [
        2,
        3,
        4,
        5,
        6,
        7,
        8,
        10
      ],
      "smax_values": [
        196.4027580075817,
        196.4027580075817,
        196.4027580075817,
        196.4027580075817,
        196.4027580075817,
        196.4027580075817,
        196.4027580075817,
        196.4027580075817
      ],
      "sensitivity_score": 0.0,
      "impact_ratio": 1.0
    }
  }
}