{
  "v4_2_model_accuracy": {
    "overall_accuracy": -367.5675680254933,
    "phase_specific_accuracy": {
      "initial_phase": {
        "predicted_smax": 965261.6755199999,
        "actual_qps": 120972.35781241015,
        "accuracy": -597.919204829268
      },
      "middle_phase": {
        "predicted_smax": 852512.8680460774,
        "actual_qps": 120972.35781241015,
        "accuracy": -504.7170803829873
      },
      "final_phase": {
        "predicted_smax": 242025.06409090527,
        "actual_qps": 120972.35781241015,
        "accuracy": -0.06641886422480425
      }
    },
    "performance_metrics": {
      "actual_qps": 120972.35781241015,
      "model_predictions": 3,
      "accuracy_range": {
        "min": -597.919204829268,
        "max": -0.06641886422480425
      }
    },
    "model_improvements": {
      "fillrandom_workload_specific": true,
      "real_degradation_data_integration": true,
      "compaction_efficiency_analysis": true,
      "temporal_phase_modeling": true
    }
  },
  "temporal_performance_comparison": {
    "phase_performance_trends": {
      "initial_phase": {
        "predicted_smax": 965261.6755199999,
        "write_performance": 957.367079296875,
        "compaction_read_performance": 1276.10077921875,
        "compaction_efficiency": 1.3329273659127328
      },
      "middle_phase": {
        "predicted_smax": 852512.8680460774,
        "write_performance": 845.5404117278295,
        "compaction_read_performance": 1041.866048224176,
        "compaction_efficiency": 1.2321895367427356
      },
      "final_phase": {
        "predicted_smax": 242025.06409090527,
        "write_performance": 240.04561105207586,
        "compaction_read_performance": 211.95307906842766,
        "compaction_efficiency": 0.8829700244860809
      }
    },
    "performance_degradation_patterns": {
      "initial_to_final_degradation": 74.92648157189883,
      "performance_trend": "decreasing",
      "degradation_curve": [
        965261.6755199999,
        852512.8680460774,
        242025.06409090527
      ]
    },
    "model_vs_actual_comparison": {
      "actual_qps": 120972.35781241015,
      "model_predictions": [
        965261.6755199999,
        852512.8680460774,
        242025.06409090527
      ],
      "prediction_accuracy": [
        -597.919204829268,
        -504.7170803829873,
        -0.06641886422480425
      ]
    }
  },
  "fillrandom_workload_analysis": {
    "workload_characteristics": {
      "write_type": "Sequential Write Only",
      "read_type": "Compaction Read Only",
      "user_reads": 0,
      "system_reads": "Compaction Only"
    },
    "performance_characteristics": {
      "initial_phase": {
        "write_performance": 957.367079296875,
        "compaction_read_performance": 1276.10077921875,
        "compaction_efficiency": 1.3329273659127328,
        "workload_type": "FillRandom (Sequential Write + Compaction Read)"
      },
      "middle_phase": {
        "write_performance": 845.5404117278295,
        "compaction_read_performance": 1041.866048224176,
        "compaction_efficiency": 1.2321895367427356,
        "workload_type": "FillRandom (Sequential Write + Compaction Read)"
      },
      "final_phase": {
        "write_performance": 240.04561105207586,
        "compaction_read_performance": 211.95307906842766,
        "compaction_efficiency": 0.8829700244860809,
        "workload_type": "FillRandom (Sequential Write + Compaction Read)"
      }
    },
    "workload_optimization": {
      "write_optimization": "Sequential Write \uc131\ub2a5 \ucd5c\uc801\ud654 \ud544\uc694",
      "compaction_optimization": "Compaction Read \uc131\ub2a5 \ucd5c\uc801\ud654 \ud544\uc694",
      "efficiency_improvement": "Compaction \ud6a8\uc728\uc131 \ud5a5\uc0c1 \ud544\uc694"
    }
  },
  "compaction_efficiency_analysis": {
    "efficiency_by_phase": {
      "initial_phase": {
        "compaction_efficiency": 1.3329273659127328,
        "write_performance": 957.367079296875,
        "compaction_read_performance": 1276.10077921875
      },
      "middle_phase": {
        "compaction_efficiency": 1.2321895367427356,
        "write_performance": 845.5404117278295,
        "compaction_read_performance": 1041.866048224176
      },
      "final_phase": {
        "compaction_efficiency": 0.8829700244860809,
        "write_performance": 240.04561105207586,
        "compaction_read_performance": 211.95307906842766
      }
    },
    "efficiency_trends": {
      "efficiency_curve": [
        1.3329273659127328,
        1.2321895367427356,
        0.8829700244860809
      ],
      "trend": "decreasing",
      "efficiency_degradation": 33.75707881265833
    },
    "optimization_recommendations": {
      "compaction_read_optimization": "Compaction Read \uc131\ub2a5 \ud5a5\uc0c1 \ud544\uc694",
      "write_optimization": "Sequential Write \uc131\ub2a5 \ud5a5\uc0c1 \ud544\uc694",
      "efficiency_improvement": "Compaction \ud6a8\uc728\uc131 \ud5a5\uc0c1 \ud544\uc694"
    }
  },
  "phase_b_data": {
    "summary": {
      "experiment_type": "Phase-B FillRandom Analysis",
      "analysis_date": "2025-09-17T08:49:29.777926",
      "performance_summary": {
        "initial_put_rate": 280.18,
        "final_put_rate": 12.06,
        "max_put_rate": 280.18,
        "min_put_rate": 12.06,
        "performance_degradation_percent": 95.695624241559,
        "total_writes": 0,
        "experiment_duration_minutes": 5796.436334566666
      },
      "compaction_summary": {
        "total_compactions": 143943,
        "compactions_by_level": {
          "level_-1": 143943
        },
        "most_active_level": -1
      },
      "stability_analysis": {
        "stability_coefficient_of_variation": 0.32143204910806916,
        "is_stable": true,
        "final_stability_mean": 12.125760713258558,
        "final_stability_std": 0.038976081130568205
      }
    },
    "fillrandom_results": {
      "dataframe": "       secs_elapsed  interval_qps\n0                10       1946448\n1                20        571889\n2                30        506642\n3                40        614284\n4                50        600059\n...             ...           ...\n34773        347744         71372\n34774        347754        119657\n34775        347764         87999\n34776        347774         72194\n34777        347784        209308\n\n[34778 rows x 2 columns]",
      "avg_qps": 120972.35781241015,
      "max_qps": "1946448",
      "min_qps": "160",
      "std_qps": 68402.1510753477,
      "total_samples": 34778
    }
  },
  "v4_2_predictions": {
    "device_envelope_temporal": {
      "initial_phase": {
        "workload_characteristics": {
          "write_type": "Sequential Write Only",
          "read_type": "Compaction Read Only",
          "user_reads": 0,
          "system_reads": "Compaction Only"
        },
        "base_performance": {
          "write_performance": 4116.6455078125,
          "compaction_read_performance": 5487.189453125
        },
        "degradation_factors": {
          "write_degradation_factor": 0.0,
          "compaction_read_degradation_factor": 0.0
        },
        "adjusted_performance": {
          "adjusted_write_bw": 957.367079296875,
          "adjusted_compaction_read_bw": 1276.10077921875
        },
        "s_max": 965261.6755199999,
        "compaction_efficiency": 1.3329273659127328,
        "io_characteristics": {
          "io_contention": 0.76,
          "stability_factor": 1.02,
          "performance_factor": 0.3
        }
      },
      "middle_phase": {
        "workload_characteristics": {
          "write_type": "Sequential Write Only",
          "read_type": "Compaction Read Only",
          "user_reads": 0,
          "system_reads": "Compaction Only"
        },
        "base_performance": {
          "write_performance": 2595.7431640625,
          "compaction_read_performance": 3326.6240234375
        },
        "degradation_factors": {
          "write_degradation_factor": 0.3694518609541816,