{
  "performance_changes": {
    "change_stats": {
      "mean_change": -49.950829571268365,
      "std_change": 108519.62619182977,
      "mean_change_pct": 40.064051425486014,
      "std_change_pct": 121.33858620851443,
      "max_increase": 606219.0,
      "max_decrease": -1374559.0,
      "max_increase_pct": 10271.195652173912,
      "max_decrease_pct": -99.83140680484284
    },
    "large_changes": "       secs_elapsed  interval_qps  ...  qps_change_pct  change_magnitude\n1                20        571889  ...      -70.618840         1374559.0\n212            2130        658786  ...     1153.231115          606219.0\n45              460        646783  ...     1314.537223          601059.0\n68              690        645200  ...     1074.564454          590269.0\n126            1270        638751  ...     1162.753044          588167.0\n...             ...           ...  ...             ...               ...\n130            1310        612988  ...      115.015609          327898.0\n6316          63171         76483  ...      -81.078353          327726.0\n820            8210        423834  ...      339.766749          327457.0\n11570        115711        411853  ...      384.122861          326781.0\n195            1960         74751  ...      -81.366288          326409.0\n\n[153 rows x 7 columns]",
    "threshold": 325558.8785754893
  },
  "meaningful_segments": {
    "initial_phase": {
      "start": 0,
      "end": 1,
      "type": "change_based",
      "change_point": null
    },
    "middle_phase_1": {
      "start": 1,
      "end": 45,
      "type": "change_based",
      "change_point": 1
    },
    "middle_phase_2": {
      "start": 45,
      "end": 64,
      "type": "change_based",
      "change_point": 45
    },
    "middle_phase_3": {
      "start": 64,
      "end": 68,
      "type": "change_based",
      "change_point": 64
    },
    "middle_phase_4": {
      "start": 68,
      "end": 81,
      "type": "change_based",
      "change_point": 68
    },
    "middle_phase_5": {
      "start": 81,
      "end": 126,
      "type": "change_based",
      "change_point": 81
    },
    "middle_phase_6": {
      "start": 126,
      "end": 137,
      "type": "change_based",
      "change_point": 126
    },
    "middle_phase_7": {
      "start": 137,
      "end": 142,
      "type": "change_based",
      "change_point": 137
    },
    "middle_phase_8": {
      "start": 142,
      "end": 212,
      "type": "change_based",
      "change_point": 142
    },
    "middle_phase_9": {
      "start": 212,
      "end": 293,
      "type": "change_based",
      "change_point": 212
    },
    "final_phase": {
      "start": 293,
      "end": 34778,
      "type": "change_based",
      "change_point": 293
    }
  },
  "segment_characteristics": {
    "initial_phase": {
      "sample_count": 1,
      "avg_qps": 1946448.0,
      "max_qps": "1946448",
      "min_qps": "1946448",
      "std_qps": NaN,
      "median_qps": 1946448.0,
      "q25": 1946448.0,
      "q75": 1946448.0,
      "cv": NaN,
      "trend": "insufficient_data"
    },
    "middle_phase_1": {
      "sample_count": 44,
      "avg_qps": 447846.2272727273,
      "max_qps": "663287",
      "min_qps": "45724",
      "std_qps": 172691.82074595138,
      "median_qps": 464187.5,
      "q25": 314865.5,
      "q75": 602422.5,
      "cv": 0.38560517032286246,
      "trend": "decreasing"
    },
    "middle_phase_2": {
      "sample_count": 19,
      "avg_qps": 326625.63157894736,
      "max_qps": "647664",
      "min_qps": "52106",
      "std_qps": 214824.09299062716,
      "median_qps": 341322.0,
      "q25": 101401.5,
      "q75": 488308.0,
      "cv": 0.6577073940956251,
      "trend": "decreasing"
    },
    "middle_phase_3": {
      "sample_count": 4,
      "avg_qps": 311498.25,
      "max_qps": "638486",
      "min_qps": "54931",
      "std_qps": 294693.2965433441,
      "median_qps": 276288.0,
      "q25": 66055.0,
      "q75": 521731.25,
      "cv": 0.9460512106997201,
      "trend": "decreasing"
    },
    "middle_phase_4": {
      "sample_count": 13,
      "avg_qps": 366254.0,
      "max_qps": "653400",
      "min_qps": "55657",
      "std_qps": 230310.62701346053,
      "median_qps": 442977.0,
      "q25": 100702.0,
      "q75": 546506.0,
      "cv": 0.6288276087454623,
      "trend": "stable"
    },
    "middle_phase_5": {
      "sample_count": 45,
      "avg_qps": 327672.7111111111,
      "max_qps": "660843",
      "min_qps": "50584",
      "std_qps": 217261.36180035895,
      "median_qps": 349452.0,
      "q25": 102256.0,
      "q75": 522536.0,
      "cv": 0.6630438069244265,
      "trend": "stable"
    },
    "middle_phase_6": {
      "sample_count": 11,
      "avg_qps": 332756.0,
      "max_qps": "638751",
      "min_qps": "51147",
      "std_qps": 232899.9882138254,
      "median_qps": 289402.0,
      "q25": 99640.5,
      "q75": 537786.0,
      "cv": 0.6999122125936884,
      "trend": "decreasing"
    },
    "middle_phase_7": {
      "sample_count": 5,
      "avg_qps": 461263.6,
      "max_qps": "646084",
      "min_qps": "60183",
      "std_qps": 238976.62244098273,
      "median_qps": 489858.0,
      "q25": 468528.0,
      "q75": 641665.0,
      "cv": 0.5180912225481975,
      "trend": "stable"
    },
    "middle_phase_8": {
      "sample_count": 70,
      "avg_qps": 292364.5142857143,
      "max_qps": "653583",
      "min_qps": "52567",
      "std_qps": 218855.3133351051,
      "median_qps": 268728.0,
      "q25": 71809.25,
      "q75": 482655.5,
      "cv": 0.7485700303602096,
      "trend": "stable"
    },
    "middle_phase_9": {
      "sample_count": 81,
      "avg_qps": 264518.7901234568,
      "max_qps": "660221",
      "min_qps": "51119",
      "std_qps": 224250.82186313812,
      "median_qps": 149098.0,
      "q25": 71471.0,
      "q75": 470162.0,
      "cv": 0.8477689685427462,
      "trend": "stable"
    },
    "final_phase": {
      "sample_count": 34485,
      "avg_qps": 119202.79402638829,
      "max_qps": "660317",
      "min_qps": "160",
      "std_qps": 62089.114931223165,
      "median_qps": 74676.0,
      "q25": 69882.0,
      "q75": 176643.0,
      "cv": 0.5208696275817017,
      "trend": "decreasing"
    }
  },
  "performance_trends": {
    "overall_trend": "decreasing",
    "phase_transitions": [
      {
        "from_phase": "middle_phase_1",
        "to_phase": "middle_phase_2",
        "transition_slope": -3806.996992481203,
        "transition_type": "decreasing"
      },
      {
        "from_phase": "middle_phase_2",
        "to_phase": "middle_phase_3",
        "transition_slope": 5623.159398496241,
        "transition_type": "increasing"
      },
      {
        "from_phase": "middle_phase_3",
        "to_phase": "middle_phase_4",
        "transition_slope": 5064.5398496240605,
        "transition_type": "increasing"
      },
      {
        "from_phase": "middle_phase_4",
        "to_phase": "middle_phase_5",
        "transition_slope": 1875.3864661654138,
        "transition_type": "increasing"
      },
      {
        "from_phase": "middle_phase_5",
        "to_phase": "middle_phase_6",
        "transition_slope": 3355.033082706768,
        "transition_type": "increasing"
      },
      {
        "from_phase": "middle_phase_6",
        "to_phase": "middle_phase_7",
        "transition_slope": -1193.072180451128,
        "transition_type": "decreasing"
      },
      {
        "from_phase": "middle_phase_7",
        "to_phase": "middle_phase_8",
        "transition_slope": -3435.198496240602,
        "transition_type": "decreasing"
      },
      {
        "from_phase": "middle_phase_8",
        "to_phase": "middle_phase_9",
        "transition_slope": -6483.933082706768,
        "transition_type": "decreasing"
      },
      {
        "from_phase": "middle_phase_9",
        "to_phase": "final_phase",
        "transition_slope": -7211.610526315791,
        "transition_type": "decreasing"
      }
    ],