{
  "fio version" : "fio-3.28",
  "timestamp" : 1758037386,
  "timestamp_ms" : 1758037386352,
  "time" : "Tue Sep 16 11:43:06 2025",
  "jobs" : [
    {
      "jobname" : "bs_sweep_randwrite_1m_degraded",
      "groupid" : 0,
      "error" : 0,
      "eta" : 0,
      "elapsed" : 31,
      "job options" : {
        "name" : "bs_sweep_randwrite_1m_degraded",
        "filename" : "./bs_sweep_randwrite_1m_degraded_test",
        "size" : "1G",
        "rw" : "randwrite",
        "bs" : "1m",
        "direct" : "1",
        "runtime" : "30",
        "time_based" : "1",
        "ioengine" : "libaio",
        "iodepth" : "1",
        "numjobs" : "1"
      },
      "read" : {
        "io_bytes" : 0,
        "io_kbytes" : 0,
        "bw_bytes" : 0,
        "bw" : 0,
        "iops" : 0.000000,
        "runtime" : 0,
        "total_ios" : 0,
        "short_ios" : 0,
        "drop_ios" : 0,
        "slat_ns" : {
          "min" : 0,
          "max" : 0,
          "mean" : 0.000000,
          "stddev" : 0.000000,
          "N" : 0
        },
        "clat_ns" : {
          "min" : 0,
          "max" : 0,
          "mean" : 0.000000,
          "stddev" : 0.000000,
          "N" : 0
        },
        "lat_ns" : {
          "min" : 0,
          "max" : 0,
          "mean" : 0.000000,
          "stddev" : 0.000000,
          "N" : 0
        },
        "bw_min" : 0,
        "bw_max" : 0,
        "bw_agg" : 0.000000,
        "bw_mean" : 0.000000,
        "bw_dev" : 0.000000,
        "bw_samples" : 0,
        "iops_min" : 0,
        "iops_max" : 0,
        "iops_mean" : 0.000000,
        "iops_stddev" : 0.000000,
        "iops_samples" : 0
      },
      "write" : {
        "io_bytes" : 93238329344,
        "io_kbytes" : 91053056,
        "bw_bytes" : 3107840716,
        "bw" : 3035000,
        "iops" : 2963.867871,
        "runtime" : 30001,
        "total_ios" : 88919,
        "short_ios" : 0,
        "drop_ios" : 0,
        "slat_ns" : {
          "min" : 55753,
          "max" : 486612,
          "mean" : 164626.947402,
          "stddev" : 13608.903292,
          "N" : 88919
        },
        "clat_ns" : {
          "min" : 27042,
          "max" : 4551393,
          "mean" : 170323.350780,
          "stddev" : 122458.191976,
          "N" : 88919,
          "percentile" : {
            "1.000000" : 140288,
            "5.000000" : 156672,
            "10.000000" : 164864,
            "20.000000" : 164864,
            "30.000000" : 166912,
            "40.000000" : 166912,
            "50.000000" : 166912,
            "60.000000" : 166912,
            "70.000000" : 166912,
            "80.000000" : 166912,
            "90.000000" : 168960,
            "95.000000" : 168960,
            "99.000000" : 195584,
            "99.500000" : 195584,
            "99.900000" : 552960,
            "99.950000" : 4046848,
            "99.990000" : 4145152
          }
        },
        "lat_ns" : {
          "min" : 251169,
          "max" : 4707695,
          "mean" : 335295.210562,
          "stddev" : 122736.510879,
          "N" : 88919
        },
        "bw_min" : 2996224,
        "bw_max" : 3551232,
        "bw_agg" : 100.000000,
        "bw_mean" : 3038121.220339,
        "bw_dev" : 69418.066659,
        "bw_samples" : 59,
        "iops_min" : 2926,
        "iops_max" : 3468,
        "iops_mean" : 2966.915254,
        "iops_stddev" : 67.791081,
        "iops_samples" : 59
      },
      "trim" : {
        "io_bytes" : 0,
        "io_kbytes" : 0,
        "bw_bytes" : 0,
        "bw" : 0,
        "iops" : 0.000000,
        "runtime" : 0,
        "total_ios" : 0,
        "short_ios" : 0,
        "drop_ios" : 0,
        "slat_ns" : {
          "min" : 0,
          "max" : 0,
          "mean" : 0.000000,
          "stddev" : 0.000000,
          "N" : 0
        },
        "clat_ns" : {
          "min" : 0,
          "max" : 0,
          "mean" : 0.000000,
          "stddev" : 0.000000,
          "N" : 0
        },
        "lat_ns" : {
          "min" : 0,
          "max" : 0,
          "mean" : 0.000000,
          "stddev" : 0.000000,
          "N" : 0
        },
        "bw_min" : 0,
        "bw_max" : 0,
        "bw_agg" : 0.000000,
        "bw_mean" : 0.000000,
        "bw_dev" : 0.000000,
        "bw_samples" : 0,
        "iops_min" : 0,
        "iops_max" : 0,
        "iops_mean" : 0.000000,
        "iops_stddev" : 0.000000,
        "iops_samples" : 0
      },
      "sync" : {
        "total_ios" : 0,
        "lat_ns" : {
          "min" : 0,
          "max" : 0,
          "mean" : 0.000000,
          "stddev" : 0.000000,
          "N" : 0
        }
      },
      "job_runtime" : 30000,
      "usr_cpu" : 5.180000,
      "sys_cpu" : 46.146667,
      "ctx" : 88926,
      "majf" : 0,
      "minf" : 15,
      "iodepth_level" : {
        "1" : 100.000000,
        "2" : 0.000000,
        "4" : 0.000000,
        "8" : 0.000000,
        "16" : 0.000000,
        "32" : 0.000000,
        ">=64" : 0.000000
      },
      "iodepth_submit" : {
        "0" : 0.000000,
        "4" : 100.000000,
        "8" : 0.000000,
        "16" : 0.000000,
        "32" : 0.000000,
        "64" : 0.000000,
        ">=64" : 0.000000
      },
      "iodepth_complete" : {
        "0" : 0.000000,
        "4" : 100.000000,
        "8" : 0.000000,
        "16" : 0.000000,
        "32" : 0.000000,
        "64" : 0.000000,
        ">=64" : 0.000000
      },
      "latency_ns" : {
        "2" : 0.000000,
        "4" : 0.000000,
        "10" : 0.000000,
        "20" : 0.000000,
        "50" : 0.000000,
        "100" : 0.000000,
        "250" : 0.000000,
        "500" : 0.000000,
        "750" : 0.000000,
        "1000" : 0.000000
      },
      "latency_us" : {
        "2" : 0.000000,
        "4" : 0.000000,
        "10" : 0.000000,
        "20" : 0.000000,
        "50" : 0.010000,
        "100" : 0.010122,
        "250" : 99.867295,
        "500" : 0.020243,
        "750" : 0.010000,
        "1000" : 0.000000
      },
      "latency_ms" : {
        "2" : 0.000000,
        "4" : 0.010000,
        "10" : 0.089970,
        "20" : 0.000000,
        "50" : 0.000000,
        "100" : 0.000000,
        "250" : 0.000000,
        "500" : 0.000000,
        "750" : 0.000000,
        "1000" : 0.000000,
        "2000" : 0.000000,
        ">=2000" : 0.000000
      },
      "latency_depth" : 1,
      "latency_target" : 0,
      "latency_percentile" : 100.000000,
      "latency_window" : 0
    }
  ],
  "disk_util" : [
    {
      "name" : "nvme0n1",
      "read_ios" : 0,
      "write_ios" : 708952,
      "read_merges" : 0,
      "write_merges" : 44,
      "read_ticks" : 0,
      "write_ticks" : 78618,
      "in_queue" : 78631,
      "util" : 83.179847
    }
  ]
}
