{
  "fio version" : "fio-3.28",
  "timestamp" : 1758037295,
  "timestamp_ms" : 1758037295354,
  "time" : "Tue Sep 16 11:41:35 2025",
  "jobs" : [
    {
      "jobname" : "bs_sweep_randwrite_128k_degraded",
      "groupid" : 0,
      "error" : 0,
      "eta" : 0,
      "elapsed" : 31,
      "job options" : {
        "name" : "bs_sweep_randwrite_128k_degraded",
        "filename" : "./bs_sweep_randwrite_128k_degraded_test",
        "size" : "1G",
        "rw" : "randwrite",
        "bs" : "128k",
        "direct" : "1",
        "runtime" : "30",
        "time_based" : "1",
        "ioengine" : "libaio",
        "iodepth" : "1",
        "numjobs" : "1"
      },
      "read" : {
        "io_bytes" : 0,
        "io_kbytes" : 0,
        "bw_bytes" : 0,
        "bw" : 0,
        "iops" : 0.000000,
        "runtime" : 0,
        "total_ios" : 0,
        "short_ios" : 0,
        "drop_ios" : 0,
        "slat_ns" : {
          "min" : 0,
          "max" : 0,
          "mean" : 0.000000,
          "stddev" : 0.000000,
          "N" : 0
        },
        "clat_ns" : {
          "min" : 0,
          "max" : 0,
          "mean" : 0.000000,
          "stddev" : 0.000000,
          "N" : 0
        },
        "lat_ns" : {
          "min" : 0,
          "max" : 0,
          "mean" : 0.000000,
          "stddev" : 0.000000,
          "N" : 0
        },
        "bw_min" : 0,
        "bw_max" : 0,
        "bw_agg" : 0.000000,
        "bw_mean" : 0.000000,
        "bw_dev" : 0.000000,
        "bw_samples" : 0,
        "iops_min" : 0,
        "iops_max" : 0,
        "iops_mean" : 0.000000,
        "iops_stddev" : 0.000000,
        "iops_samples" : 0
      },
      "write" : {
        "io_bytes" : 48234233856,
        "io_kbytes" : 47103744,
        "bw_bytes" : 1607754203,
        "bw" : 1570072,
        "iops" : 12266.191127,
        "runtime" : 30001,
        "total_ios" : 367998,
        "short_ios" : 0,
        "drop_ios" : 0,
        "slat_ns" : {
          "min" : 12753,
          "max" : 300590,
          "mean" : 26732.628938,
          "stddev" : 3355.049941,
          "N" : 367998
        },
        "clat_ns" : {
          "min" : 26708,
          "max" : 3734392,
          "mean" : 52756.398605,
          "stddev" : 33085.833247,
          "N" : 367998,
          "percentile" : {
            "1.000000" : 44800,
            "5.000000" : 49408,
            "10.000000" : 51968,
            "20.000000" : 51968,
            "30.000000" : 51968,
            "40.000000" : 52480,
            "50.000000" : 52480,
            "60.000000" : 52480,
            "70.000000" : 52480,
            "80.000000" : 52992,
            "90.000000" : 53504,
            "95.000000" : 54016,
            "99.000000" : 58624,
            "99.500000" : 60672,
            "99.900000" : 78336,
            "99.950000" : 81408,
            "99.990000" : 2899968
          }
        },
        "lat_ns" : {
          "min" : 56507,
          "max" : 3761752,
          "mean" : 79758.928002,
          "stddev" : 33371.118371,
          "N" : 367998
        },
        "bw_min" : 1541632,
        "bw_max" : 1976576,
        "bw_agg" : 100.000000,
        "bw_mean" : 1571761.898305,
        "bw_dev" : 78265.033501,
        "bw_samples" : 59,
        "iops_min" : 12044,
        "iops_max" : 15442,
        "iops_mean" : 12279.389831,
        "iops_stddev" : 611.445574,
        "iops_samples" : 59
      },
      "trim" : {
        "io_bytes" : 0,
        "io_kbytes" : 0,
        "bw_bytes" : 0,
        "bw" : 0,
        "iops" : 0.000000,
        "runtime" : 0,
        "total_ios" : 0,
        "short_ios" : 0,
        "drop_ios" : 0,
        "slat_ns" : {
          "min" : 0,
          "max" : 0,
          "mean" : 0.000000,
          "stddev" : 0.000000,
          "N" : 0
        },
        "clat_ns" : {
          "min" : 0,
          "max" : 0,
          "mean" : 0.000000,
          "stddev" : 0.000000,
          "N" : 0
        },
        "lat_ns" : {
          "min" : 0,
          "max" : 0,
          "mean" : 0.000000,
          "stddev" : 0.000000,
          "N" : 0
        },
        "bw_min" : 0,
        "bw_max" : 0,
        "bw_agg" : 0.000000,
        "bw_mean" : 0.000000,
        "bw_dev" : 0.000000,
        "bw_samples" : 0,
        "iops_min" : 0,
        "iops_max" : 0,
        "iops_mean" : 0.000000,
        "iops_stddev" : 0.000000,
        "iops_samples" : 0
      },
      "sync" : {
        "total_ios" : 0,
        "lat_ns" : {
          "min" : 0,
          "max" : 0,
          "mean" : 0.000000,
          "stddev" : 0.000000,
          "N" : 0
        }
      },
      "job_runtime" : 30000,
      "usr_cpu" : 9.843333,
      "sys_cpu" : 32.430000,
      "ctx" : 368001,
      "majf" : 0,
      "minf" : 14,
      "iodepth_level" : {
        "1" : 100.000000,
        "2" : 0.000000,
        "4" : 0.000000,
        "8" : 0.000000,
        "16" : 0.000000,
        "32" : 0.000000,
        ">=64" : 0.000000
      },
      "iodepth_submit" : {
        "0" : 0.000000,
        "4" : 100.000000,
        "8" : 0.000000,
        "16" : 0.000000,
        "32" : 0.000000,
        "64" : 0.000000,
        ">=64" : 0.000000
      },
      "iodepth_complete" : {
        "0" : 0.000000,
        "4" : 100.000000,
        "8" : 0.000000,
        "16" : 0.000000,
        "32" : 0.000000,
        "64" : 0.000000,
        ">=64" : 0.000000
      },
      "latency_ns" : {
        "2" : 0.000000,
        "4" : 0.000000,
        "10" : 0.000000,
        "20" : 0.000000,
        "50" : 0.000000,
        "100" : 0.000000,
        "250" : 0.000000,
        "500" : 0.000000,
        "750" : 0.000000,
        "1000" : 0.000000
      },
      "latency_us" : {
        "2" : 0.000000,
        "4" : 0.000000,
        "10" : 0.000000,
        "20" : 0.000000,
        "50" : 5.749760,
        "100" : 94.225240,
        "250" : 0.011141,
        "500" : 0.010000,
        "750" : 0.010000,
        "1000" : 0.000000
      },
      "latency_ms" : {
        "2" : 0.010000,
        "4" : 0.011957,
        "10" : 0.000000,
        "20" : 0.000000,
        "50" : 0.000000,
        "100" : 0.000000,
        "250" : 0.000000,
        "500" : 0.000000,
        "750" : 0.000000,
        "1000" : 0.000000,
        "2000" : 0.000000,
        ">=2000" : 0.000000
      },
      "latency_depth" : 1,
      "latency_target" : 0,
      "latency_percentile" : 100.000000,
      "latency_window" : 0
    }
  ],
  "disk_util" : [
    {
      "name" : "nvme0n1",
      "read_ios" : 0,
      "write_ios" : 366769,
      "read_merges" : 0,
      "write_merges" : 94,
      "read_ticks" : 0,
      "write_ticks" : 18305,
      "in_queue" : 18317,
      "util" : 51.793520
    }
  ]
}
