{
  "fio version" : "fio-3.28",
  "timestamp" : 1758038131,
  "timestamp_ms" : 1758038131934,
  "time" : "Tue Sep 16 11:55:31 2025",
  "jobs" : [
    {
      "jobname" : "bs_sweep_read_128k_degraded",
      "groupid" : 0,
      "error" : 0,
      "eta" : 0,
      "elapsed" : 31,
      "job options" : {
        "name" : "bs_sweep_read_128k_degraded",
        "filename" : "./bs_sweep_read_128k_degraded_test",
        "size" : "1G",
        "rw" : "read",
        "bs" : "128k",
        "direct" : "1",
        "runtime" : "30",
        "time_based" : "1",
        "ioengine" : "libaio",
        "iodepth" : "1",
        "numjobs" : "1"
      },
      "read" : {
        "io_bytes" : 50526027776,
        "io_kbytes" : 49341824,
        "bw_bytes" : 1684144787,
        "bw" : 1644672,
        "iops" : 12849.005033,
        "runtime" : 30001,
        "total_ios" : 385483,
        "short_ios" : 0,
        "drop_ios" : 0,
        "slat_ns" : {
          "min" : 9311,
          "max" : 341892,
          "mean" : 25549.424037,
          "stddev" : 2850.288978,
          "N" : 385483
        },
        "clat_ns" : {
          "min" : 1824,
          "max" : 8511414,
          "mean" : 50515.242758,
          "stddev" : 14807.808341,
          "N" : 385483,
          "percentile" : {
            "1.000000" : 47360,
            "5.000000" : 48384,
            "10.000000" : 48896,
            "20.000000" : 49408,
            "30.000000" : 49408,
            "40.000000" : 49408,
            "50.000000" : 49920,
            "60.000000" : 49920,
            "70.000000" : 50432,
            "80.000000" : 50944,
            "90.000000" : 51456,
            "95.000000" : 51968,
            "99.000000" : 68096,
            "99.500000" : 96768,
            "99.900000" : 100864,
            "99.950000" : 132096,
            "99.990000" : 207872
          }
        },
        "lat_ns" : {
          "min" : 49309,
          "max" : 8661556,
          "mean" : 76425.829845,
          "stddev" : 15302.280561,
          "N" : 385483
        },
        "bw_min" : 1598208,
        "bw_max" : 1708032,
        "bw_agg" : 99.933565,
        "bw_mean" : 1643580.745763,
        "bw_dev" : 24472.071699,
        "bw_samples" : 59,
        "iops_min" : 12486,
        "iops_max" : 13344,
        "iops_mean" : 12840.474576,
        "iops_stddev" : 191.188060,
        "iops_samples" : 59
      },
      "write" : {
        "io_bytes" : 0,
        "io_kbytes" : 0,
        "bw_bytes" : 0,
        "bw" : 0,
        "iops" : 0.000000,
        "runtime" : 0,
        "total_ios" : 0,
        "short_ios" : 0,
        "drop_ios" : 0,
        "slat_ns" : {
          "min" : 0,
          "max" : 0,
          "mean" : 0.000000,
          "stddev" : 0.000000,
          "N" : 0
        },
        "clat_ns" : {
          "min" : 0,
          "max" : 0,
          "mean" : 0.000000,
          "stddev" : 0.000000,
          "N" : 0
        },
        "lat_ns" : {
          "min" : 0,
          "max" : 0,
          "mean" : 0.000000,
          "stddev" : 0.000000,
          "N" : 0
        },
        "bw_min" : 0,
        "bw_max" : 0,
        "bw_agg" : 0.000000,
        "bw_mean" : 0.000000,
        "bw_dev" : 0.000000,
        "bw_samples" : 0,
        "iops_min" : 0,
        "iops_max" : 0,
        "iops_mean" : 0.000000,
        "iops_stddev" : 0.000000,
        "iops_samples" : 0
      },
      "trim" : {
        "io_bytes" : 0,
        "io_kbytes" : 0,
        "bw_bytes" : 0,
        "bw" : 0,
        "iops" : 0.000000,
        "runtime" : 0,
        "total_ios" : 0,
        "short_ios" : 0,
        "drop_ios" : 0,
        "slat_ns" : {
          "min" : 0,
          "max" : 0,
          "mean" : 0.000000,
          "stddev" : 0.000000,
          "N" : 0
        },
        "clat_ns" : {
          "min" : 0,
          "max" : 0,
          "mean" : 0.000000,
          "stddev" : 0.000000,
          "N" : 0
        },
        "lat_ns" : {
          "min" : 0,
          "max" : 0,
          "mean" : 0.000000,
          "stddev" : 0.000000,
          "N" : 0
        },
        "bw_min" : 0,
        "bw_max" : 0,
        "bw_agg" : 0.000000,
        "bw_mean" : 0.000000,
        "bw_dev" : 0.000000,
        "bw_samples" : 0,
        "iops_min" : 0,
        "iops_max" : 0,
        "iops_mean" : 0.000000,
        "iops_stddev" : 0.000000,
        "iops_samples" : 0
      },
      "sync" : {
        "total_ios" : 0,
        "lat_ns" : {
          "min" : 0,
          "max" : 0,
          "mean" : 0.000000,
          "stddev" : 0.000000,
          "N" : 0
        }
      },
      "job_runtime" : 30000,
      "usr_cpu" : 7.333333,
      "sys_cpu" : 43.613333,
      "ctx" : 385477,
      "majf" : 0,
      "minf" : 133,
      "iodepth_level" : {
        "1" : 100.000000,
        "2" : 0.000000,
        "4" : 0.000000,
        "8" : 0.000000,
        "16" : 0.000000,
        "32" : 0.000000,
        ">=64" : 0.000000
      },
      "iodepth_submit" : {
        "0" : 0.000000,
        "4" : 100.000000,
        "8" : 0.000000,
        "16" : 0.000000,
        "32" : 0.000000,
        "64" : 0.000000,
        ">=64" : 0.000000
      },
      "iodepth_complete" : {
        "0" : 0.000000,
        "4" : 100.000000,
        "8" : 0.000000,
        "16" : 0.000000,
        "32" : 0.000000,
        "64" : 0.000000,
        ">=64" : 0.000000
      },
      "latency_ns" : {
        "2" : 0.000000,
        "4" : 0.000000,
        "10" : 0.000000,
        "20" : 0.000000,
        "50" : 0.000000,
        "100" : 0.000000,
        "250" : 0.000000,
        "500" : 0.000000,
        "750" : 0.000000,
        "1000" : 0.000000
      },
      "latency_us" : {
        "2" : 0.010000,
        "4" : 0.000000,
        "10" : 0.010000,
        "20" : 0.010000,
        "50" : 55.088551,
        "100" : 44.798344,
        "250" : 0.107917,
        "500" : 0.010000,
        "750" : 0.010000,
        "1000" : 0.000000
      },
      "latency_ms" : {
        "2" : 0.000000,
        "4" : 0.000000,
        "10" : 0.010000,
        "20" : 0.000000,
        "50" : 0.000000,
        "100" : 0.000000,
        "250" : 0.000000,
        "500" : 0.000000,
        "750" : 0.000000,
        "1000" : 0.000000,
        "2000" : 0.000000,
        ">=2000" : 0.000000
      },
      "latency_depth" : 1,
      "latency_target" : 0,
      "latency_percentile" : 100.000000,
      "latency_window" : 0
    }
  ],
  "disk_util" : [
    {
      "name" : "nvme0n1",
      "read_ios" : 382549,
      "write_ios" : 73,
      "read_merges" : 0,
      "write_merges" : 29,
      "read_ticks" : 19446,
      "write_ticks" : 36,
      "in_queue" : 19492,
      "util" : 47.433622
    }
  ]
}
