{
  "fio version" : "fio-3.28",
  "timestamp" : 1758037511,
  "timestamp_ms" : 1758037511825,
  "time" : "Tue Sep 16 11:45:11 2025",
  "jobs" : [
    {
      "jobname" : "bs_sweep_randread_32k_degraded",
      "groupid" : 0,
      "error" : 0,
      "eta" : 0,
      "elapsed" : 31,
      "job options" : {
        "name" : "bs_sweep_randread_32k_degraded",
        "filename" : "./bs_sweep_randread_32k_degraded_test",
        "size" : "1G",
        "rw" : "randread",
        "bs" : "32k",
        "direct" : "1",
        "runtime" : "30",
        "time_based" : "1",
        "ioengine" : "libaio",
        "iodepth" : "1",
        "numjobs" : "1"
      },
      "read" : {
        "io_bytes" : 8022589440,
        "io_kbytes" : 7834560,
        "bw_bytes" : 267410734,
        "bw" : 261143,
        "iops" : 8160.727976,
        "runtime" : 30001,
        "total_ios" : 244830,
        "short_ios" : 0,
        "drop_ios" : 0,
        "slat_ns" : {
          "min" : 5562,
          "max" : 85390,
          "mean" : 15302.098489,
          "stddev" : 6738.152049,
          "N" : 244830
        },
        "clat_ns" : {
          "min" : 24573,
          "max" : 8479525,
          "mean" : 104796.767933,
          "stddev" : 28782.054433,
          "N" : 244830,
          "percentile" : {
            "1.000000" : 82432,
            "5.000000" : 95744,
            "10.000000" : 96768,
            "20.000000" : 96768,
            "30.000000" : 96768,
            "40.000000" : 96768,
            "50.000000" : 97792,
            "60.000000" : 101888,
            "70.000000" : 104960,
            "80.000000" : 104960,
            "90.000000" : 105984,
            "95.000000" : 120320,
            "99.000000" : 218112,
            "99.500000" : 224256,
            "99.900000" : 230400,
            "99.950000" : 232448,
            "99.990000" : 242688
          }
        },
        "lat_ns" : {
          "min" : 38459,
          "max" : 8566036,
          "mean" : 120482.392587,
          "stddev" : 32333.083156,
          "N" : 244830
        },
        "bw_min" : 243840,
        "bw_max" : 296512,
        "bw_agg" : 100.000000,
        "bw_mean" : 261150.372881,
        "bw_dev" : 14303.807974,
        "bw_samples" : 59,
        "iops_min" : 7620,
        "iops_max" : 9266,
        "iops_mean" : 8160.949153,
        "iops_stddev" : 446.993999,
        "iops_samples" : 59
      },
      "write" : {
        "io_bytes" : 0,
        "io_kbytes" : 0,
        "bw_bytes" : 0,
        "bw" : 0,
        "iops" : 0.000000,
        "runtime" : 0,
        "total_ios" : 0,
        "short_ios" : 0,
        "drop_ios" : 0,
        "slat_ns" : {
          "min" : 0,
          "max" : 0,
          "mean" : 0.000000,
          "stddev" : 0.000000,
          "N" : 0
        },
        "clat_ns" : {
          "min" : 0,
          "max" : 0,
          "mean" : 0.000000,
          "stddev" : 0.000000,
          "N" : 0
        },
        "lat_ns" : {
          "min" : 0,
          "max" : 0,
          "mean" : 0.000000,
          "stddev" : 0.000000,
          "N" : 0
        },
        "bw_min" : 0,
        "bw_max" : 0,
        "bw_agg" : 0.000000,
        "bw_mean" : 0.000000,
        "bw_dev" : 0.000000,
        "bw_samples" : 0,
        "iops_min" : 0,
        "iops_max" : 0,
        "iops_mean" : 0.000000,
        "iops_stddev" : 0.000000,
        "iops_samples" : 0
      },
      "trim" : {
        "io_bytes" : 0,
        "io_kbytes" : 0,
        "bw_bytes" : 0,
        "bw" : 0,
        "iops" : 0.000000,
        "runtime" : 0,
        "total_ios" : 0,
        "short_ios" : 0,
        "drop_ios" : 0,
        "slat_ns" : {
          "min" : 0,
          "max" : 0,
          "mean" : 0.000000,
          "stddev" : 0.000000,
          "N" : 0
        },
        "clat_ns" : {
          "min" : 0,
          "max" : 0,
          "mean" : 0.000000,
          "stddev" : 0.000000,
          "N" : 0
        },
        "lat_ns" : {
          "min" : 0,
          "max" : 0,
          "mean" : 0.000000,
          "stddev" : 0.000000,
          "N" : 0
        },
        "bw_min" : 0,
        "bw_max" : 0,
        "bw_agg" : 0.000000,
        "bw_mean" : 0.000000,
        "bw_dev" : 0.000000,
        "bw_samples" : 0,
        "iops_min" : 0,
        "iops_max" : 0,
        "iops_mean" : 0.000000,
        "iops_stddev" : 0.000000,
        "iops_samples" : 0
      },
      "sync" : {
        "total_ios" : 0,
        "lat_ns" : {
          "min" : 0,
          "max" : 0,
          "mean" : 0.000000,
          "stddev" : 0.000000,
          "N" : 0
        }
      },
      "job_runtime" : 30000,
      "usr_cpu" : 4.620000,
      "sys_cpu" : 19.436667,
      "ctx" : 244832,
      "majf" : 0,
      "minf" : 23,
      "iodepth_level" : {
        "1" : 100.000000,
        "2" : 0.000000,
        "4" : 0.000000,
        "8" : 0.000000,
        "16" : 0.000000,
        "32" : 0.000000,
        ">=64" : 0.000000
      },
      "iodepth_submit" : {
        "0" : 0.000000,
        "4" : 100.000000,
        "8" : 0.000000,
        "16" : 0.000000,
        "32" : 0.000000,
        "64" : 0.000000,
        ">=64" : 0.000000
      },
      "iodepth_complete" : {
        "0" : 0.000000,
        "4" : 100.000000,
        "8" : 0.000000,
        "16" : 0.000000,
        "32" : 0.000000,
        "64" : 0.000000,
        ">=64" : 0.000000
      },
      "latency_ns" : {
        "2" : 0.000000,
        "4" : 0.000000,
        "10" : 0.000000,
        "20" : 0.000000,
        "50" : 0.000000,
        "100" : 0.000000,
        "250" : 0.000000,
        "500" : 0.000000,
        "750" : 0.000000,
        "1000" : 0.000000
      },
      "latency_us" : {
        "2" : 0.000000,
        "4" : 0.000000,
        "10" : 0.000000,
        "20" : 0.000000,
        "50" : 0.010000,
        "100" : 58.752604,
        "250" : 41.238002,
        "500" : 0.010000,
        "750" : 0.010000,
        "1000" : 0.010000
      },
      "latency_ms" : {
        "2" : 0.000000,
        "4" : 0.000000,
        "10" : 0.010000,
        "20" : 0.000000,
        "50" : 0.000000,
        "100" : 0.000000,
        "250" : 0.000000,
        "500" : 0.000000,
        "750" : 0.000000,
        "1000" : 0.000000,
        "2000" : 0.000000,
        ">=2000" : 0.000000
      },
      "latency_depth" : 1,
      "latency_target" : 0,
      "latency_percentile" : 100.000000,
      "latency_window" : 0
    }
  ],
  "disk_util" : [
    {
      "name" : "nvme0n1",
      "read_ios" : 244048,
      "write_ios" : 45,
      "read_merges" : 0,
      "write_merges" : 22,
      "read_ticks" : 24703,
      "write_ticks" : 32,
      "in_queue" : 24743,
      "util" : 81.403415
    }
  ]
}
