{
  "fio version" : "fio-3.28",
  "timestamp" : 1758037790,
  "timestamp_ms" : 1758037790803,
  "time" : "Tue Sep 16 11:49:50 2025",
  "jobs" : [
    {
      "jobname" : "bs_sweep_write_32k_degraded",
      "groupid" : 0,
      "error" : 0,
      "eta" : 0,
      "elapsed" : 31,
      "job options" : {
        "name" : "bs_sweep_write_32k_degraded",
        "filename" : "./bs_sweep_write_32k_degraded_test",
        "size" : "1G",
        "rw" : "write",
        "bs" : "32k",
        "direct" : "1",
        "runtime" : "30",
        "time_based" : "1",
        "ioengine" : "libaio",
        "iodepth" : "1",
        "numjobs" : "1"
      },
      "read" : {
        "io_bytes" : 0,
        "io_kbytes" : 0,
        "bw_bytes" : 0,
        "bw" : 0,
        "iops" : 0.000000,
        "runtime" : 0,
        "total_ios" : 0,
        "short_ios" : 0,
        "drop_ios" : 0,
        "slat_ns" : {
          "min" : 0,
          "max" : 0,
          "mean" : 0.000000,
          "stddev" : 0.000000,
          "N" : 0
        },
        "clat_ns" : {
          "min" : 0,
          "max" : 0,
          "mean" : 0.000000,
          "stddev" : 0.000000,
          "N" : 0
        },
        "lat_ns" : {
          "min" : 0,
          "max" : 0,
          "mean" : 0.000000,
          "stddev" : 0.000000,
          "N" : 0
        },
        "bw_min" : 0,
        "bw_max" : 0,
        "bw_agg" : 0.000000,
        "bw_mean" : 0.000000,
        "bw_dev" : 0.000000,
        "bw_samples" : 0,
        "iops_min" : 0,
        "iops_max" : 0,
        "iops_mean" : 0.000000,
        "iops_stddev" : 0.000000,
        "iops_samples" : 0
      },
      "write" : {
        "io_bytes" : 27611889664,
        "io_kbytes" : 26964736,
        "bw_bytes" : 920365643,
        "bw" : 898794,
        "iops" : 28087.330422,
        "runtime" : 30001,
        "total_ios" : 842648,
        "short_ios" : 0,
        "drop_ios" : 0,
        "slat_ns" : {
          "min" : 5327,
          "max" : 381619,
          "mean" : 9423.189988,
          "stddev" : 1737.458684,
          "N" : 842648
        },
        "clat_ns" : {
          "min" : 6531,
          "max" : 8463363,
          "mean" : 25078.742283,
          "stddev" : 14481.753314,
          "N" : 842648,
          "percentile" : {
            "1.000000" : 20608,
            "5.000000" : 22912,
            "10.000000" : 23424,
            "20.000000" : 23424,
            "30.000000" : 23680,
            "40.000000" : 23936,
            "50.000000" : 24192,
            "60.000000" : 25472,
            "70.000000" : 25984,
            "80.000000" : 26240,
            "90.000000" : 26752,
            "95.000000" : 28800,
            "99.000000" : 33536,
            "99.500000" : 37632,
            "99.900000" : 42752,
            "99.950000" : 44288,
            "99.990000" : 88576
          }
        },
        "lat_ns" : {
          "min" : 25447,
          "max" : 8528695,
          "mean" : 34710.115989,
          "stddev" : 14803.978967,
          "N" : 842648
        },
        "bw_min" : 621952,
        "bw_max" : 1138752,
        "bw_agg" : 100.000000,
        "bw_mean" : 898839.864407,
        "bw_dev" : 77765.718556,
        "bw_samples" : 59,
        "iops_min" : 19436,
        "iops_max" : 35586,
        "iops_mean" : 28088.711864,
        "iops_stddev" : 2430.158467,
        "iops_samples" : 59
      },
      "trim" : {
        "io_bytes" : 0,
        "io_kbytes" : 0,
        "bw_bytes" : 0,
        "bw" : 0,
        "iops" : 0.000000,
        "runtime" : 0,
        "total_ios" : 0,
        "short_ios" : 0,
        "drop_ios" : 0,
        "slat_ns" : {
          "min" : 0,
          "max" : 0,
          "mean" : 0.000000,
          "stddev" : 0.000000,
          "N" : 0
        },
        "clat_ns" : {
          "min" : 0,
          "max" : 0,
          "mean" : 0.000000,
          "stddev" : 0.000000,
          "N" : 0
        },
        "lat_ns" : {
          "min" : 0,
          "max" : 0,
          "mean" : 0.000000,
          "stddev" : 0.000000,
          "N" : 0
        },
        "bw_min" : 0,
        "bw_max" : 0,
        "bw_agg" : 0.000000,
        "bw_mean" : 0.000000,
        "bw_dev" : 0.000000,
        "bw_samples" : 0,
        "iops_min" : 0,
        "iops_max" : 0,
        "iops_mean" : 0.000000,
        "iops_stddev" : 0.000000,
        "iops_samples" : 0
      },
      "sync" : {
        "total_ios" : 0,
        "lat_ns" : {
          "min" : 0,
          "max" : 0,
          "mean" : 0.000000,
          "stddev" : 0.000000,
          "N" : 0
        }
      },
      "job_runtime" : 30000,
      "usr_cpu" : 8.496667,
      "sys_cpu" : 30.756667,
      "ctx" : 842651,
      "majf" : 0,
      "minf" : 24,
      "iodepth_level" : {
        "1" : 100.000000,
        "2" : 0.000000,
        "4" : 0.000000,
        "8" : 0.000000,
        "16" : 0.000000,
        "32" : 0.000000,
        ">=64" : 0.000000
      },
      "iodepth_submit" : {
        "0" : 0.000000,
        "4" : 100.000000,
        "8" : 0.000000,
        "16" : 0.000000,
        "32" : 0.000000,
        "64" : 0.000000,
        ">=64" : 0.000000
      },
      "iodepth_complete" : {
        "0" : 0.000000,
        "4" : 100.000000,
        "8" : 0.000000,
        "16" : 0.000000,
        "32" : 0.000000,
        "64" : 0.000000,
        ">=64" : 0.000000
      },
      "latency_ns" : {
        "2" : 0.000000,
        "4" : 0.000000,
        "10" : 0.000000,
        "20" : 0.000000,
        "50" : 0.000000,
        "100" : 0.000000,
        "250" : 0.000000,
        "500" : 0.000000,
        "750" : 0.000000,
        "1000" : 0.000000
      },
      "latency_us" : {
        "2" : 0.000000,
        "4" : 0.000000,
        "10" : 0.010000,
        "20" : 0.044621,
        "50" : 99.921675,
        "100" : 0.022904,
        "250" : 0.010000,
        "500" : 0.000000,
        "750" : 0.000000,
        "1000" : 0.000000
      },
      "latency_ms" : {
        "2" : 0.010000,
        "4" : 0.010000,
        "10" : 0.010000,
        "20" : 0.000000,
        "50" : 0.000000,
        "100" : 0.000000,
        "250" : 0.000000,
        "500" : 0.000000,
        "750" : 0.000000,
        "1000" : 0.000000,
        "2000" : 0.000000,
        ">=2000" : 0.000000
      },
      "latency_depth" : 1,
      "latency_target" : 0,
      "latency_percentile" : 100.000000,
      "latency_window" : 0
    }
  ],
  "disk_util" : [
    {
      "name" : "nvme0n1",
      "read_ios" : 0,
      "write_ios" : 839578,
      "read_merges" : 0,
      "write_merges" : 133,
      "read_ticks" : 0,
      "write_ticks" : 17890,
      "in_queue" : 17909,
      "util" : 56.399733
    }
  ]
}
