{
  "fio version" : "fio-3.28",
  "timestamp" : 1758037637,
  "timestamp_ms" : 1758037637644,
  "time" : "Tue Sep 16 11:47:17 2025",
  "jobs" : [
    {
      "jobname" : "bs_sweep_randread_512k_degraded",
      "groupid" : 0,
      "error" : 0,
      "eta" : 0,
      "elapsed" : 31,
      "job options" : {
        "name" : "bs_sweep_randread_512k_degraded",
        "filename" : "./bs_sweep_randread_512k_degraded_test",
        "size" : "1G",
        "rw" : "randread",
        "bs" : "512k",
        "direct" : "1",
        "runtime" : "30",
        "time_based" : "1",
        "ioengine" : "libaio",
        "iodepth" : "1",
        "numjobs" : "1"
      },
      "read" : {
        "io_bytes" : 71577894912,
        "io_kbytes" : 69900288,
        "bw_bytes" : 2385850302,
        "bw" : 2329931,
        "iops" : 4550.648312,
        "runtime" : 30001,
        "total_ios" : 136524,
        "short_ios" : 0,
        "drop_ios" : 0,
        "slat_ns" : {
          "min" : 32062,
          "max" : 409066,
          "mean" : 86269.534426,
          "stddev" : 7353.402653,
          "N" : 136524
        },
        "clat_ns" : {
          "min" : 2102,
          "max" : 8488722,
          "mean" : 131378.098049,
          "stddev" : 26756.744350,
          "N" : 136524,
          "percentile" : {
            "1.000000" : 120320,
            "5.000000" : 125440,
            "10.000000" : 126464,
            "20.000000" : 126464,
            "30.000000" : 126464,
            "40.000000" : 127488,
            "50.000000" : 127488,
            "60.000000" : 127488,
            "70.000000" : 128512,
            "80.000000" : 128512,
            "90.000000" : 138240,
            "95.000000" : 166912,
            "99.000000" : 171008,
            "99.500000" : 193536,
            "99.900000" : 226304,
            "99.950000" : 240640,
            "99.990000" : 296960
          }
        },
        "lat_ns" : {
          "min" : 165697,
          "max" : 8899060,
          "mean" : 218026.539334,
          "stddev" : 28571.418285,
          "N" : 136524
        },
        "bw_min" : 2118656,
        "bw_max" : 2405376,
        "bw_agg" : 100.000000,
        "bw_mean" : 2332255.457627,
        "bw_dev" : 70168.704809,
        "bw_samples" : 59,
        "iops_min" : 4138,
        "iops_max" : 4698,
        "iops_mean" : 4555.186441,
        "iops_stddev" : 137.048252,
        "iops_samples" : 59
      },
      "write" : {
        "io_bytes" : 0,
        "io_kbytes" : 0,
        "bw_bytes" : 0,
        "bw" : 0,
        "iops" : 0.000000,
        "runtime" : 0,
        "total_ios" : 0,
        "short_ios" : 0,
        "drop_ios" : 0,
        "slat_ns" : {
          "min" : 0,
          "max" : 0,
          "mean" : 0.000000,
          "stddev" : 0.000000,
          "N" : 0
        },
        "clat_ns" : {
          "min" : 0,
          "max" : 0,
          "mean" : 0.000000,
          "stddev" : 0.000000,
          "N" : 0
        },
        "lat_ns" : {
          "min" : 0,
          "max" : 0,
          "mean" : 0.000000,
          "stddev" : 0.000000,
          "N" : 0
        },
        "bw_min" : 0,
        "bw_max" : 0,
        "bw_agg" : 0.000000,
        "bw_mean" : 0.000000,
        "bw_dev" : 0.000000,
        "bw_samples" : 0,
        "iops_min" : 0,
        "iops_max" : 0,
        "iops_mean" : 0.000000,
        "iops_stddev" : 0.000000,
        "iops_samples" : 0
      },
      "trim" : {
        "io_bytes" : 0,
        "io_kbytes" : 0,
        "bw_bytes" : 0,
        "bw" : 0,
        "iops" : 0.000000,
        "runtime" : 0,
        "total_ios" : 0,
        "short_ios" : 0,
        "drop_ios" : 0,
        "slat_ns" : {
          "min" : 0,
          "max" : 0,
          "mean" : 0.000000,
          "stddev" : 0.000000,
          "N" : 0
        },
        "clat_ns" : {
          "min" : 0,
          "max" : 0,
          "mean" : 0.000000,
          "stddev" : 0.000000,
          "N" : 0
        },
        "lat_ns" : {
          "min" : 0,
          "max" : 0,
          "mean" : 0.000000,
          "stddev" : 0.000000,
          "N" : 0
        },
        "bw_min" : 0,
        "bw_max" : 0,
        "bw_agg" : 0.000000,
        "bw_mean" : 0.000000,
        "bw_dev" : 0.000000,
        "bw_samples" : 0,
        "iops_min" : 0,
        "iops_max" : 0,
        "iops_mean" : 0.000000,
        "iops_stddev" : 0.000000,
        "iops_samples" : 0
      },
      "sync" : {
        "total_ios" : 0,
        "lat_ns" : {
          "min" : 0,
          "max" : 0,
          "mean" : 0.000000,
          "stddev" : 0.000000,
          "N" : 0
        }
      },
      "job_runtime" : 30000,
      "usr_cpu" : 1.646667,
      "sys_cpu" : 48.233333,
      "ctx" : 136523,
      "majf" : 0,
      "minf" : 145,
      "iodepth_level" : {
        "1" : 100.000000,
        "2" : 0.000000,
        "4" : 0.000000,
        "8" : 0.000000,
        "16" : 0.000000,
        "32" : 0.000000,
        ">=64" : 0.000000
      },
      "iodepth_submit" : {
        "0" : 0.000000,
        "4" : 100.000000,
        "8" : 0.000000,
        "16" : 0.000000,
        "32" : 0.000000,
        "64" : 0.000000,
        ">=64" : 0.000000
      },
      "iodepth_complete" : {
        "0" : 0.000000,
        "4" : 100.000000,
        "8" : 0.000000,
        "16" : 0.000000,
        "32" : 0.000000,
        "64" : 0.000000,
        ">=64" : 0.000000
      },
      "latency_ns" : {
        "2" : 0.000000,
        "4" : 0.000000,
        "10" : 0.000000,
        "20" : 0.000000,
        "50" : 0.000000,
        "100" : 0.000000,
        "250" : 0.000000,
        "500" : 0.000000,
        "750" : 0.000000,
        "1000" : 0.000000
      },
      "latency_us" : {
        "2" : 0.000000,
        "4" : 0.010000,
        "10" : 0.000000,
        "20" : 0.010000,
        "50" : 0.000000,
        "100" : 0.025637,
        "250" : 99.931148,
        "500" : 0.032961,
        "750" : 0.000000,
        "1000" : 0.010000
      },
      "latency_ms" : {
        "2" : 0.000000,
        "4" : 0.000000,
        "10" : 0.010000,
        "20" : 0.000000,
        "50" : 0.000000,
        "100" : 0.000000,
        "250" : 0.000000,
        "500" : 0.000000,
        "750" : 0.000000,
        "1000" : 0.000000,
        "2000" : 0.000000,
        ">=2000" : 0.000000
      },
      "latency_depth" : 1,
      "latency_target" : 0,
      "latency_percentile" : 100.000000,
      "latency_window" : 0
    }
  ],
  "disk_util" : [
    {
      "name" : "nvme0n1",
      "read_ios" : 544652,
      "write_ios" : 34,
      "read_merges" : 0,
      "write_merges" : 22,
      "read_ticks" : 66174,
      "write_ticks" : 35,
      "in_queue" : 66218,
      "util" : 57.946169
    }
  ]
}
