{
  "fio version": "fio-3.28",
  "timestamp": 1757680656,
  "timestamp_ms": 1757680656474,
  "time": "Fri Sep 12 08:37:36 2025",
  "jobs": [
    {
      "jobname": "bs_sweep_write_32k",
      "groupid": 0,
      "error": 0,
      "eta": 0,
      "elapsed": 31,
      "job options": {
        "name": "bs_sweep_write_32k",
        "filename": "/dev/nvme1n1",
        "rw": "write",
        "bs": "32k",
        "iodepth": "32",
        "runtime": "30",
        "numjobs": "1",
        "time_based": "1",
        "ioengine": "libaio",
        "direct": "1",
        "group_reporting": "1"
      },
      "read": {
        "io_bytes": 0,
        "io_kbytes": 0,
        "bw_bytes": 0,
        "bw": 0,
        "iops": 0.0,
        "runtime": 0,
        "total_ios": 0,
        "short_ios": 0,
        "drop_ios": 0,
        "slat_ns": {
          "min": 0,
          "max": 0,
          "mean": 0.0,
          "stddev": 0.0,
          "N": 0
        },
        "clat_ns": {
          "min": 0,
          "max": 0,
          "mean": 0.0,
          "stddev": 0.0,
          "N": 0
        },
        "lat_ns": {
          "min": 0,
          "max": 0,
          "mean": 0.0,
          "stddev": 0.0,
          "N": 0
        },
        "bw_min": 0,
        "bw_max": 0,
        "bw_agg": 0.0,
        "bw_mean": 0.0,
        "bw_dev": 0.0,
        "bw_samples": 0,
        "iops_min": 0,
        "iops_max": 0,
        "iops_mean": 0.0,
        "iops_stddev": 0.0,
        "iops_samples": 0
      },
      "write": {
        "io_bytes": 172976963584,
        "io_kbytes": 168922816,
        "bw_bytes": 5765706595,
        "bw": 5630572,
        "iops": 175955.401487,
        "runtime": 30001,
        "total_ios": 5278838,
        "short_ios": 0,
        "drop_ios": 0,
        "slat_ns": {
          "min": 2674,
          "max": 221622,
          "mean": 4319.780021,
          "stddev": 1205.136625,
          "N": 5278838
        },
        "clat_ns": {
          "min": 11736,
          "max": 8619635,
          "mean": 177128.379814,
          "stddev": 126573.818663,
          "N": 5278838,
          "percentile": {
            "1.000000": 154624,
            "5.000000": 158720,
            "10.000000": 158720,
            "20.000000": 160768,
            "30.000000": 162816,
            "40.000000": 166912,
            "50.000000": 168960,
            "60.000000": 171008,
            "70.000000": 173056,
            "80.000000": 179200,
            "90.000000": 189440,
            "95.000000": 203776,
            "99.000000": 246784,
            "99.500000": 276480,
            "99.900000": 2244608,
            "99.950000": 3915776,
            "99.990000": 4554752
          }
        },
        "lat_ns": {
          "min": 130945,
          "max": 8623048,
          "mean": 181553.032639,
          "stddev": 126559.554415,
          "N": 5278838
        },
        "bw_min": 5043712,
        "bw_max": 5738880,
        "bw_agg": 100.0,
        "bw_mean": 5635589.423729,
        "bw_dev": 99636.158516,
        "bw_samples": 59,
        "iops_min": 157616,
        "iops_max": 179340,
        "iops_mean": 176112.169492,
        "iops_stddev": 3113.669867,
        "iops_samples": 59
      },
      "trim": {
        "io_bytes": 0,
        "io_kbytes": 0,
        "bw_bytes": 0,
        "bw": 0,
        "iops": 0.0,
        "runtime": 0,
        "total_ios": 0,
        "short_ios": 0,
        "drop_ios": 0,
        "slat_ns": {
          "min": 0,
          "max": 0,
          "mean": 0.0,
          "stddev": 0.0,
          "N": 0
        },
        "clat_ns": {
          "min": 0,
          "max": 0,
          "mean": 0.0,
          "stddev": 0.0,
          "N": 0
        },
        "lat_ns": {
          "min": 0,
          "max": 0,
          "mean": 0.0,
          "stddev": 0.0,
          "N": 0
        },
        "bw_min": 0,
        "bw_max": 0,
        "bw_agg": 0.0,
        "bw_mean": 0.0,
        "bw_dev": 0.0,
        "bw_samples": 0,
        "iops_min": 0,
        "iops_max": 0,
        "iops_mean": 0.0,
        "iops_stddev": 0.0,
        "iops_samples": 0
      },
      "sync": {
        "total_ios": 0,
        "lat_ns": {
          "min": 0,
          "max": 0,
          "mean": 0.0,
          "stddev": 0.0,
          "N": 0
        }
      },
      "job_runtime": 30000,
      "usr_cpu": 21.986667,
      "sys_cpu": 71.01,
      "ctx": 247196,
      "majf": 0,
      "minf": 15,
      "iodepth_level": {
        "1": 0.1,
        "2": 0.1,
        "4": 0.1,
        "8": 0.1,
        "16": 0.1,
        "32": 99.999413,
        ">=64": 0.0
      },
      "iodepth_submit": {
        "0": 0.0,
        "4": 100.0,
        "8": 0.0,
        "16": 0.0,
        "32": 0.0,
        "64": 0.0,
        ">=64": 0.0
      },
      "iodepth_complete": {
        "0": 0.0,
        "4": 99.999981,
        "8": 0.0,
        "16": 0.0,
        "32": 0.1,
        "64": 0.0,
        ">=64": 0.0
      },
      "latency_ns": {
        "2": 0.0,
        "4": 0.0,
        "10": 0.0,
        "20": 0.0,
        "50": 0.0,
        "100": 0.0,
        "250": 0.0,
        "500": 0.0,
        "750": 0.0,
        "1000": 0.0
      },
      "latency_us": {
        "2": 0.0,
        "4": 0.0,
        "10": 0.0,
        "20": 0.01,
        "50": 0.0,
        "100": 0.0,
        "250": 99.123368,
        "500": 0.704132,
        "750": 0.018508,
        "1000": 0.01
      },
      "latency_ms": {
        "2": 0.035121,
        "4": 0.060563,
        "10": 0.048571,
        "20": 0.0,
        "50": 0.0,
        "100": 0.0,
        "250": 0.0,
        "500": 0.0,
        "750": 0.0,
        "1000": 0.0,
        "2000": 0.0,
        ">=2000": 0.0
      },
      "latency_depth": 32,
      "latency_target": 0,
      "latency_percentile": 100.0,
      "latency_window": 0
    }
  ],
  "disk_util": [
    {
      "name": "nvme1n1",
      "read_ios": 101,
      "write_ios": 5256865,
      "read_merges": 0,
      "write_merges": 0,
      "read_ticks": 7,
      "write_ticks": 850870,
      "in_queue": 850877,
      "util": 99.719579
    }
  ]
}