{
  "fio version" : "fio-3.28",
  "timestamp" : 1758038194,
  "timestamp_ms" : 1758038194516,
  "time" : "Tue Sep 16 11:56:34 2025",
  "jobs" : [
    {
      "jobname" : "bs_sweep_read_512k_degraded",
      "groupid" : 0,
      "error" : 0,
      "eta" : 0,
      "elapsed" : 31,
      "job options" : {
        "name" : "bs_sweep_read_512k_degraded",
        "filename" : "./bs_sweep_read_512k_degraded_test",
        "size" : "1G",
        "rw" : "read",
        "bs" : "512k",
        "direct" : "1",
        "runtime" : "30",
        "time_based" : "1",
        "ioengine" : "libaio",
        "iodepth" : "1",
        "numjobs" : "1"
      },
      "read" : {
        "io_bytes" : 71610400768,
        "io_kbytes" : 69932032,
        "bw_bytes" : 2386933794,
        "bw" : 2330990,
        "iops" : 4552.714910,
        "runtime" : 30001,
        "total_ios" : 136586,
        "short_ios" : 0,
        "drop_ios" : 0,
        "slat_ns" : {
          "min" : 31195,
          "max" : 389396,
          "mean" : 88216.251095,
          "stddev" : 7478.905584,
          "N" : 136586
        },
        "clat_ns" : {
          "min" : 11735,
          "max" : 8435560,
          "mean" : 129536.776778,
          "stddev" : 30263.503649,
          "N" : 136586,
          "percentile" : {
            "1.000000" : 98816,
            "5.000000" : 101888,
            "10.000000" : 102912,
            "20.000000" : 107008,
            "30.000000" : 126464,
            "40.000000" : 136192,
            "50.000000" : 136192,
            "60.000000" : 138240,
            "70.000000" : 138240,
            "80.000000" : 138240,
            "90.000000" : 138240,
            "95.000000" : 142336,
            "99.000000" : 220160,
            "99.500000" : 230400,
            "99.900000" : 248832,
            "99.950000" : 254976,
            "99.990000" : 399360
          }
        },
        "lat_ns" : {
          "min" : 165501,
          "max" : 8826329,
          "mean" : 218083.662528,
          "stddev" : 33335.249301,
          "N" : 136586
        },
        "bw_min" : 2162688,
        "bw_max" : 2596864,
        "bw_agg" : 100.000000,
        "bw_mean" : 2331613.288136,
        "bw_dev" : 123476.908444,
        "bw_samples" : 59,
        "iops_min" : 4224,
        "iops_max" : 5072,
        "iops_mean" : 4553.932203,
        "iops_stddev" : 241.165837,
        "iops_samples" : 59
      },
      "write" : {
        "io_bytes" : 0,
        "io_kbytes" : 0,
        "bw_bytes" : 0,
        "bw" : 0,
        "iops" : 0.000000,
        "runtime" : 0,
        "total_ios" : 0,
        "short_ios" : 0,
        "drop_ios" : 0,
        "slat_ns" : {
          "min" : 0,
          "max" : 0,
          "mean" : 0.000000,
          "stddev" : 0.000000,
          "N" : 0
        },
        "clat_ns" : {
          "min" : 0,
          "max" : 0,
          "mean" : 0.000000,
          "stddev" : 0.000000,
          "N" : 0
        },
        "lat_ns" : {
          "min" : 0,
          "max" : 0,
          "mean" : 0.000000,
          "stddev" : 0.000000,
          "N" : 0
        },
        "bw_min" : 0,
        "bw_max" : 0,
        "bw_agg" : 0.000000,
        "bw_mean" : 0.000000,
        "bw_dev" : 0.000000,
        "bw_samples" : 0,
        "iops_min" : 0,
        "iops_max" : 0,
        "iops_mean" : 0.000000,
        "iops_stddev" : 0.000000,
        "iops_samples" : 0
      },
      "trim" : {
        "io_bytes" : 0,
        "io_kbytes" : 0,
        "bw_bytes" : 0,
        "bw" : 0,
        "iops" : 0.000000,
        "runtime" : 0,
        "total_ios" : 0,
        "short_ios" : 0,
        "drop_ios" : 0,
        "slat_ns" : {
          "min" : 0,
          "max" : 0,
          "mean" : 0.000000,
          "stddev" : 0.000000,
          "N" : 0
        },
        "clat_ns" : {
          "min" : 0,
          "max" : 0,
          "mean" : 0.000000,
          "stddev" : 0.000000,
          "N" : 0
        },
        "lat_ns" : {
          "min" : 0,
          "max" : 0,
          "mean" : 0.000000,
          "stddev" : 0.000000,
          "N" : 0
        },
        "bw_min" : 0,
        "bw_max" : 0,
        "bw_agg" : 0.000000,
        "bw_mean" : 0.000000,
        "bw_dev" : 0.000000,
        "bw_samples" : 0,
        "iops_min" : 0,
        "iops_max" : 0,
        "iops_mean" : 0.000000,
        "iops_stddev" : 0.000000,
        "iops_samples" : 0
      },
      "sync" : {
        "total_ios" : 0,
        "lat_ns" : {
          "min" : 0,
          "max" : 0,
          "mean" : 0.000000,
          "stddev" : 0.000000,
          "N" : 0
        }
      },
      "job_runtime" : 30000,
      "usr_cpu" : 1.466667,
      "sys_cpu" : 49.186667,
      "ctx" : 136587,
      "majf" : 0,
      "minf" : 144,
      "iodepth_level" : {
        "1" : 100.000000,
        "2" : 0.000000,
        "4" : 0.000000,
        "8" : 0.000000,
        "16" : 0.000000,
        "32" : 0.000000,
        ">=64" : 0.000000
      },
      "iodepth_submit" : {
        "0" : 0.000000,
        "4" : 100.000000,
        "8" : 0.000000,
        "16" : 0.000000,
        "32" : 0.000000,
        "64" : 0.000000,
        ">=64" : 0.000000
      },
      "iodepth_complete" : {
        "0" : 0.000000,
        "4" : 100.000000,
        "8" : 0.000000,
        "16" : 0.000000,
        "32" : 0.000000,
        "64" : 0.000000,
        ">=64" : 0.000000
      },
      "latency_ns" : {
        "2" : 0.000000,
        "4" : 0.000000,
        "10" : 0.000000,
        "20" : 0.000000,
        "50" : 0.000000,
        "100" : 0.000000,
        "250" : 0.000000,
        "500" : 0.000000,
        "750" : 0.000000,
        "1000" : 0.000000
      },
      "latency_us" : {
        "2" : 0.000000,
        "4" : 0.000000,
        "10" : 0.000000,
        "20" : 0.010000,
        "50" : 0.000000,
        "100" : 1.374958,
        "250" : 98.535721,
        "500" : 0.079803,
        "750" : 0.010000,
        "1000" : 0.010000
      },
      "latency_ms" : {
        "2" : 0.000000,
        "4" : 0.000000,
        "10" : 0.010000,
        "20" : 0.000000,
        "50" : 0.000000,
        "100" : 0.000000,
        "250" : 0.000000,
        "500" : 0.000000,
        "750" : 0.000000,
        "1000" : 0.000000,
        "2000" : 0.000000,
        ">=2000" : 0.000000
      },
      "latency_depth" : 1,
      "latency_target" : 0,
      "latency_percentile" : 100.000000,
      "latency_window" : 0
    }
  ],
  "disk_util" : [
    {
      "name" : "nvme0n1",
      "read_ios" : 545113,
      "write_ios" : 86,
      "read_merges" : 0,
      "write_merges" : 24,
      "read_ticks" : 53760,
      "write_ticks" : 37,
      "in_queue" : 53807,
      "util" : 59.249633
    }
  ]
}
