{
  "fio version" : "fio-3.28",
  "timestamp" : 1758038163,
  "timestamp_ms" : 1758038163235,
  "time" : "Tue Sep 16 11:56:03 2025",
  "jobs" : [
    {
      "jobname" : "bs_sweep_read_256k_degraded",
      "groupid" : 0,
      "error" : 0,
      "eta" : 0,
      "elapsed" : 31,
      "job options" : {
        "name" : "bs_sweep_read_256k_degraded",
        "filename" : "./bs_sweep_read_256k_degraded_test",
        "size" : "1G",
        "rw" : "read",
        "bs" : "256k",
        "direct" : "1",
        "runtime" : "30",
        "time_based" : "1",
        "ioengine" : "libaio",
        "iodepth" : "1",
        "numjobs" : "1"
      },
      "read" : {
        "io_bytes" : 66801893376,
        "io_kbytes" : 65236224,
        "bw_bytes" : 2226655557,
        "bw" : 2174468,
        "iops" : 8494.016866,
        "runtime" : 30001,
        "total_ios" : 254829,
        "short_ios" : 0,
        "drop_ios" : 0,
        "slat_ns" : {
          "min" : 31743,
          "max" : 528978,
          "mean" : 46321.927748,
          "stddev" : 4558.949095,
          "N" : 254829
        },
        "clat_ns" : {
          "min" : 1993,
          "max" : 8487704,
          "mean" : 69846.099180,
          "stddev" : 17719.570426,
          "N" : 254829,
          "percentile" : {
            "1.000000" : 64256,
            "5.000000" : 66048,
            "10.000000" : 67072,
            "20.000000" : 67072,
            "30.000000" : 68096,
            "40.000000" : 69120,
            "50.000000" : 69120,
            "60.000000" : 70144,
            "70.000000" : 71168,
            "80.000000" : 71168,
            "90.000000" : 72192,
            "95.000000" : 73216,
            "99.000000" : 79360,
            "99.500000" : 96768,
            "99.900000" : 111104,
            "99.950000" : 146432,
            "99.990000" : 216064
          }
        },
        "lat_ns" : {
          "min" : 103307,
          "max" : 8701900,
          "mean" : 116453.169353,
          "stddev" : 18293.851328,
          "N" : 254829
        },
        "bw_min" : 2103296,
        "bw_max" : 2223104,
        "bw_agg" : 100.000000,
        "bw_mean" : 2176668.203390,
        "bw_dev" : 33199.946734,
        "bw_samples" : 59,
        "iops_min" : 8216,
        "iops_max" : 8684,
        "iops_mean" : 8502.610169,
        "iops_stddev" : 129.687292,
        "iops_samples" : 59
      },
      "write" : {
        "io_bytes" : 0,
        "io_kbytes" : 0,
        "bw_bytes" : 0,
        "bw" : 0,
        "iops" : 0.000000,
        "runtime" : 0,
        "total_ios" : 0,
        "short_ios" : 0,
        "drop_ios" : 0,
        "slat_ns" : {
          "min" : 0,
          "max" : 0,
          "mean" : 0.000000,
          "stddev" : 0.000000,
          "N" : 0
        },
        "clat_ns" : {
          "min" : 0,
          "max" : 0,
          "mean" : 0.000000,
          "stddev" : 0.000000,
          "N" : 0
        },
        "lat_ns" : {
          "min" : 0,
          "max" : 0,
          "mean" : 0.000000,
          "stddev" : 0.000000,
          "N" : 0
        },
        "bw_min" : 0,
        "bw_max" : 0,
        "bw_agg" : 0.000000,
        "bw_mean" : 0.000000,
        "bw_dev" : 0.000000,
        "bw_samples" : 0,
        "iops_min" : 0,
        "iops_max" : 0,
        "iops_mean" : 0.000000,
        "iops_stddev" : 0.000000,
        "iops_samples" : 0
      },
      "trim" : {
        "io_bytes" : 0,
        "io_kbytes" : 0,
        "bw_bytes" : 0,
        "bw" : 0,
        "iops" : 0.000000,
        "runtime" : 0,
        "total_ios" : 0,
        "short_ios" : 0,
        "drop_ios" : 0,
        "slat_ns" : {
          "min" : 0,
          "max" : 0,
          "mean" : 0.000000,
          "stddev" : 0.000000,
          "N" : 0
        },
        "clat_ns" : {
          "min" : 0,
          "max" : 0,
          "mean" : 0.000000,
          "stddev" : 0.000000,
          "N" : 0
        },
        "lat_ns" : {
          "min" : 0,
          "max" : 0,
          "mean" : 0.000000,
          "stddev" : 0.000000,
          "N" : 0
        },
        "bw_min" : 0,
        "bw_max" : 0,
        "bw_agg" : 0.000000,
        "bw_mean" : 0.000000,
        "bw_dev" : 0.000000,
        "bw_samples" : 0,
        "iops_min" : 0,
        "iops_max" : 0,
        "iops_mean" : 0.000000,
        "iops_stddev" : 0.000000,
        "iops_samples" : 0
      },
      "sync" : {
        "total_ios" : 0,
        "lat_ns" : {
          "min" : 0,
          "max" : 0,
          "mean" : 0.000000,
          "stddev" : 0.000000,
          "N" : 0
        }
      },
      "job_runtime" : 30000,
      "usr_cpu" : 3.283333,
      "sys_cpu" : 50.336667,
      "ctx" : 254826,
      "majf" : 0,
      "minf" : 157,
      "iodepth_level" : {
        "1" : 100.000000,
        "2" : 0.000000,
        "4" : 0.000000,
        "8" : 0.000000,
        "16" : 0.000000,
        "32" : 0.000000,
        ">=64" : 0.000000
      },
      "iodepth_submit" : {
        "0" : 0.000000,
        "4" : 100.000000,
        "8" : 0.000000,
        "16" : 0.000000,
        "32" : 0.000000,
        "64" : 0.000000,
        ">=64" : 0.000000
      },
      "iodepth_complete" : {
        "0" : 0.000000,
        "4" : 100.000000,
        "8" : 0.000000,
        "16" : 0.000000,
        "32" : 0.000000,
        "64" : 0.000000,
        ">=64" : 0.000000
      },
      "latency_ns" : {
        "2" : 0.000000,
        "4" : 0.000000,
        "10" : 0.000000,
        "20" : 0.000000,
        "50" : 0.000000,
        "100" : 0.000000,
        "250" : 0.000000,
        "500" : 0.000000,
        "750" : 0.000000,
        "1000" : 0.000000
      },
      "latency_us" : {
        "2" : 0.010000,
        "4" : 0.010000,
        "10" : 0.000000,
        "20" : 0.010000,
        "50" : 0.021976,
        "100" : 99.570693,
        "250" : 0.396737,
        "500" : 0.010000,
        "750" : 0.010000,
        "1000" : 0.000000
      },
      "latency_ms" : {
        "2" : 0.000000,
        "4" : 0.000000,
        "10" : 0.010000,
        "20" : 0.000000,
        "50" : 0.000000,
        "100" : 0.000000,
        "250" : 0.000000,
        "500" : 0.000000,
        "750" : 0.000000,
        "1000" : 0.000000,
        "2000" : 0.000000,
        ">=2000" : 0.000000
      },
      "latency_depth" : 1,
      "latency_target" : 0,
      "latency_percentile" : 100.000000,
      "latency_window" : 0
    }
  ],
  "disk_util" : [
    {
      "name" : "nvme0n1",
      "read_ios" : 508412,
      "write_ios" : 36,
      "read_merges" : 0,
      "write_merges" : 26,
      "read_ticks" : 35036,
      "write_ticks" : 37,
      "in_queue" : 35082,
      "util" : 64.702353
    }
  ]
}
