{
  "fio version" : "fio-3.28",
  "timestamp" : 1758038226,
  "timestamp_ms" : 1758038226012,
  "time" : "Tue Sep 16 11:57:06 2025",
  "jobs" : [
    {
      "jobname" : "bs_sweep_read_1m_degraded",
      "groupid" : 0,
      "error" : 0,
      "eta" : 0,
      "elapsed" : 31,
      "job options" : {
        "name" : "bs_sweep_read_1m_degraded",
        "filename" : "./bs_sweep_read_1m_degraded_test",
        "size" : "1G",
        "rw" : "read",
        "bs" : "1m",
        "direct" : "1",
        "runtime" : "30",
        "time_based" : "1",
        "ioengine" : "libaio",
        "iodepth" : "1",
        "numjobs" : "1"
      },
      "read" : {
        "io_bytes" : 94645518336,
        "io_kbytes" : 92427264,
        "bw_bytes" : 3154745453,
        "bw" : 3080806,
        "iops" : 3008.599713,
        "runtime" : 30001,
        "total_ios" : 90261,
        "short_ios" : 0,
        "drop_ios" : 0,
        "slat_ns" : {
          "min" : 79602,
          "max" : 553204,
          "mean" : 157115.590155,
          "stddev" : 19176.786378,
          "N" : 90261
        },
        "clat_ns" : {
          "min" : 6039,
          "max" : 8571554,
          "mean" : 173633.349287,
          "stddev" : 30405.614313,
          "N" : 90261,
          "percentile" : {
            "1.000000" : 152576,
            "5.000000" : 158720,
            "10.000000" : 162816,
            "20.000000" : 168960,
            "30.000000" : 171008,
            "40.000000" : 171008,
            "50.000000" : 173056,
            "60.000000" : 175104,
            "70.000000" : 175104,
            "80.000000" : 177152,
            "90.000000" : 183296,
            "95.000000" : 189440,
            "99.000000" : 199680,
            "99.500000" : 203776,
            "99.900000" : 228352,
            "99.950000" : 244736,
            "99.990000" : 806912
          }
        },
        "lat_ns" : {
          "min" : 276923,
          "max" : 9049694,
          "mean" : 331122.027498,
          "stddev" : 33494.680502,
          "N" : 90261
        },
        "bw_min" : 2942976,
        "bw_max" : 3459072,
        "bw_agg" : 100.000000,
        "bw_mean" : 3085225.220339,
        "bw_dev" : 116669.896446,
        "bw_samples" : 59,
        "iops_min" : 2874,
        "iops_max" : 3378,
        "iops_mean" : 3012.915254,
        "iops_stddev" : 113.935446,
        "iops_samples" : 59
      },
      "write" : {
        "io_bytes" : 0,
        "io_kbytes" : 0,
        "bw_bytes" : 0,
        "bw" : 0,
        "iops" : 0.000000,
        "runtime" : 0,
        "total_ios" : 0,
        "short_ios" : 0,
        "drop_ios" : 0,
        "slat_ns" : {
          "min" : 0,
          "max" : 0,
          "mean" : 0.000000,
          "stddev" : 0.000000,
          "N" : 0
        },
        "clat_ns" : {
          "min" : 0,
          "max" : 0,
          "mean" : 0.000000,
          "stddev" : 0.000000,
          "N" : 0
        },
        "lat_ns" : {
          "min" : 0,
          "max" : 0,
          "mean" : 0.000000,
          "stddev" : 0.000000,
          "N" : 0
        },
        "bw_min" : 0,
        "bw_max" : 0,
        "bw_agg" : 0.000000,
        "bw_mean" : 0.000000,
        "bw_dev" : 0.000000,
        "bw_samples" : 0,
        "iops_min" : 0,
        "iops_max" : 0,
        "iops_mean" : 0.000000,
        "iops_stddev" : 0.000000,
        "iops_samples" : 0
      },
      "trim" : {
        "io_bytes" : 0,
        "io_kbytes" : 0,
        "bw_bytes" : 0,
        "bw" : 0,
        "iops" : 0.000000,
        "runtime" : 0,
        "total_ios" : 0,
        "short_ios" : 0,
        "drop_ios" : 0,
        "slat_ns" : {
          "min" : 0,
          "max" : 0,
          "mean" : 0.000000,
          "stddev" : 0.000000,
          "N" : 0
        },
        "clat_ns" : {
          "min" : 0,
          "max" : 0,
          "mean" : 0.000000,
          "stddev" : 0.000000,
          "N" : 0
        },
        "lat_ns" : {
          "min" : 0,
          "max" : 0,
          "mean" : 0.000000,
          "stddev" : 0.000000,
          "N" : 0
        },
        "bw_min" : 0,
        "bw_max" : 0,
        "bw_agg" : 0.000000,
        "bw_mean" : 0.000000,
        "bw_dev" : 0.000000,
        "bw_samples" : 0,
        "iops_min" : 0,
        "iops_max" : 0,
        "iops_mean" : 0.000000,
        "iops_stddev" : 0.000000,
        "iops_samples" : 0
      },
      "sync" : {
        "total_ios" : 0,
        "lat_ns" : {
          "min" : 0,
          "max" : 0,
          "mean" : 0.000000,
          "stddev" : 0.000000,
          "N" : 0
        }
      },
      "job_runtime" : 30000,
      "usr_cpu" : 1.236667,
      "sys_cpu" : 55.696667,
      "ctx" : 90265,
      "majf" : 0,
      "minf" : 294,
      "iodepth_level" : {
        "1" : 100.000000,
        "2" : 0.000000,
        "4" : 0.000000,
        "8" : 0.000000,
        "16" : 0.000000,
        "32" : 0.000000,
        ">=64" : 0.000000
      },
      "iodepth_submit" : {
        "0" : 0.000000,
        "4" : 100.000000,
        "8" : 0.000000,
        "16" : 0.000000,
        "32" : 0.000000,
        "64" : 0.000000,
        ">=64" : 0.000000
      },
      "iodepth_complete" : {
        "0" : 0.000000,
        "4" : 100.000000,
        "8" : 0.000000,
        "16" : 0.000000,
        "32" : 0.000000,
        "64" : 0.000000,
        ">=64" : 0.000000
      },
      "latency_ns" : {
        "2" : 0.000000,
        "4" : 0.000000,
        "10" : 0.000000,
        "20" : 0.000000,
        "50" : 0.000000,
        "100" : 0.000000,
        "250" : 0.000000,
        "500" : 0.000000,
        "750" : 0.000000,
        "1000" : 0.000000
      },
      "latency_us" : {
        "2" : 0.000000,
        "4" : 0.000000,
        "10" : 0.010000,
        "20" : 0.000000,
        "50" : 0.010000,
        "100" : 0.010000,
        "250" : 99.952360,
        "500" : 0.029913,
        "750" : 0.010000,
        "1000" : 0.010000
      },
      "latency_ms" : {
        "2" : 0.010000,
        "4" : 0.000000,
        "10" : 0.010000,
        "20" : 0.000000,
        "50" : 0.000000,
        "100" : 0.000000,
        "250" : 0.000000,
        "500" : 0.000000,
        "750" : 0.000000,
        "1000" : 0.000000,
        "2000" : 0.000000,
        ">=2000" : 0.000000
      },
      "latency_depth" : 1,
      "latency_target" : 0,
      "latency_percentile" : 100.000000,
      "latency_window" : 0
    }
  ],
  "disk_util" : [
    {
      "name" : "nvme0n1",
      "read_ios" : 721860,
      "write_ios" : 90,
      "read_merges" : 0,
      "write_merges" : 25,
      "read_ticks" : 100273,
      "write_ticks" : 44,
      "in_queue" : 100331,
      "util" : 53.166367
    }
  ]
}
