{
  "fio version" : "fio-3.28",
  "timestamp" : 1758038069,
  "timestamp_ms" : 1758038069022,
  "time" : "Tue Sep 16 11:54:29 2025",
  "jobs" : [
    {
      "jobname" : "bs_sweep_read_32k_degraded",
      "groupid" : 0,
      "error" : 0,
      "eta" : 0,
      "elapsed" : 31,
      "job options" : {
        "name" : "bs_sweep_read_32k_degraded",
        "filename" : "./bs_sweep_read_32k_degraded_test",
        "size" : "1G",
        "rw" : "read",
        "bs" : "32k",
        "direct" : "1",
        "runtime" : "30",
        "time_based" : "1",
        "ioengine" : "libaio",
        "iodepth" : "1",
        "numjobs" : "1"
      },
      "read" : {
        "io_bytes" : 23823777792,
        "io_kbytes" : 23265408,
        "bw_bytes" : 794099456,
        "bw" : 775487,
        "iops" : 24233.992200,
        "runtime" : 30001,
        "total_ios" : 727044,
        "short_ios" : 0,
        "drop_ios" : 0,
        "slat_ns" : {
          "min" : 5175,
          "max" : 380991,
          "mean" : 13417.556134,
          "stddev" : 1500.229195,
          "N" : 727044
        },
        "clat_ns" : {
          "min" : 1184,
          "max" : 8479549,
          "mean" : 26182.513846,
          "stddev" : 10815.992371,
          "N" : 727044,
          "percentile" : {
            "1.000000" : 23168,
            "5.000000" : 25216,
            "10.000000" : 25216,
            "20.000000" : 25472,
            "30.000000" : 25472,
            "40.000000" : 25472,
            "50.000000" : 25728,
            "60.000000" : 25728,
            "70.000000" : 25984,
            "80.000000" : 26240,
            "90.000000" : 26496,
            "95.000000" : 27008,
            "99.000000" : 34048,
            "99.500000" : 48896,
            "99.900000" : 84480,
            "99.950000" : 85504,
            "99.990000" : 177152
          }
        },
        "lat_ns" : {
          "min" : 24204,
          "max" : 8555359,
          "mean" : 39953.140392,
          "stddev" : 11061.107913,
          "N" : 727044
        },
        "bw_min" : 754560,
        "bw_max" : 852352,
        "bw_agg" : 100.000000,
        "bw_mean" : 776217.491525,
        "bw_dev" : 12794.285317,
        "bw_samples" : 59,
        "iops_min" : 23580,
        "iops_max" : 26636,
        "iops_mean" : 24256.796610,
        "iops_stddev" : 399.836595,
        "iops_samples" : 59
      },
      "write" : {
        "io_bytes" : 0,
        "io_kbytes" : 0,
        "bw_bytes" : 0,
        "bw" : 0,
        "iops" : 0.000000,
        "runtime" : 0,
        "total_ios" : 0,
        "short_ios" : 0,
        "drop_ios" : 0,
        "slat_ns" : {
          "min" : 0,
          "max" : 0,
          "mean" : 0.000000,
          "stddev" : 0.000000,
          "N" : 0
        },
        "clat_ns" : {
          "min" : 0,
          "max" : 0,
          "mean" : 0.000000,
          "stddev" : 0.000000,
          "N" : 0
        },
        "lat_ns" : {
          "min" : 0,
          "max" : 0,
          "mean" : 0.000000,
          "stddev" : 0.000000,
          "N" : 0
        },
        "bw_min" : 0,
        "bw_max" : 0,
        "bw_agg" : 0.000000,
        "bw_mean" : 0.000000,
        "bw_dev" : 0.000000,
        "bw_samples" : 0,
        "iops_min" : 0,
        "iops_max" : 0,
        "iops_mean" : 0.000000,
        "iops_stddev" : 0.000000,
        "iops_samples" : 0
      },
      "trim" : {
        "io_bytes" : 0,
        "io_kbytes" : 0,
        "bw_bytes" : 0,
        "bw" : 0,
        "iops" : 0.000000,
        "runtime" : 0,
        "total_ios" : 0,
        "short_ios" : 0,
        "drop_ios" : 0,
        "slat_ns" : {
          "min" : 0,
          "max" : 0,
          "mean" : 0.000000,
          "stddev" : 0.000000,
          "N" : 0
        },
        "clat_ns" : {
          "min" : 0,
          "max" : 0,
          "mean" : 0.000000,
          "stddev" : 0.000000,
          "N" : 0
        },
        "lat_ns" : {
          "min" : 0,
          "max" : 0,
          "mean" : 0.000000,
          "stddev" : 0.000000,
          "N" : 0
        },
        "bw_min" : 0,
        "bw_max" : 0,
        "bw_agg" : 0.000000,
        "bw_mean" : 0.000000,
        "bw_dev" : 0.000000,
        "bw_samples" : 0,
        "iops_min" : 0,
        "iops_max" : 0,
        "iops_mean" : 0.000000,
        "iops_stddev" : 0.000000,
        "iops_samples" : 0
      },
      "sync" : {
        "total_ios" : 0,
        "lat_ns" : {
          "min" : 0,
          "max" : 0,
          "mean" : 0.000000,
          "stddev" : 0.000000,
          "N" : 0
        }
      },
      "job_runtime" : 30000,
      "usr_cpu" : 10.116667,
      "sys_cpu" : 50.430000,
      "ctx" : 726848,
      "majf" : 0,
      "minf" : 54,
      "iodepth_level" : {
        "1" : 100.000000,
        "2" : 0.000000,
        "4" : 0.000000,
        "8" : 0.000000,
        "16" : 0.000000,
        "32" : 0.000000,
        ">=64" : 0.000000
      },
      "iodepth_submit" : {
        "0" : 0.000000,
        "4" : 100.000000,
        "8" : 0.000000,
        "16" : 0.000000,
        "32" : 0.000000,
        "64" : 0.000000,
        ">=64" : 0.000000
      },
      "iodepth_complete" : {
        "0" : 0.000000,
        "4" : 100.000000,
        "8" : 0.000000,
        "16" : 0.000000,
        "32" : 0.000000,
        "64" : 0.000000,
        ">=64" : 0.000000
      },
      "latency_ns" : {
        "2" : 0.000000,
        "4" : 0.000000,
        "10" : 0.000000,
        "20" : 0.000000,
        "50" : 0.000000,
        "100" : 0.000000,
        "250" : 0.000000,
        "500" : 0.000000,
        "750" : 0.000000,
        "1000" : 0.000000
      },
      "latency_us" : {
        "2" : 0.012654,
        "4" : 0.010000,
        "10" : 0.010000,
        "20" : 0.021182,
        "50" : 99.483388,
        "100" : 0.452242,
        "250" : 0.026958,
        "500" : 0.010000,
        "750" : 0.000000,
        "1000" : 0.010000
      },
      "latency_ms" : {
        "2" : 0.000000,
        "4" : 0.000000,
        "10" : 0.010000,
        "20" : 0.000000,
        "50" : 0.000000,
        "100" : 0.000000,
        "250" : 0.000000,
        "500" : 0.000000,
        "750" : 0.000000,
        "1000" : 0.000000,
        "2000" : 0.000000,
        ">=2000" : 0.000000
      },
      "latency_depth" : 1,
      "latency_target" : 0,
      "latency_percentile" : 100.000000,
      "latency_window" : 0
    }
  ],
  "disk_util" : [
    {
      "name" : "nvme0n1",
      "read_ios" : 721505,
      "write_ios" : 44,
      "read_merges" : 0,
      "write_merges" : 37,
      "read_ticks" : 17175,
      "write_ticks" : 47,
      "in_queue" : 17235,
      "util" : 49.423786
    }
  ]
}
