{
  "fio version": "fio-3.28",
  "timestamp": 1757681239,
  "timestamp_ms": 1757681239334,
  "time": "Fri Sep 12 08:47:19 2025",
  "jobs": [
    {
      "jobname": "bs_sweep_read_32k",
      "groupid": 0,
      "error": 0,
      "eta": 0,
      "elapsed": 31,
      "job options": {
        "name": "bs_sweep_read_32k",
        "filename": "/dev/nvme1n1",
        "rw": "read",
        "bs": "32k",
        "iodepth": "32",
        "runtime": "30",
        "numjobs": "1",
        "time_based": "1",
        "ioengine": "libaio",
        "direct": "1",
        "group_reporting": "1"
      },
      "read": {
        "io_bytes": 95212797952,
        "io_kbytes": 92981248,
        "bw_bytes": 3173442587,
        "bw": 3099065,
        "iops": 96845.782088,
        "runtime": 30003,
        "total_ios": 2905664,
        "short_ios": 0,
        "drop_ios": 0,
        "slat_ns": {
          "min": 2677,
          "max": 124814,
          "mean": 6301.058447,
          "stddev": 3380.267905,
          "N": 2905664
        },
        "clat_ns": {
          "min": 1624,
          "max": 142787059,
          "mean": 323415.830765,
          "stddev": 2259824.467045,
          "N": 2905664,
          "percentile": {
            "1.000000": 41216,
            "5.000000": 91648,
            "10.000000": 128512,
            "20.000000": 175104,
            "30.000000": 209920,
            "40.000000": 224256,
            "50.000000": 232448,
            "60.000000": 238592,
            "70.000000": 246784,
            "80.000000": 264192,
            "90.000000": 305152,
            "95.000000": 358400,
            "99.000000": 634880,
            "99.500000": 831488,
            "99.900000": 50593792,
            "99.950000": 60030976,
            "99.990000": 69730304
          }
        },
        "lat_ns": {
          "min": 19759,
          "max": 142792357,
          "mean": 329878.600424,
          "stddev": 2260122.596712,
          "N": 2905664
        },
        "bw_min": 174848,
        "bw_max": 6231680,
        "bw_agg": 100.0,
        "bw_mean": 3102456.40678,
        "bw_dev": 1525665.660545,
        "bw_samples": 59,
        "iops_min": 5464,
        "iops_max": 194740,
        "iops_mean": 96951.79661,
        "iops_stddev": 47677.018824,
        "iops_samples": 59
      },
      "write": {
        "io_bytes": 0,
        "io_kbytes": 0,
        "bw_bytes": 0,
        "bw": 0,
        "iops": 0.0,
        "runtime": 0,
        "total_ios": 0,
        "short_ios": 0,
        "drop_ios": 0,
        "slat_ns": {
          "min": 0,
          "max": 0,
          "mean": 0.0,
          "stddev": 0.0,
          "N": 0
        },
        "clat_ns": {
          "min": 0,
          "max": 0,
          "mean": 0.0,
          "stddev": 0.0,
          "N": 0
        },
        "lat_ns": {
          "min": 0,
          "max": 0,
          "mean": 0.0,
          "stddev": 0.0,
          "N": 0
        },
        "bw_min": 0,
        "bw_max": 0,
        "bw_agg": 0.0,
        "bw_mean": 0.0,
        "bw_dev": 0.0,
        "bw_samples": 0,
        "iops_min": 0,
        "iops_max": 0,
        "iops_mean": 0.0,
        "iops_stddev": 0.0,
        "iops_samples": 0
      },
      "trim": {
        "io_bytes": 0,
        "io_kbytes": 0,
        "bw_bytes": 0,
        "bw": 0,
        "iops": 0.0,
        "runtime": 0,
        "total_ios": 0,
        "short_ios": 0,
        "drop_ios": 0,
        "slat_ns": {
          "min": 0,
          "max": 0,
          "mean": 0.0,
          "stddev": 0.0,
          "N": 0
        },
        "clat_ns": {
          "min": 0,
          "max": 0,
          "mean": 0.0,
          "stddev": 0.0,
          "N": 0
        },
        "lat_ns": {
          "min": 0,
          "max": 0,
          "mean": 0.0,
          "stddev": 0.0,
          "N": 0
        },
        "bw_min": 0,
        "bw_max": 0,
        "bw_agg": 0.0,
        "bw_mean": 0.0,
        "bw_dev": 0.0,
        "bw_samples": 0,
        "iops_min": 0,
        "iops_max": 0,
        "iops_mean": 0.0,
        "iops_stddev": 0.0,
        "iops_samples": 0
      },
      "sync": {
        "total_ios": 0,
        "lat_ns": {
          "min": 0,
          "max": 0,
          "mean": 0.0,
          "stddev": 0.0,
          "N": 0
        }
      },
      "job_runtime": 30002,
      "usr_cpu": 13.109126,
      "sys_cpu": 64.675688,
      "ctx": 146626,
      "majf": 0,
      "minf": 273,
      "iodepth_level": {
        "1": 0.1,
        "2": 0.1,
        "4": 0.1,
        "8": 0.1,
        "16": 0.1,
        "32": 99.998933,
        ">=64": 0.0
      },
      "iodepth_submit": {
        "0": 0.0,
        "4": 100.0,
        "8": 0.0,
        "16": 0.0,
        "32": 0.0,
        "64": 0.0,
        ">=64": 0.0
      },
      "iodepth_complete": {
        "0": 0.0,
        "4": 99.999966,
        "8": 0.0,
        "16": 0.0,
        "32": 0.1,
        "64": 0.0,
        ">=64": 0.0
      },
      "latency_ns": {
        "2": 0.0,
        "4": 0.0,
        "10": 0.0,
        "20": 0.0,
        "50": 0.0,
        "100": 0.0,
        "250": 0.0,
        "500": 0.0,
        "750": 0.0,
        "1000": 0.0
      },
      "latency_us": {
        "2": 0.01,
        "4": 0.0,
        "10": 0.0,
        "20": 0.087794,
        "50": 1.194219,
        "100": 4.632194,
        "250": 66.625081,
        "500": 25.568992,
        "750": 1.259678,
        "1000": 0.293978
      },
      "latency_ms": {
        "2": 0.133842,
        "4": 0.02323,
        "10": 0.01,
        "20": 0.01,
        "50": 0.069347,
        "100": 0.102386,
        "250": 0.01,
        "500": 0.0,
        "750": 0.0,
        "1000": 0.0,
        "2000": 0.0,
        ">=2000": 0.0
      },
      "latency_depth": 32,
      "latency_target": 0,
      "latency_percentile": 100.0,
      "latency_window": 0
    }
  ],
  "disk_util": [
    {
      "name": "nvme1n1",
      "read_ios": 2898342,
      "write_ios": 0,
      "read_merges": 0,
      "write_merges": 0,
      "read_ticks": 659488,
      "write_ticks": 0,
      "in_queue": 659488,
      "util": 99.749633
    }
  ]
}