{
  "fio version": "fio-3.28",
  "timestamp": 1757680915,
  "timestamp_ms": 1757680915554,
  "time": "Fri Sep 12 08:41:55 2025",
  "jobs": [
    {
      "jobname": "bs_sweep_randwrite_16k",
      "groupid": 0,
      "error": 0,
      "eta": 0,
      "elapsed": 31,
      "job options": {
        "name": "bs_sweep_randwrite_16k",
        "filename": "/dev/nvme1n1",
        "rw": "randwrite",
        "bs": "16k",
        "iodepth": "32",
        "runtime": "30",
        "numjobs": "1",
        "time_based": "1",
        "ioengine": "libaio",
        "direct": "1",
        "group_reporting": "1"
      },
      "read": {
        "io_bytes": 0,
        "io_kbytes": 0,
        "bw_bytes": 0,
        "bw": 0,
        "iops": 0.0,
        "runtime": 0,
        "total_ios": 0,
        "short_ios": 0,
        "drop_ios": 0,
        "slat_ns": {
          "min": 0,
          "max": 0,
          "mean": 0.0,
          "stddev": 0.0,
          "N": 0
        },
        "clat_ns": {
          "min": 0,
          "max": 0,
          "mean": 0.0,
          "stddev": 0.0,
          "N": 0
        },
        "lat_ns": {
          "min": 0,
          "max": 0,
          "mean": 0.0,
          "stddev": 0.0,
          "N": 0
        },
        "bw_min": 0,
        "bw_max": 0,
        "bw_agg": 0.0,
        "bw_mean": 0.0,
        "bw_dev": 0.0,
        "bw_samples": 0,
        "iops_min": 0,
        "iops_max": 0,
        "iops_mean": 0.0,
        "iops_stddev": 0.0,
        "iops_samples": 0
      },
      "write": {
        "io_bytes": 49613127680,
        "io_kbytes": 48450320,
        "bw_bytes": 1653715798,
        "bw": 1614956,
        "iops": 100934.802173,
        "runtime": 30001,
        "total_ios": 3028145,
        "short_ios": 0,
        "drop_ios": 0,
        "slat_ns": {
          "min": 2105,
          "max": 256109,
          "mean": 4701.505529,
          "stddev": 1809.50635,
          "N": 3028145
        },
        "clat_ns": {
          "min": 95213,
          "max": 21960799,
          "mean": 311591.964194,
          "stddev": 382304.623714,
          "N": 3028145,
          "percentile": {
            "1.000000": 138240,
            "5.000000": 156672,
            "10.000000": 173056,
            "20.000000": 187392,
            "30.000000": 193536,
            "40.000000": 199680,
            "50.000000": 209920,
            "60.000000": 224256,
            "70.000000": 242688,
            "80.000000": 309248,
            "90.000000": 569344,
            "95.000000": 888832,
            "99.000000": 1728512,
            "99.500000": 2244608,
            "99.900000": 3555328,
            "99.950000": 3981312,
            "99.990000": 19267584
          }
        },
        "lat_ns": {
          "min": 99156,
          "max": 21963747,
          "mean": 316431.506369,
          "stddev": 382044.744434,
          "N": 3028145
        },
        "bw_min": 1420416,
        "bw_max": 2084992,
        "bw_agg": 100.0,
        "bw_mean": 1616609.084746,
        "bw_dev": 113862.093298,
        "bw_samples": 59,
        "iops_min": 88776,
        "iops_max": 130312,
        "iops_mean": 101038.20339,
        "iops_stddev": 7116.34534,
        "iops_samples": 59
      },
      "trim": {
        "io_bytes": 0,
        "io_kbytes": 0,
        "bw_bytes": 0,
        "bw": 0,
        "iops": 0.0,
        "runtime": 0,
        "total_ios": 0,
        "short_ios": 0,
        "drop_ios": 0,
        "slat_ns": {
          "min": 0,
          "max": 0,
          "mean": 0.0,
          "stddev": 0.0,
          "N": 0
        },
        "clat_ns": {
          "min": 0,
          "max": 0,
          "mean": 0.0,
          "stddev": 0.0,
          "N": 0
        },
        "lat_ns": {
          "min": 0,
          "max": 0,
          "mean": 0.0,
          "stddev": 0.0,
          "N": 0
        },
        "bw_min": 0,
        "bw_max": 0,
        "bw_agg": 0.0,
        "bw_mean": 0.0,
        "bw_dev": 0.0,
        "bw_samples": 0,
        "iops_min": 0,
        "iops_max": 0,
        "iops_mean": 0.0,
        "iops_stddev": 0.0,
        "iops_samples": 0
      },
      "sync": {
        "total_ios": 0,
        "lat_ns": {
          "min": 0,
          "max": 0,
          "mean": 0.0,
          "stddev": 0.0,
          "N": 0
        }
      },
      "job_runtime": 30000,
      "usr_cpu": 16.186667,
      "sys_cpu": 48.586667,
      "ctx": 236731,
      "majf": 0,
      "minf": 14,
      "iodepth_level": {
        "1": 0.1,
        "2": 0.1,
        "4": 0.1,
        "8": 0.1,
        "16": 0.1,
        "32": 99.998976,
        ">=64": 0.0
      },
      "iodepth_submit": {
        "0": 0.0,
        "4": 100.0,
        "8": 0.0,
        "16": 0.0,
        "32": 0.0,
        "64": 0.0,
        ">=64": 0.0
      },
      "iodepth_complete": {
        "0": 0.0,
        "4": 99.999967,
        "8": 0.0,
        "16": 0.0,
        "32": 0.1,
        "64": 0.0,
        ">=64": 0.0
      },
      "latency_ns": {
        "2": 0.0,
        "4": 0.0,
        "10": 0.0,
        "20": 0.0,
        "50": 0.0,
        "100": 0.0,
        "250": 0.0,
        "500": 0.0,
        "750": 0.0,
        "1000": 0.0
      },
      "latency_us": {
        "2": 0.0,
        "4": 0.0,
        "10": 0.0,
        "20": 0.0,
        "50": 0.0,
        "100": 0.01,
        "250": 71.833515,
        "500": 16.786184,
        "750": 3.742852,
        "1000": 4.510451
      },
      "latency_ms": {
        "2": 2.288827,
        "4": 0.789097,
        "10": 0.035038,
        "20": 0.01,
        "50": 0.01,
        "100": 0.0,
        "250": 0.0,
        "500": 0.0,
        "750": 0.0,
        "1000": 0.0,
        "2000": 0.0,
        ">=2000": 0.0
      },
      "latency_depth": 32,
      "latency_target": 0,
      "latency_percentile": 100.0,
      "latency_window": 0
    }
  ],
  "disk_util": [
    {
      "name": "nvme1n1",
      "read_ios": 144,
      "write_ios": 3015575,
      "read_merges": 0,
      "write_merges": 0,
      "read_ticks": 7,
      "write_ticks": 617356,
      "in_queue": 617363,
      "util": 99.652836
    }
  ]
}