{
  "fio version": "fio-3.28",
  "timestamp": 1757681271,
  "timestamp_ms": 1757681271687,
  "time": "Fri Sep 12 08:47:51 2025",
  "jobs": [
    {
      "jobname": "bs_sweep_read_64k",
      "groupid": 0,
      "error": 0,
      "eta": 0,
      "elapsed": 31,
      "job options": {
        "name": "bs_sweep_read_64k",
        "filename": "/dev/nvme1n1",
        "rw": "read",
        "bs": "64k",
        "iodepth": "32",
        "runtime": "30",
        "numjobs": "1",
        "time_based": "1",
        "ioengine": "libaio",
        "direct": "1",
        "group_reporting": "1"
      },
      "read": {
        "io_bytes": 127171428352,
        "io_kbytes": 124190848,
        "bw_bytes": 4238906314,
        "bw": 4139556,
        "iops": 64680.577314,
        "runtime": 30001,
        "total_ios": 1940482,
        "short_ios": 0,
        "drop_ios": 0,
        "slat_ns": {
          "min": 3599,
          "max": 213385,
          "mean": 7439.352185,
          "stddev": 4047.231661,
          "N": 1940482
        },
        "clat_ns": {
          "min": 30399,
          "max": 104554041,
          "mean": 486684.672107,
          "stddev": 3230609.505528,
          "N": 1940482,
          "percentile": {
            "1.000000": 88576,
            "5.000000": 160768,
            "10.000000": 191488,
            "20.000000": 214016,
            "30.000000": 230400,
            "40.000000": 244736,
            "50.000000": 264192,
            "60.000000": 284672,
            "70.000000": 321536,
            "80.000000": 378880,
            "90.000000": 493568,
            "95.000000": 634880,
            "99.000000": 1056768,
            "99.500000": 1564672,
            "99.900000": 60555264,
            "99.950000": 68681728,
            "99.990000": 89653248
          }
        },
        "lat_ns": {
          "min": 83240,
          "max": 104570389,
          "mean": 494251.362741,
          "stddev": 3231140.747607,
          "N": 1940482
        },
        "bw_min": 178560,
        "bw_max": 6397952,
        "bw_agg": 99.274972,
        "bw_mean": 4109544.135593,
        "bw_dev": 2420577.783787,
        "bw_samples": 59,
        "iops_min": 2790,
        "iops_max": 99968,
        "iops_mean": 64211.694915,
        "iops_stddev": 37821.559064,
        "iops_samples": 59
      },
      "write": {
        "io_bytes": 0,
        "io_kbytes": 0,
        "bw_bytes": 0,
        "bw": 0,
        "iops": 0.0,
        "runtime": 0,
        "total_ios": 0,
        "short_ios": 0,
        "drop_ios": 0,
        "slat_ns": {
          "min": 0,
          "max": 0,
          "mean": 0.0,
          "stddev": 0.0,
          "N": 0
        },
        "clat_ns": {
          "min": 0,
          "max": 0,
          "mean": 0.0,
          "stddev": 0.0,
          "N": 0
        },
        "lat_ns": {
          "min": 0,
          "max": 0,
          "mean": 0.0,
          "stddev": 0.0,
          "N": 0
        },
        "bw_min": 0,
        "bw_max": 0,
        "bw_agg": 0.0,
        "bw_mean": 0.0,
        "bw_dev": 0.0,
        "bw_samples": 0,
        "iops_min": 0,
        "iops_max": 0,
        "iops_mean": 0.0,
        "iops_stddev": 0.0,
        "iops_samples": 0
      },
      "trim": {
        "io_bytes": 0,
        "io_kbytes": 0,
        "bw_bytes": 0,
        "bw": 0,
        "iops": 0.0,
        "runtime": 0,
        "total_ios": 0,
        "short_ios": 0,
        "drop_ios": 0,
        "slat_ns": {
          "min": 0,
          "max": 0,
          "mean": 0.0,
          "stddev": 0.0,
          "N": 0
        },
        "clat_ns": {
          "min": 0,
          "max": 0,
          "mean": 0.0,
          "stddev": 0.0,
          "N": 0
        },
        "lat_ns": {
          "min": 0,
          "max": 0,
          "mean": 0.0,
          "stddev": 0.0,
          "N": 0
        },
        "bw_min": 0,
        "bw_max": 0,
        "bw_agg": 0.0,
        "bw_mean": 0.0,
        "bw_dev": 0.0,
        "bw_samples": 0,
        "iops_min": 0,
        "iops_max": 0,
        "iops_mean": 0.0,
        "iops_stddev": 0.0,
        "iops_samples": 0
      },
      "sync": {
        "total_ios": 0,
        "lat_ns": {
          "min": 0,
          "max": 0,
          "mean": 0.0,
          "stddev": 0.0,
          "N": 0
        }
      },
      "job_runtime": 30000,
      "usr_cpu": 8.02,
      "sys_cpu": 53.823333,
      "ctx": 355153,
      "majf": 0,
      "minf": 528,
      "iodepth_level": {
        "1": 0.1,
        "2": 0.1,
        "4": 0.1,
        "8": 0.1,
        "16": 0.1,
        "32": 99.998402,
        ">=64": 0.0
      },
      "iodepth_submit": {
        "0": 0.0,
        "4": 100.0,
        "8": 0.0,
        "16": 0.0,
        "32": 0.0,
        "64": 0.0,
        ">=64": 0.0
      },
      "iodepth_complete": {
        "0": 0.0,
        "4": 99.999948,
        "8": 0.0,
        "16": 0.0,
        "32": 0.1,
        "64": 0.0,
        ">=64": 0.0
      },
      "latency_ns": {
        "2": 0.0,
        "4": 0.0,
        "10": 0.0,
        "20": 0.0,
        "50": 0.0,
        "100": 0.0,
        "250": 0.0,
        "500": 0.0,
        "750": 0.0,
        "1000": 0.0
      },
      "latency_us": {
        "2": 0.0,
        "4": 0.0,
        "10": 0.0,
        "20": 0.0,
        "50": 0.01,
        "100": 2.065827,
        "250": 40.721068,
        "500": 47.543394,
        "750": 6.776203,
        "1000": 1.724159
      },
      "latency_ms": {
        "2": 0.732705,
        "4": 0.090854,
        "10": 0.027261,
        "20": 0.01,
        "50": 0.11291,
        "100": 0.196549,
        "250": 0.01,
        "500": 0.0,
        "750": 0.0,
        "1000": 0.0,
        "2000": 0.0,
        ">=2000": 0.0
      },
      "latency_depth": 32,
      "latency_target": 0,
      "latency_percentile": 100.0,
      "latency_window": 0
    }
  ],
  "disk_util": [
    {
      "name": "nvme1n1",
      "read_ios": 1928976,
      "write_ios": 0,
      "read_merges": 0,
      "write_merges": 0,
      "read_ticks": 895547,
      "write_ticks": 0,
      "in_queue": 895546,
      "util": 99.742973
    }
  ]
}