{
  "fio version": "fio-3.28",
  "timestamp": 1757680947,
  "timestamp_ms": 1757680947937,
  "time": "Fri Sep 12 08:42:27 2025",
  "jobs": [
    {
      "jobname": "bs_sweep_randwrite_32k",
      "groupid": 0,
      "error": 0,
      "eta": 0,
      "elapsed": 31,
      "job options": {
        "name": "bs_sweep_randwrite_32k",
        "filename": "/dev/nvme1n1",
        "rw": "randwrite",
        "bs": "32k",
        "iodepth": "32",
        "runtime": "30",
        "numjobs": "1",
        "time_based": "1",
        "ioengine": "libaio",
        "direct": "1",
        "group_reporting": "1"
      },
      "read": {
        "io_bytes": 0,
        "io_kbytes": 0,
        "bw_bytes": 0,
        "bw": 0,
        "iops": 0.0,
        "runtime": 0,
        "total_ios": 0,
        "short_ios": 0,
        "drop_ios": 0,
        "slat_ns": {
          "min": 0,
          "max": 0,
          "mean": 0.0,
          "stddev": 0.0,
          "N": 0
        },
        "clat_ns": {
          "min": 0,
          "max": 0,
          "mean": 0.0,
          "stddev": 0.0,
          "N": 0
        },
        "lat_ns": {
          "min": 0,
          "max": 0,
          "mean": 0.0,
          "stddev": 0.0,
          "N": 0
        },
        "bw_min": 0,
        "bw_max": 0,
        "bw_agg": 0.0,
        "bw_mean": 0.0,
        "bw_dev": 0.0,
        "bw_samples": 0,
        "iops_min": 0,
        "iops_max": 0,
        "iops_mean": 0.0,
        "iops_stddev": 0.0,
        "iops_samples": 0
      },
      "write": {
        "io_bytes": 48022978560,
        "io_kbytes": 46897440,
        "bw_bytes": 1600712594,
        "bw": 1563195,
        "iops": 48849.871671,
        "runtime": 30001,
        "total_ios": 1465545,
        "short_ios": 0,
        "drop_ios": 0,
        "slat_ns": {
          "min": 4490,
          "max": 344283,
          "mean": 9049.444506,
          "stddev": 2991.40694,
          "N": 1465545
        },
        "clat_ns": {
          "min": 241299,
          "max": 24657607,
          "mean": 644855.918975,
          "stddev": 501224.087102,
          "N": 1465545,
          "percentile": {
            "1.000000": 309248,
            "5.000000": 350208,
            "10.000000": 370688,
            "20.000000": 407552,
            "30.000000": 448512,
            "40.000000": 497664,
            "50.000000": 552960,
            "60.000000": 618496,
            "70.000000": 692224,
            "80.000000": 790528,
            "90.000000": 1003520,
            "95.000000": 1236992,
            "99.000000": 1662976,
            "99.500000": 1974272,
            "99.900000": 4358144,
            "99.950000": 5996544,
            "99.990000": 21364736
          }
        },
        "lat_ns": {
          "min": 250307,
          "max": 24665715,
          "mean": 654099.196934,
          "stddev": 500939.909045,
          "N": 1465545
        },
        "bw_min": 1426368,
        "bw_max": 1698752,
        "bw_agg": 99.976273,
        "bw_mean": 1562825.762712,
        "bw_dev": 69087.314687,
        "bw_samples": 59,
        "iops_min": 44574,
        "iops_max": 53084,
        "iops_mean": 48838.305085,
        "iops_stddev": 2158.879652,
        "iops_samples": 59
      },
      "trim": {
        "io_bytes": 0,
        "io_kbytes": 0,
        "bw_bytes": 0,
        "bw": 0,
        "iops": 0.0,
        "runtime": 0,
        "total_ios": 0,
        "short_ios": 0,
        "drop_ios": 0,
        "slat_ns": {
          "min": 0,
          "max": 0,
          "mean": 0.0,
          "stddev": 0.0,
          "N": 0
        },
        "clat_ns": {
          "min": 0,
          "max": 0,
          "mean": 0.0,
          "stddev": 0.0,
          "N": 0
        },
        "lat_ns": {
          "min": 0,
          "max": 0,
          "mean": 0.0,
          "stddev": 0.0,
          "N": 0
        },
        "bw_min": 0,
        "bw_max": 0,
        "bw_agg": 0.0,
        "bw_mean": 0.0,
        "bw_dev": 0.0,
        "bw_samples": 0,
        "iops_min": 0,
        "iops_max": 0,
        "iops_mean": 0.0,
        "iops_stddev": 0.0,
        "iops_samples": 0
      },
      "sync": {
        "total_ios": 0,
        "lat_ns": {
          "min": 0,
          "max": 0,
          "mean": 0.0,
          "stddev": 0.0,
          "N": 0
        }
      },
      "job_runtime": 30000,
      "usr_cpu": 16.1,
      "sys_cpu": 46.083333,
      "ctx": 426519,
      "majf": 0,
      "minf": 14,
      "iodepth_level": {
        "1": 0.1,
        "2": 0.1,
        "4": 0.1,
        "8": 0.1,
        "16": 0.1,
        "32": 99.997885,
        ">=64": 0.0
      },
      "iodepth_submit": {
        "0": 0.0,
        "4": 100.0,
        "8": 0.0,
        "16": 0.0,
        "32": 0.0,
        "64": 0.0,
        ">=64": 0.0
      },
      "iodepth_complete": {
        "0": 0.0,
        "4": 99.999932,
        "8": 0.0,
        "16": 0.0,
        "32": 0.1,
        "64": 0.0,
        ">=64": 0.0
      },
      "latency_ns": {
        "2": 0.0,
        "4": 0.0,
        "10": 0.0,
        "20": 0.0,
        "50": 0.0,
        "100": 0.0,
        "250": 0.0,
        "500": 0.0,
        "750": 0.0,
        "1000": 0.0
      },
      "latency_us": {
        "2": 0.0,
        "4": 0.0,
        "10": 0.0,
        "20": 0.0,
        "50": 0.0,
        "100": 0.0,
        "250": 0.01,
        "500": 40.299411,
        "750": 35.944853,
        "1000": 13.565056
      },
      "latency_ms": {
        "2": 9.700146,
        "4": 0.370784,
        "10": 0.081744,
        "20": 0.011873,
        "50": 0.024496,
        "100": 0.0,
        "250": 0.0,
        "500": 0.0,
        "750": 0.0,
        "1000": 0.0,
        "2000": 0.0,
        ">=2000": 0.0
      },
      "latency_depth": 32,
      "latency_target": 0,
      "latency_percentile": 100.0,
      "latency_window": 0
    }
  ],
  "disk_util": [
    {
      "name": "nvme1n1",
      "read_ios": 122,
      "write_ios": 1458908,
      "read_merges": 0,
      "write_merges": 0,
      "read_ticks": 7,
      "write_ticks": 871998,
      "in_queue": 872004,
      "util": 99.712884
    }
  ]
}