{
  "fio version": "fio-3.28",
  "timestamp": 1757680785,
  "timestamp_ms": 1757680785960,
  "time": "Fri Sep 12 08:39:45 2025",
  "jobs": [
    {
      "jobname": "bs_sweep_write_512k",
      "groupid": 0,
      "error": 0,
      "eta": 0,
      "elapsed": 31,
      "job options": {
        "name": "bs_sweep_write_512k",
        "filename": "/dev/nvme1n1",
        "rw": "write",
        "bs": "512k",
        "iodepth": "32",
        "runtime": "30",
        "numjobs": "1",
        "time_based": "1",
        "ioengine": "libaio",
        "direct": "1",
        "group_reporting": "1"
      },
      "read": {
        "io_bytes": 0,
        "io_kbytes": 0,
        "bw_bytes": 0,
        "bw": 0,
        "iops": 0.0,
        "runtime": 0,
        "total_ios": 0,
        "short_ios": 0,
        "drop_ios": 0,
        "slat_ns": {
          "min": 0,
          "max": 0,
          "mean": 0.0,
          "stddev": 0.0,
          "N": 0
        },
        "clat_ns": {
          "min": 0,
          "max": 0,
          "mean": 0.0,
          "stddev": 0.0,
          "N": 0
        },
        "lat_ns": {
          "min": 0,
          "max": 0,
          "mean": 0.0,
          "stddev": 0.0,
          "N": 0
        },
        "bw_min": 0,
        "bw_max": 0,
        "bw_agg": 0.0,
        "bw_mean": 0.0,
        "bw_dev": 0.0,
        "bw_samples": 0,
        "iops_min": 0,
        "iops_max": 0,
        "iops_mean": 0.0,
        "iops_stddev": 0.0,
        "iops_samples": 0
      },
      "write": {
        "io_bytes": 155320844288,
        "io_kbytes": 151680512,
        "bw_bytes": 5176671253,
        "bw": 5055343,
        "iops": 9873.716838,
        "runtime": 30004,
        "total_ios": 296251,
        "short_ios": 0,
        "drop_ios": 0,
        "slat_ns": {
          "min": 31085,
          "max": 402946,
          "mean": 58465.916483,
          "stddev": 9603.115923,
          "N": 296251
        },
        "clat_ns": {
          "min": 2357445,
          "max": 10221753,
          "mean": 3181462.320168,
          "stddev": 548025.054801,
          "N": 296251,
          "percentile": {
            "1.000000": 3063808,
            "5.000000": 3063808,
            "10.000000": 3096576,
            "20.000000": 3096576,
            "30.000000": 3096576,
            "40.000000": 3096576,
            "50.000000": 3096576,
            "60.000000": 3129344,
            "70.000000": 3129344,
            "80.000000": 3129344,
            "90.000000": 3129344,
            "95.000000": 3162112,
            "99.000000": 7438336,
            "99.500000": 7438336,
            "99.900000": 7962624,
            "99.950000": 8224768,
            "99.990000": 10158080
          }
        },
        "lat_ns": {
          "min": 2433663,
          "max": 10293384,
          "mean": 3240060.310821,
          "stddev": 547875.535009,
          "N": 296251
        },
        "bw_min": 5009408,
        "bw_max": 5095424,
        "bw_agg": 100.0,
        "bw_mean": 5061441.084746,
        "bw_dev": 24228.140103,
        "bw_samples": 59,
        "iops_min": 9784,
        "iops_max": 9952,
        "iops_mean": 9885.59322,
        "iops_stddev": 47.380746,
        "iops_samples": 59
      },
      "trim": {
        "io_bytes": 0,
        "io_kbytes": 0,
        "bw_bytes": 0,
        "bw": 0,
        "iops": 0.0,
        "runtime": 0,
        "total_ios": 0,
        "short_ios": 0,
        "drop_ios": 0,
        "slat_ns": {
          "min": 0,
          "max": 0,
          "mean": 0.0,
          "stddev": 0.0,
          "N": 0
        },
        "clat_ns": {
          "min": 0,
          "max": 0,
          "mean": 0.0,
          "stddev": 0.0,
          "N": 0
        },
        "lat_ns": {
          "min": 0,
          "max": 0,
          "mean": 0.0,
          "stddev": 0.0,
          "N": 0
        },
        "bw_min": 0,
        "bw_max": 0,
        "bw_agg": 0.0,
        "bw_mean": 0.0,
        "bw_dev": 0.0,
        "bw_samples": 0,
        "iops_min": 0,
        "iops_max": 0,
        "iops_mean": 0.0,
        "iops_stddev": 0.0,
        "iops_samples": 0
      },
      "sync": {
        "total_ios": 0,
        "lat_ns": {
          "min": 0,
          "max": 0,
          "mean": 0.0,
          "stddev": 0.0,
          "N": 0
        }
      },
      "job_runtime": 30003,
      "usr_cpu": 29.903676,
      "sys_cpu": 37.449588,
      "ctx": 292921,
      "majf": 0,
      "minf": 15,
      "iodepth_level": {
        "1": 0.1,
        "2": 0.1,
        "4": 0.1,
        "8": 0.1,
        "16": 0.1,
        "32": 99.989536,
        ">=64": 0.0
      },
      "iodepth_submit": {
        "0": 0.0,
        "4": 100.0,
        "8": 0.0,
        "16": 0.0,
        "32": 0.0,
        "64": 0.0,
        ">=64": 0.0
      },
      "iodepth_complete": {
        "0": 0.0,
        "4": 99.999662,
        "8": 0.0,
        "16": 0.0,
        "32": 0.1,
        "64": 0.0,
        ">=64": 0.0
      },
      "latency_ns": {
        "2": 0.0,
        "4": 0.0,
        "10": 0.0,
        "20": 0.0,
        "50": 0.0,
        "100": 0.0,
        "250": 0.0,
        "500": 0.0,
        "750": 0.0,
        "1000": 0.0
      },
      "latency_us": {
        "2": 0.0,
        "4": 0.0,
        "10": 0.0,
        "20": 0.0,
        "50": 0.0,
        "100": 0.0,
        "250": 0.0,
        "500": 0.0,
        "750": 0.0,
        "1000": 0.0
      },
      "latency_ms": {
        "2": 0.0,
        "4": 98.41587,
        "10": 1.573328,
        "20": 0.010802,
        "50": 0.0,
        "100": 0.0,
        "250": 0.0,
        "500": 0.0,
        "750": 0.0,
        "1000": 0.0,
        "2000": 0.0,
        ">=2000": 0.0
      },
      "latency_depth": 32,
      "latency_target": 0,
      "latency_percentile": 100.0,
      "latency_window": 0
    }
  ],
  "disk_util": [
    {
      "name": "nvme1n1",
      "read_ios": 148,
      "write_ios": 1179451,
      "read_merges": 0,
      "write_merges": 0,
      "read_ticks": 8,
      "write_ticks": 3710743,
      "in_queue": 3710751,
      "util": 99.739522
    }
  ]
}