{
  "fio version" : "fio-3.28",
  "timestamp" : 1758037942,
  "timestamp_ms" : 1758037942453,
  "time" : "Tue Sep 16 11:52:22 2025",
  "jobs" : [
    {
      "jobname" : "bs_sweep_write_1m_degraded",
      "groupid" : 0,
      "error" : 0,
      "eta" : 0,
      "elapsed" : 31,
      "job options" : {
        "name" : "bs_sweep_write_1m_degraded",
        "filename" : "./bs_sweep_write_1m_degraded_test",
        "size" : "1G",
        "rw" : "write",
        "bs" : "1m",
        "direct" : "1",
        "runtime" : "30",
        "time_based" : "1",
        "ioengine" : "libaio",
        "iodepth" : "1",
        "numjobs" : "1"
      },
      "read" : {
        "io_bytes" : 0,
        "io_kbytes" : 0,
        "bw_bytes" : 0,
        "bw" : 0,
        "iops" : 0.000000,
        "runtime" : 0,
        "total_ios" : 0,
        "short_ios" : 0,
        "drop_ios" : 0,
        "slat_ns" : {
          "min" : 0,
          "max" : 0,
          "mean" : 0.000000,
          "stddev" : 0.000000,
          "N" : 0
        },
        "clat_ns" : {
          "min" : 0,
          "max" : 0,
          "mean" : 0.000000,
          "stddev" : 0.000000,
          "N" : 0
        },
        "lat_ns" : {
          "min" : 0,
          "max" : 0,
          "mean" : 0.000000,
          "stddev" : 0.000000,
          "N" : 0
        },
        "bw_min" : 0,
        "bw_max" : 0,
        "bw_agg" : 0.000000,
        "bw_mean" : 0.000000,
        "bw_dev" : 0.000000,
        "bw_samples" : 0,
        "iops_min" : 0,
        "iops_max" : 0,
        "iops_mean" : 0.000000,
        "iops_stddev" : 0.000000,
        "iops_samples" : 0
      },
      "write" : {
        "io_bytes" : 94063558656,
        "io_kbytes" : 91858944,
        "bw_bytes" : 3135347443,
        "bw" : 3061862,
        "iops" : 2990.100330,
        "runtime" : 30001,
        "total_ios" : 89706,
        "short_ios" : 0,
        "drop_ios" : 0,
        "slat_ns" : {
          "min" : 60630,
          "max" : 463976,
          "mean" : 171979.910552,
          "stddev" : 26819.071722,
          "N" : 89706
        },
        "clat_ns" : {
          "min" : 12100,
          "max" : 4785952,
          "mean" : 160515.927162,
          "stddev" : 119974.749101,
          "N" : 89706,
          "percentile" : {
            "1.000000" : 136192,
            "5.000000" : 142336,
            "10.000000" : 152576,
            "20.000000" : 154624,
            "30.000000" : 154624,
            "40.000000" : 154624,
            "50.000000" : 154624,
            "60.000000" : 154624,
            "70.000000" : 156672,
            "80.000000" : 156672,
            "90.000000" : 164864,
            "95.000000" : 185344,
            "99.000000" : 189440,
            "99.500000" : 189440,
            "99.900000" : 544768,
            "99.950000" : 3948544,
            "99.990000" : 4145152
          }
        },
        "lat_ns" : {
          "min" : 247334,
          "max" : 4860190,
          "mean" : 332836.297773,
          "stddev" : 121183.330567,
          "N" : 89706
        },
        "bw_min" : 2938880,
        "bw_max" : 3844096,
        "bw_agg" : 100.000000,
        "bw_mean" : 3066029.559322,
        "bw_dev" : 178072.591098,
        "bw_samples" : 59,
        "iops_min" : 2870,
        "iops_max" : 3754,
        "iops_mean" : 2994.169492,
        "iops_stddev" : 173.899015,
        "iops_samples" : 59
      },
      "trim" : {
        "io_bytes" : 0,
        "io_kbytes" : 0,
        "bw_bytes" : 0,
        "bw" : 0,
        "iops" : 0.000000,
        "runtime" : 0,
        "total_ios" : 0,
        "short_ios" : 0,
        "drop_ios" : 0,
        "slat_ns" : {
          "min" : 0,
          "max" : 0,
          "mean" : 0.000000,
          "stddev" : 0.000000,
          "N" : 0
        },
        "clat_ns" : {
          "min" : 0,
          "max" : 0,
          "mean" : 0.000000,
          "stddev" : 0.000000,
          "N" : 0
        },
        "lat_ns" : {
          "min" : 0,
          "max" : 0,
          "mean" : 0.000000,
          "stddev" : 0.000000,
          "N" : 0
        },
        "bw_min" : 0,
        "bw_max" : 0,
        "bw_agg" : 0.000000,
        "bw_mean" : 0.000000,
        "bw_dev" : 0.000000,
        "bw_samples" : 0,
        "iops_min" : 0,
        "iops_max" : 0,
        "iops_mean" : 0.000000,
        "iops_stddev" : 0.000000,
        "iops_samples" : 0
      },
      "sync" : {
        "total_ios" : 0,
        "lat_ns" : {
          "min" : 0,
          "max" : 0,
          "mean" : 0.000000,
          "stddev" : 0.000000,
          "N" : 0
        }
      },
      "job_runtime" : 30000,
      "usr_cpu" : 12.773333,
      "sys_cpu" : 40.856667,
      "ctx" : 89712,
      "majf" : 0,
      "minf" : 19,
      "iodepth_level" : {
        "1" : 100.000000,
        "2" : 0.000000,
        "4" : 0.000000,
        "8" : 0.000000,
        "16" : 0.000000,
        "32" : 0.000000,
        ">=64" : 0.000000
      },
      "iodepth_submit" : {
        "0" : 0.000000,
        "4" : 100.000000,
        "8" : 0.000000,
        "16" : 0.000000,
        "32" : 0.000000,
        "64" : 0.000000,
        ">=64" : 0.000000
      },
      "iodepth_complete" : {
        "0" : 0.000000,
        "4" : 100.000000,
        "8" : 0.000000,
        "16" : 0.000000,
        "32" : 0.000000,
        "64" : 0.000000,
        ">=64" : 0.000000
      },
      "latency_ns" : {
        "2" : 0.000000,
        "4" : 0.000000,
        "10" : 0.000000,
        "20" : 0.000000,
        "50" : 0.000000,
        "100" : 0.000000,
        "250" : 0.000000,
        "500" : 0.000000,
        "750" : 0.000000,
        "1000" : 0.000000
      },
      "latency_us" : {
        "2" : 0.000000,
        "4" : 0.000000,
        "10" : 0.000000,
        "20" : 0.010000,
        "50" : 0.000000,
        "100" : 0.016721,
        "250" : 99.848394,
        "500" : 0.031213,
        "750" : 0.010000,
        "1000" : 0.000000
      },
      "latency_ms" : {
        "2" : 0.000000,
        "4" : 0.066885,
        "10" : 0.032328,
        "20" : 0.000000,
        "50" : 0.000000,
        "100" : 0.000000,
        "250" : 0.000000,
        "500" : 0.000000,
        "750" : 0.000000,
        "1000" : 0.000000,
        "2000" : 0.000000,
        ">=2000" : 0.000000
      },
      "latency_depth" : 1,
      "latency_target" : 0,
      "latency_percentile" : 100.000000,
      "latency_window" : 0
    }
  ],
  "disk_util" : [
    {
      "name" : "nvme0n1",
      "read_ios" : 0,
      "write_ios" : 715156,
      "read_merges" : 0,
      "write_merges" : 41,
      "read_ticks" : 0,
      "write_ticks" : 78178,
      "in_queue" : 78191,
      "util" : 60.629317
    }
  ]
}
