{
  "fio version" : "fio-3.28",
  "timestamp" : 1758037543,
  "timestamp_ms" : 1758037543523,
  "time" : "Tue Sep 16 11:45:43 2025",
  "jobs" : [
    {
      "jobname" : "bs_sweep_randread_64k_degraded",
      "groupid" : 0,
      "error" : 0,
      "eta" : 0,
      "elapsed" : 31,
      "job options" : {
        "name" : "bs_sweep_randread_64k_degraded",
        "filename" : "./bs_sweep_randread_64k_degraded_test",
        "size" : "1G",
        "rw" : "randread",
        "bs" : "64k",
        "direct" : "1",
        "runtime" : "30",
        "time_based" : "1",
        "ioengine" : "libaio",
        "iodepth" : "1",
        "numjobs" : "1"
      },
      "read" : {
        "io_bytes" : 13864468480,
        "io_kbytes" : 13539520,
        "bw_bytes" : 462133544,
        "bw" : 451302,
        "iops" : 7051.598280,
        "runtime" : 30001,
        "total_ios" : 211555,
        "short_ios" : 0,
        "drop_ios" : 0,
        "slat_ns" : {
          "min" : 8512,
          "max" : 468962,
          "mean" : 20479.378913,
          "stddev" : 8984.447581,
          "N" : 211555
        },
        "clat_ns" : {
          "min" : 6129,
          "max" : 8536112,
          "mean" : 118637.217735,
          "stddev" : 35405.247720,
          "N" : 211555,
          "percentile" : {
            "1.000000" : 108032,
            "5.000000" : 108032,
            "10.000000" : 109056,
            "20.000000" : 109056,
            "30.000000" : 109056,
            "40.000000" : 109056,
            "50.000000" : 109056,
            "60.000000" : 110080,
            "70.000000" : 110080,
            "80.000000" : 110080,
            "90.000000" : 116224,
            "95.000000" : 218112,
            "99.000000" : 230400,
            "99.500000" : 232448,
            "99.900000" : 238592,
            "99.950000" : 242688,
            "99.990000" : 250880
          }
        },
        "lat_ns" : {
          "min" : 110671,
          "max" : 8609123,
          "mean" : 139508.583579,
          "stddev" : 40555.048477,
          "N" : 211555
        },
        "bw_min" : 434816,
        "bw_max" : 496256,
        "bw_agg" : 100.000000,
        "bw_mean" : 451861.694915,
        "bw_dev" : 14627.154798,
        "bw_samples" : 59,
        "iops_min" : 6794,
        "iops_max" : 7754,
        "iops_mean" : 7060.338983,
        "iops_stddev" : 228.549294,
        "iops_samples" : 59
      },
      "write" : {
        "io_bytes" : 0,
        "io_kbytes" : 0,
        "bw_bytes" : 0,
        "bw" : 0,
        "iops" : 0.000000,
        "runtime" : 0,
        "total_ios" : 0,
        "short_ios" : 0,
        "drop_ios" : 0,
        "slat_ns" : {
          "min" : 0,
          "max" : 0,
          "mean" : 0.000000,
          "stddev" : 0.000000,
          "N" : 0
        },
        "clat_ns" : {
          "min" : 0,
          "max" : 0,
          "mean" : 0.000000,
          "stddev" : 0.000000,
          "N" : 0
        },
        "lat_ns" : {
          "min" : 0,
          "max" : 0,
          "mean" : 0.000000,
          "stddev" : 0.000000,
          "N" : 0
        },
        "bw_min" : 0,
        "bw_max" : 0,
        "bw_agg" : 0.000000,
        "bw_mean" : 0.000000,
        "bw_dev" : 0.000000,
        "bw_samples" : 0,
        "iops_min" : 0,
        "iops_max" : 0,
        "iops_mean" : 0.000000,
        "iops_stddev" : 0.000000,
        "iops_samples" : 0
      },
      "trim" : {
        "io_bytes" : 0,
        "io_kbytes" : 0,
        "bw_bytes" : 0,
        "bw" : 0,
        "iops" : 0.000000,
        "runtime" : 0,
        "total_ios" : 0,
        "short_ios" : 0,
        "drop_ios" : 0,
        "slat_ns" : {
          "min" : 0,
          "max" : 0,
          "mean" : 0.000000,
          "stddev" : 0.000000,
          "N" : 0
        },
        "clat_ns" : {
          "min" : 0,
          "max" : 0,
          "mean" : 0.000000,
          "stddev" : 0.000000,
          "N" : 0
        },
        "lat_ns" : {
          "min" : 0,
          "max" : 0,
          "mean" : 0.000000,
          "stddev" : 0.000000,
          "N" : 0
        },
        "bw_min" : 0,
        "bw_max" : 0,
        "bw_agg" : 0.000000,
        "bw_mean" : 0.000000,
        "bw_dev" : 0.000000,
        "bw_samples" : 0,
        "iops_min" : 0,
        "iops_max" : 0,
        "iops_mean" : 0.000000,
        "iops_stddev" : 0.000000,
        "iops_samples" : 0
      },
      "sync" : {
        "total_ios" : 0,
        "lat_ns" : {
          "min" : 0,
          "max" : 0,
          "mean" : 0.000000,
          "stddev" : 0.000000,
          "N" : 0
        }
      },
      "job_runtime" : 30000,
      "usr_cpu" : 4.150000,
      "sys_cpu" : 21.660000,
      "ctx" : 211556,
      "majf" : 0,
      "minf" : 42,
      "iodepth_level" : {
        "1" : 100.000000,
        "2" : 0.000000,
        "4" : 0.000000,
        "8" : 0.000000,
        "16" : 0.000000,
        "32" : 0.000000,
        ">=64" : 0.000000
      },
      "iodepth_submit" : {
        "0" : 0.000000,
        "4" : 100.000000,
        "8" : 0.000000,
        "16" : 0.000000,
        "32" : 0.000000,
        "64" : 0.000000,
        ">=64" : 0.000000
      },
      "iodepth_complete" : {
        "0" : 0.000000,
        "4" : 100.000000,
        "8" : 0.000000,
        "16" : 0.000000,
        "32" : 0.000000,
        "64" : 0.000000,
        ">=64" : 0.000000
      },
      "latency_ns" : {
        "2" : 0.000000,
        "4" : 0.000000,
        "10" : 0.000000,
        "20" : 0.000000,
        "50" : 0.000000,
        "100" : 0.000000,
        "250" : 0.000000,
        "500" : 0.000000,
        "750" : 0.000000,
        "1000" : 0.000000
      },
      "latency_us" : {
        "2" : 0.000000,
        "4" : 0.000000,
        "10" : 0.010000,
        "20" : 0.000000,
        "50" : 0.010000,
        "100" : 0.101156,
        "250" : 99.884191,
        "500" : 0.010000,
        "750" : 0.010000,
        "1000" : 0.010000
      },
      "latency_ms" : {
        "2" : 0.000000,
        "4" : 0.000000,
        "10" : 0.010000,
        "20" : 0.000000,
        "50" : 0.000000,
        "100" : 0.000000,
        "250" : 0.000000,
        "500" : 0.000000,
        "750" : 0.000000,
        "1000" : 0.000000,
        "2000" : 0.000000,
        ">=2000" : 0.000000
      },
      "latency_depth" : 1,
      "latency_target" : 0,
      "latency_percentile" : 100.000000,
      "latency_window" : 0
    }
  ],
  "disk_util" : [
    {
      "name" : "nvme0n1",
      "read_ios" : 210002,
      "write_ios" : 139,
      "read_merges" : 0,
      "write_merges" : 41,
      "read_ticks" : 24216,
      "write_ticks" : 43,
      "in_queue" : 24269,
      "util" : 78.841580
    }
  ]
}
