{
  "fio version" : "fio-3.28",
  "timestamp" : 1758037174,
  "timestamp_ms" : 1758037174020,
  "time" : "Tue Sep 16 11:39:34 2025",
  "jobs" : [
    {
      "jobname" : "bs_sweep_randwrite_8k_degraded",
      "groupid" : 0,
      "error" : 0,
      "eta" : 0,
      "elapsed" : 31,
      "job options" : {
        "name" : "bs_sweep_randwrite_8k_degraded",
        "filename" : "./bs_sweep_randwrite_8k_degraded_test",
        "size" : "1G",
        "rw" : "randwrite",
        "bs" : "8k",
        "direct" : "1",
        "runtime" : "30",
        "time_based" : "1",
        "ioengine" : "libaio",
        "iodepth" : "1",
        "numjobs" : "1"
      },
      "read" : {
        "io_bytes" : 0,
        "io_kbytes" : 0,
        "bw_bytes" : 0,
        "bw" : 0,
        "iops" : 0.000000,
        "runtime" : 0,
        "total_ios" : 0,
        "short_ios" : 0,
        "drop_ios" : 0,
        "slat_ns" : {
          "min" : 0,
          "max" : 0,
          "mean" : 0.000000,
          "stddev" : 0.000000,
          "N" : 0
        },
        "clat_ns" : {
          "min" : 0,
          "max" : 0,
          "mean" : 0.000000,
          "stddev" : 0.000000,
          "N" : 0
        },
        "lat_ns" : {
          "min" : 0,
          "max" : 0,
          "mean" : 0.000000,
          "stddev" : 0.000000,
          "N" : 0
        },
        "bw_min" : 0,
        "bw_max" : 0,
        "bw_agg" : 0.000000,
        "bw_mean" : 0.000000,
        "bw_dev" : 0.000000,
        "bw_samples" : 0,
        "iops_min" : 0,
        "iops_max" : 0,
        "iops_mean" : 0.000000,
        "iops_stddev" : 0.000000,
        "iops_samples" : 0
      },
      "write" : {
        "io_bytes" : 12906274816,
        "io_kbytes" : 12603784,
        "bw_bytes" : 430194820,
        "bw" : 420112,
        "iops" : 52514.016199,
        "runtime" : 30001,
        "total_ios" : 1575473,
        "short_ios" : 0,
        "drop_ios" : 0,
        "slat_ns" : {
          "min" : 3200,
          "max" : 140825,
          "mean" : 3995.258352,
          "stddev" : 1570.757250,
          "N" : 1575473
        },
        "clat_ns" : {
          "min" : 4394,
          "max" : 368804,
          "mean" : 14346.136259,
          "stddev" : 1536.991726,
          "N" : 1575473,
          "percentile" : {
            "1.000000" : 13504,
            "5.000000" : 13504,
            "10.000000" : 13632,
            "20.000000" : 13632,
            "30.000000" : 13760,
            "40.000000" : 13760,
            "50.000000" : 13888,
            "60.000000" : 14016,
            "70.000000" : 14144,
            "80.000000" : 14272,
            "90.000000" : 15552,
            "95.000000" : 17792,
            "99.000000" : 19328,
            "99.500000" : 21120,
            "99.900000" : 24704,
            "99.950000" : 30592,
            "99.990000" : 58112
          }
        },
        "lat_ns" : {
          "min" : 15381,
          "max" : 427569,
          "mean" : 18446.624838,
          "stddev" : 2867.809230,
          "N" : 1575473
        },
        "bw_min" : 268256,
        "bw_max" : 449040,
        "bw_agg" : 100.000000,
        "bw_mean" : 420347.932203,
        "bw_dev" : 49883.970516,
        "bw_samples" : 59,
        "iops_min" : 33532,
        "iops_max" : 56130,
        "iops_mean" : 52543.491525,
        "iops_stddev" : 6235.496049,
        "iops_samples" : 59
      },
      "trim" : {
        "io_bytes" : 0,
        "io_kbytes" : 0,
        "bw_bytes" : 0,
        "bw" : 0,
        "iops" : 0.000000,
        "runtime" : 0,
        "total_ios" : 0,
        "short_ios" : 0,
        "drop_ios" : 0,
        "slat_ns" : {
          "min" : 0,
          "max" : 0,
          "mean" : 0.000000,
          "stddev" : 0.000000,
          "N" : 0
        },
        "clat_ns" : {
          "min" : 0,
          "max" : 0,
          "mean" : 0.000000,
          "stddev" : 0.000000,
          "N" : 0
        },
        "lat_ns" : {
          "min" : 0,
          "max" : 0,
          "mean" : 0.000000,
          "stddev" : 0.000000,
          "N" : 0
        },
        "bw_min" : 0,
        "bw_max" : 0,
        "bw_agg" : 0.000000,
        "bw_mean" : 0.000000,
        "bw_dev" : 0.000000,
        "bw_samples" : 0,
        "iops_min" : 0,
        "iops_max" : 0,
        "iops_mean" : 0.000000,
        "iops_stddev" : 0.000000,
        "iops_samples" : 0
      },
      "sync" : {
        "total_ios" : 0,
        "lat_ns" : {
          "min" : 0,
          "max" : 0,
          "mean" : 0.000000,
          "stddev" : 0.000000,
          "N" : 0
        }
      },
      "job_runtime" : 30000,
      "usr_cpu" : 7.466667,
      "sys_cpu" : 27.306667,
      "ctx" : 1575479,
      "majf" : 0,
      "minf" : 15,
      "iodepth_level" : {
        "1" : 100.000000,
        "2" : 0.000000,
        "4" : 0.000000,
        "8" : 0.000000,
        "16" : 0.000000,
        "32" : 0.000000,
        ">=64" : 0.000000
      },
      "iodepth_submit" : {
        "0" : 0.000000,
        "4" : 100.000000,
        "8" : 0.000000,
        "16" : 0.000000,
        "32" : 0.000000,
        "64" : 0.000000,
        ">=64" : 0.000000
      },
      "iodepth_complete" : {
        "0" : 0.000000,
        "4" : 100.000000,
        "8" : 0.000000,
        "16" : 0.000000,
        "32" : 0.000000,
        "64" : 0.000000,
        ">=64" : 0.000000
      },
      "latency_ns" : {
        "2" : 0.000000,
        "4" : 0.000000,
        "10" : 0.000000,
        "20" : 0.000000,
        "50" : 0.000000,
        "100" : 0.000000,
        "250" : 0.000000,
        "500" : 0.000000,
        "750" : 0.000000,
        "1000" : 0.000000
      },
      "latency_us" : {
        "2" : 0.000000,
        "4" : 0.000000,
        "10" : 0.010000,
        "20" : 99.304399,
        "50" : 0.677193,
        "100" : 0.017201,
        "250" : 0.000000,
        "500" : 0.010000,
        "750" : 0.000000,
        "1000" : 0.000000
      },
      "latency_ms" : {
        "2" : 0.000000,
        "4" : 0.000000,
        "10" : 0.000000,
        "20" : 0.000000,
        "50" : 0.000000,
        "100" : 0.000000,
        "250" : 0.000000,
        "500" : 0.000000,
        "750" : 0.000000,
        "1000" : 0.000000,
        "2000" : 0.000000,
        ">=2000" : 0.000000
      },
      "latency_depth" : 1,
      "latency_target" : 0,
      "latency_percentile" : 100.000000,
      "latency_window" : 0
    }
  ],
  "disk_util" : [
    {
      "name" : "nvme0n1",
      "read_ios" : 0,
      "write_ios" : 1570098,
      "read_merges" : 0,
      "write_merges" : 695,
      "read_ticks" : 0,
      "write_ticks" : 18412,
      "in_queue" : 18442,
      "util" : 55.383178
    }
  ]
}
