{
  "fio version" : "fio-3.28",
  "timestamp" : 1758037480,
  "timestamp_ms" : 1758037480509,
  "time" : "Tue Sep 16 11:44:40 2025",
  "jobs" : [
    {
      "jobname" : "bs_sweep_randread_16k_degraded",
      "groupid" : 0,
      "error" : 0,
      "eta" : 0,
      "elapsed" : 31,
      "job options" : {
        "name" : "bs_sweep_randread_16k_degraded",
        "filename" : "./bs_sweep_randread_16k_degraded_test",
        "size" : "1G",
        "rw" : "randread",
        "bs" : "16k",
        "direct" : "1",
        "runtime" : "30",
        "time_based" : "1",
        "ioengine" : "libaio",
        "iodepth" : "1",
        "numjobs" : "1"
      },
      "read" : {
        "io_bytes" : 4796792832,
        "io_kbytes" : 4684368,
        "bw_bytes" : 159887764,
        "bw" : 156140,
        "iops" : 9758.774708,
        "runtime" : 30001,
        "total_ios" : 292773,
        "short_ios" : 0,
        "drop_ios" : 0,
        "slat_ns" : {
          "min" : 5418,
          "max" : 453226,
          "mean" : 12037.505948,
          "stddev" : 5275.566845,
          "N" : 292773
        },
        "clat_ns" : {
          "min" : 37421,
          "max" : 8461107,
          "mean" : 88386.663435,
          "stddev" : 22811.551737,
          "N" : 292773,
          "percentile" : {
            "1.000000" : 83456,
            "5.000000" : 83456,
            "10.000000" : 84480,
            "20.000000" : 84480,
            "30.000000" : 84480,
            "40.000000" : 85504,
            "50.000000" : 85504,
            "60.000000" : 86528,
            "70.000000" : 86528,
            "80.000000" : 86528,
            "90.000000" : 87552,
            "95.000000" : 91648,
            "99.000000" : 181248,
            "99.500000" : 191488,
            "99.900000" : 205824,
            "99.950000" : 209920,
            "99.990000" : 692224
          }
        },
        "lat_ns" : {
          "min" : 83338,
          "max" : 8526081,
          "mean" : 100716.618892,
          "stddev" : 25149.527919,
          "N" : 292773
        },
        "bw_min" : 151584,
        "bw_max" : 161568,
        "bw_agg" : 100.000000,
        "bw_mean" : 156303.728814,
        "bw_dev" : 1495.847284,
        "bw_samples" : 59,
        "iops_min" : 9474,
        "iops_max" : 10098,
        "iops_mean" : 9768.983051,
        "iops_stddev" : 93.490455,
        "iops_samples" : 59
      },
      "write" : {
        "io_bytes" : 0,
        "io_kbytes" : 0,
        "bw_bytes" : 0,
        "bw" : 0,
        "iops" : 0.000000,
        "runtime" : 0,
        "total_ios" : 0,
        "short_ios" : 0,
        "drop_ios" : 0,
        "slat_ns" : {
          "min" : 0,
          "max" : 0,
          "mean" : 0.000000,
          "stddev" : 0.000000,
          "N" : 0
        },
        "clat_ns" : {
          "min" : 0,
          "max" : 0,
          "mean" : 0.000000,
          "stddev" : 0.000000,
          "N" : 0
        },
        "lat_ns" : {
          "min" : 0,
          "max" : 0,
          "mean" : 0.000000,
          "stddev" : 0.000000,
          "N" : 0
        },
        "bw_min" : 0,
        "bw_max" : 0,
        "bw_agg" : 0.000000,
        "bw_mean" : 0.000000,
        "bw_dev" : 0.000000,
        "bw_samples" : 0,
        "iops_min" : 0,
        "iops_max" : 0,
        "iops_mean" : 0.000000,
        "iops_stddev" : 0.000000,
        "iops_samples" : 0
      },
      "trim" : {
        "io_bytes" : 0,
        "io_kbytes" : 0,
        "bw_bytes" : 0,
        "bw" : 0,
        "iops" : 0.000000,
        "runtime" : 0,
        "total_ios" : 0,
        "short_ios" : 0,
        "drop_ios" : 0,
        "slat_ns" : {
          "min" : 0,
          "max" : 0,
          "mean" : 0.000000,
          "stddev" : 0.000000,
          "N" : 0
        },
        "clat_ns" : {
          "min" : 0,
          "max" : 0,
          "mean" : 0.000000,
          "stddev" : 0.000000,
          "N" : 0
        },
        "lat_ns" : {
          "min" : 0,
          "max" : 0,
          "mean" : 0.000000,
          "stddev" : 0.000000,
          "N" : 0
        },
        "bw_min" : 0,
        "bw_max" : 0,
        "bw_agg" : 0.000000,
        "bw_mean" : 0.000000,
        "bw_dev" : 0.000000,
        "bw_samples" : 0,
        "iops_min" : 0,
        "iops_max" : 0,
        "iops_mean" : 0.000000,
        "iops_stddev" : 0.000000,
        "iops_samples" : 0
      },
      "sync" : {
        "total_ios" : 0,
        "lat_ns" : {
          "min" : 0,
          "max" : 0,
          "mean" : 0.000000,
          "stddev" : 0.000000,
          "N" : 0
        }
      },
      "job_runtime" : 30000,
      "usr_cpu" : 5.163333,
      "sys_cpu" : 18.713333,
      "ctx" : 292773,
      "majf" : 0,
      "minf" : 28,
      "iodepth_level" : {
        "1" : 100.000000,
        "2" : 0.000000,
        "4" : 0.000000,
        "8" : 0.000000,
        "16" : 0.000000,
        "32" : 0.000000,
        ">=64" : 0.000000
      },
      "iodepth_submit" : {
        "0" : 0.000000,
        "4" : 100.000000,
        "8" : 0.000000,
        "16" : 0.000000,
        "32" : 0.000000,
        "64" : 0.000000,
        ">=64" : 0.000000
      },
      "iodepth_complete" : {
        "0" : 0.000000,
        "4" : 100.000000,
        "8" : 0.000000,
        "16" : 0.000000,
        "32" : 0.000000,
        "64" : 0.000000,
        ">=64" : 0.000000
      },
      "latency_ns" : {
        "2" : 0.000000,
        "4" : 0.000000,
        "10" : 0.000000,
        "20" : 0.000000,
        "50" : 0.000000,
        "100" : 0.000000,
        "250" : 0.000000,
        "500" : 0.000000,
        "750" : 0.000000,
        "1000" : 0.000000
      },
      "latency_us" : {
        "2" : 0.000000,
        "4" : 0.000000,
        "10" : 0.000000,
        "20" : 0.000000,
        "50" : 0.010000,
        "100" : 96.949855,
        "250" : 3.038532,
        "500" : 0.000000,
        "750" : 0.010000,
        "1000" : 0.010000
      },
      "latency_ms" : {
        "2" : 0.000000,
        "4" : 0.000000,
        "10" : 0.010000,
        "20" : 0.000000,
        "50" : 0.000000,
        "100" : 0.000000,
        "250" : 0.000000,
        "500" : 0.000000,
        "750" : 0.000000,
        "1000" : 0.000000,
        "2000" : 0.000000,
        ">=2000" : 0.000000
      },
      "latency_depth" : 1,
      "latency_target" : 0,
      "latency_percentile" : 100.000000,
      "latency_window" : 0
    }
  ],
  "disk_util" : [
    {
      "name" : "nvme0n1",
      "read_ios" : 292649,
      "write_ios" : 42,
      "read_merges" : 0,
      "write_merges" : 127,
      "read_ticks" : 24746,
      "write_ticks" : 91,
      "in_queue" : 24862,
      "util" : 72.507734
    }
  ]
}
