{
  "fio version" : "fio-3.28",
  "timestamp" : 1758038005,
  "timestamp_ms" : 1758038005489,
  "time" : "Tue Sep 16 11:53:25 2025",
  "jobs" : [
    {
      "jobname" : "bs_sweep_read_8k_degraded",
      "groupid" : 0,
      "error" : 0,
      "eta" : 0,
      "elapsed" : 31,
      "job options" : {
        "name" : "bs_sweep_read_8k_degraded",
        "filename" : "./bs_sweep_read_8k_degraded_test",
        "size" : "1G",
        "rw" : "read",
        "bs" : "8k",
        "direct" : "1",
        "runtime" : "30",
        "time_based" : "1",
        "ioengine" : "libaio",
        "iodepth" : "1",
        "numjobs" : "1"
      },
      "read" : {
        "io_bytes" : 9453346816,
        "io_kbytes" : 9231784,
        "bw_bytes" : 315101057,
        "bw" : 307715,
        "iops" : 38464.484517,
        "runtime" : 30001,
        "total_ios" : 1153973,
        "short_ios" : 0,
        "drop_ios" : 0,
        "slat_ns" : {
          "min" : 4314,
          "max" : 167845,
          "mean" : 7434.626552,
          "stddev" : 1080.303619,
          "N" : 1153973
        },
        "clat_ns" : {
          "min" : 763,
          "max" : 8481122,
          "mean" : 17298.024376,
          "stddev" : 8787.791869,
          "N" : 1153973,
          "percentile" : {
            "1.000000" : 13248,
            "5.000000" : 14528,
            "10.000000" : 15552,
            "20.000000" : 16512,
            "30.000000" : 17024,
            "40.000000" : 17280,
            "50.000000" : 17536,
            "60.000000" : 17536,
            "70.000000" : 17536,
            "80.000000" : 17536,
            "90.000000" : 17792,
            "95.000000" : 18048,
            "99.000000" : 22912,
            "99.500000" : 35584,
            "99.900000" : 61184,
            "99.950000" : 76288,
            "99.990000" : 152576
          }
        },
        "lat_ns" : {
          "min" : 16263,
          "max" : 8537645,
          "mean" : 24998.968757,
          "stddev" : 8990.716836,
          "N" : 1153973
        },
        "bw_min" : 292960,
        "bw_max" : 416432,
        "bw_agg" : 100.000000,
        "bw_mean" : 308097.423729,
        "bw_dev" : 23382.827170,
        "bw_samples" : 59,
        "iops_min" : 36620,
        "iops_max" : 52054,
        "iops_mean" : 38512.152542,
        "iops_stddev" : 2922.863846,
        "iops_samples" : 59
      },
      "write" : {
        "io_bytes" : 0,
        "io_kbytes" : 0,
        "bw_bytes" : 0,
        "bw" : 0,
        "iops" : 0.000000,
        "runtime" : 0,
        "total_ios" : 0,
        "short_ios" : 0,
        "drop_ios" : 0,
        "slat_ns" : {
          "min" : 0,
          "max" : 0,
          "mean" : 0.000000,
          "stddev" : 0.000000,
          "N" : 0
        },
        "clat_ns" : {
          "min" : 0,
          "max" : 0,
          "mean" : 0.000000,
          "stddev" : 0.000000,
          "N" : 0
        },
        "lat_ns" : {
          "min" : 0,
          "max" : 0,
          "mean" : 0.000000,
          "stddev" : 0.000000,
          "N" : 0
        },
        "bw_min" : 0,
        "bw_max" : 0,
        "bw_agg" : 0.000000,
        "bw_mean" : 0.000000,
        "bw_dev" : 0.000000,
        "bw_samples" : 0,
        "iops_min" : 0,
        "iops_max" : 0,
        "iops_mean" : 0.000000,
        "iops_stddev" : 0.000000,
        "iops_samples" : 0
      },
      "trim" : {
        "io_bytes" : 0,
        "io_kbytes" : 0,
        "bw_bytes" : 0,
        "bw" : 0,
        "iops" : 0.000000,
        "runtime" : 0,
        "total_ios" : 0,
        "short_ios" : 0,
        "drop_ios" : 0,
        "slat_ns" : {
          "min" : 0,
          "max" : 0,
          "mean" : 0.000000,
          "stddev" : 0.000000,
          "N" : 0
        },
        "clat_ns" : {
          "min" : 0,
          "max" : 0,
          "mean" : 0.000000,
          "stddev" : 0.000000,
          "N" : 0
        },
        "lat_ns" : {
          "min" : 0,
          "max" : 0,
          "mean" : 0.000000,
          "stddev" : 0.000000,
          "N" : 0
        },
        "bw_min" : 0,
        "bw_max" : 0,
        "bw_agg" : 0.000000,
        "bw_mean" : 0.000000,
        "bw_dev" : 0.000000,
        "bw_samples" : 0,
        "iops_min" : 0,
        "iops_max" : 0,
        "iops_mean" : 0.000000,
        "iops_stddev" : 0.000000,
        "iops_samples" : 0
      },
      "sync" : {
        "total_ios" : 0,
        "lat_ns" : {
          "min" : 0,
          "max" : 0,
          "mean" : 0.000000,
          "stddev" : 0.000000,
          "N" : 0
        }
      },
      "job_runtime" : 30000,
      "usr_cpu" : 12.506667,
      "sys_cpu" : 48.283333,
      "ctx" : 1153123,
      "majf" : 0,
      "minf" : 19,
      "iodepth_level" : {
        "1" : 100.000000,
        "2" : 0.000000,
        "4" : 0.000000,
        "8" : 0.000000,
        "16" : 0.000000,
        "32" : 0.000000,
        ">=64" : 0.000000
      },
      "iodepth_submit" : {
        "0" : 0.000000,
        "4" : 100.000000,
        "8" : 0.000000,
        "16" : 0.000000,
        "32" : 0.000000,
        "64" : 0.000000,
        ">=64" : 0.000000
      },
      "iodepth_complete" : {
        "0" : 0.000000,
        "4" : 100.000000,
        "8" : 0.000000,
        "16" : 0.000000,
        "32" : 0.000000,
        "64" : 0.000000,
        ">=64" : 0.000000
      },
      "latency_ns" : {
        "2" : 0.000000,
        "4" : 0.000000,
        "10" : 0.000000,
        "20" : 0.000000,
        "50" : 0.000000,
        "100" : 0.000000,
        "250" : 0.000000,
        "500" : 0.000000,
        "750" : 0.000000,
        "1000" : 0.010000
      },
      "latency_us" : {
        "2" : 0.023137,
        "4" : 0.010000,
        "10" : 0.025044,
        "20" : 97.935480,
        "50" : 1.699520,
        "100" : 0.286835,
        "250" : 0.029203,
        "500" : 0.000000,
        "750" : 0.010000,
        "1000" : 0.010000
      },
      "latency_ms" : {
        "2" : 0.000000,
        "4" : 0.000000,
        "10" : 0.010000,
        "20" : 0.000000,
        "50" : 0.000000,
        "100" : 0.000000,
        "250" : 0.000000,
        "500" : 0.000000,
        "750" : 0.000000,
        "1000" : 0.000000,
        "2000" : 0.000000,
        ">=2000" : 0.000000
      },
      "latency_depth" : 1,
      "latency_target" : 0,
      "latency_percentile" : 100.000000,
      "latency_window" : 0
    }
  ],
  "disk_util" : [
    {
      "name" : "nvme0n1",
      "read_ios" : 1145341,
      "write_ios" : 30,
      "read_merges" : 0,
      "write_merges" : 16,
      "read_ticks" : 16720,
      "write_ticks" : 33,
      "in_queue" : 16762,
      "util" : 54.549719
    }
  ]
}
