{
  "fio version" : "fio-3.28",
  "timestamp" : 1758037204,
  "timestamp_ms" : 1758037204345,
  "time" : "Tue Sep 16 11:40:04 2025",
  "jobs" : [
    {
      "jobname" : "bs_sweep_randwrite_16k_degraded",
      "groupid" : 0,
      "error" : 0,
      "eta" : 0,
      "elapsed" : 31,
      "job options" : {
        "name" : "bs_sweep_randwrite_16k_degraded",
        "filename" : "./bs_sweep_randwrite_16k_degraded_test",
        "size" : "1G",
        "rw" : "randwrite",
        "bs" : "16k",
        "direct" : "1",
        "runtime" : "30",
        "time_based" : "1",
        "ioengine" : "libaio",
        "iodepth" : "1",
        "numjobs" : "1"
      },
      "read" : {
        "io_bytes" : 0,
        "io_kbytes" : 0,
        "bw_bytes" : 0,
        "bw" : 0,
        "iops" : 0.000000,
        "runtime" : 0,
        "total_ios" : 0,
        "short_ios" : 0,
        "drop_ios" : 0,
        "slat_ns" : {
          "min" : 0,
          "max" : 0,
          "mean" : 0.000000,
          "stddev" : 0.000000,
          "N" : 0
        },
        "clat_ns" : {
          "min" : 0,
          "max" : 0,
          "mean" : 0.000000,
          "stddev" : 0.000000,
          "N" : 0
        },
        "lat_ns" : {
          "min" : 0,
          "max" : 0,
          "mean" : 0.000000,
          "stddev" : 0.000000,
          "N" : 0
        },
        "bw_min" : 0,
        "bw_max" : 0,
        "bw_agg" : 0.000000,
        "bw_mean" : 0.000000,
        "bw_dev" : 0.000000,
        "bw_samples" : 0,
        "iops_min" : 0,
        "iops_max" : 0,
        "iops_mean" : 0.000000,
        "iops_stddev" : 0.000000,
        "iops_samples" : 0
      },
      "write" : {
        "io_bytes" : 19721502720,
        "io_kbytes" : 19259280,
        "bw_bytes" : 657361511,
        "bw" : 641954,
        "iops" : 40122.162595,
        "runtime" : 30001,
        "total_ios" : 1203705,
        "short_ios" : 0,
        "drop_ios" : 0,
        "slat_ns" : {
          "min" : 4272,
          "max" : 345633,
          "mean" : 5594.019324,
          "stddev" : 1186.656593,
          "N" : 1203705
        },
        "clat_ns" : {
          "min" : 4525,
          "max" : 1228777,
          "mean" : 18443.456485,
          "stddev" : 3892.369175,
          "N" : 1203705,
          "percentile" : {
            "1.000000" : 17280,
            "5.000000" : 17792,
            "10.000000" : 18048,
            "20.000000" : 18048,
            "30.000000" : 18048,
            "40.000000" : 18048,
            "50.000000" : 18048,
            "60.000000" : 18304,
            "70.000000" : 18304,
            "80.000000" : 18560,
            "90.000000" : 18816,
            "95.000000" : 20096,
            "99.000000" : 21888,
            "99.500000" : 23936,
            "99.900000" : 32128,
            "99.950000" : 39680,
            "99.990000" : 156672
          }
        },
        "lat_ns" : {
          "min" : 20169,
          "max" : 1233296,
          "mean" : 24172.786895,
          "stddev" : 4205.343340,
          "N" : 1203705
        },
        "bw_min" : 504896,
        "bw_max" : 689504,
        "bw_agg" : 100.000000,
        "bw_mean" : 642452.067797,
        "bw_dev" : 32648.184990,
        "bw_samples" : 59,
        "iops_min" : 31556,
        "iops_max" : 43094,
        "iops_mean" : 40153.288136,
        "iops_stddev" : 2040.516661,
        "iops_samples" : 59
      },
      "trim" : {
        "io_bytes" : 0,
        "io_kbytes" : 0,
        "bw_bytes" : 0,
        "bw" : 0,
        "iops" : 0.000000,
        "runtime" : 0,
        "total_ios" : 0,
        "short_ios" : 0,
        "drop_ios" : 0,
        "slat_ns" : {
          "min" : 0,
          "max" : 0,
          "mean" : 0.000000,
          "stddev" : 0.000000,
          "N" : 0
        },
        "clat_ns" : {
          "min" : 0,
          "max" : 0,
          "mean" : 0.000000,
          "stddev" : 0.000000,
          "N" : 0
        },
        "lat_ns" : {
          "min" : 0,
          "max" : 0,
          "mean" : 0.000000,
          "stddev" : 0.000000,
          "N" : 0
        },
        "bw_min" : 0,
        "bw_max" : 0,
        "bw_agg" : 0.000000,
        "bw_mean" : 0.000000,
        "bw_dev" : 0.000000,
        "bw_samples" : 0,
        "iops_min" : 0,
        "iops_max" : 0,
        "iops_mean" : 0.000000,
        "iops_stddev" : 0.000000,
        "iops_samples" : 0
      },
      "sync" : {
        "total_ios" : 0,
        "lat_ns" : {
          "min" : 0,
          "max" : 0,
          "mean" : 0.000000,
          "stddev" : 0.000000,
          "N" : 0
        }
      },
      "job_runtime" : 30000,
      "usr_cpu" : 8.010000,
      "sys_cpu" : 27.856667,
      "ctx" : 1203710,
      "majf" : 0,
      "minf" : 14,
      "iodepth_level" : {
        "1" : 100.000000,
        "2" : 0.000000,
        "4" : 0.000000,
        "8" : 0.000000,
        "16" : 0.000000,
        "32" : 0.000000,
        ">=64" : 0.000000
      },
      "iodepth_submit" : {
        "0" : 0.000000,
        "4" : 100.000000,
        "8" : 0.000000,
        "16" : 0.000000,
        "32" : 0.000000,
        "64" : 0.000000,
        ">=64" : 0.000000
      },
      "iodepth_complete" : {
        "0" : 0.000000,
        "4" : 100.000000,
        "8" : 0.000000,
        "16" : 0.000000,
        "32" : 0.000000,
        "64" : 0.000000,
        ">=64" : 0.000000
      },
      "latency_ns" : {
        "2" : 0.000000,
        "4" : 0.000000,
        "10" : 0.000000,
        "20" : 0.000000,
        "50" : 0.000000,
        "100" : 0.000000,
        "250" : 0.000000,
        "500" : 0.000000,
        "750" : 0.000000,
        "1000" : 0.000000
      },
      "latency_us" : {
        "2" : 0.000000,
        "4" : 0.000000,
        "10" : 0.010000,
        "20" : 94.496824,
        "50" : 5.455323,
        "100" : 0.023345,
        "250" : 0.017695,
        "500" : 0.010000,
        "750" : 0.010000,
        "1000" : 0.010000
      },
      "latency_ms" : {
        "2" : 0.010000,
        "4" : 0.000000,
        "10" : 0.000000,
        "20" : 0.000000,
        "50" : 0.000000,
        "100" : 0.000000,
        "250" : 0.000000,
        "500" : 0.000000,
        "750" : 0.000000,
        "1000" : 0.000000,
        "2000" : 0.000000,
        ">=2000" : 0.000000
      },
      "latency_depth" : 1,
      "latency_target" : 0,
      "latency_percentile" : 100.000000,
      "latency_window" : 0
    }
  ],
  "disk_util" : [
    {
      "name" : "nvme0n1",
      "read_ios" : 0,
      "write_ios" : 1199572,
      "read_merges" : 0,
      "write_merges" : 434,
      "read_ticks" : 0,
      "write_ticks" : 18431,
      "in_queue" : 18442,
      "util" : 60.909607
    }
  ]
}
