{
  "fio version" : "fio-3.28",
  "timestamp" : 1758037821,
  "timestamp_ms" : 1758037821133,
  "time" : "Tue Sep 16 11:50:21 2025",
  "jobs" : [
    {
      "jobname" : "bs_sweep_write_64k_degraded",
      "groupid" : 0,
      "error" : 0,
      "eta" : 0,
      "elapsed" : 31,
      "job options" : {
        "name" : "bs_sweep_write_64k_degraded",
        "filename" : "./bs_sweep_write_64k_degraded_test",
        "size" : "1G",
        "rw" : "write",
        "bs" : "64k",
        "direct" : "1",
        "runtime" : "30",
        "time_based" : "1",
        "ioengine" : "libaio",
        "iodepth" : "1",
        "numjobs" : "1"
      },
      "read" : {
        "io_bytes" : 0,
        "io_kbytes" : 0,
        "bw_bytes" : 0,
        "bw" : 0,
        "iops" : 0.000000,
        "runtime" : 0,
        "total_ios" : 0,
        "short_ios" : 0,
        "drop_ios" : 0,
        "slat_ns" : {
          "min" : 0,
          "max" : 0,
          "mean" : 0.000000,
          "stddev" : 0.000000,
          "N" : 0
        },
        "clat_ns" : {
          "min" : 0,
          "max" : 0,
          "mean" : 0.000000,
          "stddev" : 0.000000,
          "N" : 0
        },
        "lat_ns" : {
          "min" : 0,
          "max" : 0,
          "mean" : 0.000000,
          "stddev" : 0.000000,
          "N" : 0
        },
        "bw_min" : 0,
        "bw_max" : 0,
        "bw_agg" : 0.000000,
        "bw_mean" : 0.000000,
        "bw_dev" : 0.000000,
        "bw_samples" : 0,
        "iops_min" : 0,
        "iops_max" : 0,
        "iops_mean" : 0.000000,
        "iops_stddev" : 0.000000,
        "iops_samples" : 0
      },
      "write" : {
        "io_bytes" : 44590039040,
        "io_kbytes" : 43544960,
        "bw_bytes" : 1486285091,
        "bw" : 1451450,
        "iops" : 22678.910703,
        "runtime" : 30001,
        "total_ios" : 680390,
        "short_ios" : 0,
        "drop_ios" : 0,
        "slat_ns" : {
          "min" : 6964,
          "max" : 358673,
          "mean" : 11297.501972,
          "stddev" : 1390.457054,
          "N" : 680390
        },
        "clat_ns" : {
          "min" : 1219,
          "max" : 3376264,
          "mean" : 31761.059810,
          "stddev" : 22140.190905,
          "N" : 680390,
          "percentile" : {
            "1.000000" : 29824,
            "5.000000" : 30592,
            "10.000000" : 30592,
            "20.000000" : 30848,
            "30.000000" : 30848,
            "40.000000" : 30848,
            "50.000000" : 31104,
            "60.000000" : 31104,
            "70.000000" : 31616,
            "80.000000" : 32640,
            "90.000000" : 33024,
            "95.000000" : 33536,
            "99.000000" : 36096,
            "99.500000" : 38144,
            "99.900000" : 55040,
            "99.950000" : 58112,
            "99.990000" : 175104
          }
        },
        "lat_ns" : {
          "min" : 35787,
          "max" : 3387489,
          "mean" : 43217.570674,
          "stddev" : 22222.357490,
          "N" : 680390
        },
        "bw_min" : 1348736,
        "bw_max" : 1518208,
        "bw_agg" : 100.000000,
        "bw_mean" : 1452370.440678,
        "bw_dev" : 46856.584178,
        "bw_samples" : 59,
        "iops_min" : 21074,
        "iops_max" : 23722,
        "iops_mean" : 22693.288136,
        "iops_stddev" : 732.134128,
        "iops_samples" : 59
      },
      "trim" : {
        "io_bytes" : 0,
        "io_kbytes" : 0,
        "bw_bytes" : 0,
        "bw" : 0,
        "iops" : 0.000000,
        "runtime" : 0,
        "total_ios" : 0,
        "short_ios" : 0,
        "drop_ios" : 0,
        "slat_ns" : {
          "min" : 0,
          "max" : 0,
          "mean" : 0.000000,
          "stddev" : 0.000000,
          "N" : 0
        },
        "clat_ns" : {
          "min" : 0,
          "max" : 0,
          "mean" : 0.000000,
          "stddev" : 0.000000,
          "N" : 0
        },
        "lat_ns" : {
          "min" : 0,
          "max" : 0,
          "mean" : 0.000000,
          "stddev" : 0.000000,
          "N" : 0
        },
        "bw_min" : 0,
        "bw_max" : 0,
        "bw_agg" : 0.000000,
        "bw_mean" : 0.000000,
        "bw_dev" : 0.000000,
        "bw_samples" : 0,
        "iops_min" : 0,
        "iops_max" : 0,
        "iops_mean" : 0.000000,
        "iops_stddev" : 0.000000,
        "iops_samples" : 0
      },
      "sync" : {
        "total_ios" : 0,
        "lat_ns" : {
          "min" : 0,
          "max" : 0,
          "mean" : 0.000000,
          "stddev" : 0.000000,
          "N" : 0
        }
      },
      "job_runtime" : 30000,
      "usr_cpu" : 8.543333,
      "sys_cpu" : 26.916667,
      "ctx" : 680395,
      "majf" : 0,
      "minf" : 26,
      "iodepth_level" : {
        "1" : 100.000000,
        "2" : 0.000000,
        "4" : 0.000000,
        "8" : 0.000000,
        "16" : 0.000000,
        "32" : 0.000000,
        ">=64" : 0.000000
      },
      "iodepth_submit" : {
        "0" : 0.000000,
        "4" : 100.000000,
        "8" : 0.000000,
        "16" : 0.000000,
        "32" : 0.000000,
        "64" : 0.000000,
        ">=64" : 0.000000
      },
      "iodepth_complete" : {
        "0" : 0.000000,
        "4" : 100.000000,
        "8" : 0.000000,
        "16" : 0.000000,
        "32" : 0.000000,
        "64" : 0.000000,
        ">=64" : 0.000000
      },
      "latency_ns" : {
        "2" : 0.000000,
        "4" : 0.000000,
        "10" : 0.000000,
        "20" : 0.000000,
        "50" : 0.000000,
        "100" : 0.000000,
        "250" : 0.000000,
        "500" : 0.000000,
        "750" : 0.000000,
        "1000" : 0.000000
      },
      "latency_us" : {
        "2" : 0.010000,
        "4" : 0.000000,
        "10" : 0.010000,
        "20" : 0.010000,
        "50" : 99.789679,
        "100" : 0.188421,
        "250" : 0.010000,
        "500" : 0.010000,
        "750" : 0.000000,
        "1000" : 0.000000
      },
      "latency_ms" : {
        "2" : 0.000000,
        "4" : 0.010000,
        "10" : 0.000000,
        "20" : 0.000000,
        "50" : 0.000000,
        "100" : 0.000000,
        "250" : 0.000000,
        "500" : 0.000000,
        "750" : 0.000000,
        "1000" : 0.000000,
        "2000" : 0.000000,
        ">=2000" : 0.000000
      },
      "latency_depth" : 1,
      "latency_target" : 0,
      "latency_percentile" : 100.000000,
      "latency_window" : 0
    }
  ],
  "disk_util" : [
    {
      "name" : "nvme0n1",
      "read_ios" : 0,
      "write_ios" : 678052,
      "read_merges" : 0,
      "write_merges" : 61,
      "read_ticks" : 0,
      "write_ticks" : 19584,
      "in_queue" : 19600,
      "util" : 57.490824
    }
  ]
}
