{
  "fio version" : "fio-3.28",
  "timestamp" : 1758037730,
  "timestamp_ms" : 1758037730150,
  "time" : "Tue Sep 16 11:48:50 2025",
  "jobs" : [
    {
      "jobname" : "bs_sweep_write_8k_degraded",
      "groupid" : 0,
      "error" : 0,
      "eta" : 0,
      "elapsed" : 31,
      "job options" : {
        "name" : "bs_sweep_write_8k_degraded",
        "filename" : "./bs_sweep_write_8k_degraded_test",
        "size" : "1G",
        "rw" : "write",
        "bs" : "8k",
        "direct" : "1",
        "runtime" : "30",
        "time_based" : "1",
        "ioengine" : "libaio",
        "iodepth" : "1",
        "numjobs" : "1"
      },
      "read" : {
        "io_bytes" : 0,
        "io_kbytes" : 0,
        "bw_bytes" : 0,
        "bw" : 0,
        "iops" : 0.000000,
        "runtime" : 0,
        "total_ios" : 0,
        "short_ios" : 0,
        "drop_ios" : 0,
        "slat_ns" : {
          "min" : 0,
          "max" : 0,
          "mean" : 0.000000,
          "stddev" : 0.000000,
          "N" : 0
        },
        "clat_ns" : {
          "min" : 0,
          "max" : 0,
          "mean" : 0.000000,
          "stddev" : 0.000000,
          "N" : 0
        },
        "lat_ns" : {
          "min" : 0,
          "max" : 0,
          "mean" : 0.000000,
          "stddev" : 0.000000,
          "N" : 0
        },
        "bw_min" : 0,
        "bw_max" : 0,
        "bw_agg" : 0.000000,
        "bw_mean" : 0.000000,
        "bw_dev" : 0.000000,
        "bw_samples" : 0,
        "iops_min" : 0,
        "iops_max" : 0,
        "iops_mean" : 0.000000,
        "iops_stddev" : 0.000000,
        "iops_samples" : 0
      },
      "write" : {
        "io_bytes" : 12695175168,
        "io_kbytes" : 12397632,
        "bw_bytes" : 423158400,
        "bw" : 413240,
        "iops" : 51655.078164,
        "runtime" : 30001,
        "total_ios" : 1549704,
        "short_ios" : 0,
        "drop_ios" : 0,
        "slat_ns" : {
          "min" : 3647,
          "max" : 89857,
          "mean" : 4110.263422,
          "stddev" : 748.259718,
          "N" : 1549704
        },
        "clat_ns" : {
          "min" : 4126,
          "max" : 456354,
          "mean" : 14592.719257,
          "stddev" : 1036.110811,
          "N" : 1549704,
          "percentile" : {
            "1.000000" : 14144,
            "5.000000" : 14144,
            "10.000000" : 14272,
            "20.000000" : 14272,
            "30.000000" : 14272,
            "40.000000" : 14272,
            "50.000000" : 14272,
            "60.000000" : 14400,
            "70.000000" : 14400,
            "80.000000" : 14528,
            "90.000000" : 15552,
            "95.000000" : 16320,
            "99.000000" : 17280,
            "99.500000" : 19072,
            "99.900000" : 23168,
            "99.950000" : 24192,
            "99.990000" : 29824
          }
        },
        "lat_ns" : {
          "min" : 16555,
          "max" : 460285,
          "mean" : 18819.700508,
          "stddev" : 1561.478440,
          "N" : 1549704
        },
        "bw_min" : 329088,
        "bw_max" : 423936,
        "bw_agg" : 100.000000,
        "bw_mean" : 413454.101695,
        "bw_dev" : 24969.032863,
        "bw_samples" : 59,
        "iops_min" : 41136,
        "iops_max" : 52992,
        "iops_mean" : 51681.762712,
        "iops_stddev" : 3121.129108,
        "iops_samples" : 59
      },
      "trim" : {
        "io_bytes" : 0,
        "io_kbytes" : 0,
        "bw_bytes" : 0,
        "bw" : 0,
        "iops" : 0.000000,
        "runtime" : 0,
        "total_ios" : 0,
        "short_ios" : 0,
        "drop_ios" : 0,
        "slat_ns" : {
          "min" : 0,
          "max" : 0,
          "mean" : 0.000000,
          "stddev" : 0.000000,
          "N" : 0
        },
        "clat_ns" : {
          "min" : 0,
          "max" : 0,
          "mean" : 0.000000,
          "stddev" : 0.000000,
          "N" : 0
        },
        "lat_ns" : {
          "min" : 0,
          "max" : 0,
          "mean" : 0.000000,
          "stddev" : 0.000000,
          "N" : 0
        },
        "bw_min" : 0,
        "bw_max" : 0,
        "bw_agg" : 0.000000,
        "bw_mean" : 0.000000,
        "bw_dev" : 0.000000,
        "bw_samples" : 0,
        "iops_min" : 0,
        "iops_max" : 0,
        "iops_mean" : 0.000000,
        "iops_stddev" : 0.000000,
        "iops_samples" : 0
      },
      "sync" : {
        "total_ios" : 0,
        "lat_ns" : {
          "min" : 0,
          "max" : 0,
          "mean" : 0.000000,
          "stddev" : 0.000000,
          "N" : 0
        }
      },
      "job_runtime" : 30000,
      "usr_cpu" : 7.320000,
      "sys_cpu" : 28.123333,
      "ctx" : 1549707,
      "majf" : 0,
      "minf" : 16,
      "iodepth_level" : {
        "1" : 100.000000,
        "2" : 0.000000,
        "4" : 0.000000,
        "8" : 0.000000,
        "16" : 0.000000,
        "32" : 0.000000,
        ">=64" : 0.000000
      },
      "iodepth_submit" : {
        "0" : 0.000000,
        "4" : 100.000000,
        "8" : 0.000000,
        "16" : 0.000000,
        "32" : 0.000000,
        "64" : 0.000000,
        ">=64" : 0.000000
      },
      "iodepth_complete" : {
        "0" : 0.000000,
        "4" : 100.000000,
        "8" : 0.000000,
        "16" : 0.000000,
        "32" : 0.000000,
        "64" : 0.000000,
        ">=64" : 0.000000
      },
      "latency_ns" : {
        "2" : 0.000000,
        "4" : 0.000000,
        "10" : 0.000000,
        "20" : 0.000000,
        "50" : 0.000000,
        "100" : 0.000000,
        "250" : 0.000000,
        "500" : 0.000000,
        "750" : 0.000000,
        "1000" : 0.000000
      },
      "latency_us" : {
        "2" : 0.000000,
        "4" : 0.000000,
        "10" : 0.010000,
        "20" : 99.547720,
        "50" : 0.445569,
        "100" : 0.010000,
        "250" : 0.010000,
        "500" : 0.010000,
        "750" : 0.000000,
        "1000" : 0.000000
      },
      "latency_ms" : {
        "2" : 0.000000,
        "4" : 0.000000,
        "10" : 0.000000,
        "20" : 0.000000,
        "50" : 0.000000,
        "100" : 0.000000,
        "250" : 0.000000,
        "500" : 0.000000,
        "750" : 0.000000,
        "1000" : 0.000000,
        "2000" : 0.000000,
        ">=2000" : 0.000000
      },
      "latency_depth" : 1,
      "latency_target" : 0,
      "latency_percentile" : 100.000000,
      "latency_window" : 0
    }
  ],
  "disk_util" : [
    {
      "name" : "nvme0n1",
      "read_ios" : 0,
      "write_ios" : 1544276,
      "read_merges" : 0,
      "write_merges" : 58,
      "read_ticks" : 0,
      "write_ticks" : 18237,
      "in_queue" : 18254,
      "util" : 56.947920
    }
  ]
}
