{
  "fio version": "fio-3.28",
  "timestamp": 1757681595,
  "timestamp_ms": 1757681595356,
  "time": "Fri Sep 12 08:53:15 2025",
  "jobs": [
    {
      "jobname": "bs_sweep_randread_128k",
      "groupid": 0,
      "error": 0,
      "eta": 0,
      "elapsed": 31,
      "job options": {
        "name": "bs_sweep_randread_128k",
        "filename": "/dev/nvme1n1",
        "rw": "randread",
        "bs": "128k",
        "iodepth": "32",
        "runtime": "30",
        "numjobs": "1",
        "time_based": "1",
        "ioengine": "libaio",
        "direct": "1",
        "group_reporting": "1"
      },
      "read": {
        "io_bytes": 181890973696,
        "io_kbytes": 177627904,
        "bw_bytes": 6062830362,
        "bw": 5920732,
        "iops": 46255.724809,
        "runtime": 30001,
        "total_ios": 1387718,
        "short_ios": 0,
        "drop_ios": 0,
        "slat_ns": {
          "min": 7172,
          "max": 257280,
          "mean": 10877.29827,
          "stddev": 3585.196281,
          "N": 1387718
        },
        "clat_ns": {
          "min": 101548,
          "max": 17576977,
          "mean": 680174.751163,
          "stddev": 506748.104527,
          "N": 1387718,
          "percentile": {
            "1.000000": 185344,
            "5.000000": 224256,
            "10.000000": 268288,
            "20.000000": 346112,
            "30.000000": 440320,
            "40.000000": 528384,
            "50.000000": 602112,
            "60.000000": 667648,
            "70.000000": 741376,
            "80.000000": 839680,
            "90.000000": 1011712,
            "95.000000": 1384448,
            "99.000000": 3227648,
            "99.500000": 3653632,
            "99.900000": 4227072,
            "99.950000": 4292608,
            "99.990000": 4620288
          }
        },
        "lat_ns": {
          "min": 110629,
          "max": 17585802,
          "mean": 691175.52675,
          "stddev": 506872.08143,
          "N": 1387718
        },
        "bw_min": 4724992,
        "bw_max": 6619648,
        "bw_agg": 99.89777,
        "bw_mean": 5914680.40678,
        "bw_dev": 716293.046452,
        "bw_samples": 59,
        "iops_min": 36914,
        "iops_max": 51716,
        "iops_mean": 46208.508475,
        "iops_stddev": 5596.119895,
        "iops_samples": 59
      },
      "write": {
        "io_bytes": 0,
        "io_kbytes": 0,
        "bw_bytes": 0,
        "bw": 0,
        "iops": 0.0,
        "runtime": 0,
        "total_ios": 0,
        "short_ios": 0,
        "drop_ios": 0,
        "slat_ns": {
          "min": 0,
          "max": 0,
          "mean": 0.0,
          "stddev": 0.0,
          "N": 0
        },
        "clat_ns": {
          "min": 0,
          "max": 0,
          "mean": 0.0,
          "stddev": 0.0,
          "N": 0
        },
        "lat_ns": {
          "min": 0,
          "max": 0,
          "mean": 0.0,
          "stddev": 0.0,
          "N": 0
        },
        "bw_min": 0,
        "bw_max": 0,
        "bw_agg": 0.0,
        "bw_mean": 0.0,
        "bw_dev": 0.0,
        "bw_samples": 0,
        "iops_min": 0,
        "iops_max": 0,
        "iops_mean": 0.0,
        "iops_stddev": 0.0,
        "iops_samples": 0
      },
      "trim": {
        "io_bytes": 0,
        "io_kbytes": 0,
        "bw_bytes": 0,
        "bw": 0,
        "iops": 0.0,
        "runtime": 0,
        "total_ios": 0,
        "short_ios": 0,
        "drop_ios": 0,
        "slat_ns": {
          "min": 0,
          "max": 0,
          "mean": 0.0,
          "stddev": 0.0,
          "N": 0
        },
        "clat_ns": {
          "min": 0,
          "max": 0,
          "mean": 0.0,
          "stddev": 0.0,
          "N": 0
        },
        "lat_ns": {
          "min": 0,
          "max": 0,
          "mean": 0.0,
          "stddev": 0.0,
          "N": 0
        },
        "bw_min": 0,
        "bw_max": 0,
        "bw_agg": 0.0,
        "bw_mean": 0.0,
        "bw_dev": 0.0,
        "bw_samples": 0,
        "iops_min": 0,
        "iops_max": 0,
        "iops_mean": 0.0,
        "iops_stddev": 0.0,
        "iops_samples": 0
      },
      "sync": {
        "total_ios": 0,
        "lat_ns": {
          "min": 0,
          "max": 0,
          "mean": 0.0,
          "stddev": 0.0,
          "N": 0
        }
      },
      "job_runtime": 30000,
      "usr_cpu": 6.803333,
      "sys_cpu": 56.99,
      "ctx": 387066,
      "majf": 0,
      "minf": 1039,
      "iodepth_level": {
        "1": 0.1,
        "2": 0.1,
        "4": 0.1,
        "8": 0.1,
        "16": 0.1,
        "32": 99.997766,
        ">=64": 0.0
      },
      "iodepth_submit": {
        "0": 0.0,
        "4": 100.0,
        "8": 0.0,
        "16": 0.0,
        "32": 0.0,
        "64": 0.0,
        ">=64": 0.0
      },
      "iodepth_complete": {
        "0": 0.0,
        "4": 99.999928,
        "8": 0.0,
        "16": 0.0,
        "32": 0.1,
        "64": 0.0,
        ">=64": 0.0
      },
      "latency_ns": {
        "2": 0.0,
        "4": 0.0,
        "10": 0.0,
        "20": 0.0,
        "50": 0.0,
        "100": 0.0,
        "250": 0.0,
        "500": 0.0,
        "750": 0.0,
        "1000": 0.0
      },
      "latency_us": {
        "2": 0.0,
        "4": 0.0,
        "10": 0.0,
        "20": 0.0,
        "50": 0.0,
        "100": 0.0,
        "250": 8.006814,
        "500": 28.798574,
        "750": 34.039337,
        "1000": 18.818449
      },
      "latency_ms": {
        "2": 7.244339,
        "4": 2.871405,
        "10": 0.220794,
        "20": 0.01,
        "50": 0.0,
        "100": 0.0,
        "250": 0.0,
        "500": 0.0,
        "750": 0.0,
        "1000": 0.0,
        "2000": 0.0,
        ">=2000": 0.0
      },
      "latency_depth": 32,
      "latency_target": 0,
      "latency_percentile": 100.0,
      "latency_window": 0
    }
  ],
  "disk_util": [
    {
      "name": "nvme1n1",
      "read_ios": 1381367,
      "write_ios": 0,
      "read_merges": 0,
      "write_merges": 0,
      "read_ticks": 904298,
      "write_ticks": 0,
      "in_queue": 904298,
      "util": 99.732942
    }
  ]
}