{
  "fio version" : "fio-3.28",
  "timestamp" : 1758037669,
  "timestamp_ms" : 1758037669487,
  "time" : "Tue Sep 16 11:47:49 2025",
  "jobs" : [
    {
      "jobname" : "bs_sweep_randread_1m_degraded",
      "groupid" : 0,
      "error" : 0,
      "eta" : 0,
      "elapsed" : 31,
      "job options" : {
        "name" : "bs_sweep_randread_1m_degraded",
        "filename" : "./bs_sweep_randread_1m_degraded_test",
        "size" : "1G",
        "rw" : "randread",
        "bs" : "1m",
        "direct" : "1",
        "runtime" : "30",
        "time_based" : "1",
        "ioengine" : "libaio",
        "iodepth" : "1",
        "numjobs" : "1"
      },
      "read" : {
        "io_bytes" : 96839139328,
        "io_kbytes" : 94569472,
        "bw_bytes" : 3227863715,
        "bw" : 3152210,
        "iops" : 3078.330722,
        "runtime" : 30001,
        "total_ios" : 92353,
        "short_ios" : 0,
        "drop_ios" : 0,
        "slat_ns" : {
          "min" : 70476,
          "max" : 614288,
          "mean" : 141783.976709,
          "stddev" : 27818.440248,
          "N" : 92353
        },
        "clat_ns" : {
          "min" : 3135,
          "max" : 8525255,
          "mean" : 181305.485550,
          "stddev" : 31678.662759,
          "N" : 92353,
          "percentile" : {
            "1.000000" : 160768,
            "5.000000" : 168960,
            "10.000000" : 168960,
            "20.000000" : 171008,
            "30.000000" : 173056,
            "40.000000" : 175104,
            "50.000000" : 175104,
            "60.000000" : 177152,
            "70.000000" : 181248,
            "80.000000" : 193536,
            "90.000000" : 203776,
            "95.000000" : 209920,
            "99.000000" : 218112,
            "99.500000" : 226304,
            "99.900000" : 236544,
            "99.950000" : 244736,
            "99.990000" : 823296
          }
        },
        "lat_ns" : {
          "min" : 263590,
          "max" : 8995106,
          "mean" : 323354.904205,
          "stddev" : 37501.479364,
          "N" : 92353
        },
        "bw_min" : 2891776,
        "bw_max" : 3696640,
        "bw_agg" : 100.000000,
        "bw_mean" : 3155030.779661,
        "bw_dev" : 206274.310540,
        "bw_samples" : 59,
        "iops_min" : 2824,
        "iops_max" : 3610,
        "iops_mean" : 3081.084746,
        "iops_stddev" : 201.442838,
        "iops_samples" : 59
      },
      "write" : {
        "io_bytes" : 0,
        "io_kbytes" : 0,
        "bw_bytes" : 0,
        "bw" : 0,
        "iops" : 0.000000,
        "runtime" : 0,
        "total_ios" : 0,
        "short_ios" : 0,
        "drop_ios" : 0,
        "slat_ns" : {
          "min" : 0,
          "max" : 0,
          "mean" : 0.000000,
          "stddev" : 0.000000,
          "N" : 0
        },
        "clat_ns" : {
          "min" : 0,
          "max" : 0,
          "mean" : 0.000000,
          "stddev" : 0.000000,
          "N" : 0
        },
        "lat_ns" : {
          "min" : 0,
          "max" : 0,
          "mean" : 0.000000,
          "stddev" : 0.000000,
          "N" : 0
        },
        "bw_min" : 0,
        "bw_max" : 0,
        "bw_agg" : 0.000000,
        "bw_mean" : 0.000000,
        "bw_dev" : 0.000000,
        "bw_samples" : 0,
        "iops_min" : 0,
        "iops_max" : 0,
        "iops_mean" : 0.000000,
        "iops_stddev" : 0.000000,
        "iops_samples" : 0
      },
      "trim" : {
        "io_bytes" : 0,
        "io_kbytes" : 0,
        "bw_bytes" : 0,
        "bw" : 0,
        "iops" : 0.000000,
        "runtime" : 0,
        "total_ios" : 0,
        "short_ios" : 0,
        "drop_ios" : 0,
        "slat_ns" : {
          "min" : 0,
          "max" : 0,
          "mean" : 0.000000,
          "stddev" : 0.000000,
          "N" : 0
        },
        "clat_ns" : {
          "min" : 0,
          "max" : 0,
          "mean" : 0.000000,
          "stddev" : 0.000000,
          "N" : 0
        },
        "lat_ns" : {
          "min" : 0,
          "max" : 0,
          "mean" : 0.000000,
          "stddev" : 0.000000,
          "N" : 0
        },
        "bw_min" : 0,
        "bw_max" : 0,
        "bw_agg" : 0.000000,
        "bw_mean" : 0.000000,
        "bw_dev" : 0.000000,
        "bw_samples" : 0,
        "iops_min" : 0,
        "iops_max" : 0,
        "iops_mean" : 0.000000,
        "iops_stddev" : 0.000000,
        "iops_samples" : 0
      },
      "sync" : {
        "total_ios" : 0,
        "lat_ns" : {
          "min" : 0,
          "max" : 0,
          "mean" : 0.000000,
          "stddev" : 0.000000,
          "N" : 0
        }
      },
      "job_runtime" : 30000,
      "usr_cpu" : 2.356667,
      "sys_cpu" : 50.160000,
      "ctx" : 92352,
      "majf" : 0,
      "minf" : 297,
      "iodepth_level" : {
        "1" : 100.000000,
        "2" : 0.000000,
        "4" : 0.000000,
        "8" : 0.000000,
        "16" : 0.000000,
        "32" : 0.000000,
        ">=64" : 0.000000
      },
      "iodepth_submit" : {
        "0" : 0.000000,
        "4" : 100.000000,
        "8" : 0.000000,
        "16" : 0.000000,
        "32" : 0.000000,
        "64" : 0.000000,
        ">=64" : 0.000000
      },
      "iodepth_complete" : {
        "0" : 0.000000,
        "4" : 100.000000,
        "8" : 0.000000,
        "16" : 0.000000,
        "32" : 0.000000,
        "64" : 0.000000,
        ">=64" : 0.000000
      },
      "latency_ns" : {
        "2" : 0.000000,
        "4" : 0.000000,
        "10" : 0.000000,
        "20" : 0.000000,
        "50" : 0.000000,
        "100" : 0.000000,
        "250" : 0.000000,
        "500" : 0.000000,
        "750" : 0.000000,
        "1000" : 0.000000
      },
      "latency_us" : {
        "2" : 0.000000,
        "4" : 0.010000,
        "10" : 0.000000,
        "20" : 0.000000,
        "50" : 0.010000,
        "100" : 0.010000,
        "250" : 99.962102,
        "500" : 0.019490,
        "750" : 0.010000,
        "1000" : 0.010000
      },
      "latency_ms" : {
        "2" : 0.010000,
        "4" : 0.000000,
        "10" : 0.010000,
        "20" : 0.000000,
        "50" : 0.000000,
        "100" : 0.000000,
        "250" : 0.000000,
        "500" : 0.000000,
        "750" : 0.000000,
        "1000" : 0.000000,
        "2000" : 0.000000,
        ">=2000" : 0.000000
      },
      "latency_depth" : 1,
      "latency_target" : 0,
      "latency_percentile" : 100.000000,
      "latency_window" : 0
    }
  ],
  "disk_util" : [
    {
      "name" : "nvme0n1",
      "read_ios" : 735728,
      "write_ios" : 12,
      "read_merges" : 0,
      "write_merges" : 10,
      "read_ticks" : 104912,
      "write_ticks" : 38,
      "in_queue" : 104965,
      "util" : 41.816361
    }
  ]
}
