{
  "fio version": "fio-3.28",
  "timestamp": 1757681045,
  "timestamp_ms": 1757681045082,
  "time": "Fri Sep 12 08:44:05 2025",
  "jobs": [
    {
      "jobname": "bs_sweep_randwrite_256k",
      "groupid": 0,
      "error": 0,
      "eta": 0,
      "elapsed": 31,
      "job options": {
        "name": "bs_sweep_randwrite_256k",
        "filename": "/dev/nvme1n1",
        "rw": "randwrite",
        "bs": "256k",
        "iodepth": "32",
        "runtime": "30",
        "numjobs": "1",
        "time_based": "1",
        "ioengine": "libaio",
        "direct": "1",
        "group_reporting": "1"
      },
      "read": {
        "io_bytes": 0,
        "io_kbytes": 0,
        "bw_bytes": 0,
        "bw": 0,
        "iops": 0.0,
        "runtime": 0,
        "total_ios": 0,
        "short_ios": 0,
        "drop_ios": 0,
        "slat_ns": {
          "min": 0,
          "max": 0,
          "mean": 0.0,
          "stddev": 0.0,
          "N": 0
        },
        "clat_ns": {
          "min": 0,
          "max": 0,
          "mean": 0.0,
          "stddev": 0.0,
          "N": 0
        },
        "lat_ns": {
          "min": 0,
          "max": 0,
          "mean": 0.0,
          "stddev": 0.0,
          "N": 0
        },
        "bw_min": 0,
        "bw_max": 0,
        "bw_agg": 0.0,
        "bw_mean": 0.0,
        "bw_dev": 0.0,
        "bw_samples": 0,
        "iops_min": 0,
        "iops_max": 0,
        "iops_mean": 0.0,
        "iops_stddev": 0.0,
        "iops_samples": 0
      },
      "write": {
        "io_bytes": 51112574976,
        "io_kbytes": 49914624,
        "bw_bytes": 1703468587,
        "bw": 1663543,
        "iops": 6498.216964,
        "runtime": 30005,
        "total_ios": 194979,
        "short_ios": 0,
        "drop_ios": 0,
        "slat_ns": {
          "min": 24756,
          "max": 632713,
          "mean": 59622.705004,
          "stddev": 12568.991124,
          "N": 194979
        },
        "clat_ns": {
          "min": 2062779,
          "max": 30340757,
          "mean": 4861664.395884,
          "stddev": 1381982.320074,
          "N": 194979,
          "percentile": {
            "1.000000": 3358720,
            "5.000000": 3686400,
            "10.000000": 3850240,
            "20.000000": 4079616,
            "30.000000": 4292608,
            "40.000000": 4554752,
            "50.000000": 4751360,
            "60.000000": 5013504,
            "70.000000": 5210112,
            "80.000000": 5406720,
            "90.000000": 5734400,
            "95.000000": 5996544,
            "99.000000": 7503872,
            "99.500000": 9502720,
            "99.900000": 26607616,
            "99.950000": 27131904,
            "99.990000": 27656192
          }
        },
        "lat_ns": {
          "min": 2146430,
          "max": 30424662,
          "mean": 4921695.007088,
          "stddev": 1381049.827304,
          "N": 194979
        },
        "bw_min": 1533440,
        "bw_max": 2013696,
        "bw_agg": 100.0,
        "bw_mean": 1665015.322034,
        "bw_dev": 85558.401407,
        "bw_samples": 59,
        "iops_min": 5990,
        "iops_max": 7866,
        "iops_mean": 6503.966102,
        "iops_stddev": 334.212505,
        "iops_samples": 59
      },
      "trim": {
        "io_bytes": 0,
        "io_kbytes": 0,
        "bw_bytes": 0,
        "bw": 0,
        "iops": 0.0,
        "runtime": 0,
        "total_ios": 0,
        "short_ios": 0,
        "drop_ios": 0,
        "slat_ns": {
          "min": 0,
          "max": 0,
          "mean": 0.0,
          "stddev": 0.0,
          "N": 0
        },
        "clat_ns": {
          "min": 0,
          "max": 0,
          "mean": 0.0,
          "stddev": 0.0,
          "N": 0
        },
        "lat_ns": {
          "min": 0,
          "max": 0,
          "mean": 0.0,
          "stddev": 0.0,
          "N": 0
        },
        "bw_min": 0,
        "bw_max": 0,
        "bw_agg": 0.0,
        "bw_mean": 0.0,
        "bw_dev": 0.0,
        "bw_samples": 0,
        "iops_min": 0,
        "iops_max": 0,
        "iops_mean": 0.0,
        "iops_stddev": 0.0,
        "iops_samples": 0
      },
      "sync": {
        "total_ios": 0,
        "lat_ns": {
          "min": 0,
          "max": 0,
          "mean": 0.0,
          "stddev": 0.0,
          "N": 0
        }
      },
      "job_runtime": 30004,
      "usr_cpu": 12.7483,
      "sys_cpu": 36.665111,
      "ctx": 123407,
      "majf": 0,
      "minf": 20,
      "iodepth_level": {
        "1": 0.1,
        "2": 0.1,
        "4": 0.1,
        "8": 0.1,
        "16": 0.1,
        "32": 99.984101,
        ">=64": 0.0
      },
      "iodepth_submit": {
        "0": 0.0,
        "4": 100.0,
        "8": 0.0,
        "16": 0.0,
        "32": 0.0,
        "64": 0.0,
        ">=64": 0.0
      },
      "iodepth_complete": {
        "0": 0.0,
        "4": 99.999487,
        "8": 0.0,
        "16": 0.0,
        "32": 0.1,
        "64": 0.0,
        ">=64": 0.0
      },
      "latency_ns": {
        "2": 0.0,
        "4": 0.0,
        "10": 0.0,
        "20": 0.0,
        "50": 0.0,
        "100": 0.0,
        "250": 0.0,
        "500": 0.0,
        "750": 0.0,
        "1000": 0.0
      },
      "latency_us": {
        "2": 0.0,
        "4": 0.0,
        "10": 0.0,
        "20": 0.0,
        "50": 0.0,
        "100": 0.0,
        "250": 0.0,
        "500": 0.0,
        "750": 0.0,
        "1000": 0.0
      },
      "latency_ms": {
        "2": 0.0,
        "4": 15.751953,
        "10": 83.812103,
        "20": 0.172839,
        "50": 0.263105,
        "100": 0.0,
        "250": 0.0,
        "500": 0.0,
        "750": 0.0,
        "1000": 0.0,
        "2000": 0.0,
        ">=2000": 0.0
      },
      "latency_depth": 32,
      "latency_target": 0,
      "latency_percentile": 100.0,
      "latency_window": 0
    }
  ],
  "disk_util": [
    {
      "name": "nvme1n1",
      "read_ios": 99,
      "write_ios": 388101,
      "read_merges": 0,
      "write_merges": 0,
      "read_ticks": 5,
      "write_ticks": 1864467,
      "in_queue": 1864472,
      "util": 99.729567
    }
  ]
}