{
  "fio version": "fio-3.28",
  "timestamp": 1757681077,
  "timestamp_ms": 1757681077485,
  "time": "Fri Sep 12 08:44:37 2025",
  "jobs": [
    {
      "jobname": "bs_sweep_randwrite_512k",
      "groupid": 0,
      "error": 0,
      "eta": 0,
      "elapsed": 31,
      "job options": {
        "name": "bs_sweep_randwrite_512k",
        "filename": "/dev/nvme1n1",
        "rw": "randwrite",
        "bs": "512k",
        "iodepth": "32",
        "runtime": "30",
        "numjobs": "1",
        "time_based": "1",
        "ioengine": "libaio",
        "direct": "1",
        "group_reporting": "1"
      },
      "read": {
        "io_bytes": 0,
        "io_kbytes": 0,
        "bw_bytes": 0,
        "bw": 0,
        "iops": 0.0,
        "runtime": 0,
        "total_ios": 0,
        "short_ios": 0,
        "drop_ios": 0,
        "slat_ns": {
          "min": 0,
          "max": 0,
          "mean": 0.0,
          "stddev": 0.0,
          "N": 0
        },
        "clat_ns": {
          "min": 0,
          "max": 0,
          "mean": 0.0,
          "stddev": 0.0,
          "N": 0
        },
        "lat_ns": {
          "min": 0,
          "max": 0,
          "mean": 0.0,
          "stddev": 0.0,
          "N": 0
        },
        "bw_min": 0,
        "bw_max": 0,
        "bw_agg": 0.0,
        "bw_mean": 0.0,
        "bw_dev": 0.0,
        "bw_samples": 0,
        "iops_min": 0,
        "iops_max": 0,
        "iops_mean": 0.0,
        "iops_stddev": 0.0,
        "iops_samples": 0
      },
      "write": {
        "io_bytes": 53045886976,
        "io_kbytes": 51802624,
        "bw_bytes": 1767665932,
        "bw": 1726236,
        "iops": 3371.5552,
        "runtime": 30009,
        "total_ios": 101177,
        "short_ios": 0,
        "drop_ios": 0,
        "slat_ns": {
          "min": 52253,
          "max": 634480,
          "mean": 128387.997055,
          "stddev": 20554.130957,
          "N": 101177
        },
        "clat_ns": {
          "min": 2723112,
          "max": 36131810,
          "mean": 9358749.041818,
          "stddev": 1933933.329817,
          "N": 101177,
          "percentile": {
            "1.000000": 6324224,
            "5.000000": 7045120,
            "10.000000": 7831552,
            "20.000000": 8585216,
            "30.000000": 8978432,
            "40.000000": 9240576,
            "50.000000": 9371648,
            "60.000000": 9633792,
            "70.000000": 9764864,
            "80.000000": 10027008,
            "90.000000": 10420224,
            "95.000000": 10682368,
            "99.000000": 11993088,
            "99.500000": 28442624,
            "99.900000": 31850496,
            "99.950000": 32374784,
            "99.990000": 34865152
          }
        },
        "lat_ns": {
          "min": 2798002,
          "max": 36260679,
          "mean": 9487573.608577,
          "stddev": 1933115.685794,
          "N": 101177
        },
        "bw_min": 1580032,
        "bw_max": 2270208,
        "bw_agg": 100.0,
        "bw_mean": 1729015.322034,
        "bw_dev": 129607.873999,
        "bw_samples": 59,
        "iops_min": 3086,
        "iops_max": 4434,
        "iops_mean": 3376.983051,
        "iops_stddev": 253.180969,
        "iops_samples": 59
      },
      "trim": {
        "io_bytes": 0,
        "io_kbytes": 0,
        "bw_bytes": 0,
        "bw": 0,
        "iops": 0.0,
        "runtime": 0,
        "total_ios": 0,
        "short_ios": 0,
        "drop_ios": 0,
        "slat_ns": {
          "min": 0,
          "max": 0,
          "mean": 0.0,
          "stddev": 0.0,
          "N": 0
        },
        "clat_ns": {
          "min": 0,
          "max": 0,
          "mean": 0.0,
          "stddev": 0.0,
          "N": 0
        },
        "lat_ns": {
          "min": 0,
          "max": 0,
          "mean": 0.0,
          "stddev": 0.0,
          "N": 0
        },
        "bw_min": 0,
        "bw_max": 0,
        "bw_agg": 0.0,
        "bw_mean": 0.0,
        "bw_dev": 0.0,
        "bw_samples": 0,
        "iops_min": 0,
        "iops_max": 0,
        "iops_mean": 0.0,
        "iops_stddev": 0.0,
        "iops_samples": 0
      },
      "sync": {
        "total_ios": 0,
        "lat_ns": {
          "min": 0,
          "max": 0,
          "mean": 0.0,
          "stddev": 0.0,
          "N": 0
        }
      },
      "job_runtime": 30008,
      "usr_cpu": 16.678886,
      "sys_cpu": 34.66409,
      "ctx": 70435,
      "majf": 0,
      "minf": 12,
      "iodepth_level": {
        "1": 0.1,
        "2": 0.1,
        "4": 0.1,
        "8": 0.1,
        "16": 0.1,
        "32": 99.969361,
        ">=64": 0.0
      },
      "iodepth_submit": {
        "0": 0.0,
        "4": 100.0,
        "8": 0.0,
        "16": 0.0,
        "32": 0.0,
        "64": 0.0,
        ">=64": 0.0
      },
      "iodepth_complete": {
        "0": 0.0,
        "4": 99.999011,
        "8": 0.0,
        "16": 0.0,
        "32": 0.1,
        "64": 0.0,
        ">=64": 0.0
      },
      "latency_ns": {
        "2": 0.0,
        "4": 0.0,
        "10": 0.0,
        "20": 0.0,
        "50": 0.0,
        "100": 0.0,
        "250": 0.0,
        "500": 0.0,
        "750": 0.0,
        "1000": 0.0
      },
      "latency_us": {
        "2": 0.0,
        "4": 0.0,
        "10": 0.0,
        "20": 0.0,
        "50": 0.0,
        "100": 0.0,
        "250": 0.0,
        "500": 0.0,
        "750": 0.0,
        "1000": 0.0
      },
      "latency_ms": {
        "2": 0.0,
        "4": 0.017791,
        "10": 79.186969,
        "20": 20.257568,
        "50": 0.537672,
        "100": 0.0,
        "250": 0.0,
        "500": 0.0,
        "750": 0.0,
        "1000": 0.0,
        "2000": 0.0,
        ">=2000": 0.0
      },
      "latency_depth": 32,
      "latency_target": 0,
      "latency_percentile": 100.0,
      "latency_window": 0
    }
  ],
  "disk_util": [
    {
      "name": "nvme1n1",
      "read_ios": 0,
      "write_ios": 402663,
      "read_merges": 0,
      "write_merges": 0,
      "read_ticks": 0,
      "write_ticks": 3716457,
      "in_queue": 3716457,
      "util": 99.73613
    }
  ]
}