{
  "fio version" : "fio-3.28",
  "timestamp" : 1758037881,
  "timestamp_ms" : 1758037881791,
  "time" : "Tue Sep 16 11:51:21 2025",
  "jobs" : [
    {
      "jobname" : "bs_sweep_write_256k_degraded",
      "groupid" : 0,
      "error" : 0,
      "eta" : 0,
      "elapsed" : 31,
      "job options" : {
        "name" : "bs_sweep_write_256k_degraded",
        "filename" : "./bs_sweep_write_256k_degraded_test",
        "size" : "1G",
        "rw" : "write",
        "bs" : "256k",
        "direct" : "1",
        "runtime" : "30",
        "time_based" : "1",
        "ioengine" : "libaio",
        "iodepth" : "1",
        "numjobs" : "1"
      },
      "read" : {
        "io_bytes" : 0,
        "io_kbytes" : 0,
        "bw_bytes" : 0,
        "bw" : 0,
        "iops" : 0.000000,
        "runtime" : 0,
        "total_ios" : 0,
        "short_ios" : 0,
        "drop_ios" : 0,
        "slat_ns" : {
          "min" : 0,
          "max" : 0,
          "mean" : 0.000000,
          "stddev" : 0.000000,
          "N" : 0
        },
        "clat_ns" : {
          "min" : 0,
          "max" : 0,
          "mean" : 0.000000,
          "stddev" : 0.000000,
          "N" : 0
        },
        "lat_ns" : {
          "min" : 0,
          "max" : 0,
          "mean" : 0.000000,
          "stddev" : 0.000000,
          "N" : 0
        },
        "bw_min" : 0,
        "bw_max" : 0,
        "bw_agg" : 0.000000,
        "bw_mean" : 0.000000,
        "bw_dev" : 0.000000,
        "bw_samples" : 0,
        "iops_min" : 0,
        "iops_max" : 0,
        "iops_mean" : 0.000000,
        "iops_stddev" : 0.000000,
        "iops_samples" : 0
      },
      "write" : {
        "io_bytes" : 65159561216,
        "io_kbytes" : 63632384,
        "bw_bytes" : 2171912976,
        "bw" : 2121008,
        "iops" : 8285.190494,
        "runtime" : 30001,
        "total_ios" : 248564,
        "short_ios" : 0,
        "drop_ios" : 0,
        "slat_ns" : {
          "min" : 42279,
          "max" : 622740,
          "mean" : 48270.904491,
          "stddev" : 4107.169828,
          "N" : 248564
        },
        "clat_ns" : {
          "min" : 11764,
          "max" : 8501400,
          "mean" : 70599.295308,
          "stddev" : 57026.936034,
          "N" : 248564,
          "percentile" : {
            "1.000000" : 63232,
            "5.000000" : 68096,
            "10.000000" : 68096,
            "20.000000" : 69120,
            "30.000000" : 69120,
            "40.000000" : 69120,
            "50.000000" : 69120,
            "60.000000" : 69120,
            "70.000000" : 70144,
            "80.000000" : 70144,
            "90.000000" : 71168,
            "95.000000" : 73216,
            "99.000000" : 77312,
            "99.500000" : 82432,
            "99.900000" : 101888,
            "99.950000" : 138240,
            "99.990000" : 3489792
          }
        },
        "lat_ns" : {
          "min" : 110431,
          "max" : 8582694,
          "mean" : 119183.845448,
          "stddev" : 57204.450418,
          "N" : 248564
        },
        "bw_min" : 1826816,
        "bw_max" : 2159104,
        "bw_agg" : 100.000000,
        "bw_mean" : 2122682.576271,
        "bw_dev" : 44943.353365,
        "bw_samples" : 59,
        "iops_min" : 7136,
        "iops_max" : 8434,
        "iops_mean" : 8291.728814,
        "iops_stddev" : 175.559974,
        "iops_samples" : 59
      },
      "trim" : {
        "io_bytes" : 0,
        "io_kbytes" : 0,
        "bw_bytes" : 0,
        "bw" : 0,
        "iops" : 0.000000,
        "runtime" : 0,
        "total_ios" : 0,
        "short_ios" : 0,
        "drop_ios" : 0,
        "slat_ns" : {
          "min" : 0,
          "max" : 0,
          "mean" : 0.000000,
          "stddev" : 0.000000,
          "N" : 0
        },
        "clat_ns" : {
          "min" : 0,
          "max" : 0,
          "mean" : 0.000000,
          "stddev" : 0.000000,
          "N" : 0
        },
        "lat_ns" : {
          "min" : 0,
          "max" : 0,
          "mean" : 0.000000,
          "stddev" : 0.000000,
          "N" : 0
        },
        "bw_min" : 0,
        "bw_max" : 0,
        "bw_agg" : 0.000000,
        "bw_mean" : 0.000000,
        "bw_dev" : 0.000000,
        "bw_samples" : 0,
        "iops_min" : 0,
        "iops_max" : 0,
        "iops_mean" : 0.000000,
        "iops_stddev" : 0.000000,
        "iops_samples" : 0
      },
      "sync" : {
        "total_ios" : 0,
        "lat_ns" : {
          "min" : 0,
          "max" : 0,
          "mean" : 0.000000,
          "stddev" : 0.000000,
          "N" : 0
        }
      },
      "job_runtime" : 30000,
      "usr_cpu" : 9.256667,
      "sys_cpu" : 37.023333,
      "ctx" : 248570,
      "majf" : 0,
      "minf" : 24,
      "iodepth_level" : {
        "1" : 100.000000,
        "2" : 0.000000,
        "4" : 0.000000,
        "8" : 0.000000,
        "16" : 0.000000,
        "32" : 0.000000,
        ">=64" : 0.000000
      },
      "iodepth_submit" : {
        "0" : 0.000000,
        "4" : 100.000000,
        "8" : 0.000000,
        "16" : 0.000000,
        "32" : 0.000000,
        "64" : 0.000000,
        ">=64" : 0.000000
      },
      "iodepth_complete" : {
        "0" : 0.000000,
        "4" : 100.000000,
        "8" : 0.000000,
        "16" : 0.000000,
        "32" : 0.000000,
        "64" : 0.000000,
        ">=64" : 0.000000
      },
      "latency_ns" : {
        "2" : 0.000000,
        "4" : 0.000000,
        "10" : 0.000000,
        "20" : 0.000000,
        "50" : 0.000000,
        "100" : 0.000000,
        "250" : 0.000000,
        "500" : 0.000000,
        "750" : 0.000000,
        "1000" : 0.000000
      },
      "latency_us" : {
        "2" : 0.000000,
        "4" : 0.000000,
        "10" : 0.000000,
        "20" : 0.010000,
        "50" : 0.012874,
        "100" : 99.853157,
        "250" : 0.100175,
        "500" : 0.010000,
        "750" : 0.010000,
        "1000" : 0.000000
      },
      "latency_ms" : {
        "2" : 0.010000,
        "4" : 0.023334,
        "10" : 0.010000,
        "20" : 0.000000,
        "50" : 0.000000,
        "100" : 0.000000,
        "250" : 0.000000,
        "500" : 0.000000,
        "750" : 0.000000,
        "1000" : 0.000000,
        "2000" : 0.000000,
        ">=2000" : 0.000000
      },
      "latency_depth" : 1,
      "latency_target" : 0,
      "latency_percentile" : 100.000000,
      "latency_window" : 0
    }
  ],
  "disk_util" : [
    {
      "name" : "nvme0n1",
      "read_ios" : 0,
      "write_ios" : 495373,
      "read_merges" : 0,
      "write_merges" : 37,
      "read_ticks" : 0,
      "write_ticks" : 32403,
      "in_queue" : 32415,
      "util" : 56.423090
    }
  ]
}
