{
  "fio version" : "fio-3.28",
  "timestamp" : 1758038037,
  "timestamp_ms" : 1758038037316,
  "time" : "Tue Sep 16 11:53:57 2025",
  "jobs" : [
    {
      "jobname" : "bs_sweep_read_16k_degraded",
      "groupid" : 0,
      "error" : 0,
      "eta" : 0,
      "elapsed" : 31,
      "job options" : {
        "name" : "bs_sweep_read_16k_degraded",
        "filename" : "./bs_sweep_read_16k_degraded_test",
        "size" : "1G",
        "rw" : "read",
        "bs" : "16k",
        "direct" : "1",
        "runtime" : "30",
        "time_based" : "1",
        "ioengine" : "libaio",
        "iodepth" : "1",
        "numjobs" : "1"
      },
      "read" : {
        "io_bytes" : 15251177472,
        "io_kbytes" : 14893728,
        "bw_bytes" : 508355637,
        "bw" : 496441,
        "iops" : 31027.565748,
        "runtime" : 30001,
        "total_ios" : 930858,
        "short_ios" : 0,
        "drop_ios" : 0,
        "slat_ns" : {
          "min" : 4254,
          "max" : 511332,
          "mean" : 9889.544303,
          "stddev" : 1194.904835,
          "N" : 930858
        },
        "clat_ns" : {
          "min" : 1348,
          "max" : 8449270,
          "mean" : 20913.234028,
          "stddev" : 9932.085413,
          "N" : 930858,
          "percentile" : {
            "1.000000" : 19584,
            "5.000000" : 19840,
            "10.000000" : 20096,
            "20.000000" : 20096,
            "30.000000" : 20096,
            "40.000000" : 20352,
            "50.000000" : 20352,
            "60.000000" : 20352,
            "70.000000" : 20352,
            "80.000000" : 20608,
            "90.000000" : 20864,
            "95.000000" : 21376,
            "99.000000" : 39680,
            "99.500000" : 70144,
            "99.900000" : 71168,
            "99.950000" : 76288,
            "99.990000" : 111104
          }
        },
        "lat_ns" : {
          "min" : 19445,
          "max" : 8502588,
          "mean" : 31047.948089,
          "stddev" : 10068.082725,
          "N" : 930858
        },
        "bw_min" : 476320,
        "bw_max" : 509216,
        "bw_agg" : 100.000000,
        "bw_mean" : 497061.423729,
        "bw_dev" : 7468.941623,
        "bw_samples" : 59,
        "iops_min" : 29770,
        "iops_max" : 31826,
        "iops_mean" : 31066.338983,
        "iops_stddev" : 466.808851,
        "iops_samples" : 59
      },
      "write" : {
        "io_bytes" : 0,
        "io_kbytes" : 0,
        "bw_bytes" : 0,
        "bw" : 0,
        "iops" : 0.000000,
        "runtime" : 0,
        "total_ios" : 0,
        "short_ios" : 0,
        "drop_ios" : 0,
        "slat_ns" : {
          "min" : 0,
          "max" : 0,
          "mean" : 0.000000,
          "stddev" : 0.000000,
          "N" : 0
        },
        "clat_ns" : {
          "min" : 0,
          "max" : 0,
          "mean" : 0.000000,
          "stddev" : 0.000000,
          "N" : 0
        },
        "lat_ns" : {
          "min" : 0,
          "max" : 0,
          "mean" : 0.000000,
          "stddev" : 0.000000,
          "N" : 0
        },
        "bw_min" : 0,
        "bw_max" : 0,
        "bw_agg" : 0.000000,
        "bw_mean" : 0.000000,
        "bw_dev" : 0.000000,
        "bw_samples" : 0,
        "iops_min" : 0,
        "iops_max" : 0,
        "iops_mean" : 0.000000,
        "iops_stddev" : 0.000000,
        "iops_samples" : 0
      },
      "trim" : {
        "io_bytes" : 0,
        "io_kbytes" : 0,
        "bw_bytes" : 0,
        "bw" : 0,
        "iops" : 0.000000,
        "runtime" : 0,
        "total_ios" : 0,
        "short_ios" : 0,
        "drop_ios" : 0,
        "slat_ns" : {
          "min" : 0,
          "max" : 0,
          "mean" : 0.000000,
          "stddev" : 0.000000,
          "N" : 0
        },
        "clat_ns" : {
          "min" : 0,
          "max" : 0,
          "mean" : 0.000000,
          "stddev" : 0.000000,
          "N" : 0
        },
        "lat_ns" : {
          "min" : 0,
          "max" : 0,
          "mean" : 0.000000,
          "stddev" : 0.000000,
          "N" : 0
        },
        "bw_min" : 0,
        "bw_max" : 0,
        "bw_agg" : 0.000000,
        "bw_mean" : 0.000000,
        "bw_dev" : 0.000000,
        "bw_samples" : 0,
        "iops_min" : 0,
        "iops_max" : 0,
        "iops_mean" : 0.000000,
        "iops_stddev" : 0.000000,
        "iops_samples" : 0
      },
      "sync" : {
        "total_ios" : 0,
        "lat_ns" : {
          "min" : 0,
          "max" : 0,
          "mean" : 0.000000,
          "stddev" : 0.000000,
          "N" : 0
        }
      },
      "job_runtime" : 30000,
      "usr_cpu" : 11.490000,
      "sys_cpu" : 49.996667,
      "ctx" : 930424,
      "majf" : 0,
      "minf" : 47,
      "iodepth_level" : {
        "1" : 100.000000,
        "2" : 0.000000,
        "4" : 0.000000,
        "8" : 0.000000,
        "16" : 0.000000,
        "32" : 0.000000,
        ">=64" : 0.000000
      },
      "iodepth_submit" : {
        "0" : 0.000000,
        "4" : 100.000000,
        "8" : 0.000000,
        "16" : 0.000000,
        "32" : 0.000000,
        "64" : 0.000000,
        ">=64" : 0.000000
      },
      "iodepth_complete" : {
        "0" : 0.000000,
        "4" : 100.000000,
        "8" : 0.000000,
        "16" : 0.000000,
        "32" : 0.000000,
        "64" : 0.000000,
        ">=64" : 0.000000
      },
      "latency_ns" : {
        "2" : 0.000000,
        "4" : 0.000000,
        "10" : 0.000000,
        "20" : 0.000000,
        "50" : 0.000000,
        "100" : 0.000000,
        "250" : 0.000000,
        "500" : 0.000000,
        "750" : 0.000000,
        "1000" : 0.000000
      },
      "latency_us" : {
        "2" : 0.020304,
        "4" : 0.010000,
        "10" : 0.010000,
        "20" : 7.500392,
        "50" : 91.781024,
        "100" : 0.667449,
        "250" : 0.023204,
        "500" : 0.000000,
        "750" : 0.000000,
        "1000" : 0.000000
      },
      "latency_ms" : {
        "2" : 0.000000,
        "4" : 0.000000,
        "10" : 0.010000,
        "20" : 0.000000,
        "50" : 0.000000,
        "100" : 0.000000,
        "250" : 0.000000,
        "500" : 0.000000,
        "750" : 0.000000,
        "1000" : 0.000000,
        "2000" : 0.000000,
        ">=2000" : 0.000000
      },
      "latency_depth" : 1,
      "latency_target" : 0,
      "latency_percentile" : 100.000000,
      "latency_window" : 0
    }
  ],
  "disk_util" : [
    {
      "name" : "nvme0n1",
      "read_ios" : 927603,
      "write_ios" : 169,
      "read_merges" : 0,
      "write_merges" : 45,
      "read_ticks" : 16833,
      "write_ticks" : 42,
      "in_queue" : 16884,
      "util" : 52.902903
    }
  ]
}
