{
  "fio version": "fio-3.28",
  "timestamp": 1757681109,
  "timestamp_ms": 1757681109911,
  "time": "Fri Sep 12 08:45:09 2025",
  "jobs": [
    {
      "jobname": "bs_sweep_randwrite_1m",
      "groupid": 0,
      "error": 0,
      "eta": 0,
      "elapsed": 31,
      "job options": {
        "name": "bs_sweep_randwrite_1m",
        "filename": "/dev/nvme1n1",
        "rw": "randwrite",
        "bs": "1m",
        "iodepth": "32",
        "runtime": "30",
        "numjobs": "1",
        "time_based": "1",
        "ioengine": "libaio",
        "direct": "1",
        "group_reporting": "1"
      },
      "read": {
        "io_bytes": 0,
        "io_kbytes": 0,
        "bw_bytes": 0,
        "bw": 0,
        "iops": 0.0,
        "runtime": 0,
        "total_ios": 0,
        "short_ios": 0,
        "drop_ios": 0,
        "slat_ns": {
          "min": 0,
          "max": 0,
          "mean": 0.0,
          "stddev": 0.0,
          "N": 0
        },
        "clat_ns": {
          "min": 0,
          "max": 0,
          "mean": 0.0,
          "stddev": 0.0,
          "N": 0
        },
        "lat_ns": {
          "min": 0,
          "max": 0,
          "mean": 0.0,
          "stddev": 0.0,
          "N": 0
        },
        "bw_min": 0,
        "bw_max": 0,
        "bw_agg": 0.0,
        "bw_mean": 0.0,
        "bw_dev": 0.0,
        "bw_samples": 0,
        "iops_min": 0,
        "iops_max": 0,
        "iops_mean": 0.0,
        "iops_stddev": 0.0,
        "iops_samples": 0
      },
      "write": {
        "io_bytes": 52741275648,
        "io_kbytes": 51505152,
        "bw_bytes": 1756929799,
        "bw": 1715751,
        "iops": 1675.538825,
        "runtime": 30019,
        "total_ios": 50298,
        "short_ios": 0,
        "drop_ios": 0,
        "slat_ns": {
          "min": 95995,
          "max": 1029989,
          "mean": 272009.794863,
          "stddev": 38112.285326,
          "N": 50298
        },
        "clat_ns": {
          "min": 4219787,
          "max": 48593498,
          "mean": 18819573.644916,
          "stddev": 2954708.552164,
          "N": 50298,
          "percentile": {
            "1.000000": 13303808,
            "5.000000": 14352384,
            "10.000000": 16318464,
            "20.000000": 17694720,
            "30.000000": 17956864,
            "40.000000": 18481152,
            "50.000000": 18743296,
            "60.000000": 19005440,
            "70.000000": 19529728,
            "80.000000": 20054016,
            "90.000000": 20578304,
            "95.000000": 21364736,
            "99.000000": 33423360,
            "99.500000": 40632320,
            "99.900000": 45875200,
            "99.950000": 46923776,
            "99.990000": 47972352
          }
        },
        "lat_ns": {
          "min": 4346699,
          "max": 48866525,
          "mean": 19092147.457832,
          "stddev": 2953478.342706,
          "N": 50298
        },
        "bw_min": 1585152,
        "bw_max": 2146304,
        "bw_agg": 100.0,
        "bw_mean": 1717625.694915,
        "bw_dev": 111332.482597,
        "bw_samples": 59,
        "iops_min": 1548,
        "iops_max": 2096,
        "iops_mean": 1677.355932,
        "iops_stddev": 108.730252,
        "iops_samples": 59
      },
      "trim": {
        "io_bytes": 0,
        "io_kbytes": 0,
        "bw_bytes": 0,
        "bw": 0,
        "iops": 0.0,
        "runtime": 0,
        "total_ios": 0,
        "short_ios": 0,
        "drop_ios": 0,
        "slat_ns": {
          "min": 0,
          "max": 0,
          "mean": 0.0,
          "stddev": 0.0,
          "N": 0
        },
        "clat_ns": {
          "min": 0,
          "max": 0,
          "mean": 0.0,
          "stddev": 0.0,
          "N": 0
        },
        "lat_ns": {
          "min": 0,
          "max": 0,
          "mean": 0.0,
          "stddev": 0.0,
          "N": 0
        },
        "bw_min": 0,
        "bw_max": 0,
        "bw_agg": 0.0,
        "bw_mean": 0.0,
        "bw_dev": 0.0,
        "bw_samples": 0,
        "iops_min": 0,
        "iops_max": 0,
        "iops_mean": 0.0,
        "iops_stddev": 0.0,
        "iops_samples": 0
      },
      "sync": {
        "total_ios": 0,
        "lat_ns": {
          "min": 0,
          "max": 0,
          "mean": 0.0,
          "stddev": 0.0,
          "N": 0
        }
      },
      "job_runtime": 30018,
      "usr_cpu": 19.17183,
      "sys_cpu": 33.786395,
      "ctx": 39731,
      "majf": 0,
      "minf": 19,
      "iodepth_level": {
        "1": 0.1,
        "2": 0.1,
        "4": 0.1,
        "8": 0.1,
        "16": 0.1,
        "32": 99.938367,
        ">=64": 0.0
      },
      "iodepth_submit": {
        "0": 0.0,
        "4": 100.0,
        "8": 0.0,
        "16": 0.0,
        "32": 0.0,
        "64": 0.0,
        ">=64": 0.0
      },
      "iodepth_complete": {
        "0": 0.0,
        "4": 99.998011,
        "8": 0.0,
        "16": 0.0,
        "32": 0.1,
        "64": 0.0,
        ">=64": 0.0
      },
      "latency_ns": {
        "2": 0.0,
        "4": 0.0,
        "10": 0.0,
        "20": 0.0,
        "50": 0.0,
        "100": 0.0,
        "250": 0.0,
        "500": 0.0,
        "750": 0.0,
        "1000": 0.0
      },
      "latency_us": {
        "2": 0.0,
        "4": 0.0,
        "10": 0.0,
        "20": 0.0,
        "50": 0.0,
        "100": 0.0,
        "250": 0.0,
        "500": 0.0,
        "750": 0.0,
        "1000": 0.0
      },
      "latency_ms": {
        "2": 0.0,
        "4": 0.0,
        "10": 0.039763,
        "20": 80.826275,
        "50": 19.133962,
        "100": 0.0,
        "250": 0.0,
        "500": 0.0,
        "750": 0.0,
        "1000": 0.0,
        "2000": 0.0,
        ">=2000": 0.0
      },
      "latency_depth": 32,
      "latency_target": 0,
      "latency_percentile": 100.0,
      "latency_window": 0
    }
  ],
  "disk_util": [
    {
      "name": "nvme1n1",
      "read_ios": 85,
      "write_ios": 400138,
      "read_merges": 0,
      "write_merges": 0,
      "read_ticks": 4,
      "write_ticks": 7421119,
      "in_queue": 7421123,
      "util": 99.732754
    }
  ]
}