{
  "fio version": "fio-3.28",
  "timestamp": 1757681336,
  "timestamp_ms": 1757681336415,
  "time": "Fri Sep 12 08:48:56 2025",
  "jobs": [
    {
      "jobname": "bs_sweep_read_256k",
      "groupid": 0,
      "error": 0,
      "eta": 0,
      "elapsed": 31,
      "job options": {
        "name": "bs_sweep_read_256k",
        "filename": "/dev/nvme1n1",
        "rw": "read",
        "bs": "256k",
        "iodepth": "32",
        "runtime": "30",
        "numjobs": "1",
        "time_based": "1",
        "ioengine": "libaio",
        "direct": "1",
        "group_reporting": "1"
      },
      "read": {
        "io_bytes": 118811262976,
        "io_kbytes": 116026624,
        "bw_bytes": 3960111425,
        "bw": 3867296,
        "iops": 15106.626225,
        "runtime": 30002,
        "total_ios": 453229,
        "short_ios": 0,
        "drop_ios": 0,
        "slat_ns": {
          "min": 14189,
          "max": 308002,
          "mean": 22890.302518,
          "stddev": 9675.865791,
          "N": 453229
        },
        "clat_ns": {
          "min": 53217,
          "max": 208862482,
          "mean": 2094263.246913,
          "stddev": 8355909.743433,
          "N": 453229,
          "percentile": {
            "1.000000": 126464,
            "5.000000": 452608,
            "10.000000": 913408,
            "20.000000": 1073152,
            "30.000000": 1138688,
            "40.000000": 1171456,
            "50.000000": 1220608,
            "60.000000": 1269760,
            "70.000000": 1335296,
            "80.000000": 1433600,
            "90.000000": 1597440,
            "95.000000": 1761280,
            "99.000000": 52166656,
            "99.500000": 71827456,
            "99.900000": 105381888,
            "99.950000": 131596288,
            "99.990000": 175112192
          }
        },
        "lat_ns": {
          "min": 100256,
          "max": 208925885,
          "mean": 2117321.334021,
          "stddev": 8358946.378465,
          "N": 453229
        },
        "bw_min": 125440,
        "bw_max": 6401536,
        "bw_agg": 99.175902,
        "bw_mean": 3835426.711864,
        "bw_dev": 2514951.829914,
        "bw_samples": 59,
        "iops_min": 490,
        "iops_max": 25006,
        "iops_mean": 14982.135593,
        "iops_stddev": 9824.030586,
        "iops_samples": 59
      },
      "write": {
        "io_bytes": 0,
        "io_kbytes": 0,
        "bw_bytes": 0,
        "bw": 0,
        "iops": 0.0,
        "runtime": 0,
        "total_ios": 0,
        "short_ios": 0,
        "drop_ios": 0,
        "slat_ns": {
          "min": 0,
          "max": 0,
          "mean": 0.0,
          "stddev": 0.0,
          "N": 0
        },
        "clat_ns": {
          "min": 0,
          "max": 0,
          "mean": 0.0,
          "stddev": 0.0,
          "N": 0
        },
        "lat_ns": {
          "min": 0,
          "max": 0,
          "mean": 0.0,
          "stddev": 0.0,
          "N": 0
        },
        "bw_min": 0,
        "bw_max": 0,
        "bw_agg": 0.0,
        "bw_mean": 0.0,
        "bw_dev": 0.0,
        "bw_samples": 0,
        "iops_min": 0,
        "iops_max": 0,
        "iops_mean": 0.0,
        "iops_stddev": 0.0,
        "iops_samples": 0
      },
      "trim": {
        "io_bytes": 0,
        "io_kbytes": 0,
        "bw_bytes": 0,
        "bw": 0,
        "iops": 0.0,
        "runtime": 0,
        "total_ios": 0,
        "short_ios": 0,
        "drop_ios": 0,
        "slat_ns": {
          "min": 0,
          "max": 0,
          "mean": 0.0,
          "stddev": 0.0,
          "N": 0
        },
        "clat_ns": {
          "min": 0,
          "max": 0,
          "mean": 0.0,
          "stddev": 0.0,
          "N": 0
        },
        "lat_ns": {
          "min": 0,
          "max": 0,
          "mean": 0.0,
          "stddev": 0.0,
          "N": 0
        },
        "bw_min": 0,
        "bw_max": 0,
        "bw_agg": 0.0,
        "bw_mean": 0.0,
        "bw_dev": 0.0,
        "bw_samples": 0,
        "iops_min": 0,
        "iops_max": 0,
        "iops_mean": 0.0,
        "iops_stddev": 0.0,
        "iops_samples": 0
      },
      "sync": {
        "total_ios": 0,
        "lat_ns": {
          "min": 0,
          "max": 0,
          "mean": 0.0,
          "stddev": 0.0,
          "N": 0
        }
      },
      "job_runtime": 30001,
      "usr_cpu": 3.243225,
      "sys_cpu": 40.505316,
      "ctx": 216827,
      "majf": 0,
      "minf": 2065,
      "iodepth_level": {
        "1": 0.1,
        "2": 0.1,
        "4": 0.1,
        "8": 0.1,
        "16": 0.1,
        "32": 99.99316,
        ">=64": 0.0
      },
      "iodepth_submit": {
        "0": 0.0,
        "4": 100.0,
        "8": 0.0,
        "16": 0.0,
        "32": 0.0,
        "64": 0.0,
        ">=64": 0.0
      },
      "iodepth_complete": {
        "0": 0.0,
        "4": 99.999779,
        "8": 0.0,
        "16": 0.0,
        "32": 0.1,
        "64": 0.0,
        ">=64": 0.0
      },
      "latency_ns": {
        "2": 0.0,
        "4": 0.0,
        "10": 0.0,
        "20": 0.0,
        "50": 0.0,
        "100": 0.0,
        "250": 0.0,
        "500": 0.0,
        "750": 0.0,
        "1000": 0.0
      },
      "latency_us": {
        "2": 0.0,
        "4": 0.0,
        "10": 0.0,
        "20": 0.0,
        "50": 0.0,
        "100": 0.099288,
        "250": 3.427627,
        "500": 1.874108,
        "750": 2.550808,
        "1000": 4.597235
      },
      "latency_ms": {
        "2": 84.700449,
        "4": 1.290738,
        "10": 0.194604,
        "20": 0.038391,
        "50": 0.17254,
        "100": 0.905061,
        "250": 0.149152,
        "500": 0.0,
        "750": 0.0,
        "1000": 0.0,
        "2000": 0.0,
        ">=2000": 0.0
      },
      "latency_depth": 32,
      "latency_target": 0,
      "latency_percentile": 100.0,
      "latency_window": 0
    }
  ],
  "disk_util": [
    {
      "name": "nvme1n1",
      "read_ios": 900444,
      "write_ios": 0,
      "read_merges": 0,
      "write_merges": 0,
      "read_ticks": 1451286,
      "write_ticks": 0,
      "in_queue": 1451286,
      "util": 99.752955
    }
  ]
}