{
  "fio version": "fio-3.28",
  "timestamp": 1757681692,
  "timestamp_ms": 1757681692444,
  "time": "Fri Sep 12 08:54:52 2025",
  "jobs": [
    {
      "jobname": "bs_sweep_randread_1m",
      "groupid": 0,
      "error": 0,
      "eta": 0,
      "elapsed": 31,
      "job options": {
        "name": "bs_sweep_randread_1m",
        "filename": "/dev/nvme1n1",
        "rw": "randread",
        "bs": "1m",
        "iodepth": "32",
        "runtime": "30",
        "numjobs": "1",
        "time_based": "1",
        "ioengine": "libaio",
        "direct": "1",
        "group_reporting": "1"
      },
      "read": {
        "io_bytes": 183727292416,
        "io_kbytes": 179421184,
        "bw_bytes": 6123222543,
        "bw": 5979709,
        "iops": 5839.560073,
        "runtime": 30005,
        "total_ios": 175216,
        "short_ios": 0,
        "drop_ios": 0,
        "slat_ns": {
          "min": 52081,
          "max": 826421,
          "mean": 93625.280208,
          "stddev": 20463.532743,
          "N": 175216
        },
        "clat_ns": {
          "min": 299261,
          "max": 27839116,
          "mean": 5383465.351258,
          "stddev": 2348114.174944,
          "N": 175216,
          "percentile": {
            "1.000000": 432128,
            "5.000000": 518144,
            "10.000000": 3719168,
            "20.000000": 4423680,
            "30.000000": 4685824,
            "40.000000": 4816896,
            "50.000000": 5013504,
            "60.000000": 5210112,
            "70.000000": 5537792,
            "80.000000": 6258688,
            "90.000000": 9371648,
            "95.000000": 9502720,
            "99.000000": 9895936,
            "99.500000": 10027008,
            "99.900000": 10813440,
            "99.950000": 11206656,
            "99.990000": 15794176
          }
        },
        "lat_ns": {
          "min": 439575,
          "max": 27897214,
          "mean": 5477278.668883,
          "stddev": 2350716.270583,
          "N": 175216
        },
        "bw_min": 4990976,
        "bw_max": 6750208,
        "bw_agg": 99.901291,
        "bw_mean": 5973807.728814,
        "bw_dev": 705270.732535,
        "bw_samples": 59,
        "iops_min": 4874,
        "iops_max": 6592,
        "iops_mean": 5833.79661,
        "iops_stddev": 688.74095,
        "iops_samples": 59
      },
      "write": {
        "io_bytes": 0,
        "io_kbytes": 0,
        "bw_bytes": 0,
        "bw": 0,
        "iops": 0.0,
        "runtime": 0,
        "total_ios": 0,
        "short_ios": 0,
        "drop_ios": 0,
        "slat_ns": {
          "min": 0,
          "max": 0,
          "mean": 0.0,
          "stddev": 0.0,
          "N": 0
        },
        "clat_ns": {
          "min": 0,
          "max": 0,
          "mean": 0.0,
          "stddev": 0.0,
          "N": 0
        },
        "lat_ns": {
          "min": 0,
          "max": 0,
          "mean": 0.0,
          "stddev": 0.0,
          "N": 0
        },
        "bw_min": 0,
        "bw_max": 0,
        "bw_agg": 0.0,
        "bw_mean": 0.0,
        "bw_dev": 0.0,
        "bw_samples": 0,
        "iops_min": 0,
        "iops_max": 0,
        "iops_mean": 0.0,
        "iops_stddev": 0.0,
        "iops_samples": 0
      },
      "trim": {
        "io_bytes": 0,
        "io_kbytes": 0,
        "bw_bytes": 0,
        "bw": 0,
        "iops": 0.0,
        "runtime": 0,
        "total_ios": 0,
        "short_ios": 0,
        "drop_ios": 0,
        "slat_ns": {
          "min": 0,
          "max": 0,
          "mean": 0.0,
          "stddev": 0.0,
          "N": 0
        },
        "clat_ns": {
          "min": 0,
          "max": 0,
          "mean": 0.0,
          "stddev": 0.0,
          "N": 0
        },
        "lat_ns": {
          "min": 0,
          "max": 0,
          "mean": 0.0,
          "stddev": 0.0,
          "N": 0
        },
        "bw_min": 0,
        "bw_max": 0,
        "bw_agg": 0.0,
        "bw_mean": 0.0,
        "bw_dev": 0.0,
        "bw_samples": 0,
        "iops_min": 0,
        "iops_max": 0,
        "iops_mean": 0.0,
        "iops_stddev": 0.0,
        "iops_samples": 0
      },
      "sync": {
        "total_ios": 0,
        "lat_ns": {
          "min": 0,
          "max": 0,
          "mean": 0.0,
          "stddev": 0.0,
          "N": 0
        }
      },
      "job_runtime": 30004,
      "usr_cpu": 1.213172,
      "sys_cpu": 60.515265,
      "ctx": 89320,
      "majf": 0,
      "minf": 8211,
      "iodepth_level": {
        "1": 0.1,
        "2": 0.1,
        "4": 0.1,
        "8": 0.1,
        "16": 0.1,
        "32": 99.982308,
        ">=64": 0.0
      },
      "iodepth_submit": {
        "0": 0.0,
        "4": 100.0,
        "8": 0.0,
        "16": 0.0,
        "32": 0.0,
        "64": 0.0,
        ">=64": 0.0
      },
      "iodepth_complete": {
        "0": 0.0,
        "4": 99.999429,
        "8": 0.0,
        "16": 0.0,
        "32": 0.1,
        "64": 0.0,
        ">=64": 0.0
      },
      "latency_ns": {
        "2": 0.0,
        "4": 0.0,
        "10": 0.0,
        "20": 0.0,
        "50": 0.0,
        "100": 0.0,
        "250": 0.0,
        "500": 0.0,
        "750": 0.0,
        "1000": 0.0
      },
      "latency_us": {
        "2": 0.0,
        "4": 0.0,
        "10": 0.0,
        "20": 0.0,
        "50": 0.0,
        "100": 0.0,
        "250": 0.0,
        "500": 4.135467,
        "750": 4.613163,
        "1000": 0.373824
      },
      "latency_ms": {
        "2": 0.166651,
        "4": 1.917633,
        "10": 88.200279,
        "20": 0.590699,
        "50": 0.01,
        "100": 0.0,
        "250": 0.0,
        "500": 0.0,
        "750": 0.0,
        "1000": 0.0,
        "2000": 0.0,
        ">=2000": 0.0
      },
      "latency_depth": 32,
      "latency_target": 0,
      "latency_percentile": 100.0,
      "latency_window": 0
    }
  ],
  "disk_util": [
    {
      "name": "nvme1n1",
      "read_ios": 1395173,
      "write_ios": 0,
      "read_merges": 0,
      "write_merges": 0,
      "read_ticks": 5241565,
      "write_ticks": 0,
      "in_queue": 5241565,
      "util": 99.756277
    }
  ]
}