{
  "fio version" : "fio-3.28",
  "timestamp" : 1758037143,
  "timestamp_ms" : 1758037143692,
  "time" : "Tue Sep 16 11:39:03 2025",
  "jobs" : [
    {
      "jobname" : "bs_sweep_randwrite_4k_degraded",
      "groupid" : 0,
      "error" : 0,
      "eta" : 0,
      "elapsed" : 31,
      "job options" : {
        "name" : "bs_sweep_randwrite_4k_degraded",
        "filename" : "./bs_sweep_randwrite_4k_degraded_test",
        "size" : "1G",
        "rw" : "randwrite",
        "bs" : "4k",
        "direct" : "1",
        "runtime" : "30",
        "time_based" : "1",
        "ioengine" : "libaio",
        "iodepth" : "1",
        "numjobs" : "1"
      },
      "read" : {
        "io_bytes" : 0,
        "io_kbytes" : 0,
        "bw_bytes" : 0,
        "bw" : 0,
        "iops" : 0.000000,
        "runtime" : 0,
        "total_ios" : 0,
        "short_ios" : 0,
        "drop_ios" : 0,
        "slat_ns" : {
          "min" : 0,
          "max" : 0,
          "mean" : 0.000000,
          "stddev" : 0.000000,
          "N" : 0
        },
        "clat_ns" : {
          "min" : 0,
          "max" : 0,
          "mean" : 0.000000,
          "stddev" : 0.000000,
          "N" : 0
        },
        "lat_ns" : {
          "min" : 0,
          "max" : 0,
          "mean" : 0.000000,
          "stddev" : 0.000000,
          "N" : 0
        },
        "bw_min" : 0,
        "bw_max" : 0,
        "bw_agg" : 0.000000,
        "bw_mean" : 0.000000,
        "bw_dev" : 0.000000,
        "bw_samples" : 0,
        "iops_min" : 0,
        "iops_max" : 0,
        "iops_mean" : 0.000000,
        "iops_stddev" : 0.000000,
        "iops_samples" : 0
      },
      "write" : {
        "io_bytes" : 6029975552,
        "io_kbytes" : 5888648,
        "bw_bytes" : 200992485,
        "bw" : 196281,
        "iops" : 49070.430986,
        "runtime" : 30001,
        "total_ios" : 1472162,
        "short_ios" : 0,
        "drop_ios" : 0,
        "slat_ns" : {
          "min" : 2781,
          "max" : 639838,
          "mean" : 4371.108031,
          "stddev" : 2247.977675,
          "N" : 1472162
        },
        "clat_ns" : {
          "min" : 4390,
          "max" : 8446400,
          "mean" : 15236.482458,
          "stddev" : 7179.547655,
          "N" : 1472162,
          "percentile" : {
            "1.000000" : 13504,
            "5.000000" : 13888,
            "10.000000" : 14272,
            "20.000000" : 14400,
            "30.000000" : 14400,
            "40.000000" : 14528,
            "50.000000" : 14656,
            "60.000000" : 14912,
            "70.000000" : 15168,
            "80.000000" : 15680,
            "90.000000" : 17280,
            "95.000000" : 18048,
            "99.000000" : 20352,
            "99.500000" : 24192,
            "99.900000" : 28800,
            "99.950000" : 32128,
            "99.990000" : 70144
          }
        },
        "lat_ns" : {
          "min" : 15509,
          "max" : 8512302,
          "mean" : 19716.605012,
          "stddev" : 7881.870146,
          "N" : 1472162
        },
        "bw_min" : 119224,
        "bw_max" : 221976,
        "bw_agg" : 99.964478,
        "bw_mean" : 196212.203390,
        "bw_dev" : 26355.435044,
        "bw_samples" : 59,
        "iops_min" : 29806,
        "iops_max" : 55494,
        "iops_mean" : 49053.016949,
        "iops_stddev" : 6588.851120,
        "iops_samples" : 59
      },
      "trim" : {
        "io_bytes" : 0,
        "io_kbytes" : 0,
        "bw_bytes" : 0,
        "bw" : 0,
        "iops" : 0.000000,
        "runtime" : 0,
        "total_ios" : 0,
        "short_ios" : 0,
        "drop_ios" : 0,
        "slat_ns" : {
          "min" : 0,
          "max" : 0,
          "mean" : 0.000000,
          "stddev" : 0.000000,
          "N" : 0
        },
        "clat_ns" : {
          "min" : 0,
          "max" : 0,
          "mean" : 0.000000,
          "stddev" : 0.000000,
          "N" : 0
        },
        "lat_ns" : {
          "min" : 0,
          "max" : 0,
          "mean" : 0.000000,
          "stddev" : 0.000000,
          "N" : 0
        },
        "bw_min" : 0,
        "bw_max" : 0,
        "bw_agg" : 0.000000,
        "bw_mean" : 0.000000,
        "bw_dev" : 0.000000,
        "bw_samples" : 0,
        "iops_min" : 0,
        "iops_max" : 0,
        "iops_mean" : 0.000000,
        "iops_stddev" : 0.000000,
        "iops_samples" : 0
      },
      "sync" : {
        "total_ios" : 0,
        "lat_ns" : {
          "min" : 0,
          "max" : 0,
          "mean" : 0.000000,
          "stddev" : 0.000000,
          "N" : 0
        }
      },
      "job_runtime" : 30000,
      "usr_cpu" : 7.836667,
      "sys_cpu" : 28.173333,
      "ctx" : 1472169,
      "majf" : 0,
      "minf" : 25,
      "iodepth_level" : {
        "1" : 100.000000,
        "2" : 0.000000,
        "4" : 0.000000,
        "8" : 0.000000,
        "16" : 0.000000,
        "32" : 0.000000,
        ">=64" : 0.000000
      },
      "iodepth_submit" : {
        "0" : 0.000000,
        "4" : 100.000000,
        "8" : 0.000000,
        "16" : 0.000000,
        "32" : 0.000000,
        "64" : 0.000000,
        ">=64" : 0.000000
      },
      "iodepth_complete" : {
        "0" : 0.000000,
        "4" : 100.000000,
        "8" : 0.000000,
        "16" : 0.000000,
        "32" : 0.000000,
        "64" : 0.000000,
        ">=64" : 0.000000
      },
      "latency_ns" : {
        "2" : 0.000000,
        "4" : 0.000000,
        "10" : 0.000000,
        "20" : 0.000000,
        "50" : 0.000000,
        "100" : 0.000000,
        "250" : 0.000000,
        "500" : 0.000000,
        "750" : 0.000000,
        "1000" : 0.000000
      },
      "latency_us" : {
        "2" : 0.000000,
        "4" : 0.000000,
        "10" : 0.010000,
        "20" : 98.834299,
        "50" : 1.144303,
        "100" : 0.015691,
        "250" : 0.010000,
        "500" : 0.000000,
        "750" : 0.000000,
        "1000" : 0.000000
      },
      "latency_ms" : {
        "2" : 0.000000,
        "4" : 0.000000,
        "10" : 0.010000,
        "20" : 0.000000,
        "50" : 0.000000,
        "100" : 0.000000,
        "250" : 0.000000,
        "500" : 0.000000,
        "750" : 0.000000,
        "1000" : 0.000000,
        "2000" : 0.000000,
        ">=2000" : 0.000000
      },
      "latency_depth" : 1,
      "latency_target" : 0,
      "latency_percentile" : 100.000000,
      "latency_window" : 0
    }
  ],
  "disk_util" : [
    {
      "name" : "nvme0n1",
      "read_ios" : 0,
      "write_ios" : 1466804,
      "read_merges" : 0,
      "write_merges" : 1722,
      "read_ticks" : 0,
      "write_ticks" : 16835,
      "in_queue" : 16846,
      "util" : 47.732808
    }
  ]
}
