{
  "fio version": "fio-3.28",
  "timestamp": 1757680850,
  "timestamp_ms": 1757680850774,
  "time": "Fri Sep 12 08:40:50 2025",
  "jobs": [
    {
      "jobname": "bs_sweep_randwrite_4k",
      "groupid": 0,
      "error": 0,
      "eta": 0,
      "elapsed": 31,
      "job options": {
        "name": "bs_sweep_randwrite_4k",
        "filename": "/dev/nvme1n1",
        "rw": "randwrite",
        "bs": "4k",
        "iodepth": "32",
        "runtime": "30",
        "numjobs": "1",
        "time_based": "1",
        "ioengine": "libaio",
        "direct": "1",
        "group_reporting": "1"
      },
      "read": {
        "io_bytes": 0,
        "io_kbytes": 0,
        "bw_bytes": 0,
        "bw": 0,
        "iops": 0.0,
        "runtime": 0,
        "total_ios": 0,
        "short_ios": 0,
        "drop_ios": 0,
        "slat_ns": {
          "min": 0,
          "max": 0,
          "mean": 0.0,
          "stddev": 0.0,
          "N": 0
        },
        "clat_ns": {
          "min": 0,
          "max": 0,
          "mean": 0.0,
          "stddev": 0.0,
          "N": 0
        },
        "lat_ns": {
          "min": 0,
          "max": 0,
          "mean": 0.0,
          "stddev": 0.0,
          "N": 0
        },
        "bw_min": 0,
        "bw_max": 0,
        "bw_agg": 0.0,
        "bw_mean": 0.0,
        "bw_dev": 0.0,
        "bw_samples": 0,
        "iops_min": 0,
        "iops_max": 0,
        "iops_mean": 0.0,
        "iops_stddev": 0.0,
        "iops_samples": 0
      },
      "write": {
        "io_bytes": 36642271232,
        "io_kbytes": 35783468,
        "bw_bytes": 1221368328,
        "bw": 1192742,
        "iops": 298185.627146,
        "runtime": 30001,
        "total_ios": 8945867,
        "short_ios": 0,
        "drop_ios": 0,
        "slat_ns": {
          "min": 1465,
          "max": 992590,
          "mean": 2441.133849,
          "stddev": 858.604902,
          "N": 8945867
        },
        "clat_ns": {
          "min": 13493,
          "max": 2923823,
          "mean": 104302.174778,
          "stddev": 30580.888179,
          "N": 8945867,
          "percentile": {
            "1.000000": 98816,
            "5.000000": 98816,
            "10.000000": 98816,
            "20.000000": 99840,
            "30.000000": 99840,
            "40.000000": 100864,
            "50.000000": 100864,
            "60.000000": 100864,
            "70.000000": 101888,
            "80.000000": 102912,
            "90.000000": 107008,
            "95.000000": 110080,
            "99.000000": 164864,
            "99.500000": 168960,
            "99.900000": 175104,
            "99.950000": 177152,
            "99.990000": 2539520
          }
        },
        "lat_ns": {
          "min": 16048,
          "max": 2926357,
          "mean": 106811.836975,
          "stddev": 30717.008006,
          "N": 8945867
        },
        "bw_min": 752176,
        "bw_max": 1234800,
        "bw_agg": 100.0,
        "bw_mean": 1193184.135593,
        "bw_dev": 110014.948236,
        "bw_samples": 59,
        "iops_min": 188044,
        "iops_max": 308700,
        "iops_mean": 298296.067797,
        "iops_stddev": 27503.750485,
        "iops_samples": 59
      },
      "trim": {
        "io_bytes": 0,
        "io_kbytes": 0,
        "bw_bytes": 0,
        "bw": 0,
        "iops": 0.0,
        "runtime": 0,
        "total_ios": 0,
        "short_ios": 0,
        "drop_ios": 0,
        "slat_ns": {
          "min": 0,
          "max": 0,
          "mean": 0.0,
          "stddev": 0.0,
          "N": 0
        },
        "clat_ns": {
          "min": 0,
          "max": 0,
          "mean": 0.0,
          "stddev": 0.0,
          "N": 0
        },
        "lat_ns": {
          "min": 0,
          "max": 0,
          "mean": 0.0,
          "stddev": 0.0,
          "N": 0
        },
        "bw_min": 0,
        "bw_max": 0,
        "bw_agg": 0.0,
        "bw_mean": 0.0,
        "bw_dev": 0.0,
        "bw_samples": 0,
        "iops_min": 0,
        "iops_max": 0,
        "iops_mean": 0.0,
        "iops_stddev": 0.0,
        "iops_samples": 0
      },
      "sync": {
        "total_ios": 0,
        "lat_ns": {
          "min": 0,
          "max": 0,
          "mean": 0.0,
          "stddev": 0.0,
          "N": 0
        }
      },
      "job_runtime": 30000,
      "usr_cpu": 26.226667,
      "sys_cpu": 73.473333,
      "ctx": 438,
      "majf": 0,
      "minf": 20,
      "iodepth_level": {
        "1": 0.1,
        "2": 0.1,
        "4": 0.1,
        "8": 0.1,
        "16": 0.1,
        "32": 99.999653,
        ">=64": 0.0
      },
      "iodepth_submit": {
        "0": 0.0,
        "4": 100.0,
        "8": 0.0,
        "16": 0.0,
        "32": 0.0,
        "64": 0.0,
        ">=64": 0.0
      },
      "iodepth_complete": {
        "0": 0.0,
        "4": 99.999989,
        "8": 0.0,
        "16": 0.0,
        "32": 0.1,
        "64": 0.0,
        ">=64": 0.0
      },
      "latency_ns": {
        "2": 0.0,
        "4": 0.0,
        "10": 0.0,
        "20": 0.0,
        "50": 0.0,
        "100": 0.0,
        "250": 0.0,
        "500": 0.0,
        "750": 0.0,
        "1000": 0.0
      },
      "latency_us": {
        "2": 0.0,
        "4": 0.0,
        "10": 0.0,
        "20": 0.01,
        "50": 0.01,
        "100": 27.146659,
        "250": 72.839648,
        "500": 0.0,
        "750": 0.01,
        "1000": 0.01
      },
      "latency_ms": {
        "2": 0.01,
        "4": 0.012162,
        "10": 0.0,
        "20": 0.0,
        "50": 0.0,
        "100": 0.0,
        "250": 0.0,
        "500": 0.0,
        "750": 0.0,
        "1000": 0.0,
        "2000": 0.0,
        ">=2000": 0.0
      },
      "latency_depth": 32,
      "latency_target": 0,
      "latency_percentile": 100.0,
      "latency_window": 0
    }
  ],
  "disk_util": [
    {
      "name": "nvme1n1",
      "read_ios": 119,
      "write_ios": 8897850,
      "read_merges": 0,
      "write_merges": 0,
      "read_ticks": 7,
      "write_ticks": 82296,
      "in_queue": 82303,
      "util": 98.948563
    }
  ]
}