{
  "fio version": "fio-3.28",
  "timestamp": 1757681174,
  "timestamp_ms": 1757681174629,
  "time": "Fri Sep 12 08:46:14 2025",
  "jobs": [
    {
      "jobname": "bs_sweep_read_8k",
      "groupid": 0,
      "error": 0,
      "eta": 0,
      "elapsed": 31,
      "job options": {
        "name": "bs_sweep_read_8k",
        "filename": "/dev/nvme1n1",
        "rw": "read",
        "bs": "8k",
        "iodepth": "32",
        "runtime": "30",
        "numjobs": "1",
        "time_based": "1",
        "ioengine": "libaio",
        "direct": "1",
        "group_reporting": "1"
      },
      "read": {
        "io_bytes": 63047081984,
        "io_kbytes": 61569416,
        "bw_bytes": 2101499349,
        "bw": 2052245,
        "iops": 256530.682311,
        "runtime": 30001,
        "total_ios": 7696177,
        "short_ios": 0,
        "drop_ios": 0,
        "slat_ns": {
          "min": 1845,
          "max": 79657,
          "mean": 2745.518922,
          "stddev": 1010.633016,
          "N": 7696177
        },
        "clat_ns": {
          "min": 9109,
          "max": 63957315,
          "mean": 121423.895205,
          "stddev": 164131.134267,
          "N": 7696177,
          "percentile": {
            "1.000000": 108032,
            "5.000000": 115200,
            "10.000000": 116224,
            "20.000000": 116224,
            "30.000000": 117248,
            "40.000000": 117248,
            "50.000000": 118272,
            "60.000000": 118272,
            "70.000000": 119296,
            "80.000000": 120320,
            "90.000000": 125440,
            "95.000000": 129536,
            "99.000000": 189440,
            "99.500000": 191488,
            "99.900000": 209920,
            "99.950000": 284672,
            "99.990000": 626688
          }
        },
        "lat_ns": {
          "min": 11329,
          "max": 63960624,
          "mean": 124312.759384,
          "stddev": 164167.639738,
          "N": 7696177
        },
        "bw_min": 1317488,
        "bw_max": 2113632,
        "bw_agg": 100.0,
        "bw_mean": 2053199.457627,
        "bw_dev": 156297.637845,
        "bw_samples": 59,
        "iops_min": 164686,
        "iops_max": 264204,
        "iops_mean": 256650.135593,
        "iops_stddev": 19537.260458,
        "iops_samples": 59
      },
      "write": {
        "io_bytes": 0,
        "io_kbytes": 0,
        "bw_bytes": 0,
        "bw": 0,
        "iops": 0.0,
        "runtime": 0,
        "total_ios": 0,
        "short_ios": 0,
        "drop_ios": 0,
        "slat_ns": {
          "min": 0,
          "max": 0,
          "mean": 0.0,
          "stddev": 0.0,
          "N": 0
        },
        "clat_ns": {
          "min": 0,
          "max": 0,
          "mean": 0.0,
          "stddev": 0.0,
          "N": 0
        },
        "lat_ns": {
          "min": 0,
          "max": 0,
          "mean": 0.0,
          "stddev": 0.0,
          "N": 0
        },
        "bw_min": 0,
        "bw_max": 0,
        "bw_agg": 0.0,
        "bw_mean": 0.0,
        "bw_dev": 0.0,
        "bw_samples": 0,
        "iops_min": 0,
        "iops_max": 0,
        "iops_mean": 0.0,
        "iops_stddev": 0.0,
        "iops_samples": 0
      },
      "trim": {
        "io_bytes": 0,
        "io_kbytes": 0,
        "bw_bytes": 0,
        "bw": 0,
        "iops": 0.0,
        "runtime": 0,
        "total_ios": 0,
        "short_ios": 0,
        "drop_ios": 0,
        "slat_ns": {
          "min": 0,
          "max": 0,
          "mean": 0.0,
          "stddev": 0.0,
          "N": 0
        },
        "clat_ns": {
          "min": 0,
          "max": 0,
          "mean": 0.0,
          "stddev": 0.0,
          "N": 0
        },
        "lat_ns": {
          "min": 0,
          "max": 0,
          "mean": 0.0,
          "stddev": 0.0,
          "N": 0
        },
        "bw_min": 0,
        "bw_max": 0,
        "bw_agg": 0.0,
        "bw_mean": 0.0,
        "bw_dev": 0.0,
        "bw_samples": 0,
        "iops_min": 0,
        "iops_max": 0,
        "iops_mean": 0.0,
        "iops_stddev": 0.0,
        "iops_samples": 0
      },
      "sync": {
        "total_ios": 0,
        "lat_ns": {
          "min": 0,
          "max": 0,
          "mean": 0.0,
          "stddev": 0.0,
          "N": 0
        }
      },
      "job_runtime": 30000,
      "usr_cpu": 26.073333,
      "sys_cpu": 73.773333,
      "ctx": 1680,
      "majf": 0,
      "minf": 84,
      "iodepth_level": {
        "1": 0.1,
        "2": 0.1,
        "4": 0.1,
        "8": 0.1,
        "16": 0.1,
        "32": 99.999597,
        ">=64": 0.0
      },
      "iodepth_submit": {
        "0": 0.0,
        "4": 100.0,
        "8": 0.0,
        "16": 0.0,
        "32": 0.0,
        "64": 0.0,
        ">=64": 0.0
      },
      "iodepth_complete": {
        "0": 0.0,
        "4": 99.999987,
        "8": 0.0,
        "16": 0.0,
        "32": 0.1,
        "64": 0.0,
        ">=64": 0.0
      },
      "latency_ns": {
        "2": 0.0,
        "4": 0.0,
        "10": 0.0,
        "20": 0.0,
        "50": 0.0,
        "100": 0.0,
        "250": 0.0,
        "500": 0.0,
        "750": 0.0,
        "1000": 0.0
      },
      "latency_us": {
        "2": 0.0,
        "4": 0.0,
        "10": 0.01,
        "20": 0.036304,
        "50": 0.161093,
        "100": 0.555094,
        "250": 99.185141,
        "500": 0.049024,
        "750": 0.01,
        "1000": 0.01
      },
      "latency_ms": {
        "2": 0.01,
        "4": 0.01,
        "10": 0.01,
        "20": 0.01,
        "50": 0.01,
        "100": 0.01,
        "250": 0.0,
        "500": 0.0,
        "750": 0.0,
        "1000": 0.0,
        "2000": 0.0,
        ">=2000": 0.0
      },
      "latency_depth": 32,
      "latency_target": 0,
      "latency_percentile": 100.0,
      "latency_window": 0
    }
  ],
  "disk_util": [
    {
      "name": "nvme1n1",
      "read_ios": 7664938,
      "write_ios": 0,
      "read_merges": 0,
      "write_merges": 0,
      "read_ticks": 85224,
      "write_ticks": 0,
      "in_queue": 85224,
      "util": 99.572764
    }
  ]
}