{
  "fio version" : "fio-3.28",
  "timestamp" : 1758037265,
  "timestamp_ms" : 1758037265013,
  "time" : "Tue Sep 16 11:41:05 2025",
  "jobs" : [
    {
      "jobname" : "bs_sweep_randwrite_64k_degraded",
      "groupid" : 0,
      "error" : 0,
      "eta" : 0,
      "elapsed" : 31,
      "job options" : {
        "name" : "bs_sweep_randwrite_64k_degraded",
        "filename" : "./bs_sweep_randwrite_64k_degraded_test",
        "size" : "1G",
        "rw" : "randwrite",
        "bs" : "64k",
        "direct" : "1",
        "runtime" : "30",
        "time_based" : "1",
        "ioengine" : "libaio",
        "iodepth" : "1",
        "numjobs" : "1"
      },
      "read" : {
        "io_bytes" : 0,
        "io_kbytes" : 0,
        "bw_bytes" : 0,
        "bw" : 0,
        "iops" : 0.000000,
        "runtime" : 0,
        "total_ios" : 0,
        "short_ios" : 0,
        "drop_ios" : 0,
        "slat_ns" : {
          "min" : 0,
          "max" : 0,
          "mean" : 0.000000,
          "stddev" : 0.000000,
          "N" : 0
        },
        "clat_ns" : {
          "min" : 0,
          "max" : 0,
          "mean" : 0.000000,
          "stddev" : 0.000000,
          "N" : 0
        },
        "lat_ns" : {
          "min" : 0,
          "max" : 0,
          "mean" : 0.000000,
          "stddev" : 0.000000,
          "N" : 0
        },
        "bw_min" : 0,
        "bw_max" : 0,
        "bw_agg" : 0.000000,
        "bw_mean" : 0.000000,
        "bw_dev" : 0.000000,
        "bw_samples" : 0,
        "iops_min" : 0,
        "iops_max" : 0,
        "iops_mean" : 0.000000,
        "iops_stddev" : 0.000000,
        "iops_samples" : 0
      },
      "write" : {
        "io_bytes" : 44036194304,
        "io_kbytes" : 43004096,
        "bw_bytes" : 1467824215,
        "bw" : 1433422,
        "iops" : 22397.220093,
        "runtime" : 30001,
        "total_ios" : 671939,
        "short_ios" : 0,
        "drop_ios" : 0,
        "slat_ns" : {
          "min" : 6944,
          "max" : 207927,
          "mean" : 11201.768949,
          "stddev" : 1515.866643,
          "N" : 671939
        },
        "clat_ns" : {
          "min" : 6294,
          "max" : 3579254,
          "mean" : 32337.515583,
          "stddev" : 21953.051220,
          "N" : 671939,
          "percentile" : {
            "1.000000" : 28800,
            "5.000000" : 31104,
            "10.000000" : 31616,
            "20.000000" : 31616,
            "30.000000" : 31872,
            "40.000000" : 32128,
            "50.000000" : 32128,
            "60.000000" : 32128,
            "70.000000" : 32384,
            "80.000000" : 32384,
            "90.000000" : 32640,
            "95.000000" : 33024,
            "99.000000" : 36608,
            "99.500000" : 38144,
            "99.900000" : 52480,
            "99.950000" : 56064,
            "99.990000" : 168960
          }
        },
        "lat_ns" : {
          "min" : 35160,
          "max" : 3590558,
          "mean" : 43706.782273,
          "stddev" : 22048.199783,
          "N" : 671939
        },
        "bw_min" : 1369856,
        "bw_max" : 1656704,
        "bw_agg" : 100.000000,
        "bw_mean" : 1435465.762712,
        "bw_dev" : 45137.976856,
        "bw_samples" : 59,
        "iops_min" : 21404,
        "iops_max" : 25886,
        "iops_mean" : 22429.152542,
        "iops_stddev" : 705.280888,
        "iops_samples" : 59
      },
      "trim" : {
        "io_bytes" : 0,
        "io_kbytes" : 0,
        "bw_bytes" : 0,
        "bw" : 0,
        "iops" : 0.000000,
        "runtime" : 0,
        "total_ios" : 0,
        "short_ios" : 0,
        "drop_ios" : 0,
        "slat_ns" : {
          "min" : 0,
          "max" : 0,
          "mean" : 0.000000,
          "stddev" : 0.000000,
          "N" : 0
        },
        "clat_ns" : {
          "min" : 0,
          "max" : 0,
          "mean" : 0.000000,
          "stddev" : 0.000000,
          "N" : 0
        },
        "lat_ns" : {
          "min" : 0,
          "max" : 0,
          "mean" : 0.000000,
          "stddev" : 0.000000,
          "N" : 0
        },
        "bw_min" : 0,
        "bw_max" : 0,
        "bw_agg" : 0.000000,
        "bw_mean" : 0.000000,
        "bw_dev" : 0.000000,
        "bw_samples" : 0,
        "iops_min" : 0,
        "iops_max" : 0,
        "iops_mean" : 0.000000,
        "iops_stddev" : 0.000000,
        "iops_samples" : 0
      },
      "sync" : {
        "total_ios" : 0,
        "lat_ns" : {
          "min" : 0,
          "max" : 0,
          "mean" : 0.000000,
          "stddev" : 0.000000,
          "N" : 0
        }
      },
      "job_runtime" : 30000,
      "usr_cpu" : 9.423333,
      "sys_cpu" : 25.260000,
      "ctx" : 671942,
      "majf" : 0,
      "minf" : 20,
      "iodepth_level" : {
        "1" : 100.000000,
        "2" : 0.000000,
        "4" : 0.000000,
        "8" : 0.000000,
        "16" : 0.000000,
        "32" : 0.000000,
        ">=64" : 0.000000
      },
      "iodepth_submit" : {
        "0" : 0.000000,
        "4" : 100.000000,
        "8" : 0.000000,
        "16" : 0.000000,
        "32" : 0.000000,
        "64" : 0.000000,
        ">=64" : 0.000000
      },
      "iodepth_complete" : {
        "0" : 0.000000,
        "4" : 100.000000,
        "8" : 0.000000,
        "16" : 0.000000,
        "32" : 0.000000,
        "64" : 0.000000,
        ">=64" : 0.000000
      },
      "latency_ns" : {
        "2" : 0.000000,
        "4" : 0.000000,
        "10" : 0.000000,
        "20" : 0.000000,
        "50" : 0.000000,
        "100" : 0.000000,
        "250" : 0.000000,
        "500" : 0.000000,
        "750" : 0.000000,
        "1000" : 0.000000
      },
      "latency_us" : {
        "2" : 0.000000,
        "4" : 0.000000,
        "10" : 0.010000,
        "20" : 0.010000,
        "50" : 99.822156,
        "100" : 0.152395,
        "250" : 0.010000,
        "500" : 0.010000,
        "750" : 0.000000,
        "1000" : 0.000000
      },
      "latency_ms" : {
        "2" : 0.000000,
        "4" : 0.010000,
        "10" : 0.000000,
        "20" : 0.000000,
        "50" : 0.000000,
        "100" : 0.000000,
        "250" : 0.000000,
        "500" : 0.000000,
        "750" : 0.000000,
        "1000" : 0.000000,
        "2000" : 0.000000,
        ">=2000" : 0.000000
      },
      "latency_depth" : 1,
      "latency_target" : 0,
      "latency_percentile" : 100.000000,
      "latency_window" : 0
    }
  ],
  "disk_util" : [
    {
      "name" : "nvme0n1",
      "read_ios" : 0,
      "write_ios" : 669586,
      "read_merges" : 0,
      "write_merges" : 90,
      "read_ticks" : 0,
      "write_ticks" : 19790,
      "in_queue" : 19802,
      "util" : 61.525627
    }
  ]
}
