{
  "fio version" : "fio-3.28",
  "timestamp" : 1758037356,
  "timestamp_ms" : 1758037356020,
  "time" : "Tue Sep 16 11:42:36 2025",
  "jobs" : [
    {
      "jobname" : "bs_sweep_randwrite_512k_degraded",
      "groupid" : 0,
      "error" : 0,
      "eta" : 0,
      "elapsed" : 31,
      "job options" : {
        "name" : "bs_sweep_randwrite_512k_degraded",
        "filename" : "./bs_sweep_randwrite_512k_degraded_test",
        "size" : "1G",
        "rw" : "randwrite",
        "bs" : "512k",
        "direct" : "1",
        "runtime" : "30",
        "time_based" : "1",
        "ioengine" : "libaio",
        "iodepth" : "1",
        "numjobs" : "1"
      },
      "read" : {
        "io_bytes" : 0,
        "io_kbytes" : 0,
        "bw_bytes" : 0,
        "bw" : 0,
        "iops" : 0.000000,
        "runtime" : 0,
        "total_ios" : 0,
        "short_ios" : 0,
        "drop_ios" : 0,
        "slat_ns" : {
          "min" : 0,
          "max" : 0,
          "mean" : 0.000000,
          "stddev" : 0.000000,
          "N" : 0
        },
        "clat_ns" : {
          "min" : 0,
          "max" : 0,
          "mean" : 0.000000,
          "stddev" : 0.000000,
          "N" : 0
        },
        "lat_ns" : {
          "min" : 0,
          "max" : 0,
          "mean" : 0.000000,
          "stddev" : 0.000000,
          "N" : 0
        },
        "bw_min" : 0,
        "bw_max" : 0,
        "bw_agg" : 0.000000,
        "bw_mean" : 0.000000,
        "bw_dev" : 0.000000,
        "bw_samples" : 0,
        "iops_min" : 0,
        "iops_max" : 0,
        "iops_mean" : 0.000000,
        "iops_stddev" : 0.000000,
        "iops_samples" : 0
      },
      "write" : {
        "io_bytes" : 82121850880,
        "io_kbytes" : 80197120,
        "bw_bytes" : 2737303785,
        "bw" : 2673148,
        "iops" : 5220.992634,
        "runtime" : 30001,
        "total_ios" : 156635,
        "short_ios" : 0,
        "drop_ios" : 0,
        "slat_ns" : {
          "min" : 33462,
          "max" : 353422,
          "mean" : 85519.525374,
          "stddev" : 7083.252868,
          "N" : 156635
        },
        "clat_ns" : {
          "min" : 13065,
          "max" : 4449293,
          "mean" : 103805.171948,
          "stddev" : 83140.720289,
          "N" : 156635,
          "percentile" : {
            "1.000000" : 87552,
            "5.000000" : 100864,
            "10.000000" : 100864,
            "20.000000" : 100864,
            "30.000000" : 100864,
            "40.000000" : 101888,
            "50.000000" : 101888,
            "60.000000" : 101888,
            "70.000000" : 101888,
            "80.000000" : 102912,
            "90.000000" : 103936,
            "95.000000" : 104960,
            "99.000000" : 111104,
            "99.500000" : 127488,
            "99.900000" : 156672,
            "99.950000" : 2277376,
            "99.990000" : 3850240
          }
        },
        "lat_ns" : {
          "min" : 141140,
          "max" : 4529054,
          "mean" : 189656.812730,
          "stddev" : 83337.248414,
          "N" : 156635
        },
        "bw_min" : 2576384,
        "bw_max" : 2814976,
        "bw_agg" : 100.000000,
        "bw_mean" : 2675625.220339,
        "bw_dev" : 36565.739316,
        "bw_samples" : 59,
        "iops_min" : 5032,
        "iops_max" : 5498,
        "iops_mean" : 5225.830508,
        "iops_stddev" : 71.417460,
        "iops_samples" : 59
      },
      "trim" : {
        "io_bytes" : 0,
        "io_kbytes" : 0,
        "bw_bytes" : 0,
        "bw" : 0,
        "iops" : 0.000000,
        "runtime" : 0,
        "total_ios" : 0,
        "short_ios" : 0,
        "drop_ios" : 0,
        "slat_ns" : {
          "min" : 0,
          "max" : 0,
          "mean" : 0.000000,
          "stddev" : 0.000000,
          "N" : 0
        },
        "clat_ns" : {
          "min" : 0,
          "max" : 0,
          "mean" : 0.000000,
          "stddev" : 0.000000,
          "N" : 0
        },
        "lat_ns" : {
          "min" : 0,
          "max" : 0,
          "mean" : 0.000000,
          "stddev" : 0.000000,
          "N" : 0
        },
        "bw_min" : 0,
        "bw_max" : 0,
        "bw_agg" : 0.000000,
        "bw_mean" : 0.000000,
        "bw_dev" : 0.000000,
        "bw_samples" : 0,
        "iops_min" : 0,
        "iops_max" : 0,
        "iops_mean" : 0.000000,
        "iops_stddev" : 0.000000,
        "iops_samples" : 0
      },
      "sync" : {
        "total_ios" : 0,
        "lat_ns" : {
          "min" : 0,
          "max" : 0,
          "mean" : 0.000000,
          "stddev" : 0.000000,
          "N" : 0
        }
      },
      "job_runtime" : 30000,
      "usr_cpu" : 10.960000,
      "sys_cpu" : 37.903333,
      "ctx" : 156641,
      "majf" : 0,
      "minf" : 19,
      "iodepth_level" : {
        "1" : 100.000000,
        "2" : 0.000000,
        "4" : 0.000000,
        "8" : 0.000000,
        "16" : 0.000000,
        "32" : 0.000000,
        ">=64" : 0.000000
      },
      "iodepth_submit" : {
        "0" : 0.000000,
        "4" : 100.000000,
        "8" : 0.000000,
        "16" : 0.000000,
        "32" : 0.000000,
        "64" : 0.000000,
        ">=64" : 0.000000
      },
      "iodepth_complete" : {
        "0" : 0.000000,
        "4" : 100.000000,
        "8" : 0.000000,
        "16" : 0.000000,
        "32" : 0.000000,
        "64" : 0.000000,
        ">=64" : 0.000000
      },
      "latency_ns" : {
        "2" : 0.000000,
        "4" : 0.000000,
        "10" : 0.000000,
        "20" : 0.000000,
        "50" : 0.000000,
        "100" : 0.000000,
        "250" : 0.000000,
        "500" : 0.000000,
        "750" : 0.000000,
        "1000" : 0.000000
      },
      "latency_us" : {
        "2" : 0.000000,
        "4" : 0.000000,
        "10" : 0.000000,
        "20" : 0.010000,
        "50" : 0.010000,
        "100" : 4.404507,
        "250" : 95.531650,
        "500" : 0.010215,
        "750" : 0.010000,
        "1000" : 0.000000
      },
      "latency_ms" : {
        "2" : 0.000000,
        "4" : 0.046605,
        "10" : 0.010000,
        "20" : 0.000000,
        "50" : 0.000000,
        "100" : 0.000000,
        "250" : 0.000000,
        "500" : 0.000000,
        "750" : 0.000000,
        "1000" : 0.000000,
        "2000" : 0.000000,
        ">=2000" : 0.000000
      },
      "latency_depth" : 1,
      "latency_target" : 0,
      "latency_percentile" : 100.000000,
      "latency_window" : 0
    }
  ],
  "disk_util" : [
    {
      "name" : "nvme0n1",
      "read_ios" : 0,
      "write_ios" : 624394,
      "read_merges" : 0,
      "write_merges" : 52,
      "read_ticks" : 0,
      "write_ticks" : 50539,
      "in_queue" : 50553,
      "util" : 49.215883
    }
  ]
}
