{
  "fio version": "fio-3.28",
  "timestamp": 1757680753,
  "timestamp_ms": 1757680753576,
  "time": "Fri Sep 12 08:39:13 2025",
  "jobs": [
    {
      "jobname": "bs_sweep_write_256k",
      "groupid": 0,
      "error": 0,
      "eta": 0,
      "elapsed": 31,
      "job options": {
        "name": "bs_sweep_write_256k",
        "filename": "/dev/nvme1n1",
        "rw": "write",
        "bs": "256k",
        "iodepth": "32",
        "runtime": "30",
        "numjobs": "1",
        "time_based": "1",
        "ioengine": "libaio",
        "direct": "1",
        "group_reporting": "1"
      },
      "read": {
        "io_bytes": 0,
        "io_kbytes": 0,
        "bw_bytes": 0,
        "bw": 0,
        "iops": 0.0,
        "runtime": 0,
        "total_ios": 0,
        "short_ios": 0,
        "drop_ios": 0,
        "slat_ns": {
          "min": 0,
          "max": 0,
          "mean": 0.0,
          "stddev": 0.0,
          "N": 0
        },
        "clat_ns": {
          "min": 0,
          "max": 0,
          "mean": 0.0,
          "stddev": 0.0,
          "N": 0
        },
        "lat_ns": {
          "min": 0,
          "max": 0,
          "mean": 0.0,
          "stddev": 0.0,
          "N": 0
        },
        "bw_min": 0,
        "bw_max": 0,
        "bw_agg": 0.0,
        "bw_mean": 0.0,
        "bw_dev": 0.0,
        "bw_samples": 0,
        "iops_min": 0,
        "iops_max": 0,
        "iops_mean": 0.0,
        "iops_stddev": 0.0,
        "iops_samples": 0
      },
      "write": {
        "io_bytes": 156709683200,
        "io_kbytes": 153036800,
        "bw_bytes": 5223307886,
        "bw": 5100886,
        "iops": 19925.338311,
        "runtime": 30002,
        "total_ios": 597800,
        "short_ios": 0,
        "drop_ios": 0,
        "slat_ns": {
          "min": 11158,
          "max": 274906,
          "mean": 25552.537377,
          "stddev": 3385.61175,
          "N": 597800
        },
        "clat_ns": {
          "min": 1002061,
          "max": 8852335,
          "mean": 1579730.407874,
          "stddev": 398204.980207,
          "N": 597800,
          "percentile": {
            "1.000000": 1515520,
            "5.000000": 1531904,
            "10.000000": 1531904,
            "20.000000": 1531904,
            "30.000000": 1531904,
            "40.000000": 1548288,
            "50.000000": 1548288,
            "60.000000": 1548288,
            "70.000000": 1548288,
            "80.000000": 1548288,
            "90.000000": 1548288,
            "95.000000": 1564672,
            "99.000000": 1662976,
            "99.500000": 5865472,
            "99.900000": 6389760,
            "99.950000": 6717440,
            "99.990000": 8585216
          }
        },
        "lat_ns": {
          "min": 1031500,
          "max": 8877001,
          "mean": 1605394.427133,
          "stddev": 398149.330029,
          "N": 597800
        },
        "bw_min": 5032960,
        "bw_max": 5139968,
        "bw_agg": 100.0,
        "bw_mean": 5104917.694915,
        "bw_dev": 24290.818384,
        "bw_samples": 59,
        "iops_min": 19660,
        "iops_max": 20078,
        "iops_mean": 19941.050847,
        "iops_stddev": 94.907836,
        "iops_samples": 59
      },
      "trim": {
        "io_bytes": 0,
        "io_kbytes": 0,
        "bw_bytes": 0,
        "bw": 0,
        "iops": 0.0,
        "runtime": 0,
        "total_ios": 0,
        "short_ios": 0,
        "drop_ios": 0,
        "slat_ns": {
          "min": 0,
          "max": 0,
          "mean": 0.0,
          "stddev": 0.0,
          "N": 0
        },
        "clat_ns": {
          "min": 0,
          "max": 0,
          "mean": 0.0,
          "stddev": 0.0,
          "N": 0
        },
        "lat_ns": {
          "min": 0,
          "max": 0,
          "mean": 0.0,
          "stddev": 0.0,
          "N": 0
        },
        "bw_min": 0,
        "bw_max": 0,
        "bw_agg": 0.0,
        "bw_mean": 0.0,
        "bw_dev": 0.0,
        "bw_samples": 0,
        "iops_min": 0,
        "iops_max": 0,
        "iops_mean": 0.0,
        "iops_stddev": 0.0,
        "iops_samples": 0
      },
      "sync": {
        "total_ios": 0,
        "lat_ns": {
          "min": 0,
          "max": 0,
          "mean": 0.0,
          "stddev": 0.0,
          "N": 0
        }
      },
      "job_runtime": 30001,
      "usr_cpu": 20.322656,
      "sys_cpu": 44.181861,
      "ctx": 589708,
      "majf": 0,
      "minf": 14,
      "iodepth_level": {
        "1": 0.1,
        "2": 0.1,
        "4": 0.1,
        "8": 0.1,
        "16": 0.1,
        "32": 99.994814,
        ">=64": 0.0
      },
      "iodepth_submit": {
        "0": 0.0,
        "4": 100.0,
        "8": 0.0,
        "16": 0.0,
        "32": 0.0,
        "64": 0.0,
        ">=64": 0.0
      },
      "iodepth_complete": {
        "0": 0.0,
        "4": 99.999833,
        "8": 0.0,
        "16": 0.0,
        "32": 0.1,
        "64": 0.0,
        ">=64": 0.0
      },
      "latency_ns": {
        "2": 0.0,
        "4": 0.0,
        "10": 0.0,
        "20": 0.0,
        "50": 0.0,
        "100": 0.0,
        "250": 0.0,
        "500": 0.0,
        "750": 0.0,
        "1000": 0.0
      },
      "latency_us": {
        "2": 0.0,
        "4": 0.0,
        "10": 0.0,
        "20": 0.0,
        "50": 0.0,
        "100": 0.0,
        "250": 0.0,
        "500": 0.0,
        "750": 0.0,
        "1000": 0.0
      },
      "latency_ms": {
        "2": 99.195718,
        "4": 0.01,
        "10": 0.797591,
        "20": 0.0,
        "50": 0.0,
        "100": 0.0,
        "250": 0.0,
        "500": 0.0,
        "750": 0.0,
        "1000": 0.0,
        "2000": 0.0,
        ">=2000": 0.0
      },
      "latency_depth": 32,
      "latency_target": 0,
      "latency_percentile": 100.0,
      "latency_window": 0
    }
  ],
  "disk_util": [
    {
      "name": "nvme1n1",
      "read_ios": 142,
      "write_ios": 1190289,
      "read_merges": 0,
      "write_merges": 0,
      "read_ticks": 7,
      "write_ticks": 1865974,
      "in_queue": 1865981,
      "util": 99.729558
    }
  ]
}