{
  "fio version" : "fio-3.28",
  "timestamp" : 1758037606,
  "timestamp_ms" : 1758037606335,
  "time" : "Tue Sep 16 11:46:46 2025",
  "jobs" : [
    {
      "jobname" : "bs_sweep_randread_256k_degraded",
      "groupid" : 0,
      "error" : 0,
      "eta" : 0,
      "elapsed" : 31,
      "job options" : {
        "name" : "bs_sweep_randread_256k_degraded",
        "filename" : "./bs_sweep_randread_256k_degraded_test",
        "size" : "1G",
        "rw" : "randread",
        "bs" : "256k",
        "direct" : "1",
        "runtime" : "30",
        "time_based" : "1",
        "ioengine" : "libaio",
        "iodepth" : "1",
        "numjobs" : "1"
      },
      "read" : {
        "io_bytes" : 44504186880,
        "io_kbytes" : 43461120,
        "bw_bytes" : 1483423448,
        "bw" : 1448655,
        "iops" : 5658.811373,
        "runtime" : 30001,
        "total_ios" : 169770,
        "short_ios" : 0,
        "drop_ios" : 0,
        "slat_ns" : {
          "min" : 29635,
          "max" : 309745,
          "mean" : 47846.970372,
          "stddev" : 9434.213287,
          "N" : 169770
        },
        "clat_ns" : {
          "min" : 12829,
          "max" : 8535300,
          "mean" : 126303.621506,
          "stddev" : 34641.475907,
          "N" : 169770,
          "percentile" : {
            "1.000000" : 103936,
            "5.000000" : 103936,
            "10.000000" : 104960,
            "20.000000" : 104960,
            "30.000000" : 107008,
            "40.000000" : 124416,
            "50.000000" : 125440,
            "60.000000" : 125440,
            "70.000000" : 125440,
            "80.000000" : 126464,
            "90.000000" : 134144,
            "95.000000" : 207872,
            "99.000000" : 232448,
            "99.500000" : 236544,
            "99.900000" : 242688,
            "99.950000" : 246784,
            "99.990000" : 272384
          }
        },
        "lat_ns" : {
          "min" : 146282,
          "max" : 8741395,
          "mean" : 174483.571668,
          "stddev" : 39344.454068,
          "N" : 169770
        },
        "bw_min" : 1199616,
        "bw_max" : 1606144,
        "bw_agg" : 100.000000,
        "bw_mean" : 1450287.728814,
        "bw_dev" : 117724.727307,
        "bw_samples" : 59,
        "iops_min" : 4686,
        "iops_max" : 6274,
        "iops_mean" : 5665.186441,
        "iops_stddev" : 459.878413,
        "iops_samples" : 59
      },
      "write" : {
        "io_bytes" : 0,
        "io_kbytes" : 0,
        "bw_bytes" : 0,
        "bw" : 0,
        "iops" : 0.000000,
        "runtime" : 0,
        "total_ios" : 0,
        "short_ios" : 0,
        "drop_ios" : 0,
        "slat_ns" : {
          "min" : 0,
          "max" : 0,
          "mean" : 0.000000,
          "stddev" : 0.000000,
          "N" : 0
        },
        "clat_ns" : {
          "min" : 0,
          "max" : 0,
          "mean" : 0.000000,
          "stddev" : 0.000000,
          "N" : 0
        },
        "lat_ns" : {
          "min" : 0,
          "max" : 0,
          "mean" : 0.000000,
          "stddev" : 0.000000,
          "N" : 0
        },
        "bw_min" : 0,
        "bw_max" : 0,
        "bw_agg" : 0.000000,
        "bw_mean" : 0.000000,
        "bw_dev" : 0.000000,
        "bw_samples" : 0,
        "iops_min" : 0,
        "iops_max" : 0,
        "iops_mean" : 0.000000,
        "iops_stddev" : 0.000000,
        "iops_samples" : 0
      },
      "trim" : {
        "io_bytes" : 0,
        "io_kbytes" : 0,
        "bw_bytes" : 0,
        "bw" : 0,
        "iops" : 0.000000,
        "runtime" : 0,
        "total_ios" : 0,
        "short_ios" : 0,
        "drop_ios" : 0,
        "slat_ns" : {
          "min" : 0,
          "max" : 0,
          "mean" : 0.000000,
          "stddev" : 0.000000,
          "N" : 0
        },
        "clat_ns" : {
          "min" : 0,
          "max" : 0,
          "mean" : 0.000000,
          "stddev" : 0.000000,
          "N" : 0
        },
        "lat_ns" : {
          "min" : 0,
          "max" : 0,
          "mean" : 0.000000,
          "stddev" : 0.000000,
          "N" : 0
        },
        "bw_min" : 0,
        "bw_max" : 0,
        "bw_agg" : 0.000000,
        "bw_mean" : 0.000000,
        "bw_dev" : 0.000000,
        "bw_samples" : 0,
        "iops_min" : 0,
        "iops_max" : 0,
        "iops_mean" : 0.000000,
        "iops_stddev" : 0.000000,
        "iops_samples" : 0
      },
      "sync" : {
        "total_ios" : 0,
        "lat_ns" : {
          "min" : 0,
          "max" : 0,
          "mean" : 0.000000,
          "stddev" : 0.000000,
          "N" : 0
        }
      },
      "job_runtime" : 30000,
      "usr_cpu" : 2.766667,
      "sys_cpu" : 35.673333,
      "ctx" : 169769,
      "majf" : 0,
      "minf" : 79,
      "iodepth_level" : {
        "1" : 100.000000,
        "2" : 0.000000,
        "4" : 0.000000,
        "8" : 0.000000,
        "16" : 0.000000,
        "32" : 0.000000,
        ">=64" : 0.000000
      },
      "iodepth_submit" : {
        "0" : 0.000000,
        "4" : 100.000000,
        "8" : 0.000000,
        "16" : 0.000000,
        "32" : 0.000000,
        "64" : 0.000000,
        ">=64" : 0.000000
      },
      "iodepth_complete" : {
        "0" : 0.000000,
        "4" : 100.000000,
        "8" : 0.000000,
        "16" : 0.000000,
        "32" : 0.000000,
        "64" : 0.000000,
        ">=64" : 0.000000
      },
      "latency_ns" : {
        "2" : 0.000000,
        "4" : 0.000000,
        "10" : 0.000000,
        "20" : 0.000000,
        "50" : 0.000000,
        "100" : 0.000000,
        "250" : 0.000000,
        "500" : 0.000000,
        "750" : 0.000000,
        "1000" : 0.000000
      },
      "latency_us" : {
        "2" : 0.000000,
        "4" : 0.000000,
        "10" : 0.000000,
        "20" : 0.010000,
        "50" : 0.010000,
        "100" : 0.215586,
        "250" : 99.752017,
        "500" : 0.024150,
        "750" : 0.010000,
        "1000" : 0.010000
      },
      "latency_ms" : {
        "2" : 0.000000,
        "4" : 0.000000,
        "10" : 0.010000,
        "20" : 0.000000,
        "50" : 0.000000,
        "100" : 0.000000,
        "250" : 0.000000,
        "500" : 0.000000,
        "750" : 0.000000,
        "1000" : 0.000000,
        "2000" : 0.000000,
        ">=2000" : 0.000000
      },
      "latency_depth" : 1,
      "latency_target" : 0,
      "latency_percentile" : 100.000000,
      "latency_window" : 0
    }
  ],
  "disk_util" : [
    {
      "name" : "nvme0n1",
      "read_ios" : 338458,
      "write_ios" : 25,
      "read_merges" : 0,
      "write_merges" : 30,
      "read_ticks" : 42769,
      "write_ticks" : 32,
      "in_queue" : 42809,
      "util" : 76.172214
    }
  ]
}
