{
  "fio version": "fio-3.28",
  "timestamp": 1757681304,
  "timestamp_ms": 1757681304049,
  "time": "Fri Sep 12 08:48:24 2025",
  "jobs": [
    {
      "jobname": "bs_sweep_read_128k",
      "groupid": 0,
      "error": 0,
      "eta": 0,
      "elapsed": 31,
      "job options": {
        "name": "bs_sweep_read_128k",
        "filename": "/dev/nvme1n1",
        "rw": "read",
        "bs": "128k",
        "iodepth": "32",
        "runtime": "30",
        "numjobs": "1",
        "time_based": "1",
        "ioengine": "libaio",
        "direct": "1",
        "group_reporting": "1"
      },
      "read": {
        "io_bytes": 122122534912,
        "io_kbytes": 119260288,
        "bw_bytes": 4070615476,
        "bw": 3975210,
        "iops": 31056.331456,
        "runtime": 30001,
        "total_ios": 931721,
        "short_ios": 0,
        "drop_ios": 0,
        "slat_ns": {
          "min": 7141,
          "max": 329473,
          "mean": 11588.456967,
          "stddev": 6110.052176,
          "N": 931721
        },
        "clat_ns": {
          "min": 40464,
          "max": 125708304,
          "mean": 1017983.441733,
          "stddev": 5096199.816593,
          "N": 931721,
          "percentile": {
            "1.000000": 101888,
            "5.000000": 280576,
            "10.000000": 440320,
            "20.000000": 501760,
            "30.000000": 528384,
            "40.000000": 552960,
            "50.000000": 577536,
            "60.000000": 618496,
            "70.000000": 659456,
            "80.000000": 733184,
            "90.000000": 880640,
            "95.000000": 1028096,
            "99.000000": 2072576,
            "99.500000": 50069504,
            "99.900000": 74973184,
            "99.950000": 91750400,
            "99.990000": 106430464
          }
        },
        "lat_ns": {
          "min": 101390,
          "max": 125757592,
          "mean": 1029728.183588,
          "stddev": 5097643.970907,
          "N": 931721
        },
        "bw_min": 166656,
        "bw_max": 6376448,
        "bw_agg": 99.18519,
        "bw_mean": 3942820.881356,
        "bw_dev": 2450161.232017,
        "bw_samples": 59,
        "iops_min": 1302,
        "iops_max": 49816,
        "iops_mean": 30803.322034,
        "iops_stddev": 19141.916791,
        "iops_samples": 59
      },
      "write": {
        "io_bytes": 0,
        "io_kbytes": 0,
        "bw_bytes": 0,
        "bw": 0,
        "iops": 0.0,
        "runtime": 0,
        "total_ios": 0,
        "short_ios": 0,
        "drop_ios": 0,
        "slat_ns": {
          "min": 0,
          "max": 0,
          "mean": 0.0,
          "stddev": 0.0,
          "N": 0
        },
        "clat_ns": {
          "min": 0,
          "max": 0,
          "mean": 0.0,
          "stddev": 0.0,
          "N": 0
        },
        "lat_ns": {
          "min": 0,
          "max": 0,
          "mean": 0.0,
          "stddev": 0.0,
          "N": 0
        },
        "bw_min": 0,
        "bw_max": 0,
        "bw_agg": 0.0,
        "bw_mean": 0.0,
        "bw_dev": 0.0,
        "bw_samples": 0,
        "iops_min": 0,
        "iops_max": 0,
        "iops_mean": 0.0,
        "iops_stddev": 0.0,
        "iops_samples": 0
      },
      "trim": {
        "io_bytes": 0,
        "io_kbytes": 0,
        "bw_bytes": 0,
        "bw": 0,
        "iops": 0.0,
        "runtime": 0,
        "total_ios": 0,
        "short_ios": 0,
        "drop_ios": 0,
        "slat_ns": {
          "min": 0,
          "max": 0,
          "mean": 0.0,
          "stddev": 0.0,
          "N": 0
        },
        "clat_ns": {
          "min": 0,
          "max": 0,
          "mean": 0.0,
          "stddev": 0.0,
          "N": 0
        },
        "lat_ns": {
          "min": 0,
          "max": 0,
          "mean": 0.0,
          "stddev": 0.0,
          "N": 0
        },
        "bw_min": 0,
        "bw_max": 0,
        "bw_agg": 0.0,
        "bw_mean": 0.0,
        "bw_dev": 0.0,
        "bw_samples": 0,
        "iops_min": 0,
        "iops_max": 0,
        "iops_mean": 0.0,
        "iops_stddev": 0.0,
        "iops_samples": 0
      },
      "sync": {
        "total_ios": 0,
        "lat_ns": {
          "min": 0,
          "max": 0,
          "mean": 0.0,
          "stddev": 0.0,
          "N": 0
        }
      },
      "job_runtime": 30000,
      "usr_cpu": 4.976667,
      "sys_cpu": 43.42,
      "ctx": 363319,
      "majf": 0,
      "minf": 1041,
      "iodepth_level": {
        "1": 0.1,
        "2": 0.1,
        "4": 0.1,
        "8": 0.1,
        "16": 0.1,
        "32": 99.996673,
        ">=64": 0.0
      },
      "iodepth_submit": {
        "0": 0.0,
        "4": 100.0,
        "8": 0.0,
        "16": 0.0,
        "32": 0.0,
        "64": 0.0,
        ">=64": 0.0
      },
      "iodepth_complete": {
        "0": 0.0,
        "4": 99.999893,
        "8": 0.0,
        "16": 0.0,
        "32": 0.1,
        "64": 0.0,
        ">=64": 0.0
      },
      "latency_ns": {
        "2": 0.0,
        "4": 0.0,
        "10": 0.0,
        "20": 0.0,
        "50": 0.0,
        "100": 0.0,
        "250": 0.0,
        "500": 0.0,
        "750": 0.0,
        "1000": 0.0
      },
      "latency_us": {
        "2": 0.0,
        "4": 0.0,
        "10": 0.0,
        "20": 0.0,
        "50": 0.01,
        "100": 0.847893,
        "250": 3.600434,
        "500": 15.347835,
        "750": 61.776218,
        "1000": 12.641767
      },
      "latency_ms": {
        "2": 4.762477,
        "4": 0.292148,
        "10": 0.070729,
        "20": 0.020178,
        "50": 0.136414,
        "100": 0.476859,
        "250": 0.026939,
        "500": 0.0,
        "750": 0.0,
        "1000": 0.0,
        "2000": 0.0,
        ">=2000": 0.0
      },
      "latency_depth": 32,
      "latency_target": 0,
      "latency_percentile": 100.0,
      "latency_window": 0
    }
  ],
  "disk_util": [
    {
      "name": "nvme1n1",
      "read_ios": 925860,
      "write_ios": 0,
      "read_merges": 0,
      "write_merges": 0,
      "read_ticks": 930516,
      "write_ticks": 0,
      "in_queue": 930516,
      "util": 99.749624
    }
  ]
}