{
  "fio version": "fio-3.28",
  "timestamp": 1757681562,
  "timestamp_ms": 1757681562990,
  "time": "Fri Sep 12 08:52:42 2025",
  "jobs": [
    {
      "jobname": "bs_sweep_randread_64k",
      "groupid": 0,
      "error": 0,
      "eta": 0,
      "elapsed": 31,
      "job options": {
        "name": "bs_sweep_randread_64k",
        "filename": "/dev/nvme1n1",
        "rw": "randread",
        "bs": "64k",
        "iodepth": "32",
        "runtime": "30",
        "numjobs": "1",
        "time_based": "1",
        "ioengine": "libaio",
        "direct": "1",
        "group_reporting": "1"
      },
      "read": {
        "io_bytes": 160053329920,
        "io_kbytes": 156302080,
        "bw_bytes": 5334933166,
        "bw": 5209895,
        "iops": 81404.619846,
        "runtime": 30001,
        "total_ios": 2442220,
        "short_ios": 0,
        "drop_ios": 0,
        "slat_ns": {
          "min": 4034,
          "max": 223769,
          "mean": 5953.568099,
          "stddev": 2189.260469,
          "N": 2442220
        },
        "clat_ns": {
          "min": 29485,
          "max": 6715851,
          "mean": 386578.021211,
          "stddev": 258120.242451,
          "N": 2442220,
          "percentile": {
            "1.000000": 132096,
            "5.000000": 168960,
            "10.000000": 187392,
            "20.000000": 216064,
            "30.000000": 248832,
            "40.000000": 284672,
            "50.000000": 321536,
            "60.000000": 366592,
            "70.000000": 419840,
            "80.000000": 493568,
            "90.000000": 618496,
            "95.000000": 798720,
            "99.000000": 1515520,
            "99.500000": 1843200,
            "99.900000": 2539520,
            "99.950000": 2768896,
            "99.990000": 3293184
          }
        },
        "lat_ns": {
          "min": 35263,
          "max": 6722474,
          "mean": 392633.654868,
          "stddev": 258254.920653,
          "N": 2442220
        },
        "bw_min": 3943808,
        "bw_max": 6127744,
        "bw_agg": 99.937299,
        "bw_mean": 5206629.966102,
        "bw_dev": 728957.056347,
        "bw_samples": 59,
        "iops_min": 61622,
        "iops_max": 95746,
        "iops_mean": 81353.59322,
        "iops_stddev": 11389.954005,
        "iops_samples": 59
      },
      "write": {
        "io_bytes": 0,
        "io_kbytes": 0,
        "bw_bytes": 0,
        "bw": 0,
        "iops": 0.0,
        "runtime": 0,
        "total_ios": 0,
        "short_ios": 0,
        "drop_ios": 0,
        "slat_ns": {
          "min": 0,
          "max": 0,
          "mean": 0.0,
          "stddev": 0.0,
          "N": 0
        },
        "clat_ns": {
          "min": 0,
          "max": 0,
          "mean": 0.0,
          "stddev": 0.0,
          "N": 0
        },
        "lat_ns": {
          "min": 0,
          "max": 0,
          "mean": 0.0,
          "stddev": 0.0,
          "N": 0
        },
        "bw_min": 0,
        "bw_max": 0,
        "bw_agg": 0.0,
        "bw_mean": 0.0,
        "bw_dev": 0.0,
        "bw_samples": 0,
        "iops_min": 0,
        "iops_max": 0,
        "iops_mean": 0.0,
        "iops_stddev": 0.0,
        "iops_samples": 0
      },
      "trim": {
        "io_bytes": 0,
        "io_kbytes": 0,
        "bw_bytes": 0,
        "bw": 0,
        "iops": 0.0,
        "runtime": 0,
        "total_ios": 0,
        "short_ios": 0,
        "drop_ios": 0,
        "slat_ns": {
          "min": 0,
          "max": 0,
          "mean": 0.0,
          "stddev": 0.0,
          "N": 0
        },
        "clat_ns": {
          "min": 0,
          "max": 0,
          "mean": 0.0,
          "stddev": 0.0,
          "N": 0
        },
        "lat_ns": {
          "min": 0,
          "max": 0,
          "mean": 0.0,
          "stddev": 0.0,
          "N": 0
        },
        "bw_min": 0,
        "bw_max": 0,
        "bw_agg": 0.0,
        "bw_mean": 0.0,
        "bw_dev": 0.0,
        "bw_samples": 0,
        "iops_min": 0,
        "iops_max": 0,
        "iops_mean": 0.0,
        "iops_stddev": 0.0,
        "iops_samples": 0
      },
      "sync": {
        "total_ios": 0,
        "lat_ns": {
          "min": 0,
          "max": 0,
          "mean": 0.0,
          "stddev": 0.0,
          "N": 0
        }
      },
      "job_runtime": 30000,
      "usr_cpu": 9.456667,
      "sys_cpu": 56.03,
      "ctx": 646894,
      "majf": 0,
      "minf": 526,
      "iodepth_level": {
        "1": 0.1,
        "2": 0.1,
        "4": 0.1,
        "8": 0.1,
        "16": 0.1,
        "32": 99.998731,
        ">=64": 0.0
      },
      "iodepth_submit": {
        "0": 0.0,
        "4": 100.0,
        "8": 0.0,
        "16": 0.0,
        "32": 0.0,
        "64": 0.0,
        ">=64": 0.0
      },
      "iodepth_complete": {
        "0": 0.0,
        "4": 99.999959,
        "8": 0.0,
        "16": 0.0,
        "32": 0.1,
        "64": 0.0,
        ">=64": 0.0
      },
      "latency_ns": {
        "2": 0.0,
        "4": 0.0,
        "10": 0.0,
        "20": 0.0,
        "50": 0.0,
        "100": 0.0,
        "250": 0.0,
        "500": 0.0,
        "750": 0.0,
        "1000": 0.0
      },
      "latency_us": {
        "2": 0.0,
        "4": 0.0,
        "10": 0.0,
        "20": 0.0,
        "50": 0.01,
        "100": 0.087871,
        "250": 30.210014,
        "500": 50.506547,
        "750": 13.403625,
        "1000": 2.773296
      },
      "latency_ms": {
        "2": 2.665894,
        "4": 0.350542,
        "10": 0.01,
        "20": 0.0,
        "50": 0.0,
        "100": 0.0,
        "250": 0.0,
        "500": 0.0,
        "750": 0.0,
        "1000": 0.0,
        "2000": 0.0,
        ">=2000": 0.0
      },
      "latency_depth": 32,
      "latency_target": 0,
      "latency_percentile": 100.0,
      "latency_window": 0
    }
  ],
  "disk_util": [
    {
      "name": "nvme1n1",
      "read_ios": 2431824,
      "write_ios": 0,
      "read_merges": 0,
      "write_merges": 0,
      "read_ticks": 909352,
      "write_ticks": 0,
      "in_queue": 909351,
      "util": 99.726347
    }
  ]
}