{
  "fio version": "fio-3.28",
  "timestamp": 1757681401,
  "timestamp_ms": 1757681401142,
  "time": "Fri Sep 12 08:50:01 2025",
  "jobs": [
    {
      "jobname": "bs_sweep_read_1m",
      "groupid": 0,
      "error": 0,
      "eta": 0,
      "elapsed": 31,
      "job options": {
        "name": "bs_sweep_read_1m",
        "filename": "/dev/nvme1n1",
        "rw": "read",
        "bs": "1m",
        "iodepth": "32",
        "runtime": "30",
        "numjobs": "1",
        "time_based": "1",
        "ioengine": "libaio",
        "direct": "1",
        "group_reporting": "1"
      },
      "read": {
        "io_bytes": 128115015680,
        "io_kbytes": 125112320,
        "bw_bytes": 4269788891,
        "bw": 4169715,
        "iops": 4071.988002,
        "runtime": 30005,
        "total_ios": 122180,
        "short_ios": 0,
        "drop_ios": 0,
        "slat_ns": {
          "min": 63407,
          "max": 850918,
          "mean": 96160.178794,
          "stddev": 31216.503754,
          "N": 122180
        },
        "clat_ns": {
          "min": 155680,
          "max": 214934307,
          "mean": 7759024.996808,
          "stddev": 17133910.534361,
          "N": 122180,
          "percentile": {
            "1.000000": 391168,
            "5.000000": 3096576,
            "10.000000": 4423680,
            "20.000000": 4751360,
            "30.000000": 4882432,
            "40.000000": 4947968,
            "50.000000": 5079040,
            "60.000000": 5144576,
            "70.000000": 5210112,
            "80.000000": 5341184,
            "90.000000": 5537792,
            "95.000000": 6062080,
            "99.000000": 120061952,
            "99.500000": 139460608,
            "99.900000": 152043520,
            "99.950000": 154140672,
            "99.990000": 175112192
          }
        },
        "lat_ns": {
          "min": 309228,
          "max": 215033008,
          "mean": 7855382.378491,
          "stddev": 17147711.986106,
          "N": 122180
        },
        "bw_min": 276480,
        "bw_max": 6414336,
        "bw_agg": 99.270197,
        "bw_mean": 4139285.694915,
        "bw_dev": 2453315.370004,
        "bw_samples": 59,
        "iops_min": 270,
        "iops_max": 6264,
        "iops_mean": 4042.237288,
        "iops_stddev": 2395.785008,
        "iops_samples": 59
      },
      "write": {
        "io_bytes": 0,
        "io_kbytes": 0,
        "bw_bytes": 0,
        "bw": 0,
        "iops": 0.0,
        "runtime": 0,
        "total_ios": 0,
        "short_ios": 0,
        "drop_ios": 0,
        "slat_ns": {
          "min": 0,
          "max": 0,
          "mean": 0.0,
          "stddev": 0.0,
          "N": 0
        },
        "clat_ns": {
          "min": 0,
          "max": 0,
          "mean": 0.0,
          "stddev": 0.0,
          "N": 0
        },
        "lat_ns": {
          "min": 0,
          "max": 0,
          "mean": 0.0,
          "stddev": 0.0,
          "N": 0
        },
        "bw_min": 0,
        "bw_max": 0,
        "bw_agg": 0.0,
        "bw_mean": 0.0,
        "bw_dev": 0.0,
        "bw_samples": 0,
        "iops_min": 0,
        "iops_max": 0,
        "iops_mean": 0.0,
        "iops_stddev": 0.0,
        "iops_samples": 0
      },
      "trim": {
        "io_bytes": 0,
        "io_kbytes": 0,
        "bw_bytes": 0,
        "bw": 0,
        "iops": 0.0,
        "runtime": 0,
        "total_ios": 0,
        "short_ios": 0,
        "drop_ios": 0,
        "slat_ns": {
          "min": 0,
          "max": 0,
          "mean": 0.0,
          "stddev": 0.0,
          "N": 0
        },
        "clat_ns": {
          "min": 0,
          "max": 0,
          "mean": 0.0,
          "stddev": 0.0,
          "N": 0
        },
        "lat_ns": {
          "min": 0,
          "max": 0,
          "mean": 0.0,
          "stddev": 0.0,
          "N": 0
        },
        "bw_min": 0,
        "bw_max": 0,
        "bw_agg": 0.0,
        "bw_mean": 0.0,
        "bw_dev": 0.0,
        "bw_samples": 0,
        "iops_min": 0,
        "iops_max": 0,
        "iops_mean": 0.0,
        "iops_stddev": 0.0,
        "iops_samples": 0
      },
      "sync": {
        "total_ios": 0,
        "lat_ns": {
          "min": 0,
          "max": 0,
          "mean": 0.0,
          "stddev": 0.0,
          "N": 0
        }
      },
      "job_runtime": 30004,
      "usr_cpu": 0.926543,
      "sys_cpu": 44.510732,
      "ctx": 83864,
      "majf": 0,
      "minf": 8209,
      "iodepth_level": {
        "1": 0.1,
        "2": 0.1,
        "4": 0.1,
        "8": 0.1,
        "16": 0.1,
        "32": 99.974628,
        ">=64": 0.0
      },
      "iodepth_submit": {
        "0": 0.0,
        "4": 100.0,
        "8": 0.0,
        "16": 0.0,
        "32": 0.0,
        "64": 0.0,
        ">=64": 0.0
      },
      "iodepth_complete": {
        "0": 0.0,
        "4": 99.999181,
        "8": 0.0,
        "16": 0.0,
        "32": 0.1,
        "64": 0.0,
        ">=64": 0.0
      },
      "latency_ns": {
        "2": 0.0,
        "4": 0.0,
        "10": 0.0,
        "20": 0.0,
        "50": 0.0,
        "100": 0.0,
        "250": 0.0,
        "500": 0.0,
        "750": 0.0,
        "1000": 0.0
      },
      "latency_us": {
        "2": 0.0,
        "4": 0.0,
        "10": 0.0,
        "20": 0.0,
        "50": 0.0,
        "100": 0.0,
        "250": 0.579473,
        "500": 0.729252,
        "750": 0.371583,
        "1000": 0.199705
      },
      "latency_ms": {
        "2": 1.452775,
        "4": 4.54166,
        "10": 88.749386,
        "20": 0.187428,
        "50": 0.326567,
        "100": 1.50843,
        "250": 1.35374,
        "500": 0.0,
        "750": 0.0,
        "1000": 0.0,
        "2000": 0.0,
        ">=2000": 0.0
      },
      "latency_depth": 32,
      "latency_target": 0,
      "latency_percentile": 100.0,
      "latency_window": 0
    }
  ],
  "disk_util": [
    {
      "name": "nvme1n1",
      "read_ios": 971260,
      "write_ios": 0,
      "read_merges": 0,
      "write_merges": 0,
      "read_ticks": 4948306,
      "write_ticks": 0,
      "in_queue": 4948306,
      "util": 99.756252
    }
  ]
}