{
  "fio version": "fio-3.28",
  "timestamp": 1757680559,
  "timestamp_ms": 1757680559364,
  "time": "Fri Sep 12 08:35:59 2025",
  "jobs": [
    {
      "jobname": "bs_sweep_write_4k",
      "groupid": 0,
      "error": 0,
      "eta": 0,
      "elapsed": 31,
      "job options": {
        "name": "bs_sweep_write_4k",
        "filename": "/dev/nvme1n1",
        "rw": "write",
        "bs": "4k",
        "iodepth": "32",
        "runtime": "30",
        "numjobs": "1",
        "time_based": "1",
        "ioengine": "libaio",
        "direct": "1",
        "group_reporting": "1"
      },
      "read": {
        "io_bytes": 0,
        "io_kbytes": 0,
        "bw_bytes": 0,
        "bw": 0,
        "iops": 0.0,
        "runtime": 0,
        "total_ios": 0,
        "short_ios": 0,
        "drop_ios": 0,
        "slat_ns": {
          "min": 0,
          "max": 0,
          "mean": 0.0,
          "stddev": 0.0,
          "N": 0
        },
        "clat_ns": {
          "min": 0,
          "max": 0,
          "mean": 0.0,
          "stddev": 0.0,
          "N": 0
        },
        "lat_ns": {
          "min": 0,
          "max": 0,
          "mean": 0.0,
          "stddev": 0.0,
          "N": 0
        },
        "bw_min": 0,
        "bw_max": 0,
        "bw_agg": 0.0,
        "bw_mean": 0.0,
        "bw_dev": 0.0,
        "bw_samples": 0,
        "iops_min": 0,
        "iops_max": 0,
        "iops_mean": 0.0,
        "iops_stddev": 0.0,
        "iops_samples": 0
      },
      "write": {
        "io_bytes": 38044790784,
        "io_kbytes": 37153116,
        "bw_bytes": 1268117422,
        "bw": 1238395,
        "iops": 309598.980034,
        "runtime": 30001,
        "total_ios": 9288279,
        "short_ios": 0,
        "drop_ios": 0,
        "slat_ns": {
          "min": 1465,
          "max": 82886,
          "mean": 2555.883961,
          "stddev": 597.913989,
          "N": 9288279
        },
        "clat_ns": {
          "min": 12929,
          "max": 22357247,
          "mean": 100472.724402,
          "stddev": 118846.661936,
          "N": 9288279,
          "percentile": {
            "1.000000": 97792,
            "5.000000": 97792,
            "10.000000": 97792,
            "20.000000": 97792,
            "30.000000": 97792,
            "40.000000": 98816,
            "50.000000": 98816,
            "60.000000": 98816,
            "70.000000": 98816,
            "80.000000": 99840,
            "90.000000": 104960,
            "95.000000": 104960,
            "99.000000": 109056,
            "99.500000": 118272,
            "99.900000": 160768,
            "99.950000": 162816,
            "99.990000": 177152
          }
        },
        "lat_ns": {
          "min": 15594,
          "max": 22359875,
          "mean": 103097.17742,
          "stddev": 118843.585595,
          "N": 9288279
        },
        "bw_min": 1156064,
        "bw_max": 1254672,
        "bw_agg": 100.0,
        "bw_mean": 1239220.067797,
        "bw_dev": 22348.333339,
        "bw_samples": 59,
        "iops_min": 289016,
        "iops_max": 313668,
        "iops_mean": 309805.084746,
        "iops_stddev": 5587.046056,
        "iops_samples": 59
      },
      "trim": {
        "io_bytes": 0,
        "io_kbytes": 0,
        "bw_bytes": 0,
        "bw": 0,
        "iops": 0.0,
        "runtime": 0,
        "total_ios": 0,
        "short_ios": 0,
        "drop_ios": 0,
        "slat_ns": {
          "min": 0,
          "max": 0,
          "mean": 0.0,
          "stddev": 0.0,
          "N": 0
        },
        "clat_ns": {
          "min": 0,
          "max": 0,
          "mean": 0.0,
          "stddev": 0.0,
          "N": 0
        },
        "lat_ns": {
          "min": 0,
          "max": 0,
          "mean": 0.0,
          "stddev": 0.0,
          "N": 0
        },
        "bw_min": 0,
        "bw_max": 0,
        "bw_agg": 0.0,
        "bw_mean": 0.0,
        "bw_dev": 0.0,
        "bw_samples": 0,
        "iops_min": 0,
        "iops_max": 0,
        "iops_mean": 0.0,
        "iops_stddev": 0.0,
        "iops_samples": 0
      },
      "sync": {
        "total_ios": 0,
        "lat_ns": {
          "min": 0,
          "max": 0,
          "mean": 0.0,
          "stddev": 0.0,
          "N": 0
        }
      },
      "job_runtime": 30000,
      "usr_cpu": 19.406667,
      "sys_cpu": 79.836667,
      "ctx": 415,
      "majf": 0,
      "minf": 16,
      "iodepth_level": {
        "1": 0.1,
        "2": 0.1,
        "4": 0.1,
        "8": 0.1,
        "16": 0.1,
        "32": 99.999666,
        ">=64": 0.0
      },
      "iodepth_submit": {
        "0": 0.0,
        "4": 100.0,
        "8": 0.0,
        "16": 0.0,
        "32": 0.0,
        "64": 0.0,
        ">=64": 0.0
      },
      "iodepth_complete": {
        "0": 0.0,
        "4": 99.999989,
        "8": 0.0,
        "16": 0.0,
        "32": 0.1,
        "64": 0.0,
        ">=64": 0.0
      },
      "latency_ns": {
        "2": 0.0,
        "4": 0.0,
        "10": 0.0,
        "20": 0.0,
        "50": 0.0,
        "100": 0.0,
        "250": 0.0,
        "500": 0.0,
        "750": 0.0,
        "1000": 0.0
      },
      "latency_us": {
        "2": 0.0,
        "4": 0.0,
        "10": 0.0,
        "20": 0.01,
        "50": 0.01,
        "100": 77.66835,
        "250": 22.324545,
        "500": 0.01,
        "750": 0.01,
        "1000": 0.01
      },
      "latency_ms": {
        "2": 0.01,
        "4": 0.01,
        "10": 0.01,
        "20": 0.01,
        "50": 0.01,
        "100": 0.0,
        "250": 0.0,
        "500": 0.0,
        "750": 0.0,
        "1000": 0.0,
        "2000": 0.0,
        ">=2000": 0.0
      },
      "latency_depth": 32,
      "latency_target": 0,
      "latency_percentile": 100.0,
      "latency_window": 0
    }
  ],
  "disk_util": [
    {
      "name": "nvme1n1",
      "read_ios": 0,
      "write_ios": 9249824,
      "read_merges": 0,
      "write_merges": 0,
      "read_ticks": 0,
      "write_ticks": 90097,
      "in_queue": 90097,
      "util": 99.612752
    }
  ]
}