{
  "fio version": "fio-3.28",
  "timestamp": 1757681142,
  "timestamp_ms": 1757681142277,
  "time": "Fri Sep 12 08:45:42 2025",
  "jobs": [
    {
      "jobname": "bs_sweep_read_4k",
      "groupid": 0,
      "error": 0,
      "eta": 0,
      "elapsed": 31,
      "job options": {
        "name": "bs_sweep_read_4k",
        "filename": "/dev/nvme1n1",
        "rw": "read",
        "bs": "4k",
        "iodepth": "32",
        "runtime": "30",
        "numjobs": "1",
        "time_based": "1",
        "ioengine": "libaio",
        "direct": "1",
        "group_reporting": "1"
      },
      "read": {
        "io_bytes": 36542128128,
        "io_kbytes": 35685672,
        "bw_bytes": 1218030336,
        "bw": 1189482,
        "iops": 297370.687644,
        "runtime": 30001,
        "total_ios": 8921418,
        "short_ios": 0,
        "drop_ios": 0,
        "slat_ns": {
          "min": 1484,
          "max": 140459,
          "mean": 2265.103566,
          "stddev": 945.899818,
          "N": 8921418
        },
        "clat_ns": {
          "min": 8173,
          "max": 11151224,
          "mean": 104886.546757,
          "stddev": 50986.182788,
          "N": 8921418,
          "percentile": {
            "1.000000": 96768,
            "5.000000": 97792,
            "10.000000": 97792,
            "20.000000": 98816,
            "30.000000": 98816,
            "40.000000": 98816,
            "50.000000": 99840,
            "60.000000": 99840,
            "70.000000": 99840,
            "80.000000": 101888,
            "90.000000": 105984,
            "95.000000": 150528,
            "99.000000": 164864,
            "99.500000": 175104,
            "99.900000": 749568,
            "99.950000": 913408,
            "99.990000": 1236992
          }
        },
        "lat_ns": {
          "min": 11505,
          "max": 11157050,
          "mean": 107268.148573,
          "stddev": 51129.388424,
          "N": 8921418
        },
        "bw_min": 618872,
        "bw_max": 1252112,
        "bw_agg": 99.993716,
        "bw_mean": 1189408.135593,
        "bw_dev": 169520.355668,
        "bw_samples": 59,
        "iops_min": 154718,
        "iops_max": 313028,
        "iops_mean": 297352.237288,
        "iops_stddev": 42380.101312,
        "iops_samples": 59
      },
      "write": {
        "io_bytes": 0,
        "io_kbytes": 0,
        "bw_bytes": 0,
        "bw": 0,
        "iops": 0.0,
        "runtime": 0,
        "total_ios": 0,
        "short_ios": 0,
        "drop_ios": 0,
        "slat_ns": {
          "min": 0,
          "max": 0,
          "mean": 0.0,
          "stddev": 0.0,
          "N": 0
        },
        "clat_ns": {
          "min": 0,
          "max": 0,
          "mean": 0.0,
          "stddev": 0.0,
          "N": 0
        },
        "lat_ns": {
          "min": 0,
          "max": 0,
          "mean": 0.0,
          "stddev": 0.0,
          "N": 0
        },
        "bw_min": 0,
        "bw_max": 0,
        "bw_agg": 0.0,
        "bw_mean": 0.0,
        "bw_dev": 0.0,
        "bw_samples": 0,
        "iops_min": 0,
        "iops_max": 0,
        "iops_mean": 0.0,
        "iops_stddev": 0.0,
        "iops_samples": 0
      },
      "trim": {
        "io_bytes": 0,
        "io_kbytes": 0,
        "bw_bytes": 0,
        "bw": 0,
        "iops": 0.0,
        "runtime": 0,
        "total_ios": 0,
        "short_ios": 0,
        "drop_ios": 0,
        "slat_ns": {
          "min": 0,
          "max": 0,
          "mean": 0.0,
          "stddev": 0.0,
          "N": 0
        },
        "clat_ns": {
          "min": 0,
          "max": 0,
          "mean": 0.0,
          "stddev": 0.0,
          "N": 0
        },
        "lat_ns": {
          "min": 0,
          "max": 0,
          "mean": 0.0,
          "stddev": 0.0,
          "N": 0
        },
        "bw_min": 0,
        "bw_max": 0,
        "bw_agg": 0.0,
        "bw_mean": 0.0,
        "bw_dev": 0.0,
        "bw_samples": 0,
        "iops_min": 0,
        "iops_max": 0,
        "iops_mean": 0.0,
        "iops_stddev": 0.0,
        "iops_samples": 0
      },
      "sync": {
        "total_ios": 0,
        "lat_ns": {
          "min": 0,
          "max": 0,
          "mean": 0.0,
          "stddev": 0.0,
          "N": 0
        }
      },
      "job_runtime": 30000,
      "usr_cpu": 28.96,
      "sys_cpu": 70.103333,
      "ctx": 3401,
      "majf": 0,
      "minf": 48,
      "iodepth_level": {
        "1": 0.1,
        "2": 0.1,
        "4": 0.1,
        "8": 0.1,
        "16": 0.1,
        "32": 99.999653,
        ">=64": 0.0
      },
      "iodepth_submit": {
        "0": 0.0,
        "4": 100.0,
        "8": 0.0,
        "16": 0.0,
        "32": 0.0,
        "64": 0.0,
        ">=64": 0.0
      },
      "iodepth_complete": {
        "0": 0.0,
        "4": 99.999989,
        "8": 0.0,
        "16": 0.0,
        "32": 0.1,
        "64": 0.0,
        ">=64": 0.0
      },
      "latency_ns": {
        "2": 0.0,
        "4": 0.0,
        "10": 0.0,
        "20": 0.0,
        "50": 0.0,
        "100": 0.0,
        "250": 0.0,
        "500": 0.0,
        "750": 0.0,
        "1000": 0.0
      },
      "latency_us": {
        "2": 0.0,
        "4": 0.0,
        "10": 0.01,
        "20": 0.039814,
        "50": 0.127457,
        "100": 69.28319,
        "250": 30.178622,
        "500": 0.133006,
        "750": 0.135192,
        "1000": 0.067601
      },
      "latency_ms": {
        "2": 0.031632,
        "4": 0.01,
        "10": 0.01,
        "20": 0.01,
        "50": 0.0,
        "100": 0.0,
        "250": 0.0,
        "500": 0.0,
        "750": 0.0,
        "1000": 0.0,
        "2000": 0.0,
        ">=2000": 0.0
      },
      "latency_depth": 32,
      "latency_target": 0,
      "latency_percentile": 100.0,
      "latency_window": 0
    }
  ],
  "disk_util": [
    {
      "name": "nvme1n1",
      "read_ios": 8884889,
      "write_ios": 0,
      "read_merges": 0,
      "write_merges": 0,
      "read_ticks": 89537,
      "write_ticks": 0,
      "in_queue": 89536,
      "util": 98.731727
    }
  ]
}