{
  "fio version": "fio-3.28",
  "timestamp": 1757680818,
  "timestamp_ms": 1757680818371,
  "time": "Fri Sep 12 08:40:18 2025",
  "jobs": [
    {
      "jobname": "bs_sweep_write_1m",
      "groupid": 0,
      "error": 0,
      "eta": 0,
      "elapsed": 31,
      "job options": {
        "name": "bs_sweep_write_1m",
        "filename": "/dev/nvme1n1",
        "rw": "write",
        "bs": "1m",
        "iodepth": "32",
        "runtime": "30",
        "numjobs": "1",
        "time_based": "1",
        "ioengine": "libaio",
        "direct": "1",
        "group_reporting": "1"
      },
      "read": {
        "io_bytes": 0,
        "io_kbytes": 0,
        "bw_bytes": 0,
        "bw": 0,
        "iops": 0.0,
        "runtime": 0,
        "total_ios": 0,
        "short_ios": 0,
        "drop_ios": 0,
        "slat_ns": {
          "min": 0,
          "max": 0,
          "mean": 0.0,
          "stddev": 0.0,
          "N": 0
        },
        "clat_ns": {
          "min": 0,
          "max": 0,
          "mean": 0.0,
          "stddev": 0.0,
          "N": 0
        },
        "lat_ns": {
          "min": 0,
          "max": 0,
          "mean": 0.0,
          "stddev": 0.0,
          "N": 0
        },
        "bw_min": 0,
        "bw_max": 0,
        "bw_agg": 0.0,
        "bw_mean": 0.0,
        "bw_dev": 0.0,
        "bw_samples": 0,
        "iops_min": 0,
        "iops_max": 0,
        "iops_mean": 0.0,
        "iops_stddev": 0.0,
        "iops_samples": 0
      },
      "write": {
        "io_bytes": 155252162560,
        "io_kbytes": 151613440,
        "bw_bytes": 5173864850,
        "bw": 5052602,
        "iops": 4934.182024,
        "runtime": 30007,
        "total_ios": 148060,
        "short_ios": 0,
        "drop_ios": 0,
        "slat_ns": {
          "min": 53911,
          "max": 461721,
          "mean": 117992.04694,
          "stddev": 25910.75589,
          "N": 148060
        },
        "clat_ns": {
          "min": 5223105,
          "max": 13349683,
          "mean": 6365738.911921,
          "stddev": 778282.774037,
          "N": 148060,
          "percentile": {
            "1.000000": 6127616,
            "5.000000": 6127616,
            "10.000000": 6193152,
            "20.000000": 6193152,
            "30.000000": 6193152,
            "40.000000": 6193152,
            "50.000000": 6258688,
            "60.000000": 6258688,
            "70.000000": 6258688,
            "80.000000": 6258688,
            "90.000000": 6258688,
            "95.000000": 6324224,
            "99.000000": 10551296,
            "99.500000": 10682368,
            "99.900000": 11337728,
            "99.950000": 11993088,
            "99.990000": 13303808
          }
        },
        "lat_ns": {
          "min": 5383297,
          "max": 13438011,
          "mean": 6483878.508416,
          "stddev": 777662.761674,
          "N": 148060
        },
        "bw_min": 4976640,
        "bw_max": 5101568,
        "bw_agg": 100.0,
        "bw_mean": 5058698.847458,
        "bw_dev": 28744.708678,
        "bw_samples": 59,
        "iops_min": 4860,
        "iops_max": 4982,
        "iops_mean": 4940.135593,
        "iops_stddev": 28.071005,
        "iops_samples": 59
      },
      "trim": {
        "io_bytes": 0,
        "io_kbytes": 0,
        "bw_bytes": 0,
        "bw": 0,
        "iops": 0.0,
        "runtime": 0,
        "total_ios": 0,
        "short_ios": 0,
        "drop_ios": 0,
        "slat_ns": {
          "min": 0,
          "max": 0,
          "mean": 0.0,
          "stddev": 0.0,
          "N": 0
        },
        "clat_ns": {
          "min": 0,
          "max": 0,
          "mean": 0.0,
          "stddev": 0.0,
          "N": 0
        },
        "lat_ns": {
          "min": 0,
          "max": 0,
          "mean": 0.0,
          "stddev": 0.0,
          "N": 0
        },
        "bw_min": 0,
        "bw_max": 0,
        "bw_agg": 0.0,
        "bw_mean": 0.0,
        "bw_dev": 0.0,
        "bw_samples": 0,
        "iops_min": 0,
        "iops_max": 0,
        "iops_mean": 0.0,
        "iops_stddev": 0.0,
        "iops_samples": 0
      },
      "sync": {
        "total_ios": 0,
        "lat_ns": {
          "min": 0,
          "max": 0,
          "mean": 0.0,
          "stddev": 0.0,
          "N": 0
        }
      },
      "job_runtime": 30006,
      "usr_cpu": 32.340199,
      "sys_cpu": 32.396854,
      "ctx": 144471,
      "majf": 0,
      "minf": 15,
      "iodepth_level": {
        "1": 0.1,
        "2": 0.1,
        "4": 0.1,
        "8": 0.1,
        "16": 0.1,
        "32": 99.979063,
        ">=64": 0.0
      },
      "iodepth_submit": {
        "0": 0.0,
        "4": 100.0,
        "8": 0.0,
        "16": 0.0,
        "32": 0.0,
        "64": 0.0,
        ">=64": 0.0
      },
      "iodepth_complete": {
        "0": 0.0,
        "4": 99.999324,
        "8": 0.0,
        "16": 0.0,
        "32": 0.1,
        "64": 0.0,
        ">=64": 0.0
      },
      "latency_ns": {
        "2": 0.0,
        "4": 0.0,
        "10": 0.0,
        "20": 0.0,
        "50": 0.0,
        "100": 0.0,
        "250": 0.0,
        "500": 0.0,
        "750": 0.0,
        "1000": 0.0
      },
      "latency_us": {
        "2": 0.0,
        "4": 0.0,
        "10": 0.0,
        "20": 0.0,
        "50": 0.0,
        "100": 0.0,
        "250": 0.0,
        "500": 0.0,
        "750": 0.0,
        "1000": 0.0
      },
      "latency_ms": {
        "2": 0.0,
        "4": 0.0,
        "10": 96.880319,
        "20": 3.119681,
        "50": 0.0,
        "100": 0.0,
        "250": 0.0,
        "500": 0.0,
        "750": 0.0,
        "1000": 0.0,
        "2000": 0.0,
        ">=2000": 0.0
      },
      "latency_depth": 32,
      "latency_target": 0,
      "latency_percentile": 100.0,
      "latency_window": 0
    }
  ],
  "disk_util": [
    {
      "name": "nvme1n1",
      "read_ios": 88,
      "write_ios": 1178299,
      "read_merges": 0,
      "write_merges": 0,
      "read_ticks": 4,
      "write_ticks": 7406806,
      "in_queue": 7406811,
      "util": 99.709419
    }
  ]
}