{
  "fio version" : "fio-3.28",
  "timestamp" : 1758037973,
  "timestamp_ms" : 1758037973794,
  "time" : "Tue Sep 16 11:52:53 2025",
  "jobs" : [
    {
      "jobname" : "bs_sweep_read_4k_degraded",
      "groupid" : 0,
      "error" : 0,
      "eta" : 0,
      "elapsed" : 31,
      "job options" : {
        "name" : "bs_sweep_read_4k_degraded",
        "filename" : "./bs_sweep_read_4k_degraded_test",
        "size" : "1G",
        "rw" : "read",
        "bs" : "4k",
        "direct" : "1",
        "runtime" : "30",
        "time_based" : "1",
        "ioengine" : "libaio",
        "iodepth" : "1",
        "numjobs" : "1"
      },
      "read" : {
        "io_bytes" : 4991655936,
        "io_kbytes" : 4874664,
        "bw_bytes" : 166382985,
        "bw" : 162483,
        "iops" : 40620.845972,
        "runtime" : 30001,
        "total_ios" : 1218666,
        "short_ios" : 0,
        "drop_ios" : 0,
        "slat_ns" : {
          "min" : 3048,
          "max" : 173028,
          "mean" : 6196.856423,
          "stddev" : 1361.064001,
          "N" : 1218666
        },
        "clat_ns" : {
          "min" : 768,
          "max" : 8476227,
          "mean" : 17180.219614,
          "stddev" : 8773.042925,
          "N" : 1218666,
          "percentile" : {
            "1.000000" : 12352,
            "5.000000" : 12608,
            "10.000000" : 12736,
            "20.000000" : 14912,
            "30.000000" : 16768,
            "40.000000" : 17280,
            "50.000000" : 17280,
            "60.000000" : 17536,
            "70.000000" : 18560,
            "80.000000" : 18816,
            "90.000000" : 19072,
            "95.000000" : 19328,
            "99.000000" : 23936,
            "99.500000" : 38144,
            "99.900000" : 57600,
            "99.950000" : 75264,
            "99.990000" : 146432
          }
        },
        "lat_ns" : {
          "min" : 13224,
          "max" : 8529836,
          "mean" : 23637.534147,
          "stddev" : 9223.780240,
          "N" : 1218666
        },
        "bw_min" : 140880,
        "bw_max" : 231512,
        "bw_agg" : 100.000000,
        "bw_mean" : 162905.627119,
        "bw_dev" : 25280.671042,
        "bw_samples" : 59,
        "iops_min" : 35220,
        "iops_max" : 57878,
        "iops_mean" : 40726.406780,
        "iops_stddev" : 6320.182906,
        "iops_samples" : 59
      },
      "write" : {
        "io_bytes" : 0,
        "io_kbytes" : 0,
        "bw_bytes" : 0,
        "bw" : 0,
        "iops" : 0.000000,
        "runtime" : 0,
        "total_ios" : 0,
        "short_ios" : 0,
        "drop_ios" : 0,
        "slat_ns" : {
          "min" : 0,
          "max" : 0,
          "mean" : 0.000000,
          "stddev" : 0.000000,
          "N" : 0
        },
        "clat_ns" : {
          "min" : 0,
          "max" : 0,
          "mean" : 0.000000,
          "stddev" : 0.000000,
          "N" : 0
        },
        "lat_ns" : {
          "min" : 0,
          "max" : 0,
          "mean" : 0.000000,
          "stddev" : 0.000000,
          "N" : 0
        },
        "bw_min" : 0,
        "bw_max" : 0,
        "bw_agg" : 0.000000,
        "bw_mean" : 0.000000,
        "bw_dev" : 0.000000,
        "bw_samples" : 0,
        "iops_min" : 0,
        "iops_max" : 0,
        "iops_mean" : 0.000000,
        "iops_stddev" : 0.000000,
        "iops_samples" : 0
      },
      "trim" : {
        "io_bytes" : 0,
        "io_kbytes" : 0,
        "bw_bytes" : 0,
        "bw" : 0,
        "iops" : 0.000000,
        "runtime" : 0,
        "total_ios" : 0,
        "short_ios" : 0,
        "drop_ios" : 0,
        "slat_ns" : {
          "min" : 0,
          "max" : 0,
          "mean" : 0.000000,
          "stddev" : 0.000000,
          "N" : 0
        },
        "clat_ns" : {
          "min" : 0,
          "max" : 0,
          "mean" : 0.000000,
          "stddev" : 0.000000,
          "N" : 0
        },
        "lat_ns" : {
          "min" : 0,
          "max" : 0,
          "mean" : 0.000000,
          "stddev" : 0.000000,
          "N" : 0
        },
        "bw_min" : 0,
        "bw_max" : 0,
        "bw_agg" : 0.000000,
        "bw_mean" : 0.000000,
        "bw_dev" : 0.000000,
        "bw_samples" : 0,
        "iops_min" : 0,
        "iops_max" : 0,
        "iops_mean" : 0.000000,
        "iops_stddev" : 0.000000,
        "iops_samples" : 0
      },
      "sync" : {
        "total_ios" : 0,
        "lat_ns" : {
          "min" : 0,
          "max" : 0,
          "mean" : 0.000000,
          "stddev" : 0.000000,
          "N" : 0
        }
      },
      "job_runtime" : 30000,
      "usr_cpu" : 14.000000,
      "sys_cpu" : 44.276667,
      "ctx" : 1216977,
      "majf" : 0,
      "minf" : 20,
      "iodepth_level" : {
        "1" : 100.000000,
        "2" : 0.000000,
        "4" : 0.000000,
        "8" : 0.000000,
        "16" : 0.000000,
        "32" : 0.000000,
        ">=64" : 0.000000
      },
      "iodepth_submit" : {
        "0" : 0.000000,
        "4" : 100.000000,
        "8" : 0.000000,
        "16" : 0.000000,
        "32" : 0.000000,
        "64" : 0.000000,
        ">=64" : 0.000000
      },
      "iodepth_complete" : {
        "0" : 0.000000,
        "4" : 100.000000,
        "8" : 0.000000,
        "16" : 0.000000,
        "32" : 0.000000,
        "64" : 0.000000,
        ">=64" : 0.000000
      },
      "latency_ns" : {
        "2" : 0.000000,
        "4" : 0.000000,
        "10" : 0.000000,
        "20" : 0.000000,
        "50" : 0.000000,
        "100" : 0.000000,
        "250" : 0.000000,
        "500" : 0.000000,
        "750" : 0.000000,
        "1000" : 0.010000
      },
      "latency_us" : {
        "2" : 0.036105,
        "4" : 0.010000,
        "10" : 0.050875,
        "20" : 97.776585,
        "50" : 1.778912,
        "100" : 0.325848,
        "250" : 0.030033,
        "500" : 0.010000,
        "750" : 0.010000,
        "1000" : 0.010000
      },
      "latency_ms" : {
        "2" : 0.000000,
        "4" : 0.000000,
        "10" : 0.010000,
        "20" : 0.000000,
        "50" : 0.000000,
        "100" : 0.000000,
        "250" : 0.000000,
        "500" : 0.000000,
        "750" : 0.000000,
        "1000" : 0.000000,
        "2000" : 0.000000,
        ">=2000" : 0.000000
      },
      "latency_depth" : 1,
      "latency_target" : 0,
      "latency_percentile" : 100.000000,
      "latency_window" : 0
    }
  ],
  "disk_util" : [
    {
      "name" : "nvme0n1",
      "read_ios" : 1214557,
      "write_ios" : 40,
      "read_merges" : 0,
      "write_merges" : 24,
      "read_ticks" : 16614,
      "write_ticks" : 36,
      "in_queue" : 16661,
      "util" : 50.946104
    }
  ]
}
