{
  "fio version": "fio-3.28",
  "timestamp": 1757681465,
  "timestamp_ms": 1757681465909,
  "time": "Fri Sep 12 08:51:05 2025",
  "jobs": [
    {
      "jobname": "bs_sweep_randread_8k",
      "groupid": 0,
      "error": 0,
      "eta": 0,
      "elapsed": 31,
      "job options": {
        "name": "bs_sweep_randread_8k",
        "filename": "/dev/nvme1n1",
        "rw": "randread",
        "bs": "8k",
        "iodepth": "32",
        "runtime": "30",
        "numjobs": "1",
        "time_based": "1",
        "ioengine": "libaio",
        "direct": "1",
        "group_reporting": "1"
      },
      "read": {
        "io_bytes": 45590913024,
        "io_kbytes": 44522376,
        "bw_bytes": 1519646445,
        "bw": 1484029,
        "iops": 185503.716543,
        "runtime": 30001,
        "total_ios": 5565297,
        "short_ios": 0,
        "drop_ios": 0,
        "slat_ns": {
          "min": 1597,
          "max": 659216,
          "mean": 2599.647009,
          "stddev": 1433.897934,
          "N": 5565297
        },
        "clat_ns": {
          "min": 46358,
          "max": 4131137,
          "mean": 169282.640505,
          "stddev": 76782.864597,
          "N": 5565297,
          "percentile": {
            "1.000000": 77312,
            "5.000000": 89600,
            "10.000000": 105984,
            "20.000000": 120320,
            "30.000000": 129536,
            "40.000000": 136192,
            "50.000000": 146432,
            "60.000000": 158720,
            "70.000000": 175104,
            "80.000000": 205824,
            "90.000000": 264192,
            "95.000000": 317440,
            "99.000000": 460800,
            "99.500000": 518144,
            "99.900000": 659456,
            "99.950000": 733184,
            "99.990000": 978944
          }
        },
        "lat_ns": {
          "min": 66169,
          "max": 4138137,
          "mean": 171985.324752,
          "stddev": 76920.55962,
          "N": 5565297
        },
        "bw_min": 966464,
        "bw_max": 1862336,
        "bw_agg": 100.0,
        "bw_mean": 1486019.79661,
        "bw_dev": 299753.687726,
        "bw_samples": 59,
        "iops_min": 120806,
        "iops_max": 232790,
        "iops_mean": 185752.576271,
        "iops_stddev": 37469.216115,
        "iops_samples": 59
      },
      "write": {
        "io_bytes": 0,
        "io_kbytes": 0,
        "bw_bytes": 0,
        "bw": 0,
        "iops": 0.0,
        "runtime": 0,
        "total_ios": 0,
        "short_ios": 0,
        "drop_ios": 0,
        "slat_ns": {
          "min": 0,
          "max": 0,
          "mean": 0.0,
          "stddev": 0.0,
          "N": 0
        },
        "clat_ns": {
          "min": 0,
          "max": 0,
          "mean": 0.0,
          "stddev": 0.0,
          "N": 0
        },
        "lat_ns": {
          "min": 0,
          "max": 0,
          "mean": 0.0,
          "stddev": 0.0,
          "N": 0
        },
        "bw_min": 0,
        "bw_max": 0,
        "bw_agg": 0.0,
        "bw_mean": 0.0,
        "bw_dev": 0.0,
        "bw_samples": 0,
        "iops_min": 0,
        "iops_max": 0,
        "iops_mean": 0.0,
        "iops_stddev": 0.0,
        "iops_samples": 0
      },
      "trim": {
        "io_bytes": 0,
        "io_kbytes": 0,
        "bw_bytes": 0,
        "bw": 0,
        "iops": 0.0,
        "runtime": 0,
        "total_ios": 0,
        "short_ios": 0,
        "drop_ios": 0,
        "slat_ns": {
          "min": 0,
          "max": 0,
          "mean": 0.0,
          "stddev": 0.0,
          "N": 0
        },
        "clat_ns": {
          "min": 0,
          "max": 0,
          "mean": 0.0,
          "stddev": 0.0,
          "N": 0
        },
        "lat_ns": {
          "min": 0,
          "max": 0,
          "mean": 0.0,
          "stddev": 0.0,
          "N": 0
        },
        "bw_min": 0,
        "bw_max": 0,
        "bw_agg": 0.0,
        "bw_mean": 0.0,
        "bw_dev": 0.0,
        "bw_samples": 0,
        "iops_min": 0,
        "iops_max": 0,
        "iops_mean": 0.0,
        "iops_stddev": 0.0,
        "iops_samples": 0
      },
      "sync": {
        "total_ios": 0,
        "lat_ns": {
          "min": 0,
          "max": 0,
          "mean": 0.0,
          "stddev": 0.0,
          "N": 0
        }
      },
      "job_runtime": 30000,
      "usr_cpu": 19.836667,
      "sys_cpu": 56.47,
      "ctx": 877867,
      "majf": 0,
      "minf": 86,
      "iodepth_level": {
        "1": 0.1,
        "2": 0.1,
        "4": 0.1,
        "8": 0.1,
        "16": 0.1,
        "32": 99.999443,
        ">=64": 0.0
      },
      "iodepth_submit": {
        "0": 0.0,
        "4": 100.0,
        "8": 0.0,
        "16": 0.0,
        "32": 0.0,
        "64": 0.0,
        ">=64": 0.0
      },
      "iodepth_complete": {
        "0": 0.0,
        "4": 99.999982,
        "8": 0.0,
        "16": 0.0,
        "32": 0.1,
        "64": 0.0,
        ">=64": 0.0
      },
      "latency_ns": {
        "2": 0.0,
        "4": 0.0,
        "10": 0.0,
        "20": 0.0,
        "50": 0.0,
        "100": 0.0,
        "250": 0.0,
        "500": 0.0,
        "750": 0.0,
        "1000": 0.0
      },
      "latency_us": {
        "2": 0.0,
        "4": 0.0,
        "10": 0.0,
        "20": 0.0,
        "50": 0.01,
        "100": 8.363543,
        "250": 79.950199,
        "500": 11.065052,
        "750": 0.576986,
        "1000": 0.035254
      },
      "latency_ms": {
        "2": 0.01,
        "4": 0.01,
        "10": 0.01,
        "20": 0.0,
        "50": 0.0,
        "100": 0.0,
        "250": 0.0,
        "500": 0.0,
        "750": 0.0,
        "1000": 0.0,
        "2000": 0.0,
        ">=2000": 0.0
      },
      "latency_depth": 32,
      "latency_target": 0,
      "latency_percentile": 100.0,
      "latency_window": 0
    }
  ],
  "disk_util": [
    {
      "name": "nvme1n1",
      "read_ios": 5533626,
      "write_ios": 0,
      "read_merges": 0,
      "write_merges": 0,
      "read_ticks": 883305,
      "write_ticks": 0,
      "in_queue": 883305,
      "util": 99.656243
    }
  ]
}