{
  "fio version": "fio-3.28",
  "timestamp": 1757683214,
  "timestamp_ms": 1757683214037,
  "time": "Fri Sep 12 09:20:14 2025",
  "jobs": [
    {
      "jobname": "concurrent_sweep_randwrite_jobs4",
      "groupid": 0,
      "error": 0,
      "eta": 0,
      "elapsed": 31,
      "job options": {
        "name": "concurrent_sweep_randwrite_jobs4",
        "filename": "/dev/nvme1n1",
        "rw": "randwrite",
        "bs": "4k",
        "iodepth": "16",
        "runtime": "30",
        "numjobs": "4",
        "time_based": "1",
        "ioengine": "libaio",
        "direct": "1",
        "group_reporting": "1"
      },
      "read": {
        "io_bytes": 0,
        "io_kbytes": 0,
        "bw_bytes": 0,
        "bw": 0,
        "iops": 0.0,
        "runtime": 0,
        "total_ios": 0,
        "short_ios": 0,
        "drop_ios": 0,
        "slat_ns": {
          "min": 0,
          "max": 0,
          "mean": 0.0,
          "stddev": 0.0,
          "N": 0
        },
        "clat_ns": {
          "min": 0,
          "max": 0,
          "mean": 0.0,
          "stddev": 0.0,
          "N": 0
        },
        "lat_ns": {
          "min": 0,
          "max": 0,
          "mean": 0.0,
          "stddev": 0.0,
          "N": 0
        },
        "bw_min": 0,
        "bw_max": 0,
        "bw_agg": 0.0,
        "bw_mean": 0.0,
        "bw_dev": 0.0,
        "bw_samples": 0,
        "iops_min": 0,
        "iops_max": 0,
        "iops_mean": 0.0,
        "iops_stddev": 0.0,
        "iops_samples": 0
      },
      "write": {
        "io_bytes": 62302896128,
        "io_kbytes": 60842672,
        "bw_bytes": 2076693981,
        "bw": 2028021,
        "iops": 507005.366488,
        "runtime": 30001,
        "total_ios": 15210668,
        "short_ios": 0,
        "drop_ios": 0,
        "slat_ns": {
          "min": 1490,
          "max": 757973,
          "mean": 3241.571196,
          "stddev": 1718.158255,
          "N": 15210668
        },
        "clat_ns": {
          "min": 11191,
          "max": 21304129,
          "mean": 122185.315577,
          "stddev": 148494.043871,
          "N": 15210668,
          "percentile": {
            "1.000000": 52480,
            "5.000000": 60672,
            "10.000000": 67072,
            "20.000000": 73216,
            "30.000000": 77312,
            "40.000000": 82432,
            "50.000000": 89600,
            "60.000000": 100864,
            "70.000000": 119296,
            "80.000000": 152576,
            "90.000000": 216064,
            "95.000000": 284672,
            "99.000000": 460800,
            "99.500000": 528384,
            "99.900000": 708608,
            "99.950000": 847872,
            "99.990000": 4620288
          }
        },
        "lat_ns": {
          "min": 14952,
          "max": 21305986,
          "mean": 125563.262743,
          "stddev": 148362.010952,
          "N": 15210668
        },
        "bw_min": 1842880,
        "bw_max": 2997784,
        "bw_agg": 100.0,
        "bw_mean": 2028900.813559,
        "bw_dev": 52268.822255,
        "bw_samples": 236,
        "iops_min": 460720,
        "iops_max": 749446,
        "iops_mean": 507225.084746,
        "iops_stddev": 13067.205876,
        "iops_samples": 236
      },
      "trim": {
        "io_bytes": 0,
        "io_kbytes": 0,
        "bw_bytes": 0,
        "bw": 0,
        "iops": 0.0,
        "runtime": 0,
        "total_ios": 0,
        "short_ios": 0,
        "drop_ios": 0,
        "slat_ns": {
          "min": 0,
          "max": 0,
          "mean": 0.0,
          "stddev": 0.0,
          "N": 0
        },
        "clat_ns": {
          "min": 0,
          "max": 0,
          "mean": 0.0,
          "stddev": 0.0,
          "N": 0
        },
        "lat_ns": {
          "min": 0,
          "max": 0,
          "mean": 0.0,
          "stddev": 0.0,
          "N": 0
        },
        "bw_min": 0,
        "bw_max": 0,
        "bw_agg": 0.0,
        "bw_mean": 0.0,
        "bw_dev": 0.0,
        "bw_samples": 0,
        "iops_min": 0,
        "iops_max": 0,
        "iops_mean": 0.0,
        "iops_stddev": 0.0,
        "iops_samples": 0
      },
      "sync": {
        "total_ios": 0,
        "lat_ns": {
          "min": 0,
          "max": 0,
          "mean": 0.0,
          "stddev": 0.0,
          "N": 0
        }
      },
      "job_runtime": 120000,
      "usr_cpu": 17.640833,
      "sys_cpu": 47.186667,
      "ctx": 1938469,
      "majf": 0,
      "minf": 15271,
      "iodepth_level": {
        "1": 0.1,
        "2": 0.1,
        "4": 0.1,
        "8": 0.1,
        "16": 99.999606,
        "32": 0.0,
        ">=64": 0.0
      },
      "iodepth_submit": {
        "0": 0.0,
        "4": 100.0,
        "8": 0.0,
        "16": 0.0,
        "32": 0.0,
        "64": 0.0,
        ">=64": 0.0
      },
      "iodepth_complete": {
        "0": 0.0,
        "4": 99.999974,
        "8": 0.0,
        "16": 0.1,
        "32": 0.0,
        "64": 0.0,
        ">=64": 0.0
      },
      "latency_ns": {
        "2": 0.0,
        "4": 0.0,
        "10": 0.0,
        "20": 0.0,
        "50": 0.0,
        "100": 0.0,
        "250": 0.0,
        "500": 0.0,
        "750": 0.0,
        "1000": 0.0
      },
      "latency_us": {
        "2": 0.0,
        "4": 0.0,
        "10": 0.0,
        "20": 0.01,
        "50": 0.516164,
        "100": 59.119882,
        "250": 33.250821,
        "500": 6.430585,
        "750": 0.604931,
        "1000": 0.040919
      },
      "latency_ms": {
        "2": 0.018139,
        "4": 0.01,
        "10": 0.01,
        "20": 0.01,
        "50": 0.01,
        "100": 0.0,
        "250": 0.0,
        "500": 0.0,
        "750": 0.0,
        "1000": 0.0,
        "2000": 0.0,
        ">=2000": 0.0
      },
      "latency_depth": 16,
      "latency_target": 0,
      "latency_percentile": 100.0,
      "latency_window": 0
    }
  ],
  "disk_util": [
    {
      "name": "nvme1n1",
      "read_ios": 6,
      "write_ios": 15129860,
      "read_merges": 0,
      "write_merges": 0,
      "read_ticks": 0,
      "write_ticks": 1440735,
      "in_queue": 1440737,
      "util": 99.546107
    }
  ]
}