{
  "fio version": "fio-3.28",
  "timestamp": 1757683441,
  "timestamp_ms": 1757683441069,
  "time": "Fri Sep 12 09:24:01 2025",
  "jobs": [
    {
      "jobname": "concurrent_sweep_randread_jobs8",
      "groupid": 0,
      "error": 0,
      "eta": 0,
      "elapsed": 31,
      "job options": {
        "name": "concurrent_sweep_randread_jobs8",
        "filename": "/dev/nvme1n1",
        "rw": "randread",
        "bs": "4k",
        "iodepth": "16",
        "runtime": "30",
        "numjobs": "8",
        "time_based": "1",
        "ioengine": "libaio",
        "direct": "1",
        "group_reporting": "1"
      },
      "read": {
        "io_bytes": 85026033664,
        "io_kbytes": 83033236,
        "bw_bytes": 2834106651,
        "bw": 2767682,
        "iops": 691920.569314,
        "runtime": 30001,
        "total_ios": 20758309,
        "short_ios": 0,
        "drop_ios": 0,
        "slat_ns": {
          "min": 1538,
          "max": 2992634,
          "mean": 4383.433673,
          "stddev": 2459.72479,
          "N": 20758309
        },
        "clat_ns": {
          "min": 5006,
          "max": 8575367,
          "mean": 179483.704149,
          "stddev": 244361.507647,
          "N": 20758309,
          "percentile": {
            "1.000000": 45824,
            "5.000000": 53504,
            "10.000000": 59136,
            "20.000000": 69120,
            "30.000000": 79360,
            "40.000000": 90624,
            "50.000000": 102912,
            "60.000000": 118272,
            "70.000000": 142336,
            "80.000000": 189440,
            "90.000000": 362496,
            "95.000000": 618496,
            "99.000000": 1351680,
            "99.500000": 1662976,
            "99.900000": 2277376,
            "99.950000": 2473984,
            "99.990000": 2834432
          }
        },
        "lat_ns": {
          "min": 21852,
          "max": 8659271,
          "mean": 184029.339756,
          "stddev": 244381.469212,
          "N": 20758309
        },
        "bw_min": 1871040,
        "bw_max": 4069616,
        "bw_agg": 99.604569,
        "bw_mean": 2756738.847458,
        "bw_dev": 64653.719953,
        "bw_samples": 472,
        "iops_min": 467760,
        "iops_max": 1017404,
        "iops_mean": 689184.627119,
        "iops_stddev": 16163.42175,
        "iops_samples": 472
      },
      "write": {
        "io_bytes": 0,
        "io_kbytes": 0,
        "bw_bytes": 0,
        "bw": 0,
        "iops": 0.0,
        "runtime": 0,
        "total_ios": 0,
        "short_ios": 0,
        "drop_ios": 0,
        "slat_ns": {
          "min": 0,
          "max": 0,
          "mean": 0.0,
          "stddev": 0.0,
          "N": 0
        },
        "clat_ns": {
          "min": 0,
          "max": 0,
          "mean": 0.0,
          "stddev": 0.0,
          "N": 0
        },
        "lat_ns": {
          "min": 0,
          "max": 0,
          "mean": 0.0,
          "stddev": 0.0,
          "N": 0
        },
        "bw_min": 0,
        "bw_max": 0,
        "bw_agg": 0.0,
        "bw_mean": 0.0,
        "bw_dev": 0.0,
        "bw_samples": 0,
        "iops_min": 0,
        "iops_max": 0,
        "iops_mean": 0.0,
        "iops_stddev": 0.0,
        "iops_samples": 0
      },
      "trim": {
        "io_bytes": 0,
        "io_kbytes": 0,
        "bw_bytes": 0,
        "bw": 0,
        "iops": 0.0,
        "runtime": 0,
        "total_ios": 0,
        "short_ios": 0,
        "drop_ios": 0,
        "slat_ns": {
          "min": 0,
          "max": 0,
          "mean": 0.0,
          "stddev": 0.0,
          "N": 0
        },
        "clat_ns": {
          "min": 0,
          "max": 0,
          "mean": 0.0,
          "stddev": 0.0,
          "N": 0
        },
        "lat_ns": {
          "min": 0,
          "max": 0,
          "mean": 0.0,
          "stddev": 0.0,
          "N": 0
        },
        "bw_min": 0,
        "bw_max": 0,
        "bw_agg": 0.0,
        "bw_mean": 0.0,
        "bw_dev": 0.0,
        "bw_samples": 0,
        "iops_min": 0,
        "iops_max": 0,
        "iops_mean": 0.0,
        "iops_stddev": 0.0,
        "iops_samples": 0
      },
      "sync": {
        "total_ios": 0,
        "lat_ns": {
          "min": 0,
          "max": 0,
          "mean": 0.0,
          "stddev": 0.0,
          "N": 0
        }
      },
      "job_runtime": 240000,
      "usr_cpu": 15.858333,
      "sys_cpu": 47.22375,
      "ctx": 5986825,
      "majf": 0,
      "minf": 220987,
      "iodepth_level": {
        "1": 0.1,
        "2": 0.1,
        "4": 0.1,
        "8": 0.1,
        "16": 99.999422,
        "32": 0.0,
        ">=64": 0.0
      },
      "iodepth_submit": {
        "0": 0.0,
        "4": 100.0,
        "8": 0.0,
        "16": 0.0,
        "32": 0.0,
        "64": 0.0,
        ">=64": 0.0
      },
      "iodepth_complete": {
        "0": 0.0,
        "4": 99.999961,
        "8": 0.0,
        "16": 0.1,
        "32": 0.0,
        "64": 0.0,
        ">=64": 0.0
      },
      "latency_ns": {
        "2": 0.0,
        "4": 0.0,
        "10": 0.0,
        "20": 0.0,
        "50": 0.0,
        "100": 0.0,
        "250": 0.0,
        "500": 0.0,
        "750": 0.0,
        "1000": 0.0
      },
      "latency_us": {
        "2": 0.0,
        "4": 0.0,
        "10": 0.01,
        "20": 0.01,
        "50": 2.550237,
        "100": 45.178839,
        "250": 37.415938,
        "500": 8.100824,
        "750": 3.058226,
        "1000": 1.58525
      },
      "latency_ms": {
        "2": 1.885496,
        "4": 0.224055,
        "10": 0.01,
        "20": 0.0,
        "50": 0.0,
        "100": 0.0,
        "250": 0.0,
        "500": 0.0,
        "750": 0.0,
        "1000": 0.0,
        "2000": 0.0,
        ">=2000": 0.0
      },
      "latency_depth": 16,
      "latency_target": 0,
      "latency_percentile": 100.0,
      "latency_window": 0
    }
  ],
  "disk_util": [
    {
      "name": "nvme1n1",
      "read_ios": 20609346,
      "write_ios": 0,
      "read_merges": 0,
      "write_merges": 0,
      "read_ticks": 3454660,
      "write_ticks": 0,
      "in_queue": 3454660,
      "util": 99.576073
    }
  ]
}