{
  "fio version": "fio-3.28",
  "timestamp": 1757683343,
  "timestamp_ms": 1757683343886,
  "time": "Fri Sep 12 09:22:23 2025",
  "jobs": [
    {
      "jobname": "concurrent_sweep_randread_jobs1",
      "groupid": 0,
      "error": 0,
      "eta": 0,
      "elapsed": 31,
      "job options": {
        "name": "concurrent_sweep_randread_jobs1",
        "filename": "/dev/nvme1n1",
        "rw": "randread",
        "bs": "4k",
        "iodepth": "16",
        "runtime": "30",
        "numjobs": "1",
        "time_based": "1",
        "ioengine": "libaio",
        "direct": "1",
        "group_reporting": "1"
      },
      "read": {
        "io_bytes": 24137199616,
        "io_kbytes": 23571484,
        "bw_bytes": 804546502,
        "bw": 785689,
        "iops": 196422.485917,
        "runtime": 30001,
        "total_ios": 5892871,
        "short_ios": 0,
        "drop_ios": 0,
        "slat_ns": {
          "min": 1520,
          "max": 942819,
          "mean": 2482.166897,
          "stddev": 1262.891555,
          "N": 5892871
        },
        "clat_ns": {
          "min": 3073,
          "max": 8655124,
          "mean": 78305.707517,
          "stddev": 40278.38489,
          "N": 5892871,
          "percentile": {
            "1.000000": 40192,
            "5.000000": 43264,
            "10.000000": 46336,
            "20.000000": 49920,
            "30.000000": 53504,
            "40.000000": 59136,
            "50.000000": 68096,
            "60.000000": 74240,
            "70.000000": 83456,
            "80.000000": 97792,
            "90.000000": 127488,
            "95.000000": 150528,
            "99.000000": 222208,
            "99.500000": 250880,
            "99.900000": 284672,
            "99.950000": 296960,
            "99.990000": 333824
          }
        },
        "lat_ns": {
          "min": 21494,
          "max": 8730886,
          "mean": 80895.952549,
          "stddev": 40355.748533,
          "N": 5892871
        },
        "bw_min": 569712,
        "bw_max": 1110008,
        "bw_agg": 100.0,
        "bw_mean": 788033.491525,
        "bw_dev": 186807.228442,
        "bw_samples": 59,
        "iops_min": 142428,
        "iops_max": 277502,
        "iops_mean": 197008.372881,
        "iops_stddev": 46701.871695,
        "iops_samples": 59
      },
      "write": {
        "io_bytes": 0,
        "io_kbytes": 0,
        "bw_bytes": 0,
        "bw": 0,
        "iops": 0.0,
        "runtime": 0,
        "total_ios": 0,
        "short_ios": 0,
        "drop_ios": 0,
        "slat_ns": {
          "min": 0,
          "max": 0,
          "mean": 0.0,
          "stddev": 0.0,
          "N": 0
        },
        "clat_ns": {
          "min": 0,
          "max": 0,
          "mean": 0.0,
          "stddev": 0.0,
          "N": 0
        },
        "lat_ns": {
          "min": 0,
          "max": 0,
          "mean": 0.0,
          "stddev": 0.0,
          "N": 0
        },
        "bw_min": 0,
        "bw_max": 0,
        "bw_agg": 0.0,
        "bw_mean": 0.0,
        "bw_dev": 0.0,
        "bw_samples": 0,
        "iops_min": 0,
        "iops_max": 0,
        "iops_mean": 0.0,
        "iops_stddev": 0.0,
        "iops_samples": 0
      },
      "trim": {
        "io_bytes": 0,
        "io_kbytes": 0,
        "bw_bytes": 0,
        "bw": 0,
        "iops": 0.0,
        "runtime": 0,
        "total_ios": 0,
        "short_ios": 0,
        "drop_ios": 0,
        "slat_ns": {
          "min": 0,
          "max": 0,
          "mean": 0.0,
          "stddev": 0.0,
          "N": 0
        },
        "clat_ns": {
          "min": 0,
          "max": 0,
          "mean": 0.0,
          "stddev": 0.0,
          "N": 0
        },
        "lat_ns": {
          "min": 0,
          "max": 0,
          "mean": 0.0,
          "stddev": 0.0,
          "N": 0
        },
        "bw_min": 0,
        "bw_max": 0,
        "bw_agg": 0.0,
        "bw_mean": 0.0,
        "bw_dev": 0.0,
        "bw_samples": 0,
        "iops_min": 0,
        "iops_max": 0,
        "iops_mean": 0.0,
        "iops_stddev": 0.0,
        "iops_samples": 0
      },
      "sync": {
        "total_ios": 0,
        "lat_ns": {
          "min": 0,
          "max": 0,
          "mean": 0.0,
          "stddev": 0.0,
          "N": 0
        }
      },
      "job_runtime": 30000,
      "usr_cpu": 22.29,
      "sys_cpu": 57.88,
      "ctx": 1159936,
      "majf": 0,
      "minf": 33,
      "iodepth_level": {
        "1": 0.1,
        "2": 0.1,
        "4": 0.1,
        "8": 0.1,
        "16": 99.999745,
        "32": 0.0,
        ">=64": 0.0
      },
      "iodepth_submit": {
        "0": 0.0,
        "4": 100.0,
        "8": 0.0,
        "16": 0.0,
        "32": 0.0,
        "64": 0.0,
        ">=64": 0.0
      },
      "iodepth_complete": {
        "0": 0.0,
        "4": 99.999983,
        "8": 0.0,
        "16": 0.1,
        "32": 0.0,
        "64": 0.0,
        ">=64": 0.0
      },
      "latency_ns": {
        "2": 0.0,
        "4": 0.0,
        "10": 0.0,
        "20": 0.0,
        "50": 0.0,
        "100": 0.0,
        "250": 0.0,
        "500": 0.0,
        "750": 0.0,
        "1000": 0.0
      },
      "latency_us": {
        "2": 0.0,
        "4": 0.01,
        "10": 0.01,
        "20": 0.01,
        "50": 19.65833,
        "100": 60.818708,
        "250": 19.020712,
        "500": 0.500859,
        "750": 0.01,
        "1000": 0.01
      },
      "latency_ms": {
        "2": 0.01,
        "4": 0.0,
        "10": 0.01,
        "20": 0.0,
        "50": 0.0,
        "100": 0.0,
        "250": 0.0,
        "500": 0.0,
        "750": 0.0,
        "1000": 0.0,
        "2000": 0.0,
        ">=2000": 0.0
      },
      "latency_depth": 16,
      "latency_target": 0,
      "latency_percentile": 100.0,
      "latency_window": 0
    }
  ],
  "disk_util": [
    {
      "name": "nvme1n1",
      "read_ios": 5865478,
      "write_ios": 0,
      "read_merges": 0,
      "write_merges": 0,
      "read_ticks": 419009,
      "write_ticks": 0,
      "in_queue": 419009,
      "util": 99.569397
    }
  ]
}