{
  "fio version": "fio-3.28",
  "timestamp": 1757683278,
  "timestamp_ms": 1757683278912,
  "time": "Fri Sep 12 09:21:18 2025",
  "jobs": [
    {
      "jobname": "concurrent_sweep_randwrite_jobs16",
      "groupid": 0,
      "error": 0,
      "eta": 0,
      "elapsed": 31,
      "job options": {
        "name": "concurrent_sweep_randwrite_jobs16",
        "filename": "/dev/nvme1n1",
        "rw": "randwrite",
        "bs": "4k",
        "iodepth": "16",
        "runtime": "30",
        "numjobs": "16",
        "time_based": "1",
        "ioengine": "libaio",
        "direct": "1",
        "group_reporting": "1"
      },
      "read": {
        "io_bytes": 0,
        "io_kbytes": 0,
        "bw_bytes": 0,
        "bw": 0,
        "iops": 0.0,
        "runtime": 0,
        "total_ios": 0,
        "short_ios": 0,
        "drop_ios": 0,
        "slat_ns": {
          "min": 0,
          "max": 0,
          "mean": 0.0,
          "stddev": 0.0,
          "N": 0
        },
        "clat_ns": {
          "min": 0,
          "max": 0,
          "mean": 0.0,
          "stddev": 0.0,
          "N": 0
        },
        "lat_ns": {
          "min": 0,
          "max": 0,
          "mean": 0.0,
          "stddev": 0.0,
          "N": 0
        },
        "bw_min": 0,
        "bw_max": 0,
        "bw_agg": 0.0,
        "bw_mean": 0.0,
        "bw_dev": 0.0,
        "bw_samples": 0,
        "iops_min": 0,
        "iops_max": 0,
        "iops_mean": 0.0,
        "iops_stddev": 0.0,
        "iops_samples": 0
      },
      "write": {
        "io_bytes": 117269880832,
        "io_kbytes": 114521368,
        "bw_bytes": 3908865732,
        "bw": 3817251,
        "iops": 954312.922903,
        "runtime": 30001,
        "total_ios": 28630342,
        "short_ios": 0,
        "drop_ios": 0,
        "slat_ns": {
          "min": 1833,
          "max": 3453889,
          "mean": 5742.563373,
          "stddev": 2244.93726,
          "N": 28630342
        },
        "clat_ns": {
          "min": 15715,
          "max": 6813923,
          "mean": 261151.622964,
          "stddev": 134098.368036,
          "N": 28630342,
          "percentile": {
            "1.000000": 205824,
            "5.000000": 228352,
            "10.000000": 232448,
            "20.000000": 236544,
            "30.000000": 244736,
            "40.000000": 250880,
            "50.000000": 257024,
            "60.000000": 264192,
            "70.000000": 268288,
            "80.000000": 276480,
            "90.000000": 284672,
            "95.000000": 284672,
            "99.000000": 296960,
            "99.500000": 325632,
            "99.900000": 2072576,
            "99.950000": 4358144,
            "99.990000": 4620288
          }
        },
        "lat_ns": {
          "min": 18857,
          "max": 6819209,
          "mean": 267109.524333,
          "stddev": 134104.738242,
          "N": 28630342
        },
        "bw_min": 3732920,
        "bw_max": 4138223,
        "bw_agg": 100.0,
        "bw_mean": 3822369.423729,
        "bw_dev": 4347.911839,
        "bw_samples": 944,
        "iops_min": 933230,
        "iops_max": 1034554,
        "iops_mean": 955591.898305,
        "iops_stddev": 1086.982542,
        "iops_samples": 944
      },
      "trim": {
        "io_bytes": 0,
        "io_kbytes": 0,
        "bw_bytes": 0,
        "bw": 0,
        "iops": 0.0,
        "runtime": 0,
        "total_ios": 0,
        "short_ios": 0,
        "drop_ios": 0,
        "slat_ns": {
          "min": 0,
          "max": 0,
          "mean": 0.0,
          "stddev": 0.0,
          "N": 0
        },
        "clat_ns": {
          "min": 0,
          "max": 0,
          "mean": 0.0,
          "stddev": 0.0,
          "N": 0
        },
        "lat_ns": {
          "min": 0,
          "max": 0,
          "mean": 0.0,
          "stddev": 0.0,
          "N": 0
        },
        "bw_min": 0,
        "bw_max": 0,
        "bw_agg": 0.0,
        "bw_mean": 0.0,
        "bw_dev": 0.0,
        "bw_samples": 0,
        "iops_min": 0,
        "iops_max": 0,
        "iops_mean": 0.0,
        "iops_stddev": 0.0,
        "iops_samples": 0
      },
      "sync": {
        "total_ios": 0,
        "lat_ns": {
          "min": 0,
          "max": 0,
          "mean": 0.0,
          "stddev": 0.0,
          "N": 0
        }
      },
      "job_runtime": 480000,
      "usr_cpu": 15.286042,
      "sys_cpu": 44.86625,
      "ctx": 6986932,
      "majf": 0,
      "minf": 298225,
      "iodepth_level": {
        "1": 0.1,
        "2": 0.1,
        "4": 0.1,
        "8": 0.1,
        "16": 99.999162,
        "32": 0.0,
        ">=64": 0.0
      },
      "iodepth_submit": {
        "0": 0.0,
        "4": 100.0,
        "8": 0.0,
        "16": 0.0,
        "32": 0.0,
        "64": 0.0,
        ">=64": 0.0
      },
      "iodepth_complete": {
        "0": 0.0,
        "4": 99.999944,
        "8": 0.0,
        "16": 0.1,
        "32": 0.0,
        "64": 0.0,
        ">=64": 0.0
      },
      "latency_ns": {
        "2": 0.0,
        "4": 0.0,
        "10": 0.0,
        "20": 0.0,
        "50": 0.0,
        "100": 0.0,
        "250": 0.0,
        "500": 0.0,
        "750": 0.0,
        "1000": 0.0
      },
      "latency_us": {
        "2": 0.0,
        "4": 0.0,
        "10": 0.0,
        "20": 0.01,
        "50": 0.01,
        "100": 0.019427,
        "250": 38.772705,
        "500": 61.043193,
        "750": 0.055693,
        "1000": 0.01
      },
      "latency_ms": {
        "2": 0.01,
        "4": 0.01,
        "10": 0.095629,
        "20": 0.0,
        "50": 0.0,
        "100": 0.0,
        "250": 0.0,
        "500": 0.0,
        "750": 0.0,
        "1000": 0.0,
        "2000": 0.0,
        ">=2000": 0.0
      },
      "latency_depth": 16,
      "latency_target": 0,
      "latency_percentile": 100.0,
      "latency_window": 0
    }
  ],
  "disk_util": [
    {
      "name": "nvme1n1",
      "read_ios": 256,
      "write_ios": 28464534,
      "read_merges": 0,
      "write_merges": 0,
      "read_ticks": 13,
      "write_ticks": 6908555,
      "in_queue": 6908569,
      "util": 99.689358
    }
  ]
}