{
  "fio version": "fio-3.28",
  "timestamp": 1757683473,
  "timestamp_ms": 1757683473528,
  "time": "Fri Sep 12 09:24:33 2025",
  "jobs": [
    {
      "jobname": "concurrent_sweep_randread_jobs16",
      "groupid": 0,
      "error": 0,
      "eta": 0,
      "elapsed": 31,
      "job options": {
        "name": "concurrent_sweep_randread_jobs16",
        "filename": "/dev/nvme1n1",
        "rw": "randread",
        "bs": "4k",
        "iodepth": "16",
        "runtime": "30",
        "numjobs": "16",
        "time_based": "1",
        "ioengine": "libaio",
        "direct": "1",
        "group_reporting": "1"
      },
      "read": {
        "io_bytes": 94989705216,
        "io_kbytes": 92763384,
        "bw_bytes": 3166112433,
        "bw": 3091906,
        "iops": 772976.668222,
        "runtime": 30002,
        "total_ios": 23190846,
        "short_ios": 0,
        "drop_ios": 0,
        "slat_ns": {
          "min": 1859,
          "max": 4624871,
          "mean": 7151.340921,
          "stddev": 4709.787276,
          "N": 23190846
        },
        "clat_ns": {
          "min": 7683,
          "max": 8620623,
          "mean": 322152.872251,
          "stddev": 412695.726128,
          "N": 23190846,
          "percentile": {
            "1.000000": 66048,
            "5.000000": 87552,
            "10.000000": 103936,
            "20.000000": 132096,
            "30.000000": 154624,
            "40.000000": 173056,
            "50.000000": 191488,
            "60.000000": 214016,
            "70.000000": 246784,
            "80.000000": 342016,
            "90.000000": 684032,
            "95.000000": 1122304,
            "99.000000": 2211840,
            "99.500000": 2670592,
            "99.900000": 3751936,
            "99.950000": 4177920,
            "99.990000": 5341184
          }
        },
        "lat_ns": {
          "min": 25932,
          "max": 8704382,
          "mean": 329560.348412,
          "stddev": 412914.93062,
          "N": 23190846
        },
        "bw_min": 1973744,
        "bw_max": 4326512,
        "bw_agg": 99.931962,
        "bw_mean": 3089803.559322,
        "bw_dev": 29139.791238,
        "bw_samples": 944,
        "iops_min": 493436,
        "iops_max": 1081628,
        "iops_mean": 772450.745763,
        "iops_stddev": 7284.943228,
        "iops_samples": 944
      },
      "write": {
        "io_bytes": 0,
        "io_kbytes": 0,
        "bw_bytes": 0,
        "bw": 0,
        "iops": 0.0,
        "runtime": 0,
        "total_ios": 0,
        "short_ios": 0,
        "drop_ios": 0,
        "slat_ns": {
          "min": 0,
          "max": 0,
          "mean": 0.0,
          "stddev": 0.0,
          "N": 0
        },
        "clat_ns": {
          "min": 0,
          "max": 0,
          "mean": 0.0,
          "stddev": 0.0,
          "N": 0
        },
        "lat_ns": {
          "min": 0,
          "max": 0,
          "mean": 0.0,
          "stddev": 0.0,
          "N": 0
        },
        "bw_min": 0,
        "bw_max": 0,
        "bw_agg": 0.0,
        "bw_mean": 0.0,
        "bw_dev": 0.0,
        "bw_samples": 0,
        "iops_min": 0,
        "iops_max": 0,
        "iops_mean": 0.0,
        "iops_stddev": 0.0,
        "iops_samples": 0
      },
      "trim": {
        "io_bytes": 0,
        "io_kbytes": 0,
        "bw_bytes": 0,
        "bw": 0,
        "iops": 0.0,
        "runtime": 0,
        "total_ios": 0,
        "short_ios": 0,
        "drop_ios": 0,
        "slat_ns": {
          "min": 0,
          "max": 0,
          "mean": 0.0,
          "stddev": 0.0,
          "N": 0
        },
        "clat_ns": {
          "min": 0,
          "max": 0,
          "mean": 0.0,
          "stddev": 0.0,
          "N": 0
        },
        "lat_ns": {
          "min": 0,
          "max": 0,
          "mean": 0.0,
          "stddev": 0.0,
          "N": 0
        },
        "bw_min": 0,
        "bw_max": 0,
        "bw_agg": 0.0,
        "bw_mean": 0.0,
        "bw_dev": 0.0,
        "bw_samples": 0,
        "iops_min": 0,
        "iops_max": 0,
        "iops_mean": 0.0,
        "iops_stddev": 0.0,
        "iops_samples": 0
      },
      "sync": {
        "total_ios": 0,
        "lat_ns": {
          "min": 0,
          "max": 0,
          "mean": 0.0,
          "stddev": 0.0,
          "N": 0
        }
      },
      "job_runtime": 480002,
      "usr_cpu": 14.601814,
      "sys_cpu": 44.956063,
      "ctx": 7450358,
      "majf": 0,
      "minf": 436070,
      "iodepth_level": {
        "1": 0.1,
        "2": 0.1,
        "4": 0.1,
        "8": 0.1,
        "16": 99.998965,
        "32": 0.0,
        ">=64": 0.0
      },
      "iodepth_submit": {
        "0": 0.0,
        "4": 100.0,
        "8": 0.0,
        "16": 0.0,
        "32": 0.0,
        "64": 0.0,
        ">=64": 0.0
      },
      "iodepth_complete": {
        "0": 0.0,
        "4": 99.999931,
        "8": 0.0,
        "16": 0.1,
        "32": 0.0,
        "64": 0.0,
        ">=64": 0.0
      },
      "latency_ns": {
        "2": 0.0,
        "4": 0.0,
        "10": 0.0,
        "20": 0.0,
        "50": 0.0,
        "100": 0.0,
        "250": 0.0,
        "500": 0.0,
        "750": 0.0,
        "1000": 0.0
      },
      "latency_us": {
        "2": 0.0,
        "4": 0.0,
        "10": 0.01,
        "20": 0.01,
        "50": 0.071446,
        "100": 8.757455,
        "250": 61.793571,
        "500": 15.496166,
        "750": 4.878485,
        "1000": 2.934606
      },
      "latency_ms": {
        "2": 4.71173,
        "4": 1.288599,
        "10": 0.06791,
        "20": 0.0,
        "50": 0.0,
        "100": 0.0,
        "250": 0.0,
        "500": 0.0,
        "750": 0.0,
        "1000": 0.0,
        "2000": 0.0,
        ">=2000": 0.0
      },
      "latency_depth": 16,
      "latency_target": 0,
      "latency_percentile": 100.0,
      "latency_window": 0
    }
  ],
  "disk_util": [
    {
      "name": "nvme1n1",
      "read_ios": 23033185,
      "write_ios": 0,
      "read_merges": 0,
      "write_merges": 0,
      "read_ticks": 7022816,
      "write_ticks": 0,
      "in_queue": 7022816,
      "util": 99.599185
    }
  ]
}