{
  "fio version": "fio-3.28",
  "timestamp": 1757683149,
  "timestamp_ms": 1757683149218,
  "time": "Fri Sep 12 09:19:09 2025",
  "jobs": [
    {
      "jobname": "concurrent_sweep_randwrite_jobs1",
      "groupid": 0,
      "error": 0,
      "eta": 0,
      "elapsed": 31,
      "job options": {
        "name": "concurrent_sweep_randwrite_jobs1",
        "filename": "/dev/nvme1n1",
        "rw": "randwrite",
        "bs": "4k",
        "iodepth": "16",
        "runtime": "30",
        "numjobs": "1",
        "time_based": "1",
        "ioengine": "libaio",
        "direct": "1",
        "group_reporting": "1"
      },
      "read": {
        "io_bytes": 0,
        "io_kbytes": 0,
        "bw_bytes": 0,
        "bw": 0,
        "iops": 0.0,
        "runtime": 0,
        "total_ios": 0,
        "short_ios": 0,
        "drop_ios": 0,
        "slat_ns": {
          "min": 0,
          "max": 0,
          "mean": 0.0,
          "stddev": 0.0,
          "N": 0
        },
        "clat_ns": {
          "min": 0,
          "max": 0,
          "mean": 0.0,
          "stddev": 0.0,
          "N": 0
        },
        "lat_ns": {
          "min": 0,
          "max": 0,
          "mean": 0.0,
          "stddev": 0.0,
          "N": 0
        },
        "bw_min": 0,
        "bw_max": 0,
        "bw_agg": 0.0,
        "bw_mean": 0.0,
        "bw_dev": 0.0,
        "bw_samples": 0,
        "iops_min": 0,
        "iops_max": 0,
        "iops_mean": 0.0,
        "iops_stddev": 0.0,
        "iops_samples": 0
      },
      "write": {
        "io_bytes": 37399515136,
        "io_kbytes": 36522964,
        "bw_bytes": 1246608950,
        "bw": 1217391,
        "iops": 304347.888404,
        "runtime": 30001,
        "total_ios": 9130741,
        "short_ios": 0,
        "drop_ios": 0,
        "slat_ns": {
          "min": 1473,
          "max": 588498,
          "mean": 2443.952194,
          "stddev": 693.293105,
          "N": 9130741
        },
        "clat_ns": {
          "min": 12311,
          "max": 23145395,
          "mean": 49623.738329,
          "stddev": 88216.922206,
          "N": 9130741,
          "percentile": {
            "1.000000": 47872,
            "5.000000": 47872,
            "10.000000": 47872,
            "20.000000": 48384,
            "30.000000": 48384,
            "40.000000": 48384,
            "50.000000": 48896,
            "60.000000": 48896,
            "70.000000": 48896,
            "80.000000": 49408,
            "90.000000": 50432,
            "95.000000": 54528,
            "99.000000": 57088,
            "99.500000": 58112,
            "99.900000": 64256,
            "99.950000": 70144,
            "99.990000": 83456
          }
        },
        "lat_ns": {
          "min": 14871,
          "max": 23147917,
          "mean": 52135.217447,
          "stddev": 88216.358179,
          "N": 9130741
        },
        "bw_min": 1169184,
        "bw_max": 1232160,
        "bw_agg": 100.0,
        "bw_mean": 1218197.694915,
        "bw_dev": 20337.725316,
        "bw_samples": 59,
        "iops_min": 292296,
        "iops_max": 308040,
        "iops_mean": 304549.559322,
        "iops_stddev": 5084.417209,
        "iops_samples": 59
      },
      "trim": {
        "io_bytes": 0,
        "io_kbytes": 0,
        "bw_bytes": 0,
        "bw": 0,
        "iops": 0.0,
        "runtime": 0,
        "total_ios": 0,
        "short_ios": 0,
        "drop_ios": 0,
        "slat_ns": {
          "min": 0,
          "max": 0,
          "mean": 0.0,
          "stddev": 0.0,
          "N": 0
        },
        "clat_ns": {
          "min": 0,
          "max": 0,
          "mean": 0.0,
          "stddev": 0.0,
          "N": 0
        },
        "lat_ns": {
          "min": 0,
          "max": 0,
          "mean": 0.0,
          "stddev": 0.0,
          "N": 0
        },
        "bw_min": 0,
        "bw_max": 0,
        "bw_agg": 0.0,
        "bw_mean": 0.0,
        "bw_dev": 0.0,
        "bw_samples": 0,
        "iops_min": 0,
        "iops_max": 0,
        "iops_mean": 0.0,
        "iops_stddev": 0.0,
        "iops_samples": 0
      },
      "sync": {
        "total_ios": 0,
        "lat_ns": {
          "min": 0,
          "max": 0,
          "mean": 0.0,
          "stddev": 0.0,
          "N": 0
        }
      },
      "job_runtime": 30000,
      "usr_cpu": 24.506667,
      "sys_cpu": 74.73,
      "ctx": 433,
      "majf": 0,
      "minf": 15,
      "iodepth_level": {
        "1": 0.1,
        "2": 0.1,
        "4": 0.1,
        "8": 0.1,
        "16": 99.999836,
        "32": 0.0,
        ">=64": 0.0
      },
      "iodepth_submit": {
        "0": 0.0,
        "4": 100.0,
        "8": 0.0,
        "16": 0.0,
        "32": 0.0,
        "64": 0.0,
        ">=64": 0.0
      },
      "iodepth_complete": {
        "0": 0.0,
        "4": 99.999989,
        "8": 0.0,
        "16": 0.1,
        "32": 0.0,
        "64": 0.0,
        ">=64": 0.0
      },
      "latency_ns": {
        "2": 0.0,
        "4": 0.0,
        "10": 0.0,
        "20": 0.0,
        "50": 0.0,
        "100": 0.0,
        "250": 0.0,
        "500": 0.0,
        "750": 0.0,
        "1000": 0.0
      },
      "latency_us": {
        "2": 0.0,
        "4": 0.0,
        "10": 0.0,
        "20": 0.01,
        "50": 86.868656,
        "100": 13.125014,
        "250": 0.01,
        "500": 0.01,
        "750": 0.01,
        "1000": 0.0
      },
      "latency_ms": {
        "2": 0.0,
        "4": 0.01,
        "10": 0.0,
        "20": 0.01,
        "50": 0.01,
        "100": 0.0,
        "250": 0.0,
        "500": 0.0,
        "750": 0.0,
        "1000": 0.0,
        "2000": 0.0,
        ">=2000": 0.0
      },
      "latency_depth": 16,
      "latency_target": 0,
      "latency_percentile": 100.0,
      "latency_window": 0
    }
  ],
  "disk_util": [
    {
      "name": "nvme1n1",
      "read_ios": 58,
      "write_ios": 9079497,
      "read_merges": 0,
      "write_merges": 0,
      "read_ticks": 3,
      "write_ticks": 84897,
      "in_queue": 84901,
      "util": 99.045139
    }
  ]
}