{
  "fio version" : "fio-3.28",
  "timestamp" : 1758038741,
  "timestamp_ms" : 1758038741503,
  "time" : "Tue Sep 16 12:05:41 2025",
  "jobs" : [
    {
      "jobname" : "concurrent_sweep_randwrite_jobs1_degraded",
      "groupid" : 0,
      "error" : 0,
      "eta" : 0,
      "elapsed" : 31,
      "job options" : {
        "name" : "concurrent_sweep_randwrite_jobs1_degraded",
        "filename" : "./concurrent_sweep_randwrite_jobs1_degraded_test",
        "size" : "1G",
        "rw" : "randwrite",
        "bs" : "4k",
        "direct" : "1",
        "runtime" : "30",
        "time_based" : "1",
        "ioengine" : "libaio",
        "iodepth" : "1",
        "numjobs" : "1"
      },
      "read" : {
        "io_bytes" : 0,
        "io_kbytes" : 0,
        "bw_bytes" : 0,
        "bw" : 0,
        "iops" : 0.000000,
        "runtime" : 0,
        "total_ios" : 0,
        "short_ios" : 0,
        "drop_ios" : 0,
        "slat_ns" : {
          "min" : 0,
          "max" : 0,
          "mean" : 0.000000,
          "stddev" : 0.000000,
          "N" : 0
        },
        "clat_ns" : {
          "min" : 0,
          "max" : 0,
          "mean" : 0.000000,
          "stddev" : 0.000000,
          "N" : 0
        },
        "lat_ns" : {
          "min" : 0,
          "max" : 0,
          "mean" : 0.000000,
          "stddev" : 0.000000,
          "N" : 0
        },
        "bw_min" : 0,
        "bw_max" : 0,
        "bw_agg" : 0.000000,
        "bw_mean" : 0.000000,
        "bw_dev" : 0.000000,
        "bw_samples" : 0,
        "iops_min" : 0,
        "iops_max" : 0,
        "iops_mean" : 0.000000,
        "iops_stddev" : 0.000000,
        "iops_samples" : 0
      },
      "write" : {
        "io_bytes" : 6688333824,
        "io_kbytes" : 6531576,
        "bw_bytes" : 222937029,
        "bw" : 217711,
        "iops" : 54427.985734,
        "runtime" : 30001,
        "total_ios" : 1632894,
        "short_ios" : 0,
        "drop_ios" : 0,
        "slat_ns" : {
          "min" : 2001,
          "max" : 413916,
          "mean" : 3793.285513,
          "stddev" : 1775.086271,
          "N" : 1632894
        },
        "clat_ns" : {
          "min" : 2732,
          "max" : 1058950,
          "mean" : 13875.029276,
          "stddev" : 2051.093132,
          "N" : 1632894,
          "percentile" : {
            "1.000000" : 11840,
            "5.000000" : 11968,
            "10.000000" : 13248,
            "20.000000" : 13376,
            "30.000000" : 13376,
            "40.000000" : 13504,
            "50.000000" : 13504,
            "60.000000" : 13632,
            "70.000000" : 13760,
            "80.000000" : 14144,
            "90.000000" : 14912,
            "95.000000" : 17024,
            "99.000000" : 18816,
            "99.500000" : 20352,
            "99.900000" : 26240,
            "99.950000" : 46848,
            "99.990000" : 73216
          }
        },
        "lat_ns" : {
          "min" : 13139,
          "max" : 1062369,
          "mean" : 17777.338990,
          "stddev" : 3289.881854,
          "N" : 1632894
        },
        "bw_min" : 140880,
        "bw_max" : 274520,
        "bw_agg" : 100.000000,
        "bw_mean" : 217756.610169,
        "bw_dev" : 28524.490557,
        "bw_samples" : 59,
        "iops_min" : 35220,
        "iops_max" : 68630,
        "iops_mean" : 54439.152542,
        "iops_stddev" : 7131.122639,
        "iops_samples" : 59
      },
      "trim" : {
        "io_bytes" : 0,
        "io_kbytes" : 0,
        "bw_bytes" : 0,
        "bw" : 0,
        "iops" : 0.000000,
        "runtime" : 0,
        "total_ios" : 0,
        "short_ios" : 0,
        "drop_ios" : 0,
        "slat_ns" : {
          "min" : 0,
          "max" : 0,
          "mean" : 0.000000,
          "stddev" : 0.000000,
          "N" : 0
        },
        "clat_ns" : {
          "min" : 0,
          "max" : 0,
          "mean" : 0.000000,
          "stddev" : 0.000000,
          "N" : 0
        },
        "lat_ns" : {
          "min" : 0,
          "max" : 0,
          "mean" : 0.000000,
          "stddev" : 0.000000,
          "N" : 0
        },
        "bw_min" : 0,
        "bw_max" : 0,
        "bw_agg" : 0.000000,
        "bw_mean" : 0.000000,
        "bw_dev" : 0.000000,
        "bw_samples" : 0,
        "iops_min" : 0,
        "iops_max" : 0,
        "iops_mean" : 0.000000,
        "iops_stddev" : 0.000000,
        "iops_samples" : 0
      },
      "sync" : {
        "total_ios" : 0,
        "lat_ns" : {
          "min" : 0,
          "max" : 0,
          "mean" : 0.000000,
          "stddev" : 0.000000,
          "N" : 0
        }
      },
      "job_runtime" : 30000,
      "usr_cpu" : 7.903333,
      "sys_cpu" : 27.290000,
      "ctx" : 1632901,
      "majf" : 0,
      "minf" : 19,
      "iodepth_level" : {
        "1" : 100.000000,
        "2" : 0.000000,
        "4" : 0.000000,
        "8" : 0.000000,
        "16" : 0.000000,
        "32" : 0.000000,
        ">=64" : 0.000000
      },
      "iodepth_submit" : {
        "0" : 0.000000,
        "4" : 100.000000,
        "8" : 0.000000,
        "16" : 0.000000,
        "32" : 0.000000,
        "64" : 0.000000,
        ">=64" : 0.000000
      },
      "iodepth_complete" : {
        "0" : 0.000000,
        "4" : 100.000000,
        "8" : 0.000000,
        "16" : 0.000000,
        "32" : 0.000000,
        "64" : 0.000000,
        ">=64" : 0.000000
      },
      "latency_ns" : {
        "2" : 0.000000,
        "4" : 0.000000,
        "10" : 0.000000,
        "20" : 0.000000,
        "50" : 0.000000,
        "100" : 0.000000,
        "250" : 0.000000,
        "500" : 0.000000,
        "750" : 0.000000,
        "1000" : 0.000000
      },
      "latency_us" : {
        "2" : 0.000000,
        "4" : 0.010000,
        "10" : 0.012616,
        "20" : 99.405656,
        "50" : 0.535797,
        "100" : 0.045318,
        "250" : 0.010000,
        "500" : 0.010000,
        "750" : 0.010000,
        "1000" : 0.000000
      },
      "latency_ms" : {
        "2" : 0.010000,
        "4" : 0.000000,
        "10" : 0.000000,
        "20" : 0.000000,
        "50" : 0.000000,
        "100" : 0.000000,
        "250" : 0.000000,
        "500" : 0.000000,
        "750" : 0.000000,
        "1000" : 0.000000,
        "2000" : 0.000000,
        ">=2000" : 0.000000
      },
      "latency_depth" : 1,
      "latency_target" : 0,
      "latency_percentile" : 100.000000,
      "latency_window" : 0
    }
  ],
  "disk_util" : [
    {
      "name" : "nvme0n1",
      "read_ios" : 0,
      "write_ios" : 1627009,
      "read_merges" : 0,
      "write_merges" : 1238,
      "read_ticks" : 0,
      "write_ticks" : 17152,
      "in_queue" : 17164,
      "util" : 54.986154
    }
  ]
}
