{
  "fio version": "fio-3.28",
  "timestamp": 1757683246,
  "timestamp_ms": 1757683246468,
  "time": "Fri Sep 12 09:20:46 2025",
  "jobs": [
    {
      "jobname": "concurrent_sweep_randwrite_jobs8",
      "groupid": 0,
      "error": 0,
      "eta": 0,
      "elapsed": 31,
      "job options": {
        "name": "concurrent_sweep_randwrite_jobs8",
        "filename": "/dev/nvme1n1",
        "rw": "randwrite",
        "bs": "4k",
        "iodepth": "16",
        "runtime": "30",
        "numjobs": "8",
        "time_based": "1",
        "ioengine": "libaio",
        "direct": "1",
        "group_reporting": "1"
      },
      "read": {
        "io_bytes": 0,
        "io_kbytes": 0,
        "bw_bytes": 0,
        "bw": 0,
        "iops": 0.0,
        "runtime": 0,
        "total_ios": 0,
        "short_ios": 0,
        "drop_ios": 0,
        "slat_ns": {
          "min": 0,
          "max": 0,
          "mean": 0.0,
          "stddev": 0.0,
          "N": 0
        },
        "clat_ns": {
          "min": 0,
          "max": 0,
          "mean": 0.0,
          "stddev": 0.0,
          "N": 0
        },
        "lat_ns": {
          "min": 0,
          "max": 0,
          "mean": 0.0,
          "stddev": 0.0,
          "N": 0
        },
        "bw_min": 0,
        "bw_max": 0,
        "bw_agg": 0.0,
        "bw_mean": 0.0,
        "bw_dev": 0.0,
        "bw_samples": 0,
        "iops_min": 0,
        "iops_max": 0,
        "iops_mean": 0.0,
        "iops_stddev": 0.0,
        "iops_samples": 0
      },
      "write": {
        "io_bytes": 130062000128,
        "io_kbytes": 127013672,
        "bw_bytes": 4335255495,
        "bw": 4233647,
        "iops": 1058411.986267,
        "runtime": 30001,
        "total_ios": 31753418,
        "short_ios": 0,
        "drop_ios": 0,
        "slat_ns": {
          "min": 1481,
          "max": 1837108,
          "mean": 2542.664154,
          "stddev": 947.736382,
          "N": 31753418
        },
        "clat_ns": {
          "min": 601,
          "max": 7393982,
          "mean": 117726.948666,
          "stddev": 101202.824915,
          "N": 31753418,
          "percentile": {
            "1.000000": 100864,
            "5.000000": 105984,
            "10.000000": 107008,
            "20.000000": 109056,
            "30.000000": 112128,
            "40.000000": 114176,
            "50.000000": 114176,
            "60.000000": 116224,
            "70.000000": 117248,
            "80.000000": 120320,
            "90.000000": 122368,
            "95.000000": 124416,
            "99.000000": 129536,
            "99.500000": 142336,
            "99.900000": 456704,
            "99.950000": 3358720,
            "99.990000": 4358144
          }
        },
        "lat_ns": {
          "min": 16171,
          "max": 7396850,
          "mean": 120372.716409,
          "stddev": 101211.301996,
          "N": 31753418
        },
        "bw_min": 3917035,
        "bw_max": 4299472,
        "bw_agg": 100.0,
        "bw_mean": 4235648.728814,
        "bw_dev": 9574.478895,
        "bw_samples": 472,
        "iops_min": 979258,
        "iops_max": 1074868,
        "iops_mean": 1058912.169492,
        "iops_stddev": 2393.634302,
        "iops_samples": 472
      },
      "trim": {
        "io_bytes": 0,
        "io_kbytes": 0,
        "bw_bytes": 0,
        "bw": 0,
        "iops": 0.0,
        "runtime": 0,
        "total_ios": 0,
        "short_ios": 0,
        "drop_ios": 0,
        "slat_ns": {
          "min": 0,
          "max": 0,
          "mean": 0.0,
          "stddev": 0.0,
          "N": 0
        },
        "clat_ns": {
          "min": 0,
          "max": 0,
          "mean": 0.0,
          "stddev": 0.0,
          "N": 0
        },
        "lat_ns": {
          "min": 0,
          "max": 0,
          "mean": 0.0,
          "stddev": 0.0,
          "N": 0
        },
        "bw_min": 0,
        "bw_max": 0,
        "bw_agg": 0.0,
        "bw_mean": 0.0,
        "bw_dev": 0.0,
        "bw_samples": 0,
        "iops_min": 0,
        "iops_max": 0,
        "iops_mean": 0.0,
        "iops_stddev": 0.0,
        "iops_samples": 0
      },
      "sync": {
        "total_ios": 0,
        "lat_ns": {
          "min": 0,
          "max": 0,
          "mean": 0.0,
          "stddev": 0.0,
          "N": 0
        }
      },
      "job_runtime": 240000,
      "usr_cpu": 16.99875,
      "sys_cpu": 46.57875,
      "ctx": 7785535,
      "majf": 0,
      "minf": 246567,
      "iodepth_level": {
        "1": 0.1,
        "2": 0.1,
        "4": 0.1,
        "8": 0.1,
        "16": 99.999622,
        "32": 0.0,
        ">=64": 0.0
      },
      "iodepth_submit": {
        "0": 0.0,
        "4": 100.0,
        "8": 0.0,
        "16": 0.0,
        "32": 0.0,
        "64": 0.0,
        ">=64": 0.0
      },
      "iodepth_complete": {
        "0": 0.0,
        "4": 99.999975,
        "8": 0.0,
        "16": 0.1,
        "32": 0.0,
        "64": 0.0,
        ">=64": 0.0
      },
      "latency_ns": {
        "2": 0.0,
        "4": 0.0,
        "10": 0.0,
        "20": 0.0,
        "50": 0.0,
        "100": 0.0,
        "250": 0.0,
        "500": 0.0,
        "750": 0.01,
        "1000": 0.0
      },
      "latency_us": {
        "2": 0.0,
        "4": 0.0,
        "10": 0.01,
        "20": 0.01,
        "50": 0.01,
        "100": 0.74655,
        "250": 99.029008,
        "500": 0.14435,
        "750": 0.010115,
        "1000": 0.01
      },
      "latency_ms": {
        "2": 0.01,
        "4": 0.01,
        "10": 0.048036,
        "20": 0.0,
        "50": 0.0,
        "100": 0.0,
        "250": 0.0,
        "500": 0.0,
        "750": 0.0,
        "1000": 0.0,
        "2000": 0.0,
        ">=2000": 0.0
      },
      "latency_depth": 16,
      "latency_target": 0,
      "latency_percentile": 100.0,
      "latency_window": 0
    }
  ],
  "disk_util": [
    {
      "name": "nvme1n1",
      "read_ios": 252,
      "write_ios": 31581345,
      "read_merges": 0,
      "write_merges": 0,
      "read_ticks": 13,
      "write_ticks": 3441820,
      "in_queue": 3441832,
      "util": 99.586115
    }
  ]
}