{
  "fio version": "fio-3.28",
  "timestamp": 1757683376,
  "timestamp_ms": 1757683376274,
  "time": "Fri Sep 12 09:22:56 2025",
  "jobs": [
    {
      "jobname": "concurrent_sweep_randread_jobs2",
      "groupid": 0,
      "error": 0,
      "eta": 0,
      "elapsed": 31,
      "job options": {
        "name": "concurrent_sweep_randread_jobs2",
        "filename": "/dev/nvme1n1",
        "rw": "randread",
        "bs": "4k",
        "iodepth": "16",
        "runtime": "30",
        "numjobs": "2",
        "time_based": "1",
        "ioengine": "libaio",
        "direct": "1",
        "group_reporting": "1"
      },
      "read": {
        "io_bytes": 43976036352,
        "io_kbytes": 42945348,
        "bw_bytes": 1465819017,
        "bw": 1431463,
        "iops": 357865.971134,
        "runtime": 30001,
        "total_ios": 10736337,
        "short_ios": 0,
        "drop_ios": 0,
        "slat_ns": {
          "min": 1506,
          "max": 617899,
          "mean": 2354.402914,
          "stddev": 1057.279627,
          "N": 10736337
        },
        "clat_ns": {
          "min": 8048,
          "max": 8570653,
          "mean": 86449.637184,
          "stddev": 60237.720026,
          "N": 10736337,
          "percentile": {
            "1.000000": 40704,
            "5.000000": 43776,
            "10.000000": 46336,
            "20.000000": 50432,
            "30.000000": 55040,
            "40.000000": 60672,
            "50.000000": 69120,
            "60.000000": 77312,
            "70.000000": 87552,
            "80.000000": 113152,
            "90.000000": 146432,
            "95.000000": 181248,
            "99.000000": 309248,
            "99.500000": 399360,
            "99.900000": 651264,
            "99.950000": 765952,
            "99.990000": 962560
          }
        },
        "lat_ns": {
          "min": 20110,
          "max": 8625537,
          "mean": 88902.445608,
          "stddev": 60232.764983,
          "N": 10736337
        },
        "bw_min": 1012096,
        "bw_max": 1990504,
        "bw_agg": 100.0,
        "bw_mean": 1435112.40678,
        "bw_dev": 162308.537118,
        "bw_samples": 118,
        "iops_min": 253024,
        "iops_max": 497626,
        "iops_mean": 358778.20339,
        "iops_stddev": 40577.188974,
        "iops_samples": 118
      },
      "write": {
        "io_bytes": 0,
        "io_kbytes": 0,
        "bw_bytes": 0,
        "bw": 0,
        "iops": 0.0,
        "runtime": 0,
        "total_ios": 0,
        "short_ios": 0,
        "drop_ios": 0,
        "slat_ns": {
          "min": 0,
          "max": 0,
          "mean": 0.0,
          "stddev": 0.0,
          "N": 0
        },
        "clat_ns": {
          "min": 0,
          "max": 0,
          "mean": 0.0,
          "stddev": 0.0,
          "N": 0
        },
        "lat_ns": {
          "min": 0,
          "max": 0,
          "mean": 0.0,
          "stddev": 0.0,
          "N": 0
        },
        "bw_min": 0,
        "bw_max": 0,
        "bw_agg": 0.0,
        "bw_mean": 0.0,
        "bw_dev": 0.0,
        "bw_samples": 0,
        "iops_min": 0,
        "iops_max": 0,
        "iops_mean": 0.0,
        "iops_stddev": 0.0,
        "iops_samples": 0
      },
      "trim": {
        "io_bytes": 0,
        "io_kbytes": 0,
        "bw_bytes": 0,
        "bw": 0,
        "iops": 0.0,
        "runtime": 0,
        "total_ios": 0,
        "short_ios": 0,
        "drop_ios": 0,
        "slat_ns": {
          "min": 0,
          "max": 0,
          "mean": 0.0,
          "stddev": 0.0,
          "N": 0
        },
        "clat_ns": {
          "min": 0,
          "max": 0,
          "mean": 0.0,
          "stddev": 0.0,
          "N": 0
        },
        "lat_ns": {
          "min": 0,
          "max": 0,
          "mean": 0.0,
          "stddev": 0.0,
          "N": 0
        },
        "bw_min": 0,
        "bw_max": 0,
        "bw_agg": 0.0,
        "bw_mean": 0.0,
        "bw_dev": 0.0,
        "bw_samples": 0,
        "iops_min": 0,
        "iops_max": 0,
        "iops_mean": 0.0,
        "iops_stddev": 0.0,
        "iops_samples": 0
      },
      "sync": {
        "total_ios": 0,
        "lat_ns": {
          "min": 0,
          "max": 0,
          "mean": 0.0,
          "stddev": 0.0,
          "N": 0
        }
      },
      "job_runtime": 60000,
      "usr_cpu": 19.825,
      "sys_cpu": 52.481667,
      "ctx": 2849874,
      "majf": 0,
      "minf": 77,
      "iodepth_level": {
        "1": 0.1,
        "2": 0.1,
        "4": 0.1,
        "8": 0.1,
        "16": 99.999721,
        "32": 0.0,
        ">=64": 0.0
      },
      "iodepth_submit": {
        "0": 0.0,
        "4": 100.0,
        "8": 0.0,
        "16": 0.0,
        "32": 0.0,
        "64": 0.0,
        ">=64": 0.0
      },
      "iodepth_complete": {
        "0": 0.0,
        "4": 99.999981,
        "8": 0.0,
        "16": 0.1,
        "32": 0.0,
        "64": 0.0,
        ">=64": 0.0
      },
      "latency_ns": {
        "2": 0.0,
        "4": 0.0,
        "10": 0.0,
        "20": 0.0,
        "50": 0.0,
        "100": 0.0,
        "250": 0.0,
        "500": 0.0,
        "750": 0.0,
        "1000": 0.0
      },
      "latency_us": {
        "2": 0.0,
        "4": 0.0,
        "10": 0.01,
        "20": 0.01,
        "50": 18.422559,
        "100": 58.165629,
        "250": 21.378083,
        "500": 1.77296,
        "750": 0.203775,
        "1000": 0.050473
      },
      "latency_ms": {
        "2": 0.01,
        "4": 0.0,
        "10": 0.01,
        "20": 0.0,
        "50": 0.0,
        "100": 0.0,
        "250": 0.0,
        "500": 0.0,
        "750": 0.0,
        "1000": 0.0,
        "2000": 0.0,
        ">=2000": 0.0
      },
      "latency_depth": 16,
      "latency_target": 0,
      "latency_percentile": 100.0,
      "latency_window": 0
    }
  ],
  "disk_util": [
    {
      "name": "nvme1n1",
      "read_ios": 10686551,
      "write_ios": 0,
      "read_merges": 0,
      "write_merges": 0,
      "read_ticks": 878599,
      "write_ticks": 0,
      "in_queue": 878600,
      "util": 99.596115
    }
  ]
}