{
  "fio version": "fio-3.28",
  "timestamp": 1757683311,
  "timestamp_ms": 1757683311479,
  "time": "Fri Sep 12 09:21:51 2025",
  "jobs": [
    {
      "jobname": "concurrent_sweep_randwrite_jobs32",
      "groupid": 0,
      "error": 0,
      "eta": 0,
      "elapsed": 31,
      "job options": {
        "name": "concurrent_sweep_randwrite_jobs32",
        "filename": "/dev/nvme1n1",
        "rw": "randwrite",
        "bs": "4k",
        "iodepth": "16",
        "runtime": "30",
        "numjobs": "32",
        "time_based": "1",
        "ioengine": "libaio",
        "direct": "1",
        "group_reporting": "1"
      },
      "read": {
        "io_bytes": 0,
        "io_kbytes": 0,
        "bw_bytes": 0,
        "bw": 0,
        "iops": 0.0,
        "runtime": 0,
        "total_ios": 0,
        "short_ios": 0,
        "drop_ios": 0,
        "slat_ns": {
          "min": 0,
          "max": 0,
          "mean": 0.0,
          "stddev": 0.0,
          "N": 0
        },
        "clat_ns": {
          "min": 0,
          "max": 0,
          "mean": 0.0,
          "stddev": 0.0,
          "N": 0
        },
        "lat_ns": {
          "min": 0,
          "max": 0,
          "mean": 0.0,
          "stddev": 0.0,
          "N": 0
        },
        "bw_min": 0,
        "bw_max": 0,
        "bw_agg": 0.0,
        "bw_mean": 0.0,
        "bw_dev": 0.0,
        "bw_samples": 0,
        "iops_min": 0,
        "iops_max": 0,
        "iops_mean": 0.0,
        "iops_stddev": 0.0,
        "iops_samples": 0
      },
      "write": {
        "io_bytes": 111467278336,
        "io_kbytes": 108854764,
        "bw_bytes": 3715452096,
        "bw": 3628371,
        "iops": 907092.796907,
        "runtime": 30001,
        "total_ios": 27213691,
        "short_ios": 0,
        "drop_ios": 0,
        "slat_ns": {
          "min": 2317,
          "max": 6029157,
          "mean": 9582.905879,
          "stddev": 6378.540645,
          "N": 27213691
        },
        "clat_ns": {
          "min": 14579,
          "max": 8660399,
          "mean": 551850.156601,
          "stddev": 196215.170074,
          "N": 27213691,
          "percentile": {
            "1.000000": 387072,
            "5.000000": 444416,
            "10.000000": 477184,
            "20.000000": 501760,
            "30.000000": 518144,
            "40.000000": 528384,
            "50.000000": 544768,
            "60.000000": 552960,
            "70.000000": 569344,
            "80.000000": 585728,
            "90.000000": 602112,
            "95.000000": 667648,
            "99.000000": 741376,
            "99.500000": 757760,
            "99.900000": 4620288,
            "99.950000": 4751360,
            "99.990000": 5144576
          }
        },
        "lat_ns": {
          "min": 18871,
          "max": 8731621,
          "mean": 561775.078965,
          "stddev": 196106.619826,
          "N": 27213691
        },
        "bw_min": 3454314,
        "bw_max": 3899866,
        "bw_agg": 100.0,
        "bw_mean": 3630217.79661,
        "bw_dev": 2214.855201,
        "bw_samples": 1888,
        "iops_min": 863575,
        "iops_max": 974966,
        "iops_mean": 907552.915254,
        "iops_stddev": 553.704937,
        "iops_samples": 1888
      },
      "trim": {
        "io_bytes": 0,
        "io_kbytes": 0,
        "bw_bytes": 0,
        "bw": 0,
        "iops": 0.0,
        "runtime": 0,
        "total_ios": 0,
        "short_ios": 0,
        "drop_ios": 0,
        "slat_ns": {
          "min": 0,
          "max": 0,
          "mean": 0.0,
          "stddev": 0.0,
          "N": 0
        },
        "clat_ns": {
          "min": 0,
          "max": 0,
          "mean": 0.0,
          "stddev": 0.0,
          "N": 0
        },
        "lat_ns": {
          "min": 0,
          "max": 0,
          "mean": 0.0,
          "stddev": 0.0,
          "N": 0
        },
        "bw_min": 0,
        "bw_max": 0,
        "bw_agg": 0.0,
        "bw_mean": 0.0,
        "bw_dev": 0.0,
        "bw_samples": 0,
        "iops_min": 0,
        "iops_max": 0,
        "iops_mean": 0.0,
        "iops_stddev": 0.0,
        "iops_samples": 0
      },
      "sync": {
        "total_ios": 0,
        "lat_ns": {
          "min": 0,
          "max": 0,
          "mean": 0.0,
          "stddev": 0.0,
          "N": 0
        }
      },
      "job_runtime": 960000,
      "usr_cpu": 12.886563,
      "sys_cpu": 36.196354,
      "ctx": 6095902,
      "majf": 0,
      "minf": 974917,
      "iodepth_level": {
        "1": 0.1,
        "2": 0.1,
        "4": 0.1,
        "8": 0.1,
        "16": 99.998236,
        "32": 0.0,
        ">=64": 0.0
      },
      "iodepth_submit": {
        "0": 0.0,
        "4": 100.0,
        "8": 0.0,
        "16": 0.0,
        "32": 0.0,
        "64": 0.0,
        ">=64": 0.0
      },
      "iodepth_complete": {
        "0": 0.0,
        "4": 99.999882,
        "8": 0.0,
        "16": 0.1,
        "32": 0.0,
        "64": 0.0,
        ">=64": 0.0
      },
      "latency_ns": {
        "2": 0.0,
        "4": 0.0,
        "10": 0.0,
        "20": 0.0,
        "50": 0.0,
        "100": 0.0,
        "250": 0.0,
        "500": 0.0,
        "750": 0.0,
        "1000": 0.0
      },
      "latency_us": {
        "2": 0.0,
        "4": 0.0,
        "10": 0.0,
        "20": 0.01,
        "50": 0.01,
        "100": 0.048134,
        "250": 0.163344,
        "500": 17.801525,
        "750": 81.320762,
        "1000": 0.430181
      },
      "latency_ms": {
        "2": 0.031282,
        "4": 0.01,
        "10": 0.19549,
        "20": 0.0,
        "50": 0.0,
        "100": 0.0,
        "250": 0.0,
        "500": 0.0,
        "750": 0.0,
        "1000": 0.0,
        "2000": 0.0,
        ">=2000": 0.0
      },
      "latency_depth": 16,
      "latency_target": 0,
      "latency_percentile": 100.0,
      "latency_window": 0
    }
  ],
  "disk_util": [
    {
      "name": "nvme1n1",
      "read_ios": 168,
      "write_ios": 26994889,
      "read_merges": 0,
      "write_merges": 0,
      "read_ticks": 9,
      "write_ticks": 13834770,
      "in_queue": 13834778,
      "util": 99.642152
    }
  ]
}