{
  "fio version" : "fio-3.28",
  "timestamp" : 1758038956,
  "timestamp_ms" : 1758038956676,
  "time" : "Tue Sep 16 12:09:16 2025",
  "jobs" : [
    {
      "jobname" : "concurrent_sweep_randread_jobs2_degraded",
      "groupid" : 0,
      "error" : 0,
      "eta" : 0,
      "elapsed" : 31,
      "job options" : {
        "name" : "concurrent_sweep_randread_jobs2_degraded",
        "filename" : "./concurrent_sweep_randread_jobs2_degraded_test",
        "size" : "1G",
        "rw" : "randread",
        "bs" : "4k",
        "direct" : "1",
        "runtime" : "30",
        "time_based" : "1",
        "ioengine" : "libaio",
        "iodepth" : "1",
        "numjobs" : "2"
      },
      "read" : {
        "io_bytes" : 2076323840,
        "io_kbytes" : 2027660,
        "bw_bytes" : 69208487,
        "bw" : 67586,
        "iops" : 16896.603447,
        "runtime" : 30001,
        "total_ios" : 506915,
        "short_ios" : 0,
        "drop_ios" : 0,
        "slat_ns" : {
          "min" : 3716,
          "max" : 251666,
          "mean" : 8178.913110,
          "stddev" : 1599.920403,
          "N" : 506915
        },
        "clat_ns" : {
          "min" : 767,
          "max" : 8378632,
          "mean" : 49131.076395,
          "stddev" : 12763.282598,
          "N" : 506915,
          "percentile" : {
            "1.000000" : 41728,
            "5.000000" : 44288,
            "10.000000" : 47872,
            "20.000000" : 47872,
            "30.000000" : 47872,
            "40.000000" : 48384,
            "50.000000" : 49408,
            "60.000000" : 49920,
            "70.000000" : 49920,
            "80.000000" : 50432,
            "90.000000" : 50432,
            "95.000000" : 51456,
            "99.000000" : 57600,
            "99.500000" : 67072,
            "99.900000" : 98816,
            "99.950000" : 117248,
            "99.990000" : 168960
          }
        },
        "lat_ns" : {
          "min" : 26425,
          "max" : 8420819,
          "mean" : 57621.335358,
          "stddev" : 13041.522505,
          "N" : 506915
        },
        "bw_min" : 66448,
        "bw_max" : 82168,
        "bw_agg" : 49.752131,
        "bw_mean" : 67656.542373,
        "bw_dev" : 3313.506858,
        "bw_samples" : 59,
        "iops_min" : 16612,
        "iops_max" : 20542,
        "iops_mean" : 16914.135593,
        "iops_stddev" : 828.376715,
        "iops_samples" : 59
      },
      "write" : {
        "io_bytes" : 0,
        "io_kbytes" : 0,
        "bw_bytes" : 0,
        "bw" : 0,
        "iops" : 0.000000,
        "runtime" : 0,
        "total_ios" : 0,
        "short_ios" : 0,
        "drop_ios" : 0,
        "slat_ns" : {
          "min" : 0,
          "max" : 0,
          "mean" : 0.000000,
          "stddev" : 0.000000,
          "N" : 0
        },
        "clat_ns" : {
          "min" : 0,
          "max" : 0,
          "mean" : 0.000000,
          "stddev" : 0.000000,
          "N" : 0
        },
        "lat_ns" : {
          "min" : 0,
          "max" : 0,
          "mean" : 0.000000,
          "stddev" : 0.000000,
          "N" : 0
        },
        "bw_min" : 0,
        "bw_max" : 0,
        "bw_agg" : 0.000000,
        "bw_mean" : 0.000000,
        "bw_dev" : 0.000000,
        "bw_samples" : 0,
        "iops_min" : 0,
        "iops_max" : 0,
        "iops_mean" : 0.000000,
        "iops_stddev" : 0.000000,
        "iops_samples" : 0
      },
      "trim" : {
        "io_bytes" : 0,
        "io_kbytes" : 0,
        "bw_bytes" : 0,
        "bw" : 0,
        "iops" : 0.000000,
        "runtime" : 0,
        "total_ios" : 0,
        "short_ios" : 0,
        "drop_ios" : 0,
        "slat_ns" : {
          "min" : 0,
          "max" : 0,
          "mean" : 0.000000,
          "stddev" : 0.000000,
          "N" : 0
        },
        "clat_ns" : {
          "min" : 0,
          "max" : 0,
          "mean" : 0.000000,
          "stddev" : 0.000000,
          "N" : 0
        },
        "lat_ns" : {
          "min" : 0,
          "max" : 0,
          "mean" : 0.000000,
          "stddev" : 0.000000,
          "N" : 0
        },
        "bw_min" : 0,
        "bw_max" : 0,
        "bw_agg" : 0.000000,
        "bw_mean" : 0.000000,
        "bw_dev" : 0.000000,
        "bw_samples" : 0,
        "iops_min" : 0,
        "iops_max" : 0,
        "iops_mean" : 0.000000,
        "iops_stddev" : 0.000000,
        "iops_samples" : 0
      },
      "sync" : {
        "total_ios" : 0,
        "lat_ns" : {
          "min" : 0,
          "max" : 0,
          "mean" : 0.000000,
          "stddev" : 0.000000,
          "N" : 0
        }
      },
      "job_runtime" : 30000,
      "usr_cpu" : 7.500000,
      "sys_cpu" : 24.520000,
      "ctx" : 506884,
      "majf" : 0,
      "minf" : 19,
      "iodepth_level" : {
        "1" : 100.000000,
        "2" : 0.000000,
        "4" : 0.000000,
        "8" : 0.000000,
        "16" : 0.000000,
        "32" : 0.000000,
        ">=64" : 0.000000
      },
      "iodepth_submit" : {
        "0" : 0.000000,
        "4" : 100.000000,
        "8" : 0.000000,
        "16" : 0.000000,
        "32" : 0.000000,
        "64" : 0.000000,
        ">=64" : 0.000000
      },
      "iodepth_complete" : {
        "0" : 0.000000,
        "4" : 100.000000,
        "8" : 0.000000,
        "16" : 0.000000,
        "32" : 0.000000,
        "64" : 0.000000,
        ">=64" : 0.000000
      },
      "latency_ns" : {
        "2" : 0.000000,
        "4" : 0.000000,
        "10" : 0.000000,
        "20" : 0.000000,
        "50" : 0.000000,
        "100" : 0.000000,
        "250" : 0.000000,
        "500" : 0.000000,
        "750" : 0.000000,
        "1000" : 0.010000
      },
      "latency_us" : {
        "2" : 0.010000,
        "4" : 0.000000,
        "10" : 0.000000,
        "20" : 0.010000,
        "50" : 69.205685,
        "100" : 30.693903,
        "250" : 0.093704,
        "500" : 0.000000,
        "750" : 0.010000,
        "1000" : 0.000000
      },
      "latency_ms" : {
        "2" : 0.000000,
        "4" : 0.000000,
        "10" : 0.010000,
        "20" : 0.000000,
        "50" : 0.000000,
        "100" : 0.000000,
        "250" : 0.000000,
        "500" : 0.000000,
        "750" : 0.000000,
        "1000" : 0.000000,
        "2000" : 0.000000,
        ">=2000" : 0.000000
      },
      "latency_depth" : 1,
      "latency_target" : 0,
      "latency_percentile" : 100.000000,
      "latency_window" : 0
    },
    {
      "jobname" : "concurrent_sweep_randread_jobs2_degraded",
      "groupid" : 0,
      "error" : 0,
      "eta" : 0,
      "elapsed" : 31,
      "job options" : {
        "name" : "concurrent_sweep_randread_jobs2_degraded",
        "filename" : "./concurrent_sweep_randread_jobs2_degraded_test",
        "size" : "1G",
        "rw" : "randread",
        "bs" : "4k",
        "direct" : "1",
        "runtime" : "30",
        "time_based" : "1",
        "ioengine" : "libaio",
        "iodepth" : "1",
        "numjobs" : "2"
      },
      "read" : {
        "io_bytes" : 2101309440,
        "io_kbytes" : 2052060,
        "bw_bytes" : 70041313,
        "bw" : 68399,
        "iops" : 17099.930002,
        "runtime" : 30001,
        "total_ios" : 513015,
        "short_ios" : 0,
        "drop_ios" : 0,
        "slat_ns" : {
          "min" : 3993,
          "max" : 120213,
          "mean" : 7902.031966,
          "stddev" : 1731.590064,
          "N" : 513015
        },
        "clat_ns" : {
          "min" : 1065,
          "max" : 8352391,
          "mean" : 48763.789129,
          "stddev" : 12725.120279,
          "N" : 513015,
          "percentile" : {
            "1.000000" : 43264,
            "5.000000" : 43776,
            "10.000000" : 45312,
            "20.000000" : 47872,
            "30.000000" : 47872,
            "40.000000" : 48384,
            "50.000000" : 48384,
            "60.000000" : 49920,
            "70.000000" : 49920,
            "80.000000" : 50432,
            "90.000000" : 50432,