{
  "fio version": "fio-3.28",
  "timestamp": 1757683635,
  "timestamp_ms": 1757683635630,
  "time": "Fri Sep 12 09:27:15 2025",
  "jobs": [
    {
      "jobname": "fillrandom",
      "groupid": 0,
      "error": 0,
      "eta": 0,
      "elapsed": 31,
      "job options": {
        "name": "fillrandom",
        "filename": "/dev/nvme1n1",
        "rw": "randwrite",
        "bs": "4k",
        "iodepth": "16",
        "runtime": "30",
        "numjobs": "1",
        "time_based": "1",
        "ioengine": "libaio",
        "direct": "1",
        "group_reporting": "1"
      },
      "read": {
        "io_bytes": 0,
        "io_kbytes": 0,
        "bw_bytes": 0,
        "bw": 0,
        "iops": 0.0,
        "runtime": 0,
        "total_ios": 0,
        "short_ios": 0,
        "drop_ios": 0,
        "slat_ns": {
          "min": 0,
          "max": 0,
          "mean": 0.0,
          "stddev": 0.0,
          "N": 0
        },
        "clat_ns": {
          "min": 0,
          "max": 0,
          "mean": 0.0,
          "stddev": 0.0,
          "N": 0
        },
        "lat_ns": {
          "min": 0,
          "max": 0,
          "mean": 0.0,
          "stddev": 0.0,
          "N": 0
        },
        "bw_min": 0,
        "bw_max": 0,
        "bw_agg": 0.0,
        "bw_mean": 0.0,
        "bw_dev": 0.0,
        "bw_samples": 0,
        "iops_min": 0,
        "iops_max": 0,
        "iops_mean": 0.0,
        "iops_stddev": 0.0,
        "iops_samples": 0
      },
      "write": {
        "io_bytes": 33633718272,
        "io_kbytes": 32845428,
        "bw_bytes": 1121086572,
        "bw": 1094811,
        "iops": 273702.776574,
        "runtime": 30001,
        "total_ios": 8211357,
        "short_ios": 0,
        "drop_ios": 0,
        "slat_ns": {
          "min": 1487,
          "max": 891894,
          "mean": 2714.028754,
          "stddev": 929.791395,
          "N": 8211357
        },
        "clat_ns": {
          "min": 14788,
          "max": 20384870,
          "mean": 55181.132676,
          "stddev": 85649.692088,
          "N": 8211357,
          "percentile": {
            "1.000000": 50432,
            "5.000000": 50944,
            "10.000000": 50944,
            "20.000000": 51456,
            "30.000000": 51456,
            "40.000000": 51968,
            "50.000000": 51968,
            "60.000000": 52480,
            "70.000000": 52480,
            "80.000000": 53504,
            "90.000000": 58624,
            "95.000000": 85504,
            "99.000000": 87552,
            "99.500000": 90624,
            "99.900000": 101888,
            "99.950000": 226304,
            "99.990000": 561152
          }
        },
        "lat_ns": {
          "min": 17501,
          "max": 20386970,
          "mean": 57967.130618,
          "stddev": 85690.396553,
          "N": 8211357
        },
        "bw_min": 678752,
        "bw_max": 1164496,
        "bw_agg": 99.99177,
        "bw_mean": 1094721.084746,
        "bw_dev": 127897.169725,
        "bw_samples": 59,
        "iops_min": 169688,
        "iops_max": 291126,
        "iops_mean": 273680.271186,
        "iops_stddev": 31974.442897,
        "iops_samples": 59
      },
      "trim": {
        "io_bytes": 0,
        "io_kbytes": 0,
        "bw_bytes": 0,
        "bw": 0,
        "iops": 0.0,
        "runtime": 0,
        "total_ios": 0,
        "short_ios": 0,
        "drop_ios": 0,
        "slat_ns": {
          "min": 0,
          "max": 0,
          "mean": 0.0,
          "stddev": 0.0,
          "N": 0
        },
        "clat_ns": {
          "min": 0,
          "max": 0,
          "mean": 0.0,
          "stddev": 0.0,
          "N": 0
        },
        "lat_ns": {
          "min": 0,
          "max": 0,
          "mean": 0.0,
          "stddev": 0.0,
          "N": 0
        },
        "bw_min": 0,
        "bw_max": 0,
        "bw_agg": 0.0,
        "bw_mean": 0.0,
        "bw_dev": 0.0,
        "bw_samples": 0,
        "iops_min": 0,
        "iops_max": 0,
        "iops_mean": 0.0,
        "iops_stddev": 0.0,
        "iops_samples": 0
      },
      "sync": {
        "total_ios": 0,
        "lat_ns": {
          "min": 0,
          "max": 0,
          "mean": 0.0,
          "stddev": 0.0,
          "N": 0
        }
      },
      "job_runtime": 30000,
      "usr_cpu": 23.863333,
      "sys_cpu": 75.066667,
      "ctx": 1277,
      "majf": 0,
      "minf": 14,
      "iodepth_level": {
        "1": 0.1,
        "2": 0.1,
        "4": 0.1,
        "8": 0.1,
        "16": 99.999817,
        "32": 0.0,
        ">=64": 0.0
      },
      "iodepth_submit": {
        "0": 0.0,
        "4": 100.0,
        "8": 0.0,
        "16": 0.0,
        "32": 0.0,
        "64": 0.0,
        ">=64": 0.0
      },
      "iodepth_complete": {
        "0": 0.0,
        "4": 99.999988,
        "8": 0.0,
        "16": 0.1,
        "32": 0.0,
        "64": 0.0,
        ">=64": 0.0
      },
      "latency_ns": {
        "2": 0.0,
        "4": 0.0,
        "10": 0.0,
        "20": 0.0,
        "50": 0.0,
        "100": 0.0,
        "250": 0.0,
        "500": 0.0,
        "750": 0.0,
        "1000": 0.0
      },
      "latency_us": {
        "2": 0.0,
        "4": 0.0,
        "10": 0.0,
        "20": 0.01,
        "50": 0.322785,
        "100": 99.544606,
        "250": 0.08554,
        "500": 0.032224,
        "750": 0.010169,
        "1000": 0.01
      },
      "latency_ms": {
        "2": 0.01,
        "4": 0.01,
        "10": 0.01,
        "20": 0.01,
        "50": 0.01,
        "100": 0.0,
        "250": 0.0,
        "500": 0.0,
        "750": 0.0,
        "1000": 0.0,
        "2000": 0.0,
        ">=2000": 0.0
      },
      "latency_depth": 16,
      "latency_target": 0,
      "latency_percentile": 100.0,
      "latency_window": 0
    }
  ],
  "disk_util": [
    {
      "name": "nvme1n1",
      "read_ios": 105,
      "write_ios": 8165358,
      "read_merges": 0,
      "write_merges": 0,
      "read_ticks": 7,
      "write_ticks": 85571,
      "in_queue": 85578,
      "util": 99.429239
    }
  ]
}