{
  "fio version": "fio-3.28",
  "timestamp": 1757683538,
  "timestamp_ms": 1757683538469,
  "time": "Fri Sep 12 09:25:38 2025",
  "jobs": [
    {
      "jobname": "memtable_flush",
      "groupid": 0,
      "error": 0,
      "eta": 0,
      "elapsed": 31,
      "job options": {
        "name": "memtable_flush",
        "filename": "/dev/nvme1n1",
        "rw": "write",
        "bs": "128k",
        "iodepth": "32",
        "runtime": "30",
        "numjobs": "1",
        "time_based": "1",
        "ioengine": "libaio",
        "direct": "1",
        "group_reporting": "1"
      },
      "read": {
        "io_bytes": 0,
        "io_kbytes": 0,
        "bw_bytes": 0,
        "bw": 0,
        "iops": 0.0,
        "runtime": 0,
        "total_ios": 0,
        "short_ios": 0,
        "drop_ios": 0,
        "slat_ns": {
          "min": 0,
          "max": 0,
          "mean": 0.0,
          "stddev": 0.0,
          "N": 0
        },
        "clat_ns": {
          "min": 0,
          "max": 0,
          "mean": 0.0,
          "stddev": 0.0,
          "N": 0
        },
        "lat_ns": {
          "min": 0,
          "max": 0,
          "mean": 0.0,
          "stddev": 0.0,
          "N": 0
        },
        "bw_min": 0,
        "bw_max": 0,
        "bw_agg": 0.0,
        "bw_mean": 0.0,
        "bw_dev": 0.0,
        "bw_samples": 0,
        "iops_min": 0,
        "iops_max": 0,
        "iops_mean": 0.0,
        "iops_stddev": 0.0,
        "iops_samples": 0
      },
      "write": {
        "io_bytes": 45314342912,
        "io_kbytes": 44252288,
        "bw_bytes": 1510377405,
        "bw": 1474977,
        "iops": 11523.265116,
        "runtime": 30002,
        "total_ios": 345721,
        "short_ios": 0,
        "drop_ios": 0,
        "slat_ns": {
          "min": 9319,
          "max": 433137,
          "mean": 31274.212816,
          "stddev": 9938.163059,
          "N": 345721
        },
        "clat_ns": {
          "min": 570208,
          "max": 26015736,
          "mean": 2743891.854475,
          "stddev": 1389321.503752,
          "N": 345721,
          "percentile": {
            "1.000000": 774144,
            "5.000000": 790528,
            "10.000000": 1171456,
            "20.000000": 1875968,
            "30.000000": 2088960,
            "40.000000": 2342912,
            "50.000000": 2637824,
            "60.000000": 2801664,
            "70.000000": 3096576,
            "80.000000": 3653632,
            "90.000000": 4554752,
            "95.000000": 4882432,
            "99.000000": 6127616,
            "99.500000": 6651904,
            "99.900000": 22675456,
            "99.950000": 24248320,
            "99.990000": 25559040
          }
        },
        "lat_ns": {
          "min": 592645,
          "max": 26041128,
          "mean": 2775510.111035,
          "stddev": 1390389.839754,
          "N": 345721
        },
        "bw_min": 1299968,
        "bw_max": 5064960,
        "bw_agg": 99.998987,
        "bw_mean": 1474963.525424,
        "bw_dev": 480180.153007,
        "bw_samples": 59,
        "iops_min": 10156,
        "iops_max": 39570,
        "iops_mean": 11523.186441,
        "iops_stddev": 3751.402168,
        "iops_samples": 59
      },
      "trim": {
        "io_bytes": 0,
        "io_kbytes": 0,
        "bw_bytes": 0,
        "bw": 0,
        "iops": 0.0,
        "runtime": 0,
        "total_ios": 0,
        "short_ios": 0,
        "drop_ios": 0,
        "slat_ns": {
          "min": 0,
          "max": 0,
          "mean": 0.0,
          "stddev": 0.0,
          "N": 0
        },
        "clat_ns": {
          "min": 0,
          "max": 0,
          "mean": 0.0,
          "stddev": 0.0,
          "N": 0
        },
        "lat_ns": {
          "min": 0,
          "max": 0,
          "mean": 0.0,
          "stddev": 0.0,
          "N": 0
        },
        "bw_min": 0,
        "bw_max": 0,
        "bw_agg": 0.0,
        "bw_mean": 0.0,
        "bw_dev": 0.0,
        "bw_samples": 0,
        "iops_min": 0,
        "iops_max": 0,
        "iops_mean": 0.0,
        "iops_stddev": 0.0,
        "iops_samples": 0
      },
      "sync": {
        "total_ios": 0,
        "lat_ns": {
          "min": 0,
          "max": 0,
          "mean": 0.0,
          "stddev": 0.0,
          "N": 0
        }
      },
      "job_runtime": 30001,
      "usr_cpu": 11.952935,
      "sys_cpu": 34.152195,
      "ctx": 118011,
      "majf": 0,
      "minf": 14,
      "iodepth_level": {
        "1": 0.1,
        "2": 0.1,
        "4": 0.1,
        "8": 0.1,
        "16": 0.1,
        "32": 99.991033,
        ">=64": 0.0
      },
      "iodepth_submit": {
        "0": 0.0,
        "4": 100.0,
        "8": 0.0,
        "16": 0.0,
        "32": 0.0,
        "64": 0.0,
        ">=64": 0.0
      },
      "iodepth_complete": {
        "0": 0.0,
        "4": 99.999711,
        "8": 0.0,
        "16": 0.0,
        "32": 0.1,
        "64": 0.0,
        ">=64": 0.0
      },
      "latency_ns": {
        "2": 0.0,
        "4": 0.0,
        "10": 0.0,
        "20": 0.0,
        "50": 0.0,
        "100": 0.0,
        "250": 0.0,
        "500": 0.0,
        "750": 0.0,
        "1000": 0.0
      },
      "latency_us": {
        "2": 0.0,
        "4": 0.0,
        "10": 0.0,
        "20": 0.0,
        "50": 0.0,
        "100": 0.0,
        "250": 0.0,
        "500": 0.0,
        "750": 0.179625,
        "1000": 5.807862
      },
      "latency_ms": {
        "2": 19.606851,
        "4": 59.543678,
        "10": 14.712442,
        "20": 0.03876,
        "50": 0.110783,
        "100": 0.0,
        "250": 0.0,
        "500": 0.0,
        "750": 0.0,
        "1000": 0.0,
        "2000": 0.0,
        ">=2000": 0.0
      },
      "latency_depth": 32,
      "latency_target": 0,
      "latency_percentile": 100.0,
      "latency_window": 0
    }
  ],
  "disk_util": [
    {
      "name": "nvme1n1",
      "read_ios": 84,
      "write_ios": 344174,
      "read_merges": 0,
      "write_merges": 0,
      "read_ticks": 4,
      "write_ticks": 918736,
      "in_queue": 918740,
      "util": 99.742922
    }
  ]
}