{
  "fio version" : "fio-3.28",
  "timestamp" : 1758039869,
  "timestamp_ms" : 1758039869647,
  "time" : "Tue Sep 16 12:24:29 2025",
  "jobs" : [
    {
      "jobname" : "mixed_sweep_128k_r50_degraded",
      "groupid" : 0,
      "error" : 0,
      "eta" : 0,
      "elapsed" : 31,
      "job options" : {
        "name" : "mixed_sweep_128k_r50_degraded",
        "filename" : "./mixed_sweep_128k_r50_degraded_test",
        "size" : "1G",
        "rw" : "rw",
        "bs" : "128k",
        "direct" : "1",
        "runtime" : "30",
        "time_based" : "1",
        "ioengine" : "libaio",
        "iodepth" : "1",
        "numjobs" : "1",
        "rwmixread" : "50"
      },
      "read" : {
        "io_bytes" : 23854448640,
        "io_kbytes" : 23295360,
        "bw_bytes" : 795121783,
        "bw" : 776486,
        "iops" : 6066.297790,
        "runtime" : 30001,
        "total_ios" : 181995,
        "short_ios" : 0,
        "drop_ios" : 0,
        "slat_ns" : {
          "min" : 12096,
          "max" : 97685,
          "mean" : 26663.256276,
          "stddev" : 3048.113987,
          "N" : 181995
        },
        "clat_ns" : {
          "min" : 1907,
          "max" : 33908373,
          "mean" : 53092.130630,
          "stddev" : 106970.720635,
          "N" : 181995,
          "percentile" : {
            "1.000000" : 45312,
            "5.000000" : 45824,
            "10.000000" : 46336,
            "20.000000" : 47872,
            "30.000000" : 48384,
            "40.000000" : 48384,
            "50.000000" : 48896,
            "60.000000" : 49408,
            "70.000000" : 50432,
            "80.000000" : 51456,
            "90.000000" : 53504,
            "95.000000" : 79360,
            "99.000000" : 98816,
            "99.500000" : 142336,
            "99.900000" : 333824,
            "99.950000" : 337920,
            "99.990000" : 3260416
          }
        },
        "lat_ns" : {
          "min" : 68348,
          "max" : 33934260,
          "mean" : 80064.229666,
          "stddev" : 107072.159209,
          "N" : 181995
        },
        "bw_min" : 637184,
        "bw_max" : 816640,
        "bw_agg" : 100.000000,
        "bw_mean" : 777363.525424,
        "bw_dev" : 30158.779899,
        "bw_samples" : 59,
        "iops_min" : 4978,
        "iops_max" : 6380,
        "iops_mean" : 6073.152542,
        "iops_stddev" : 235.615468,
        "iops_samples" : 59
      },
      "write" : {
        "io_bytes" : 23812636672,
        "io_kbytes" : 23254528,
        "bw_bytes" : 793728098,
        "bw" : 775125,
        "iops" : 6055.664811,
        "runtime" : 30001,
        "total_ios" : 181676,
        "short_ios" : 0,
        "drop_ios" : 0,
        "slat_ns" : {
          "min" : 18472,
          "max" : 160128,
          "mean" : 28029.445419,
          "stddev" : 2973.881768,
          "N" : 181676
        },
        "clat_ns" : {
          "min" : 12840,
          "max" : 235885,
          "mean" : 53444.789097,
          "stddev" : 5488.076016,
          "N" : 181676,
          "percentile" : {
            "1.000000" : 51456,
            "5.000000" : 51968,
            "10.000000" : 51968,
            "20.000000" : 51968,
            "30.000000" : 52480,
            "40.000000" : 52480,
            "50.000000" : 52480,
            "60.000000" : 52480,
            "70.000000" : 52992,
            "80.000000" : 52992,
            "90.000000" : 53504,
            "95.000000" : 55040,
            "99.000000" : 94720,
            "99.500000" : 95744,
            "99.900000" : 101888,
            "99.950000" : 104960,
            "99.990000" : 201728
          }
        },
        "lat_ns" : {
          "min" : 71949,
          "max" : 292008,
          "mean" : 81782.986977,
          "stddev" : 6628.151313,
          "N" : 181676
        },
        "bw_min" : 625920,
        "bw_max" : 813824,
        "bw_agg" : 100.000000,
        "bw_mean" : 775771.118644,
        "bw_dev" : 29729.722121,
        "bw_samples" : 59,
        "iops_min" : 4890,
        "iops_max" : 6358,
        "iops_mean" : 6060.711864,
        "iops_stddev" : 232.263454,
        "iops_samples" : 59
      },
      "trim" : {
        "io_bytes" : 0,
        "io_kbytes" : 0,
        "bw_bytes" : 0,
        "bw" : 0,
        "iops" : 0.000000,
        "runtime" : 0,
        "total_ios" : 0,
        "short_ios" : 0,
        "drop_ios" : 0,
        "slat_ns" : {
          "min" : 0,
          "max" : 0,
          "mean" : 0.000000,
          "stddev" : 0.000000,
          "N" : 0
        },
        "clat_ns" : {
          "min" : 0,
          "max" : 0,
          "mean" : 0.000000,
          "stddev" : 0.000000,
          "N" : 0
        },
        "lat_ns" : {
          "min" : 0,
          "max" : 0,
          "mean" : 0.000000,
          "stddev" : 0.000000,
          "N" : 0
        },
        "bw_min" : 0,
        "bw_max" : 0,
        "bw_agg" : 0.000000,
        "bw_mean" : 0.000000,
        "bw_dev" : 0.000000,
        "bw_samples" : 0,
        "iops_min" : 0,
        "iops_max" : 0,
        "iops_mean" : 0.000000,
        "iops_stddev" : 0.000000,
        "iops_samples" : 0
      },
      "sync" : {
        "total_ios" : 0,
        "lat_ns" : {
          "min" : 0,
          "max" : 0,
          "mean" : 0.000000,
          "stddev" : 0.000000,
          "N" : 0
        }
      },
      "job_runtime" : 30000,
      "usr_cpu" : 7.760000,
      "sys_cpu" : 38.826667,
      "ctx" : 363667,
      "majf" : 0,
      "minf" : 20,
      "iodepth_level" : {
        "1" : 100.000000,
        "2" : 0.000000,
        "4" : 0.000000,
        "8" : 0.000000,
        "16" : 0.000000,
        "32" : 0.000000,
        ">=64" : 0.000000
      },
      "iodepth_submit" : {
        "0" : 0.000000,
        "4" : 100.000000,
        "8" : 0.000000,
        "16" : 0.000000,
        "32" : 0.000000,
        "64" : 0.000000,
        ">=64" : 0.000000
      },
      "iodepth_complete" : {
        "0" : 0.000000,
        "4" : 100.000000,
        "8" : 0.000000,
        "16" : 0.000000,
        "32" : 0.000000,
        "64" : 0.000000,
        ">=64" : 0.000000
      },
      "latency_ns" : {
        "2" : 0.000000,
        "4" : 0.000000,
        "10" : 0.000000,
        "20" : 0.000000,
        "50" : 0.000000,
        "100" : 0.000000,
        "250" : 0.000000,
        "500" : 0.000000,
        "750" : 0.000000,
        "1000" : 0.000000
      },
      "latency_us" : {
        "2" : 0.010000,
        "4" : 0.000000,
        "10" : 0.000000,
        "20" : 0.010000,
        "50" : 33.574852,
        "100" : 65.913147,
        "250" : 0.452057,
        "500" : 0.045371,
        "750" : 0.010000,
        "1000" : 0.010000
      },
      "latency_ms" : {
        "2" : 0.010000,
        "4" : 0.010000,
        "10" : 0.010000,
        "20" : 0.010000,
        "50" : 0.010000,
        "100" : 0.000000,
        "250" : 0.000000,
        "500" : 0.000000,
        "750" : 0.000000,
        "1000" : 0.000000,
        "2000" : 0.000000,
        ">=2000" : 0.000000
      },
      "latency_depth" : 1,
      "latency_target" : 0,
      "latency_percentile" : 100.000000,
      "latency_window" : 0
    }
  ],
  "disk_util" : [
    {
      "name" : "nvme0n1",
      "read_ios" : 181754,
      "write_ios" : 181474,
      "read_merges" : 0,
      "write_merges" : 41,
      "read_ticks" : 9767,
      "write_ticks" : 9223,
      "in_queue" : 19004,
      "util" : 58.934576
    }
  ]
}
