{
  "fio version": "fio-3.28",
  "timestamp": 1757682857,
  "timestamp_ms": 1757682857847,
  "time": "Fri Sep 12 09:14:17 2025",
  "jobs": [
    {
      "jobname": "mixed_sweep_64k_r90",
      "groupid": 0,
      "error": 0,
      "eta": 0,
      "elapsed": 31,
      "job options": {
        "name": "mixed_sweep_64k_r90",
        "filename": "/dev/nvme1n1",
        "rw": "rw",
        "bs": "64k",
        "iodepth": "16",
        "runtime": "30",
        "numjobs": "1",
        "time_based": "1",
        "ioengine": "libaio",
        "direct": "1",
        "group_reporting": "1",
        "rwmixread": "90"
      },
      "read": {
        "io_bytes": 95006359552,
        "io_kbytes": 92779648,
        "bw_bytes": 3166667540,
        "bw": 3092448,
        "iops": 48319.512033,
        "runtime": 30002,
        "total_ios": 1449682,
        "short_ios": 0,
        "drop_ios": 0,
        "slat_ns": {
          "min": 5571,
          "max": 299362,
          "mean": 9246.954689,
          "stddev": 3499.489906,
          "N": 1449682
        },
        "clat_ns": {
          "min": 21217,
          "max": 14493711,
          "mean": 313116.33552,
          "stddev": 378609.644436,
          "N": 1449682,
          "percentile": {
            "1.000000": 54016,
            "5.000000": 109056,
            "10.000000": 125440,
            "20.000000": 142336,
            "30.000000": 156672,
            "40.000000": 171008,
            "50.000000": 185344,
            "60.000000": 205824,
            "70.000000": 234496,
            "80.000000": 292864,
            "90.000000": 651264,
            "95.000000": 1417216,
            "99.000000": 1695744,
            "99.500000": 1777664,
            "99.900000": 1925120,
            "99.950000": 2023424,
            "99.990000": 3129344
          }
        },
        "lat_ns": {
          "min": 30315,
          "max": 14499750,
          "mean": 322520.023795,
          "stddev": 378643.812034,
          "N": 1449682
        },
        "bw_min": 2611072,
        "bw_max": 4899200,
        "bw_agg": 100.0,
        "bw_mean": 3100936.677966,
        "bw_dev": 596407.282998,
        "bw_samples": 59,
        "iops_min": 40798,
        "iops_max": 76550,
        "iops_mean": 48452.169492,
        "iops_stddev": 9318.871215,
        "iops_samples": 59
      },
      "write": {
        "io_bytes": 10560208896,
        "io_kbytes": 10312704,
        "bw_bytes": 351983497,
        "bw": 343733,
        "iops": 5370.841944,
        "runtime": 30002,
        "total_ios": 161136,
        "short_ios": 0,
        "drop_ios": 0,
        "slat_ns": {
          "min": 5671,
          "max": 150535,
          "mean": 11596.464831,
          "stddev": 4102.655764,
          "N": 161136
        },
        "clat_ns": {
          "min": 13279,
          "max": 412416,
          "mean": 59817.611719,
          "stddev": 26739.363173,
          "N": 161136,
          "percentile": {
            "1.000000": 28032,
            "5.000000": 30080,
            "10.000000": 31616,
            "20.000000": 35584,
            "30.000000": 41216,
            "40.000000": 47360,
            "50.000000": 53504,
            "60.000000": 60672,
            "70.000000": 69120,
            "80.000000": 80384,
            "90.000000": 97792,
            "95.000000": 110080,
            "99.000000": 134144,
            "99.500000": 146432,
            "99.900000": 214016,
            "99.950000": 264192,
            "99.990000": 337920
          }
        },
        "lat_ns": {
          "min": 30828,
          "max": 464622,
          "mean": 71571.934248,
          "stddev": 28359.952818,
          "N": 161136
        },
        "bw_min": 281088,
        "bw_max": 542464,
        "bw_agg": 100.0,
        "bw_mean": 344686.644068,
        "bw_dev": 67709.436187,
        "bw_samples": 59,
        "iops_min": 4392,
        "iops_max": 8476,
        "iops_mean": 5385.728814,
        "iops_stddev": 1057.95994,
        "iops_samples": 59
      },
      "trim": {
        "io_bytes": 0,
        "io_kbytes": 0,
        "bw_bytes": 0,
        "bw": 0,
        "iops": 0.0,
        "runtime": 0,
        "total_ios": 0,
        "short_ios": 0,
        "drop_ios": 0,
        "slat_ns": {
          "min": 0,
          "max": 0,
          "mean": 0.0,
          "stddev": 0.0,
          "N": 0
        },
        "clat_ns": {
          "min": 0,
          "max": 0,
          "mean": 0.0,
          "stddev": 0.0,
          "N": 0
        },
        "lat_ns": {
          "min": 0,
          "max": 0,
          "mean": 0.0,
          "stddev": 0.0,
          "N": 0
        },
        "bw_min": 0,
        "bw_max": 0,
        "bw_agg": 0.0,
        "bw_mean": 0.0,
        "bw_dev": 0.0,
        "bw_samples": 0,
        "iops_min": 0,
        "iops_max": 0,
        "iops_mean": 0.0,
        "iops_stddev": 0.0,
        "iops_samples": 0
      },
      "sync": {
        "total_ios": 0,
        "lat_ns": {
          "min": 0,
          "max": 0,
          "mean": 0.0,
          "stddev": 0.0,
          "N": 0
        }
      },
      "job_runtime": 30001,
      "usr_cpu": 10.136329,
      "sys_cpu": 55.271491,
      "ctx": 316649,
      "majf": 0,
      "minf": 26,
      "iodepth_level": {
        "1": 0.1,
        "2": 0.1,
        "4": 0.1,
        "8": 0.1,
        "16": 99.999069,
        "32": 0.0,
        ">=64": 0.0
      },
      "iodepth_submit": {
        "0": 0.0,
        "4": 100.0,
        "8": 0.0,
        "16": 0.0,
        "32": 0.0,
        "64": 0.0,
        ">=64": 0.0
      },
      "iodepth_complete": {
        "0": 0.0,
        "4": 99.999938,
        "8": 0.0,
        "16": 0.1,
        "32": 0.0,
        "64": 0.0,
        ">=64": 0.0
      },
      "latency_ns": {
        "2": 0.0,
        "4": 0.0,
        "10": 0.0,
        "20": 0.0,
        "50": 0.0,
        "100": 0.0,
        "250": 0.0,
        "500": 0.0,
        "750": 0.0,
        "1000": 0.0
      },
      "latency_us": {
        "2": 0.0,
        "4": 0.0,
        "10": 0.0,
        "20": 0.01,
        "50": 5.148502,
        "100": 7.51674,
        "250": 63.66759,
        "500": 13.357872,
        "750": 1.848998,
        "1000": 1.173876
      },
      "latency_ms": {
        "2": 7.234089,
        "4": 0.047057,
        "10": 0.01,
        "20": 0.01,
        "50": 0.0,
        "100": 0.0,
        "250": 0.0,
        "500": 0.0,
        "750": 0.0,
        "1000": 0.0,
        "2000": 0.0,
        ">=2000": 0.0
      },
      "latency_depth": 16,
      "latency_target": 0,
      "latency_percentile": 100.0,
      "latency_window": 0
    }
  ],
  "disk_util": [
    {
      "name": "nvme1n1",
      "read_ios": 1444407,
      "write_ios": 160512,
      "read_merges": 0,
      "write_merges": 0,
      "read_ticks": 420296,
      "write_ticks": 5580,
      "in_queue": 425876,
      "util": 99.742931
    }
  ]
}