{
  "fio version" : "fio-3.28",
  "timestamp" : 1757680279,
  "timestamp_ms" : 1757680279266,
  "time" : "Fri Sep 12 08:31:19 2025",
  "jobs" : [
    {
      "jobname" : "mixed_rw_initial",
      "groupid" : 0,
      "error" : 0,
      "eta" : 0,
      "elapsed" : 61,
      "job options" : {
        "name" : "mixed_rw_initial",
        "filename" : "/dev/nvme1n1",
        "rw" : "rw",
        "rwmixread" : "50",
        "bs" : "4k",
        "iodepth" : "16",
        "runtime" : "60",
        "time_based" : "1",
        "ioengine" : "libaio",
        "direct" : "1",
        "group_reporting" : "1"
      },
      "read" : {
        "io_bytes" : 18508025856,
        "io_kbytes" : 18074244,
        "bw_bytes" : 308461956,
        "bw" : 301232,
        "iops" : 75308.094865,
        "runtime" : 60001,
        "total_ios" : 4518561,
        "short_ios" : 0,
        "drop_ios" : 0,
        "slat_ns" : {
          "min" : 1500,
          "max" : 127169,
          "mean" : 2829.960427,
          "stddev" : 1526.618508,
          "N" : 4518561
        },
        "clat_ns" : {
          "min" : 6823,
          "max" : 12972804,
          "mean" : 181105.040661,
          "stddev" : 248046.231344,
          "N" : 4518561,
          "percentile" : {
            "1.000000" : 50432,
            "5.000000" : 66048,
            "10.000000" : 75264,
            "20.000000" : 85504,
            "30.000000" : 95744,
            "40.000000" : 107008,
            "50.000000" : 120320,
            "60.000000" : 134144,
            "70.000000" : 154624,
            "80.000000" : 189440,
            "90.000000" : 252928,
            "95.000000" : 415744,
            "99.000000" : 1466368,
            "99.500000" : 1581056,
            "99.900000" : 1843200,
            "99.950000" : 2023424,
            "99.990000" : 3031040
          }
        },
        "lat_ns" : {
          "min" : 9575,
          "max" : 12974964,
          "mean" : 184052.510504,
          "stddev" : 248020.383060,
          "N" : 4518561
        },
        "bw_min" : 185352,
        "bw_max" : 445824,
        "bw_agg" : 100.000000,
        "bw_mean" : 301931.831933,
        "bw_dev" : 42370.777033,
        "bw_samples" : 119,
        "iops_min" : 46336,
        "iops_max" : 111456,
        "iops_mean" : 75483.008403,
        "iops_stddev" : 10592.706403,
        "iops_samples" : 119
      },
      "write" : {
        "io_bytes" : 18502205440,
        "io_kbytes" : 18068560,
        "bw_bytes" : 308364951,
        "bw" : 301137,
        "iops" : 75284.411926,
        "runtime" : 60001,
        "total_ios" : 4517140,
        "short_ios" : 0,
        "drop_ios" : 0,
        "slat_ns" : {
          "min" : 1471,
          "max" : 113864,
          "mean" : 2783.463365,
          "stddev" : 1512.486662,
          "N" : 4517140
        },
        "clat_ns" : {
          "min" : 437,
          "max" : 402628,
          "mean" : 24542.999502,
          "stddev" : 16585.778875,
          "N" : 4517140,
          "percentile" : {
            "1.000000" : 9408,
            "5.000000" : 10816,
            "10.000000" : 11584,
            "20.000000" : 12864,
            "30.000000" : 14528,
            "40.000000" : 16512,
            "50.000000" : 18816,
            "60.000000" : 22144,
            "70.000000" : 26496,
            "80.000000" : 33536,
            "90.000000" : 45824,
            "95.000000" : 54016,
            "99.000000" : 83456,
            "99.500000" : 98816,
            "99.900000" : 156672,
            "99.950000" : 168960,
            "99.990000" : 189440
          }
        },
        "lat_ns" : {
          "min" : 10415,
          "max" : 406396,
          "mean" : 27440.428255,
          "stddev" : 17069.414828,
          "N" : 4517140
        },
        "bw_min" : 184864,
        "bw_max" : 443600,
        "bw_agg" : 100.000000,
        "bw_mean" : 301839.126050,
        "bw_dev" : 42298.807622,
        "bw_samples" : 119,
        "iops_min" : 46216,
        "iops_max" : 110900,
        "iops_mean" : 75459.781513,
        "iops_stddev" : 10574.685461,
        "iops_samples" : 119
      },
      "trim" : {
        "io_bytes" : 0,
        "io_kbytes" : 0,
        "bw_bytes" : 0,
        "bw" : 0,
        "iops" : 0.000000,
        "runtime" : 0,
        "total_ios" : 0,
        "short_ios" : 0,
        "drop_ios" : 0,
        "slat_ns" : {
          "min" : 0,
          "max" : 0,
          "mean" : 0.000000,
          "stddev" : 0.000000,
          "N" : 0
        },
        "clat_ns" : {
          "min" : 0,
          "max" : 0,
          "mean" : 0.000000,
          "stddev" : 0.000000,
          "N" : 0
        },
        "lat_ns" : {
          "min" : 0,
          "max" : 0,
          "mean" : 0.000000,
          "stddev" : 0.000000,
          "N" : 0
        },
        "bw_min" : 0,
        "bw_max" : 0,
        "bw_agg" : 0.000000,
        "bw_mean" : 0.000000,
        "bw_dev" : 0.000000,
        "bw_samples" : 0,
        "iops_min" : 0,
        "iops_max" : 0,
        "iops_mean" : 0.000000,
        "iops_stddev" : 0.000000,
        "iops_samples" : 0
      },
      "sync" : {
        "total_ios" : 0,
        "lat_ns" : {
          "min" : 0,
          "max" : 0,
          "mean" : 0.000000,
          "stddev" : 0.000000,
          "N" : 0
        }
      },
      "job_runtime" : 60000,
      "usr_cpu" : 18.058333,
      "sys_cpu" : 48.646667,
      "ctx" : 1229907,
      "majf" : 0,
      "minf" : 29,
      "iodepth_level" : {
        "1" : 0.100000,
        "2" : 0.100000,
        "4" : 0.100000,
        "8" : 0.100000,
        "16" : 99.999834,
        "32" : 0.000000,
        ">=64" : 0.000000
      },
      "iodepth_submit" : {
        "0" : 0.000000,
        "4" : 100.000000,
        "8" : 0.000000,
        "16" : 0.000000,
        "32" : 0.000000,
        "64" : 0.000000,
        ">=64" : 0.000000
      },
      "iodepth_complete" : {
        "0" : 0.000000,
        "4" : 99.999989,
        "8" : 0.000000,
        "16" : 0.100000,
        "32" : 0.000000,
        "64" : 0.000000,
        ">=64" : 0.000000
      },
      "latency_ns" : {
        "2" : 0.000000,
        "4" : 0.000000,
        "10" : 0.000000,
        "20" : 0.000000,
        "50" : 0.000000,
        "100" : 0.000000,
        "250" : 0.000000,
        "500" : 0.010000,
        "750" : 0.010000,
        "1000" : 0.000000
      },
      "latency_us" : {
        "2" : 0.000000,
        "4" : 0.010000,
        "10" : 1.247939,
        "20" : 25.685888,
        "50" : 19.573357,
        "100" : 20.422289,
        "250" : 27.962025,
        "500" : 2.818918,
        "750" : 0.424914,
        "1000" : 0.376252
      },
      "latency_ms" : {
        "2" : 1.460993,
        "4" : 0.024060,
        "10" : 0.010000,
        "20" : 0.010000,
        "50" : 0.000000,
        "100" : 0.000000,
        "250" : 0.000000,
        "500" : 0.000000,
        "750" : 0.000000,
        "1000" : 0.000000,
        "2000" : 0.000000,
        ">=2000" : 0.000000
      },
      "latency_depth" : 16,
      "latency_target" : 0,
      "latency_percentile" : 100.000000,
      "latency_window" : 0
    }
  ],
  "disk_util" : [
    {
      "name" : "nvme1n1",
      "read_ios" : 4509176,
      "write_ios" : 4507752,
      "read_merges" : 0,
      "write_merges" : 0,
      "read_ticks" : 756714,
      "write_ticks" : 50789,
      "in_queue" : 807503,
      "util" : 99.883201
    }
  ]
}
