{
  "fio version": "fio-3.28",
  "timestamp": 1757682404,
  "timestamp_ms": 1757682404749,
  "time": "Fri Sep 12 09:06:44 2025",
  "jobs": [
    {
      "jobname": "mixed_sweep_4k_r90",
      "groupid": 0,
      "error": 0,
      "eta": 0,
      "elapsed": 31,
      "job options": {
        "name": "mixed_sweep_4k_r90",
        "filename": "/dev/nvme1n1",
        "rw": "rw",
        "bs": "4k",
        "iodepth": "16",
        "runtime": "30",
        "numjobs": "1",
        "time_based": "1",
        "ioengine": "libaio",
        "direct": "1",
        "group_reporting": "1",
        "rwmixread": "90"
      },
      "read": {
        "io_bytes": 30585946112,
        "io_kbytes": 29869088,
        "bw_bytes": 1019497553,
        "bw": 995603,
        "iops": 248900.769974,
        "runtime": 30001,
        "total_ios": 7467272,
        "short_ios": 0,
        "drop_ios": 0,
        "slat_ns": {
          "min": 1483,
          "max": 110159,
          "mean": 2478.194679,
          "stddev": 931.192669,
          "N": 7467272
        },
        "clat_ns": {
          "min": 2439,
          "max": 10810993,
          "mean": 55469.262433,
          "stddev": 70461.958865,
          "N": 7467272,
          "percentile": {
            "1.000000": 20864,
            "5.000000": 35072,
            "10.000000": 48384,
            "20.000000": 49408,
            "30.000000": 49920,
            "40.000000": 49920,
            "50.000000": 50432,
            "60.000000": 50432,
            "70.000000": 50944,
            "80.000000": 51456,
            "90.000000": 54016,
            "95.000000": 58624,
            "99.000000": 88576,
            "99.500000": 593920,
            "99.900000": 1028096,
            "99.950000": 1155072,
            "99.990000": 1351680
          }
        },
        "lat_ns": {
          "min": 9294,
          "max": 10812906,
          "mean": 58107.300549,
          "stddev": 70420.387137,
          "N": 7467272
        },
        "bw_min": 661040,
        "bw_max": 1069160,
        "bw_agg": 100.0,
        "bw_mean": 997453.559322,
        "bw_dev": 76168.031267,
        "bw_samples": 59,
        "iops_min": 165260,
        "iops_max": 267290,
        "iops_mean": 249363.491525,
        "iops_stddev": 19042.083672,
        "iops_samples": 59
      },
      "write": {
        "io_bytes": 3398918144,
        "io_kbytes": 3319256,
        "bw_bytes": 113293495,
        "bw": 110638,
        "iops": 27659.544682,
        "runtime": 30001,
        "total_ios": 829814,
        "short_ios": 0,
        "drop_ios": 0,
        "slat_ns": {
          "min": 1470,
          "max": 96115,
          "mean": 2469.131646,
          "stddev": 941.253851,
          "N": 829814
        },
        "clat_ns": {
          "min": 334,
          "max": 363381,
          "mean": 50005.050652,
          "stddev": 8271.053486,
          "N": 829814,
          "percentile": {
            "1.000000": 18048,
            "5.000000": 29824,
            "10.000000": 48384,
            "20.000000": 49408,
            "30.000000": 49920,
            "40.000000": 49920,
            "50.000000": 50432,
            "60.000000": 50944,
            "70.000000": 51456,
            "80.000000": 51968,
            "90.000000": 54528,
            "95.000000": 58112,
            "99.000000": 79360,
            "99.500000": 81408,
            "99.900000": 87552,
            "99.950000": 92672,
            "99.990000": 124416
          }
        },
        "lat_ns": {
          "min": 10547,
          "max": 369043,
          "mean": 52632.261989,
          "stddev": 8435.014553,
          "N": 829814
        },
        "bw_min": 72904,
        "bw_max": 119952,
        "bw_agg": 100.0,
        "bw_mean": 110859.79661,
        "bw_dev": 8644.610054,
        "bw_samples": 59,
        "iops_min": 18226,
        "iops_max": 29988,
        "iops_mean": 27714.949153,
        "iops_stddev": 2161.152514,
        "iops_samples": 59
      },
      "trim": {
        "io_bytes": 0,
        "io_kbytes": 0,
        "bw_bytes": 0,
        "bw": 0,
        "iops": 0.0,
        "runtime": 0,
        "total_ios": 0,
        "short_ios": 0,
        "drop_ios": 0,
        "slat_ns": {
          "min": 0,
          "max": 0,
          "mean": 0.0,
          "stddev": 0.0,
          "N": 0
        },
        "clat_ns": {
          "min": 0,
          "max": 0,
          "mean": 0.0,
          "stddev": 0.0,
          "N": 0
        },
        "lat_ns": {
          "min": 0,
          "max": 0,
          "mean": 0.0,
          "stddev": 0.0,
          "N": 0
        },
        "bw_min": 0,
        "bw_max": 0,
        "bw_agg": 0.0,
        "bw_mean": 0.0,
        "bw_dev": 0.0,
        "bw_samples": 0,
        "iops_min": 0,
        "iops_max": 0,
        "iops_mean": 0.0,
        "iops_stddev": 0.0,
        "iops_samples": 0
      },
      "sync": {
        "total_ios": 0,
        "lat_ns": {
          "min": 0,
          "max": 0,
          "mean": 0.0,
          "stddev": 0.0,
          "N": 0
        }
      },
      "job_runtime": 30000,
      "usr_cpu": 24.88,
      "sys_cpu": 69.3,
      "ctx": 25652,
      "majf": 0,
      "minf": 21,
      "iodepth_level": {
        "1": 0.1,
        "2": 0.1,
        "4": 0.1,
        "8": 0.1,
        "16": 99.999819,
        "32": 0.0,
        ">=64": 0.0
      },
      "iodepth_submit": {
        "0": 0.0,
        "4": 100.0,
        "8": 0.0,
        "16": 0.0,
        "32": 0.0,
        "64": 0.0,
        ">=64": 0.0
      },
      "iodepth_complete": {
        "0": 0.0,
        "4": 99.999988,
        "8": 0.0,
        "16": 0.1,
        "32": 0.0,
        "64": 0.0,
        ">=64": 0.0
      },
      "latency_ns": {
        "2": 0.0,
        "4": 0.0,
        "10": 0.0,
        "20": 0.0,
        "50": 0.0,
        "100": 0.0,
        "250": 0.0,
        "500": 0.01,
        "750": 0.0,
        "1000": 0.0
      },
      "latency_us": {
        "2": 0.0,
        "4": 0.01,
        "10": 0.068398,
        "20": 0.856771,
        "50": 37.794691,
        "100": 60.445932,
        "250": 0.095744,
        "500": 0.172109,
        "750": 0.272252,
        "1000": 0.187584
      },
      "latency_ms": {
        "2": 0.103133,
        "4": 0.01,
        "10": 0.01,
        "20": 0.01,
        "50": 0.0,
        "100": 0.0,
        "250": 0.0,
        "500": 0.0,
        "750": 0.0,
        "1000": 0.0,
        "2000": 0.0,
        ">=2000": 0.0
      },
      "latency_depth": 16,
      "latency_target": 0,
      "latency_percentile": 100.0,
      "latency_window": 0
    }
  ],
  "disk_util": [
    {
      "name": "nvme1n1",
      "read_ios": 7438916,
      "write_ios": 826635,
      "read_merges": 0,
      "write_merges": 0,
      "read_ticks": 105880,
      "write_ticks": 7996,
      "in_queue": 113877,
      "util": 99.16216
    }
  ]
}