{
  "fio version": "fio-3.28",
  "timestamp": 1757682631,
  "timestamp_ms": 1757682631282,
  "time": "Fri Sep 12 09:10:31 2025",
  "jobs": [
    {
      "jobname": "mixed_sweep_16k_r90",
      "groupid": 0,
      "error": 0,
      "eta": 0,
      "elapsed": 31,
      "job options": {
        "name": "mixed_sweep_16k_r90",
        "filename": "/dev/nvme1n1",
        "rw": "rw",
        "bs": "16k",
        "iodepth": "16",
        "runtime": "30",
        "numjobs": "1",
        "time_based": "1",
        "ioengine": "libaio",
        "direct": "1",
        "group_reporting": "1",
        "rwmixread": "90"
      },
      "read": {
        "io_bytes": 68848680960,
        "io_kbytes": 67235040,
        "bw_bytes": 2294803045,
        "bw": 2241018,
        "iops": 140063.662423,
        "runtime": 30002,
        "total_ios": 4202190,
        "short_ios": 0,
        "drop_ios": 0,
        "slat_ns": {
          "min": 2108,
          "max": 269545,
          "mean": 3450.547435,
          "stddev": 1468.305835,
          "N": 4202190
        },
        "clat_ns": {
          "min": 5351,
          "max": 13014884,
          "mean": 105534.369622,
          "stddev": 177454.080039,
          "N": 4202190,
          "percentile": {
            "1.000000": 14784,
            "5.000000": 21120,
            "10.000000": 27776,
            "20.000000": 39168,
            "30.000000": 48896,
            "40.000000": 56064,
            "50.000000": 62720,
            "60.000000": 69120,
            "70.000000": 79360,
            "80.000000": 115200,
            "90.000000": 195584,
            "95.000000": 272384,
            "99.000000": 1171456,
            "99.500000": 1400832,
            "99.900000": 1646592,
            "99.950000": 1712128,
            "99.990000": 2088960
          }
        },
        "lat_ns": {
          "min": 13007,
          "max": 13017237,
          "mean": 109083.230639,
          "stddev": 177404.503509,
          "N": 4202190
        },
        "bw_min": 1834784,
        "bw_max": 2796544,
        "bw_agg": 100.0,
        "bw_mean": 2249261.016949,
        "bw_dev": 345222.535942,
        "bw_samples": 59,
        "iops_min": 114674,
        "iops_max": 174784,
        "iops_mean": 140578.813559,
        "iops_stddev": 21576.409526,
        "iops_samples": 59
      },
      "write": {
        "io_bytes": 7658962944,
        "io_kbytes": 7479456,
        "bw_bytes": 255281746,
        "bw": 249298,
        "iops": 15581.161256,
        "runtime": 30002,
        "total_ios": 467466,
        "short_ios": 0,
        "drop_ios": 0,
        "slat_ns": {
          "min": 2085,
          "max": 63195,
          "mean": 3576.23867,
          "stddev": 1514.739409,
          "N": 467466
        },
        "clat_ns": {
          "min": 8778,
          "max": 574085,
          "mean": 38945.774429,
          "stddev": 19172.165097,
          "N": 467466,
          "percentile": {
            "1.000000": 14656,
            "5.000000": 17280,
            "10.000000": 19840,
            "20.000000": 22912,
            "30.000000": 26240,
            "40.000000": 30080,
            "50.000000": 34560,
            "60.000000": 40192,
            "70.000000": 45824,
            "80.000000": 52480,
            "90.000000": 61696,
            "95.000000": 71168,
            "99.000000": 103936,
            "99.500000": 104960,
            "99.900000": 116224,
            "99.950000": 121344,
            "99.990000": 240640
          }
        },
        "lat_ns": {
          "min": 14438,
          "max": 580335,
          "mean": 42620.672819,
          "stddev": 19838.266306,
          "N": 467466
        },
        "bw_min": 201024,
        "bw_max": 307104,
        "bw_agg": 100.0,
        "bw_mean": 250225.898305,
        "bw_dev": 38511.986715,
        "bw_samples": 59,
        "iops_min": 12564,
        "iops_max": 19194,
        "iops_mean": 15639.084746,
        "iops_stddev": 2407.030488,
        "iops_samples": 59
      },
      "trim": {
        "io_bytes": 0,
        "io_kbytes": 0,
        "bw_bytes": 0,
        "bw": 0,
        "iops": 0.0,
        "runtime": 0,
        "total_ios": 0,
        "short_ios": 0,
        "drop_ios": 0,
        "slat_ns": {
          "min": 0,
          "max": 0,
          "mean": 0.0,
          "stddev": 0.0,
          "N": 0
        },
        "clat_ns": {
          "min": 0,
          "max": 0,
          "mean": 0.0,
          "stddev": 0.0,
          "N": 0
        },
        "lat_ns": {
          "min": 0,
          "max": 0,
          "mean": 0.0,
          "stddev": 0.0,
          "N": 0
        },
        "bw_min": 0,
        "bw_max": 0,
        "bw_agg": 0.0,
        "bw_mean": 0.0,
        "bw_dev": 0.0,
        "bw_samples": 0,
        "iops_min": 0,
        "iops_max": 0,
        "iops_mean": 0.0,
        "iops_stddev": 0.0,
        "iops_samples": 0
      },
      "sync": {
        "total_ios": 0,
        "lat_ns": {
          "min": 0,
          "max": 0,
          "mean": 0.0,
          "stddev": 0.0,
          "N": 0
        }
      },
      "job_runtime": 30001,
      "usr_cpu": 14.106196,
      "sys_cpu": 58.738042,
      "ctx": 496862,
      "majf": 0,
      "minf": 28,
      "iodepth_level": {
        "1": 0.1,
        "2": 0.1,
        "4": 0.1,
        "8": 0.1,
        "16": 99.999679,
        "32": 0.0,
        ">=64": 0.0
      },
      "iodepth_submit": {
        "0": 0.0,
        "4": 100.0,
        "8": 0.0,
        "16": 0.0,
        "32": 0.0,
        "64": 0.0,
        ">=64": 0.0
      },
      "iodepth_complete": {
        "0": 0.0,
        "4": 99.999979,
        "8": 0.0,
        "16": 0.1,
        "32": 0.0,
        "64": 0.0,
        ">=64": 0.0
      },
      "latency_ns": {
        "2": 0.0,
        "4": 0.0,
        "10": 0.0,
        "20": 0.0,
        "50": 0.0,
        "100": 0.0,
        "250": 0.0,
        "500": 0.0,
        "750": 0.0,
        "1000": 0.0
      },
      "latency_us": {
        "2": 0.0,
        "4": 0.0,
        "10": 0.01,
        "20": 4.884857,
        "50": 31.006674,
        "100": 41.507233,
        "250": 17.26519,
        "500": 3.169527,
        "750": 0.616298,
        "1000": 0.384504
      },
      "latency_ms": {
        "2": 1.15334,
        "4": 0.01,
        "10": 0.01,
        "20": 0.01,
        "50": 0.0,
        "100": 0.0,
        "250": 0.0,
        "500": 0.0,
        "750": 0.0,
        "1000": 0.0,
        "2000": 0.0,
        ">=2000": 0.0
      },
      "latency_depth": 16,
      "latency_target": 0,
      "latency_percentile": 100.0,
      "latency_window": 0
    }
  ],
  "disk_util": [
    {
      "name": "nvme1n1",
      "read_ios": 4189026,
      "write_ios": 465990,
      "read_merges": 0,
      "write_merges": 0,
      "read_ticks": 361835,
      "write_ticks": 9309,
      "in_queue": 371146,
      "util": 99.712979
    }
  ]
}