{
  "fio version" : "fio-3.28",
  "timestamp" : 1758039209,
  "timestamp_ms" : 1758039209591,
  "time" : "Tue Sep 16 12:13:29 2025",
  "jobs" : [
    {
      "jobname" : "mixed_sweep_4k_r50_degraded",
      "groupid" : 0,
      "error" : 0,
      "eta" : 0,
      "elapsed" : 31,
      "job options" : {
        "name" : "mixed_sweep_4k_r50_degraded",
        "filename" : "./mixed_sweep_4k_r50_degraded_test",
        "size" : "1G",
        "rw" : "rw",
        "bs" : "4k",
        "direct" : "1",
        "runtime" : "30",
        "time_based" : "1",
        "ioengine" : "libaio",
        "iodepth" : "1",
        "numjobs" : "1",
        "rwmixread" : "50"
      },
      "read" : {
        "io_bytes" : 2028531712,
        "io_kbytes" : 1980988,
        "bw_bytes" : 67615469,
        "bw" : 66030,
        "iops" : 16507.683077,
        "runtime" : 30001,
        "total_ios" : 495247,
        "short_ios" : 0,
        "drop_ios" : 0,
        "slat_ns" : {
          "min" : 3278,
          "max" : 199701,
          "mean" : 6857.674896,
          "stddev" : 1464.866946,
          "N" : 495247
        },
        "clat_ns" : {
          "min" : 1007,
          "max" : 8456313,
          "mean" : 22349.842347,
          "stddev" : 18896.745303,
          "N" : 495247,
          "percentile" : {
            "1.000000" : 12864,
            "5.000000" : 13248,
            "10.000000" : 14272,
            "20.000000" : 15680,
            "30.000000" : 15936,
            "40.000000" : 16192,
            "50.000000" : 16768,
            "60.000000" : 17280,
            "70.000000" : 18304,
            "80.000000" : 19840,
            "90.000000" : 55552,
            "95.000000" : 58624,
            "99.000000" : 59648,
            "99.500000" : 60672,
            "99.900000" : 73216,
            "99.950000" : 96768,
            "99.990000" : 181248
          }
        },
        "lat_ns" : {
          "min" : 15090,
          "max" : 8504790,
          "mean" : 29447.620765,
          "stddev" : 19221.965565,
          "N" : 495247
        },
        "bw_min" : 38240,
        "bw_max" : 80032,
        "bw_agg" : 99.814130,
        "bw_mean" : 65908.474576,
        "bw_dev" : 12632.346288,
        "bw_samples" : 59,
        "iops_min" : 9560,
        "iops_max" : 20008,
        "iops_mean" : 16477.152542,
        "iops_stddev" : 3158.067790,
        "iops_samples" : 59
      },
      "write" : {
        "io_bytes" : 2025517056,
        "io_kbytes" : 1978044,
        "bw_bytes" : 67514984,
        "bw" : 65932,
        "iops" : 16483.150562,
        "runtime" : 30001,
        "total_ios" : 494511,
        "short_ios" : 0,
        "drop_ios" : 0,
        "slat_ns" : {
          "min" : 3307,
          "max" : 389523,
          "mean" : 7075.428708,
          "stddev" : 1583.169903,
          "N" : 494511
        },
        "clat_ns" : {
          "min" : 1326,
          "max" : 230542,
          "mean" : 21601.131564,
          "stddev" : 4020.112096,
          "N" : 494511,
          "percentile" : {
            "1.000000" : 17536,
            "5.000000" : 18816,
            "10.000000" : 19072,
            "20.000000" : 19072,
            "30.000000" : 19328,
            "40.000000" : 20096,
            "50.000000" : 20864,
            "60.000000" : 21632,
            "70.000000" : 22400,
            "80.000000" : 23936,
            "90.000000" : 25472,
            "95.000000" : 26240,
            "99.000000" : 29056,
            "99.500000" : 33024,
            "99.900000" : 54016,
            "99.950000" : 85504,
            "99.990000" : 173056
          }
        },
        "lat_ns" : {
          "min" : 17189,
          "max" : 435629,
          "mean" : 28916.950927,
          "stddev" : 4813.567010,
          "N" : 494511
        },
        "bw_min" : 38640,
        "bw_max" : 78928,
        "bw_agg" : 99.821634,
        "bw_mean" : 65815.322034,
        "bw_dev" : 12608.352812,
        "bw_samples" : 59,
        "iops_min" : 9660,
        "iops_max" : 19732,
        "iops_mean" : 16453.830508,
        "iops_stddev" : 3152.088203,
        "iops_samples" : 59
      },
      "trim" : {
        "io_bytes" : 0,
        "io_kbytes" : 0,
        "bw_bytes" : 0,
        "bw" : 0,
        "iops" : 0.000000,
        "runtime" : 0,
        "total_ios" : 0,
        "short_ios" : 0,
        "drop_ios" : 0,
        "slat_ns" : {
          "min" : 0,
          "max" : 0,
          "mean" : 0.000000,
          "stddev" : 0.000000,
          "N" : 0
        },
        "clat_ns" : {
          "min" : 0,
          "max" : 0,
          "mean" : 0.000000,
          "stddev" : 0.000000,
          "N" : 0
        },
        "lat_ns" : {
          "min" : 0,
          "max" : 0,
          "mean" : 0.000000,
          "stddev" : 0.000000,
          "N" : 0
        },
        "bw_min" : 0,
        "bw_max" : 0,
        "bw_agg" : 0.000000,
        "bw_mean" : 0.000000,
        "bw_dev" : 0.000000,
        "bw_samples" : 0,
        "iops_min" : 0,
        "iops_max" : 0,
        "iops_mean" : 0.000000,
        "iops_stddev" : 0.000000,
        "iops_samples" : 0
      },
      "sync" : {
        "total_ios" : 0,
        "lat_ns" : {
          "min" : 0,
          "max" : 0,
          "mean" : 0.000000,
          "stddev" : 0.000000,
          "N" : 0
        }
      },
      "job_runtime" : 30000,
      "usr_cpu" : 10.820000,
      "sys_cpu" : 35.523333,
      "ctx" : 989048,
      "majf" : 0,
      "minf" : 27,
      "iodepth_level" : {
        "1" : 100.000000,
        "2" : 0.000000,
        "4" : 0.000000,
        "8" : 0.000000,
        "16" : 0.000000,
        "32" : 0.000000,
        ">=64" : 0.000000
      },
      "iodepth_submit" : {
        "0" : 0.000000,
        "4" : 100.000000,
        "8" : 0.000000,
        "16" : 0.000000,
        "32" : 0.000000,
        "64" : 0.000000,
        ">=64" : 0.000000
      },
      "iodepth_complete" : {
        "0" : 0.000000,
        "4" : 100.000000,
        "8" : 0.000000,
        "16" : 0.000000,
        "32" : 0.000000,
        "64" : 0.000000,
        ">=64" : 0.000000
      },
      "latency_ns" : {
        "2" : 0.000000,
        "4" : 0.000000,
        "10" : 0.000000,
        "20" : 0.000000,
        "50" : 0.000000,
        "100" : 0.000000,
        "250" : 0.000000,
        "500" : 0.000000,
        "750" : 0.000000,
        "1000" : 0.000000
      },
      "latency_us" : {
        "2" : 0.030007,
        "4" : 0.010000,
        "10" : 0.021419,
        "20" : 59.758244,
        "50" : 33.291067,
        "100" : 6.857636,
        "250" : 0.041020,
        "500" : 0.010000,
        "750" : 0.010000,
        "1000" : 0.000000
      },
      "latency_ms" : {
        "2" : 0.000000,
        "4" : 0.000000,
        "10" : 0.010000,
        "20" : 0.000000,
        "50" : 0.000000,
        "100" : 0.000000,
        "250" : 0.000000,
        "500" : 0.000000,
        "750" : 0.000000,
        "1000" : 0.000000,
        "2000" : 0.000000,
        ">=2000" : 0.000000
      },
      "latency_depth" : 1,
      "latency_target" : 0,
      "latency_percentile" : 100.000000,
      "latency_window" : 0
    }
  ],
  "disk_util" : [
    {
      "name" : "nvme0n1",
      "read_ios" : 491787,
      "write_ios" : 491091,
      "read_merges" : 0,
      "write_merges" : 38,
      "read_ticks" : 9340,
      "write_ticks" : 7444,
      "in_queue" : 16794,
      "util" : 49.265567
    }
  ]
}
