{
  "fio version": "fio-3.28",
  "timestamp": 1757682793,
  "timestamp_ms": 1757682793116,
  "time": "Fri Sep 12 09:13:13 2025",
  "jobs": [
    {
      "jobname": "mixed_sweep_64k_r50",
      "groupid": 0,
      "error": 0,
      "eta": 0,
      "elapsed": 31,
      "job options": {
        "name": "mixed_sweep_64k_r50",
        "filename": "/dev/nvme1n1",
        "rw": "rw",
        "bs": "64k",
        "iodepth": "16",
        "runtime": "30",
        "numjobs": "1",
        "time_based": "1",
        "ioengine": "libaio",
        "direct": "1",
        "group_reporting": "1",
        "rwmixread": "50"
      },
      "read": {
        "io_bytes": 34639773696,
        "io_kbytes": 33827904,
        "bw_bytes": 1154582151,
        "bw": 1127521,
        "iops": 17617.525498,
        "runtime": 30002,
        "total_ios": 528561,
        "short_ios": 0,
        "drop_ios": 0,
        "slat_ns": {
          "min": 5706,
          "max": 266958,
          "mean": 13216.436483,
          "stddev": 5472.521738,
          "N": 528561
        },
        "clat_ns": {
          "min": 30446,
          "max": 24387648,
          "mean": 769966.930487,
          "stddev": 654572.97681,
          "N": 528561,
          "percentile": {
            "1.000000": 108032,
            "5.000000": 140288,
            "10.000000": 173056,
            "20.000000": 238592,
            "30.000000": 301056,
            "40.000000": 370688,
            "50.000000": 528384,
            "60.000000": 790528,
            "70.000000": 1138688,
            "80.000000": 1433600,
            "90.000000": 1613824,
            "95.000000": 1728512,
            "99.000000": 2211840,
            "99.500000": 2637824,
            "99.900000": 3358720,
            "99.950000": 3817472,
            "99.990000": 22151168
          }
        },
        "lat_ns": {
          "min": 50714,
          "max": 24393771,
          "mean": 783404.264373,
          "stddev": 654918.114243,
          "N": 528561
        },
        "bw_min": 708352,
        "bw_max": 2243840,
        "bw_agg": 100.0,
        "bw_mean": 1128636.745763,
        "bw_dev": 272916.982676,
        "bw_samples": 59,
        "iops_min": 11068,
        "iops_max": 35060,
        "iops_mean": 17634.949153,
        "iops_stddev": 4264.327854,
        "iops_samples": 59
      },
      "write": {
        "io_bytes": 34601566208,
        "io_kbytes": 33790592,
        "bw_bytes": 1153308653,
        "bw": 1126277,
        "iops": 17598.09346,
        "runtime": 30002,
        "total_ios": 527978,
        "short_ios": 0,
        "drop_ios": 0,
        "slat_ns": {
          "min": 5912,
          "max": 399679,
          "mean": 15055.213132,
          "stddev": 5853.161037,
          "N": 527978
        },
        "clat_ns": {
          "min": 1053,
          "max": 22256136,
          "mean": 107643.821129,
          "stddev": 234962.423411,
          "N": 527978,
          "percentile": {
            "1.000000": 28800,
            "5.000000": 30848,
            "10.000000": 32128,
            "20.000000": 37120,
            "30.000000": 47360,
            "40.000000": 59648,
            "50.000000": 75264,
            "60.000000": 94720,
            "70.000000": 121344,
            "80.000000": 154624,
            "90.000000": 199680,
            "95.000000": 232448,
            "99.000000": 544768,
            "99.500000": 954368,
            "99.900000": 1695744,
            "99.950000": 1892352,
            "99.990000": 5144576
          }
        },
        "lat_ns": {
          "min": 31698,
          "max": 22264147,
          "mean": 122921.652986,
          "stddev": 235661.645439,
          "N": 527978
        },
        "bw_min": 705408,
        "bw_max": 2255232,
        "bw_agg": 100.0,
        "bw_mean": 1126892.474576,
        "bw_dev": 273174.87963,
        "bw_samples": 59,
        "iops_min": 11022,
        "iops_max": 35238,
        "iops_mean": 17607.694915,
        "iops_stddev": 4268.357494,
        "iops_samples": 59
      },
      "trim": {
        "io_bytes": 0,
        "io_kbytes": 0,
        "bw_bytes": 0,
        "bw": 0,
        "iops": 0.0,
        "runtime": 0,
        "total_ios": 0,
        "short_ios": 0,
        "drop_ios": 0,
        "slat_ns": {
          "min": 0,
          "max": 0,
          "mean": 0.0,
          "stddev": 0.0,
          "N": 0
        },
        "clat_ns": {
          "min": 0,
          "max": 0,
          "mean": 0.0,
          "stddev": 0.0,
          "N": 0
        },
        "lat_ns": {
          "min": 0,
          "max": 0,
          "mean": 0.0,
          "stddev": 0.0,
          "N": 0
        },
        "bw_min": 0,
        "bw_max": 0,
        "bw_agg": 0.0,
        "bw_mean": 0.0,
        "bw_dev": 0.0,
        "bw_samples": 0,
        "iops_min": 0,
        "iops_max": 0,
        "iops_mean": 0.0,
        "iops_stddev": 0.0,
        "iops_samples": 0
      },
      "sync": {
        "total_ios": 0,
        "lat_ns": {
          "min": 0,
          "max": 0,
          "mean": 0.0,
          "stddev": 0.0,
          "N": 0
        }
      },
      "job_runtime": 30001,
      "usr_cpu": 13.289557,
      "sys_cpu": 49.348355,
      "ctx": 160818,
      "majf": 0,
      "minf": 29,
      "iodepth_level": {
        "1": 0.1,
        "2": 0.1,
        "4": 0.1,
        "8": 0.1,
        "16": 99.99858,
        "32": 0.0,
        ">=64": 0.0
      },
      "iodepth_submit": {
        "0": 0.0,
        "4": 100.0,
        "8": 0.0,
        "16": 0.0,
        "32": 0.0,
        "64": 0.0,
        ">=64": 0.0
      },
      "iodepth_complete": {
        "0": 0.0,
        "4": 99.999905,
        "8": 0.0,
        "16": 0.1,
        "32": 0.0,
        "64": 0.0,
        ">=64": 0.0
      },
      "latency_ns": {
        "2": 0.0,
        "4": 0.0,
        "10": 0.0,
        "20": 0.0,
        "50": 0.0,
        "100": 0.0,
        "250": 0.0,
        "500": 0.0,
        "750": 0.0,
        "1000": 0.0
      },
      "latency_us": {
        "2": 0.01,
        "4": 0.0,
        "10": 0.0,
        "20": 0.01,
        "50": 16.149333,
        "100": 15.231146,
        "250": 27.63968,
        "500": 14.775224,
        "750": 5.210409,
        "1000": 3.845954
      },
      "latency_ms": {
        "2": 16.403938,
        "4": 0.714692,
        "10": 0.011642,
        "20": 0.01,
        "50": 0.010601,
        "100": 0.0,
        "250": 0.0,
        "500": 0.0,
        "750": 0.0,
        "1000": 0.0,
        "2000": 0.0,
        ">=2000": 0.0
      },
      "latency_depth": 16,
      "latency_target": 0,
      "latency_percentile": 100.0,
      "latency_window": 0
    }
  ],
  "disk_util": [
    {
      "name": "nvme1n1",
      "read_ios": 526381,
      "write_ios": 525821,
      "read_merges": 0,
      "write_merges": 0,
      "read_ticks": 371873,
      "write_ticks": 24415,
      "in_queue": 396287,
      "util": 99.732968
    }
  ]
}