{
  "fio version": "fio-3.28",
  "timestamp": 1757682372,
  "timestamp_ms": 1757682372378,
  "time": "Fri Sep 12 09:06:12 2025",
  "jobs": [
    {
      "jobname": "mixed_sweep_4k_r75",
      "groupid": 0,
      "error": 0,
      "eta": 0,
      "elapsed": 31,
      "job options": {
        "name": "mixed_sweep_4k_r75",
        "filename": "/dev/nvme1n1",
        "rw": "rw",
        "bs": "4k",
        "iodepth": "16",
        "runtime": "30",
        "numjobs": "1",
        "time_based": "1",
        "ioengine": "libaio",
        "direct": "1",
        "group_reporting": "1",
        "rwmixread": "75"
      },
      "read": {
        "io_bytes": 24259051520,
        "io_kbytes": 23690480,
        "bw_bytes": 808608097,
        "bw": 789656,
        "iops": 197414.086197,
        "runtime": 30001,
        "total_ios": 5922620,
        "short_ios": 0,
        "drop_ios": 0,
        "slat_ns": {
          "min": 1496,
          "max": 242515,
          "mean": 2552.494191,
          "stddev": 1024.279198,
          "N": 5922620
        },
        "clat_ns": {
          "min": 2524,
          "max": 12588358,
          "mean": 59969.595638,
          "stddev": 85276.924356,
          "N": 5922620,
          "percentile": {
            "1.000000": 14784,
            "5.000000": 37120,
            "10.000000": 48384,
            "20.000000": 49408,
            "30.000000": 50432,
            "40.000000": 50432,
            "50.000000": 50944,
            "60.000000": 51456,
            "70.000000": 51968,
            "80.000000": 52480,
            "90.000000": 57088,
            "95.000000": 78336,
            "99.000000": 456704,
            "99.500000": 692224,
            "99.900000": 1122304,
            "99.950000": 1236992,
            "99.990000": 1810432
          }
        },
        "lat_ns": {
          "min": 9455,
          "max": 12589962,
          "mean": 62650.969038,
          "stddev": 85233.059211,
          "N": 5922620
        },
        "bw_min": 531968,
        "bw_max": 876656,
        "bw_agg": 99.917389,
        "bw_mean": 789004.0,
        "bw_dev": 74617.61089,
        "bw_samples": 59,
        "iops_min": 132992,
        "iops_max": 219162,
        "iops_mean": 197251.067797,
        "iops_stddev": 18654.417466,
        "iops_samples": 59
      },
      "write": {
        "io_bytes": 8089812992,
        "io_kbytes": 7900208,
        "bw_bytes": 269651444,
        "bw": 263331,
        "iops": 65832.872238,
        "runtime": 30001,
        "total_ios": 1975052,
        "short_ios": 0,
        "drop_ios": 0,
        "slat_ns": {
          "min": 1479,
          "max": 184000,
          "mean": 2557.888658,
          "stddev": 1030.118834,
          "N": 1975052
        },
        "clat_ns": {
          "min": 3825,
          "max": 384664,
          "mean": 51082.032,
          "stddev": 10086.312454,
          "N": 1975052,
          "percentile": {
            "1.000000": 13760,
            "5.000000": 29568,
            "10.000000": 48896,
            "20.000000": 49920,
            "30.000000": 50432,
            "40.000000": 50944,
            "50.000000": 50944,
            "60.000000": 51968,
            "70.000000": 51968,
            "80.000000": 53504,
            "90.000000": 56576,
            "95.000000": 61184,
            "99.000000": 83456,
            "99.500000": 85504,
            "99.900000": 94720,
            "99.950000": 96768,
            "99.990000": 127488
          }
        },
        "lat_ns": {
          "min": 10630,
          "max": 389261,
          "mean": 53767.237203,
          "stddev": 10376.735323,
          "N": 1975052
        },
        "bw_min": 177848,
        "bw_max": 290968,
        "bw_agg": 99.926143,
        "bw_mean": 263137.033898,
        "bw_dev": 24734.252434,
        "bw_samples": 59,
        "iops_min": 44462,
        "iops_max": 72742,
        "iops_mean": 65784.288136,
        "iops_stddev": 6183.606698,
        "iops_samples": 59
      },
      "trim": {
        "io_bytes": 0,
        "io_kbytes": 0,
        "bw_bytes": 0,
        "bw": 0,
        "iops": 0.0,
        "runtime": 0,
        "total_ios": 0,
        "short_ios": 0,
        "drop_ios": 0,
        "slat_ns": {
          "min": 0,
          "max": 0,
          "mean": 0.0,
          "stddev": 0.0,
          "N": 0
        },
        "clat_ns": {
          "min": 0,
          "max": 0,
          "mean": 0.0,
          "stddev": 0.0,
          "N": 0
        },
        "lat_ns": {
          "min": 0,
          "max": 0,
          "mean": 0.0,
          "stddev": 0.0,
          "N": 0
        },
        "bw_min": 0,
        "bw_max": 0,
        "bw_agg": 0.0,
        "bw_mean": 0.0,
        "bw_dev": 0.0,
        "bw_samples": 0,
        "iops_min": 0,
        "iops_max": 0,
        "iops_mean": 0.0,
        "iops_stddev": 0.0,
        "iops_samples": 0
      },
      "sync": {
        "total_ios": 0,
        "lat_ns": {
          "min": 0,
          "max": 0,
          "mean": 0.0,
          "stddev": 0.0,
          "N": 0
        }
      },
      "job_runtime": 30000,
      "usr_cpu": 23.516667,
      "sys_cpu": 68.533333,
      "ctx": 53508,
      "majf": 0,
      "minf": 31,
      "iodepth_level": {
        "1": 0.1,
        "2": 0.1,
        "4": 0.1,
        "8": 0.1,
        "16": 99.99981,
        "32": 0.0,
        ">=64": 0.0
      },
      "iodepth_submit": {
        "0": 0.0,
        "4": 100.0,
        "8": 0.0,
        "16": 0.0,
        "32": 0.0,
        "64": 0.0,
        ">=64": 0.0
      },
      "iodepth_complete": {
        "0": 0.0,
        "4": 99.999987,
        "8": 0.0,
        "16": 0.1,
        "32": 0.0,
        "64": 0.0,
        ">=64": 0.0
      },
      "latency_ns": {
        "2": 0.0,
        "4": 0.0,
        "10": 0.0,
        "20": 0.0,
        "50": 0.0,
        "100": 0.0,
        "250": 0.0,
        "500": 0.0,
        "750": 0.0,
        "1000": 0.0
      },
      "latency_us": {
        "2": 0.0,
        "4": 0.01,
        "10": 0.153374,
        "20": 1.588607,
        "50": 23.686993,
        "100": 73.263957,
        "250": 0.205757,
        "500": 0.441738,
        "750": 0.342075,
        "1000": 0.18565
      },
      "latency_ms": {
        "2": 0.126784,
        "4": 0.01,
        "10": 0.01,
        "20": 0.01,
        "50": 0.0,
        "100": 0.0,
        "250": 0.0,
        "500": 0.0,
        "750": 0.0,
        "1000": 0.0,
        "2000": 0.0,
        ">=2000": 0.0
      },
      "latency_depth": 16,
      "latency_target": 0,
      "latency_percentile": 100.0,
      "latency_window": 0
    }
  ],
  "disk_util": [
    {
      "name": "nvme1n1",
      "read_ios": 5896852,
      "write_ios": 1966351,
      "read_merges": 0,
      "write_merges": 0,
      "read_ticks": 106474,
      "write_ticks": 19523,
      "in_queue": 125996,
      "util": 99.47263
    }
  ]
}