{
  "fio version": "fio-3.28",
  "timestamp": 1757682437,
  "timestamp_ms": 1757682437109,
  "time": "Fri Sep 12 09:07:17 2025",
  "jobs": [
    {
      "jobname": "mixed_sweep_4k_r100",
      "groupid": 0,
      "error": 0,
      "eta": 0,
      "elapsed": 31,
      "job options": {
        "name": "mixed_sweep_4k_r100",
        "filename": "/dev/nvme1n1",
        "rw": "rw",
        "bs": "4k",
        "iodepth": "16",
        "runtime": "30",
        "numjobs": "1",
        "time_based": "1",
        "ioengine": "libaio",
        "direct": "1",
        "group_reporting": "1",
        "rwmixread": "100"
      },
      "read": {
        "io_bytes": 35831164928,
        "io_kbytes": 34991372,
        "bw_bytes": 1194332353,
        "bw": 1166340,
        "iops": 291585.047165,
        "runtime": 30001,
        "total_ios": 8747843,
        "short_ios": 0,
        "drop_ios": 0,
        "slat_ns": {
          "min": 1494,
          "max": 201439,
          "mean": 2593.82387,
          "stddev": 927.223771,
          "N": 8747843
        },
        "clat_ns": {
          "min": 8251,
          "max": 1077026,
          "mean": 51862.568966,
          "stddev": 5261.612072,
          "N": 8747843,
          "percentile": {
            "1.000000": 48896,
            "5.000000": 49408,
            "10.000000": 49408,
            "20.000000": 50432,
            "30.000000": 50432,
            "40.000000": 50432,
            "50.000000": 50944,
            "60.000000": 50944,
            "70.000000": 51456,
            "80.000000": 51968,
            "90.000000": 53504,
            "95.000000": 58112,
            "99.000000": 80384,
            "99.500000": 81408,
            "99.900000": 94720,
            "99.950000": 132096,
            "99.990000": 164864
          }
        },
        "lat_ns": {
          "min": 9983,
          "max": 1108814,
          "mean": 54597.774363,
          "stddev": 5465.493087,
          "N": 8747843
        },
        "bw_min": 752296,
        "bw_max": 1187224,
        "bw_agg": 100.0,
        "bw_mean": 1167113.491525,
        "bw_dev": 60137.179503,
        "bw_samples": 59,
        "iops_min": 188074,
        "iops_max": 296806,
        "iops_mean": 291778.372881,
        "iops_stddev": 15034.229196,
        "iops_samples": 59
      },
      "write": {
        "io_bytes": 0,
        "io_kbytes": 0,
        "bw_bytes": 0,
        "bw": 0,
        "iops": 0.0,
        "runtime": 0,
        "total_ios": 0,
        "short_ios": 0,
        "drop_ios": 0,
        "slat_ns": {
          "min": 0,
          "max": 0,
          "mean": 0.0,
          "stddev": 0.0,
          "N": 0
        },
        "clat_ns": {
          "min": 0,
          "max": 0,
          "mean": 0.0,
          "stddev": 0.0,
          "N": 0
        },
        "lat_ns": {
          "min": 0,
          "max": 0,
          "mean": 0.0,
          "stddev": 0.0,
          "N": 0
        },
        "bw_min": 0,
        "bw_max": 0,
        "bw_agg": 0.0,
        "bw_mean": 0.0,
        "bw_dev": 0.0,
        "bw_samples": 0,
        "iops_min": 0,
        "iops_max": 0,
        "iops_mean": 0.0,
        "iops_stddev": 0.0,
        "iops_samples": 0
      },
      "trim": {
        "io_bytes": 0,
        "io_kbytes": 0,
        "bw_bytes": 0,
        "bw": 0,
        "iops": 0.0,
        "runtime": 0,
        "total_ios": 0,
        "short_ios": 0,
        "drop_ios": 0,
        "slat_ns": {
          "min": 0,
          "max": 0,
          "mean": 0.0,
          "stddev": 0.0,
          "N": 0
        },
        "clat_ns": {
          "min": 0,
          "max": 0,
          "mean": 0.0,
          "stddev": 0.0,
          "N": 0
        },
        "lat_ns": {
          "min": 0,
          "max": 0,
          "mean": 0.0,
          "stddev": 0.0,
          "N": 0
        },
        "bw_min": 0,
        "bw_max": 0,
        "bw_agg": 0.0,
        "bw_mean": 0.0,
        "bw_dev": 0.0,
        "bw_samples": 0,
        "iops_min": 0,
        "iops_max": 0,
        "iops_mean": 0.0,
        "iops_stddev": 0.0,
        "iops_samples": 0
      },
      "sync": {
        "total_ios": 0,
        "lat_ns": {
          "min": 0,
          "max": 0,
          "mean": 0.0,
          "stddev": 0.0,
          "N": 0
        }
      },
      "job_runtime": 30000,
      "usr_cpu": 23.896667,
      "sys_cpu": 76.076667,
      "ctx": 537,
      "majf": 0,
      "minf": 20,
      "iodepth_level": {
        "1": 0.1,
        "2": 0.1,
        "4": 0.1,
        "8": 0.1,
        "16": 99.999829,
        "32": 0.0,
        ">=64": 0.0
      },
      "iodepth_submit": {
        "0": 0.0,
        "4": 100.0,
        "8": 0.0,
        "16": 0.0,
        "32": 0.0,
        "64": 0.0,
        ">=64": 0.0
      },
      "iodepth_complete": {
        "0": 0.0,
        "4": 99.999989,
        "8": 0.0,
        "16": 0.1,
        "32": 0.0,
        "64": 0.0,
        ">=64": 0.0
      },
      "latency_ns": {
        "2": 0.0,
        "4": 0.0,
        "10": 0.0,
        "20": 0.0,
        "50": 0.0,
        "100": 0.0,
        "250": 0.0,
        "500": 0.0,
        "750": 0.0,
        "1000": 0.0
      },
      "latency_us": {
        "2": 0.0,
        "4": 0.0,
        "10": 0.01,
        "20": 0.01,
        "50": 16.37175,
        "100": 83.552082,
        "250": 0.074384,
        "500": 0.01,
        "750": 0.01,
        "1000": 0.01
      },
      "latency_ms": {
        "2": 0.01,
        "4": 0.0,
        "10": 0.0,
        "20": 0.0,
        "50": 0.0,
        "100": 0.0,
        "250": 0.0,
        "500": 0.0,
        "750": 0.0,
        "1000": 0.0,
        "2000": 0.0,
        ">=2000": 0.0
      },
      "latency_depth": 16,
      "latency_target": 0,
      "latency_percentile": 100.0,
      "latency_window": 0
    }
  ],
  "disk_util": [
    {
      "name": "nvme1n1",
      "read_ios": 8712174,
      "write_ios": 0,
      "read_merges": 0,
      "write_merges": 0,
      "read_ticks": 73506,
      "write_ticks": 0,
      "in_queue": 73506,
      "util": 99.692914
    }
  ]
}