{
  "fio version": "fio-3.28",
  "timestamp": 1757682825,
  "timestamp_ms": 1757682825478,
  "time": "Fri Sep 12 09:13:45 2025",
  "jobs": [
    {
      "jobname": "mixed_sweep_64k_r75",
      "groupid": 0,
      "error": 0,
      "eta": 0,
      "elapsed": 31,
      "job options": {
        "name": "mixed_sweep_64k_r75",
        "filename": "/dev/nvme1n1",
        "rw": "rw",
        "bs": "64k",
        "iodepth": "16",
        "runtime": "30",
        "numjobs": "1",
        "time_based": "1",
        "ioengine": "libaio",
        "direct": "1",
        "group_reporting": "1",
        "rwmixread": "75"
      },
      "read": {
        "io_bytes": 60464431104,
        "io_kbytes": 59047296,
        "bw_bytes": 2015413856,
        "bw": 1968177,
        "iops": 30752.774908,
        "runtime": 30001,
        "total_ios": 922614,
        "short_ios": 0,
        "drop_ios": 0,
        "slat_ns": {
          "min": 5587,
          "max": 181962,
          "mean": 11975.702232,
          "stddev": 5143.125178,
          "N": 922614
        },
        "clat_ns": {
          "min": 13402,
          "max": 22481981,
          "mean": 468638.479129,
          "stddev": 510717.120645,
          "N": 922614,
          "percentile": {
            "1.000000": 55552,
            "5.000000": 118272,
            "10.000000": 142336,
            "20.000000": 177152,
            "30.000000": 209920,
            "40.000000": 236544,
            "50.000000": 259072,
            "60.000000": 284672,
            "70.000000": 337920,
            "80.000000": 618496,
            "90.000000": 1417216,
            "95.000000": 1597440,
            "99.000000": 1826816,
            "99.500000": 1908736,
            "99.900000": 2768896,
            "99.950000": 3063808,
            "99.990000": 13172736
          }
        },
        "lat_ns": {
          "min": 30259,
          "max": 22496091,
          "mean": 480856.88629,
          "stddev": 510877.869836,
          "N": 922614
        },
        "bw_min": 1562880,
        "bw_max": 3622144,
        "bw_agg": 100.0,
        "bw_mean": 1972738.169492,
        "bw_dev": 507332.562017,
        "bw_samples": 59,
        "iops_min": 24420,
        "iops_max": 56596,
        "iops_mean": 30824.033898,
        "iops_stddev": 7927.071282,
        "iops_samples": 59
      },
      "write": {
        "io_bytes": 20197146624,
        "io_kbytes": 19723776,
        "bw_bytes": 673215780,
        "bw": 657437,
        "iops": 10272.457585,
        "runtime": 30001,
        "total_ios": 308184,
        "short_ios": 0,
        "drop_ios": 0,
        "slat_ns": {
          "min": 5783,
          "max": 201895,
          "mean": 13522.279573,
          "stddev": 5438.622691,
          "N": 308184
        },
        "clat_ns": {
          "min": 1062,
          "max": 22965821,
          "mean": 100878.731323,
          "stddev": 173046.334018,
          "N": 308184,
          "percentile": {
            "1.000000": 26752,
            "5.000000": 29056,
            "10.000000": 30848,
            "20.000000": 38144,
            "30.000000": 49408,
            "40.000000": 64256,
            "50.000000": 86528,
            "60.000000": 114176,
            "70.000000": 138240,
            "80.000000": 160768,
            "90.000000": 183296,
            "95.000000": 201728,
            "99.000000": 244736,
            "99.500000": 261120,
            "99.900000": 313344,
            "99.950000": 354304,
            "99.990000": 913408
          }
        },
        "lat_ns": {
          "min": 29701,
          "max": 22974199,
          "mean": 114644.201321,
          "stddev": 173829.337474,
          "N": 308184
        },
        "bw_min": 532864,
        "bw_max": 1217152,
        "bw_agg": 100.0,
        "bw_mean": 658774.779661,
        "bw_dev": 167780.477088,
        "bw_samples": 59,
        "iops_min": 8326,
        "iops_max": 19018,
        "iops_mean": 10293.355932,
        "iops_stddev": 2621.569954,
        "iops_samples": 59
      },
      "trim": {
        "io_bytes": 0,
        "io_kbytes": 0,
        "bw_bytes": 0,
        "bw": 0,
        "iops": 0.0,
        "runtime": 0,
        "total_ios": 0,
        "short_ios": 0,
        "drop_ios": 0,
        "slat_ns": {
          "min": 0,
          "max": 0,
          "mean": 0.0,
          "stddev": 0.0,
          "N": 0
        },
        "clat_ns": {
          "min": 0,
          "max": 0,
          "mean": 0.0,
          "stddev": 0.0,
          "N": 0
        },
        "lat_ns": {
          "min": 0,
          "max": 0,
          "mean": 0.0,
          "stddev": 0.0,
          "N": 0
        },
        "bw_min": 0,
        "bw_max": 0,
        "bw_agg": 0.0,
        "bw_mean": 0.0,
        "bw_dev": 0.0,
        "bw_samples": 0,
        "iops_min": 0,
        "iops_max": 0,
        "iops_mean": 0.0,
        "iops_stddev": 0.0,
        "iops_samples": 0
      },
      "sync": {
        "total_ios": 0,
        "lat_ns": {
          "min": 0,
          "max": 0,
          "mean": 0.0,
          "stddev": 0.0,
          "N": 0
        }
      },
      "job_runtime": 30000,
      "usr_cpu": 11.0,
      "sys_cpu": 52.403333,
      "ctx": 163371,
      "majf": 0,
      "minf": 21,
      "iodepth_level": {
        "1": 0.1,
        "2": 0.1,
        "4": 0.1,
        "8": 0.1,
        "16": 99.998781,
        "32": 0.0,
        ">=64": 0.0
      },
      "iodepth_submit": {
        "0": 0.0,
        "4": 100.0,
        "8": 0.0,
        "16": 0.0,
        "32": 0.0,
        "64": 0.0,
        ">=64": 0.0
      },
      "iodepth_complete": {
        "0": 0.0,
        "4": 99.999919,
        "8": 0.0,
        "16": 0.1,
        "32": 0.0,
        "64": 0.0,
        ">=64": 0.0
      },
      "latency_ns": {
        "2": 0.0,
        "4": 0.0,
        "10": 0.0,
        "20": 0.0,
        "50": 0.0,
        "100": 0.0,
        "250": 0.0,
        "500": 0.0,
        "750": 0.0,
        "1000": 0.0
      },
      "latency_us": {
        "2": 0.01,
        "4": 0.0,
        "10": 0.01,
        "20": 0.01,
        "50": 8.282594,
        "100": 7.793887,
        "250": 43.321,
        "500": 24.142792,
        "750": 2.368301,
        "1000": 1.506584
      },
      "latency_ms": {
        "2": 12.349793,
        "4": 0.217582,
        "10": 0.01,
        "20": 0.01,
        "50": 0.01,
        "100": 0.0,
        "250": 0.0,
        "500": 0.0,
        "750": 0.0,
        "1000": 0.0,
        "2000": 0.0,
        ">=2000": 0.0
      },
      "latency_depth": 16,
      "latency_target": 0,
      "latency_percentile": 100.0,
      "latency_window": 0
    }
  ],
  "disk_util": [
    {
      "name": "nvme1n1",
      "read_ios": 919064,
      "write_ios": 307058,
      "read_merges": 0,
      "write_merges": 0,
      "read_ticks": 372784,
      "write_ticks": 11196,
      "in_queue": 383980,
      "util": 99.749641
    }
  ]
}