{
  "fio version": "fio-3.28",
  "timestamp": 1757683019,
  "timestamp_ms": 1757683019698,
  "time": "Fri Sep 12 09:16:59 2025",
  "jobs": [
    {
      "jobname": "mixed_sweep_128k_r50",
      "groupid": 0,
      "error": 0,
      "eta": 0,
      "elapsed": 31,
      "job options": {
        "name": "mixed_sweep_128k_r50",
        "filename": "/dev/nvme1n1",
        "rw": "rw",
        "bs": "128k",
        "iodepth": "16",
        "runtime": "30",
        "numjobs": "1",
        "time_based": "1",
        "ioengine": "libaio",
        "direct": "1",
        "group_reporting": "1",
        "rwmixread": "50"
      },
      "read": {
        "io_bytes": 41699901440,
        "io_kbytes": 40722560,
        "bw_bytes": 1389857728,
        "bw": 1357282,
        "iops": 10603.772956,
        "runtime": 30003,
        "total_ios": 318145,
        "short_ios": 0,
        "drop_ios": 0,
        "slat_ns": {
          "min": 8469,
          "max": 270752,
          "mean": 21514.050917,
          "stddev": 7665.981112,
          "N": 318145
        },
        "clat_ns": {
          "min": 86013,
          "max": 25822293,
          "mean": 1318145.234909,
          "stddev": 859046.000284,
          "N": 318145,
          "percentile": {
            "1.000000": 191488,
            "5.000000": 292864,
            "10.000000": 374784,
            "20.000000": 577536,
            "30.000000": 823296,
            "40.000000": 1044480,
            "50.000000": 1253376,
            "60.000000": 1466368,
            "70.000000": 1662976,
            "80.000000": 1859584,
            "90.000000": 2277376,
            "95.000000": 2670592,
            "99.000000": 3686400,
            "99.500000": 4112384,
            "99.900000": 5472256,
            "99.950000": 6258688,
            "99.990000": 23461888
          }
        },
        "lat_ns": {
          "min": 95426,
          "max": 25841622,
          "mean": 1339893.98341,
          "stddev": 859861.065126,
          "N": 318145
        },
        "bw_min": 786176,
        "bw_max": 2329856,
        "bw_agg": 100.0,
        "bw_mean": 1358461.830508,
        "bw_dev": 238706.884274,
        "bw_samples": 59,
        "iops_min": 6142,
        "iops_max": 18202,
        "iops_mean": 10612.983051,
        "iops_stddev": 1864.897533,
        "iops_samples": 59
      },
      "write": {
        "io_bytes": 41661366272,
        "io_kbytes": 40684928,
        "bw_bytes": 1388573351,
        "bw": 1356028,
        "iops": 10593.973936,
        "runtime": 30003,
        "total_ios": 317851,
        "short_ios": 0,
        "drop_ios": 0,
        "slat_ns": {
          "min": 8501,
          "max": 239468,
          "mean": 26027.929086,
          "stddev": 8598.642695,
          "N": 317851
        },
        "clat_ns": {
          "min": 16586,
          "max": 22511566,
          "mean": 140667.372546,
          "stddev": 394851.291654,
          "N": 317851,
          "percentile": {
            "1.000000": 43776,
            "5.000000": 46336,
            "10.000000": 47872,
            "20.000000": 51456,
            "30.000000": 57600,
            "40.000000": 71168,
            "50.000000": 85504,
            "60.000000": 107008,
            "70.000000": 134144,
            "80.000000": 175104,
            "90.000000": 244736,
            "95.000000": 313344,
            "99.000000": 839680,
            "99.500000": 1679360,
            "99.900000": 3522560,
            "99.950000": 4014080,
            "99.990000": 21626880
          }
        },
        "lat_ns": {
          "min": 48110,
          "max": 22525318,
          "mean": 166933.274421,
          "stddev": 395680.539962,
          "N": 317851
        },
        "bw_min": 773632,
        "bw_max": 2345984,
        "bw_agg": 100.0,
        "bw_mean": 1357364.067797,
        "bw_dev": 244132.976452,
        "bw_samples": 59,
        "iops_min": 6044,
        "iops_max": 18328,
        "iops_mean": 10604.40678,
        "iops_stddev": 1907.288879,
        "iops_samples": 59
      },
      "trim": {
        "io_bytes": 0,
        "io_kbytes": 0,
        "bw_bytes": 0,
        "bw": 0,
        "iops": 0.0,
        "runtime": 0,
        "total_ios": 0,
        "short_ios": 0,
        "drop_ios": 0,
        "slat_ns": {
          "min": 0,
          "max": 0,
          "mean": 0.0,
          "stddev": 0.0,
          "N": 0
        },
        "clat_ns": {
          "min": 0,
          "max": 0,
          "mean": 0.0,
          "stddev": 0.0,
          "N": 0
        },
        "lat_ns": {
          "min": 0,
          "max": 0,
          "mean": 0.0,
          "stddev": 0.0,
          "N": 0
        },
        "bw_min": 0,
        "bw_max": 0,
        "bw_agg": 0.0,
        "bw_mean": 0.0,
        "bw_dev": 0.0,
        "bw_samples": 0,
        "iops_min": 0,
        "iops_max": 0,
        "iops_mean": 0.0,
        "iops_stddev": 0.0,
        "iops_samples": 0
      },
      "sync": {
        "total_ios": 0,
        "lat_ns": {
          "min": 0,
          "max": 0,
          "mean": 0.0,
          "stddev": 0.0,
          "N": 0
        }
      },
      "job_runtime": 30002,
      "usr_cpu": 13.572429,
      "sys_cpu": 47.70682,
      "ctx": 150786,
      "majf": 0,
      "minf": 22,
      "iodepth_level": {
        "1": 0.1,
        "2": 0.1,
        "4": 0.1,
        "8": 0.1,
        "16": 99.997641,
        "32": 0.0,
        ">=64": 0.0
      },
      "iodepth_submit": {
        "0": 0.0,
        "4": 100.0,
        "8": 0.0,
        "16": 0.0,
        "32": 0.0,
        "64": 0.0,
        ">=64": 0.0
      },
      "iodepth_complete": {
        "0": 0.0,
        "4": 99.999843,
        "8": 0.0,
        "16": 0.1,
        "32": 0.0,
        "64": 0.0,
        ">=64": 0.0
      },
      "latency_ns": {
        "2": 0.0,
        "4": 0.0,
        "10": 0.0,
        "20": 0.0,
        "50": 0.0,
        "100": 0.0,
        "250": 0.0,
        "500": 0.0,
        "750": 0.0,
        "1000": 0.0
      },
      "latency_us": {
        "2": 0.0,
        "4": 0.0,
        "10": 0.0,
        "20": 0.01,
        "50": 8.669394,
        "100": 19.952641,
        "250": 18.15546,
        "500": 10.74252,
        "750": 5.385726,
        "1000": 5.692174
      },
      "latency_ms": {
        "2": 23.397631,
        "4": 7.674577,
        "10": 0.302046,
        "20": 0.01,
        "50": 0.026101,
        "100": 0.0,
        "250": 0.0,
        "500": 0.0,
        "750": 0.0,
        "1000": 0.0,
        "2000": 0.0,
        ">=2000": 0.0
      },
      "latency_depth": 16,
      "latency_target": 0,
      "latency_percentile": 100.0,
      "latency_window": 0
    }
  ],
  "disk_util": [
    {
      "name": "nvme1n1",
      "read_ios": 316736,
      "write_ios": 316495,
      "read_merges": 0,
      "write_merges": 0,
      "read_ticks": 397572,
      "write_ticks": 25348,
      "in_queue": 422920,
      "util": 99.742931
    }
  ]
}