{
  "fio version" : "fio-3.28",
  "timestamp" : 1758039807,
  "timestamp_ms" : 1758039807123,
  "time" : "Tue Sep 16 12:23:27 2025",
  "jobs" : [
    {
      "jobname" : "mixed_sweep_128k_r10_degraded",
      "groupid" : 0,
      "error" : 0,
      "eta" : 0,
      "elapsed" : 31,
      "job options" : {
        "name" : "mixed_sweep_128k_r10_degraded",
        "filename" : "./mixed_sweep_128k_r10_degraded_test",
        "size" : "1G",
        "rw" : "rw",
        "bs" : "128k",
        "direct" : "1",
        "runtime" : "30",
        "time_based" : "1",
        "ioengine" : "libaio",
        "iodepth" : "1",
        "numjobs" : "1",
        "rwmixread" : "10"
      },
      "read" : {
        "io_bytes" : 4874174464,
        "io_kbytes" : 4759936,
        "bw_bytes" : 162467066,
        "bw" : 158659,
        "iops" : 1239.525349,
        "runtime" : 30001,
        "total_ios" : 37187,
        "short_ios" : 0,
        "drop_ios" : 0,
        "slat_ns" : {
          "min" : 9484,
          "max" : 123688,
          "mean" : 27020.133084,
          "stddev" : 3652.161775,
          "N" : 37187
        },
        "clat_ns" : {
          "min" : 1974,
          "max" : 4042060,
          "mean" : 49364.119235,
          "stddev" : 23896.635027,
          "N" : 37187,
          "percentile" : {
            "1.000000" : 38656,
            "5.000000" : 45312,
            "10.000000" : 45824,
            "20.000000" : 45824,
            "30.000000" : 45824,
            "40.000000" : 46336,
            "50.000000" : 46336,
            "60.000000" : 47872,
            "70.000000" : 48384,
            "80.000000" : 48384,
            "90.000000" : 51456,
            "95.000000" : 55040,
            "99.000000" : 98816,
            "99.500000" : 136192,
            "99.900000" : 173056,
            "99.950000" : 191488,
            "99.990000" : 333824
          }
        },
        "lat_ns" : {
          "min" : 47505,
          "max" : 4051883,
          "mean" : 76658.632291,
          "stddev" : 24016.234975,
          "N" : 37187
        },
        "bw_min" : 140544,
        "bw_max" : 225280,
        "bw_agg" : 100.000000,
        "bw_mean" : 158949.966102,
        "bw_dev" : 11312.417062,
        "bw_samples" : 59,
        "iops_min" : 1098,
        "iops_max" : 1760,
        "iops_mean" : 1241.796610,
        "iops_stddev" : 88.378258,
        "iops_samples" : 59
      },
      "write" : {
        "io_bytes" : 43641733120,
        "io_kbytes" : 42618880,
        "bw_bytes" : 1454675948,
        "bw" : 1420581,
        "iops" : 11098.296723,
        "runtime" : 30001,
        "total_ios" : 332960,
        "short_ios" : 0,
        "drop_ios" : 0,
        "slat_ns" : {
          "min" : 9210,
          "max" : 250637,
          "mean" : 26571.660701,
          "stddev" : 3504.728876,
          "N" : 332960
        },
        "clat_ns" : {
          "min" : 12814,
          "max" : 8375719,
          "mean" : 52915.118411,
          "stddev" : 35048.673124,
          "N" : 332960,
          "percentile" : {
            "1.000000" : 40704,
            "5.000000" : 51456,
            "10.000000" : 51968,
            "20.000000" : 51968,
            "30.000000" : 52480,
            "40.000000" : 52480,
            "50.000000" : 52480,
            "60.000000" : 52480,
            "70.000000" : 52480,
            "80.000000" : 52992,
            "90.000000" : 53504,
            "95.000000" : 54016,
            "99.000000" : 59136,
            "99.500000" : 61696,
            "99.900000" : 94720,
            "99.950000" : 95744,
            "99.990000" : 2768896
          }
        },
        "lat_ns" : {
          "min" : 49176,
          "max" : 8434108,
          "mean" : 79762.030694,
          "stddev" : 35377.342981,
          "N" : 332960
        },
        "bw_min" : 1390080,
        "bw_max" : 1918464,
        "bw_agg" : 100.000000,
        "bw_mean" : 1421824.000000,
        "bw_dev" : 69363.099450,
        "bw_samples" : 59,
        "iops_min" : 10860,
        "iops_max" : 14988,
        "iops_mean" : 11108.000000,
        "iops_stddev" : 541.890433,
        "iops_samples" : 59
      },
      "trim" : {
        "io_bytes" : 0,
        "io_kbytes" : 0,
        "bw_bytes" : 0,
        "bw" : 0,
        "iops" : 0.000000,
        "runtime" : 0,
        "total_ios" : 0,
        "short_ios" : 0,
        "drop_ios" : 0,
        "slat_ns" : {
          "min" : 0,
          "max" : 0,
          "mean" : 0.000000,
          "stddev" : 0.000000,
          "N" : 0
        },
        "clat_ns" : {
          "min" : 0,
          "max" : 0,
          "mean" : 0.000000,
          "stddev" : 0.000000,
          "N" : 0
        },
        "lat_ns" : {
          "min" : 0,
          "max" : 0,
          "mean" : 0.000000,
          "stddev" : 0.000000,
          "N" : 0
        },
        "bw_min" : 0,
        "bw_max" : 0,
        "bw_agg" : 0.000000,
        "bw_mean" : 0.000000,
        "bw_dev" : 0.000000,
        "bw_samples" : 0,
        "iops_min" : 0,
        "iops_max" : 0,
        "iops_mean" : 0.000000,
        "iops_stddev" : 0.000000,
        "iops_samples" : 0
      },
      "sync" : {
        "total_ios" : 0,
        "lat_ns" : {
          "min" : 0,
          "max" : 0,
          "mean" : 0.000000,
          "stddev" : 0.000000,
          "N" : 0
        }
      },
      "job_runtime" : 30000,
      "usr_cpu" : 9.413333,
      "sys_cpu" : 33.573333,
      "ctx" : 370145,
      "majf" : 0,
      "minf" : 20,
      "iodepth_level" : {
        "1" : 100.000000,
        "2" : 0.000000,
        "4" : 0.000000,
        "8" : 0.000000,
        "16" : 0.000000,
        "32" : 0.000000,
        ">=64" : 0.000000
      },
      "iodepth_submit" : {
        "0" : 0.000000,
        "4" : 100.000000,
        "8" : 0.000000,
        "16" : 0.000000,
        "32" : 0.000000,
        "64" : 0.000000,
        ">=64" : 0.000000
      },
      "iodepth_complete" : {
        "0" : 0.000000,
        "4" : 100.000000,
        "8" : 0.000000,
        "16" : 0.000000,
        "32" : 0.000000,
        "64" : 0.000000,
        ">=64" : 0.000000
      },
      "latency_ns" : {
        "2" : 0.000000,
        "4" : 0.000000,
        "10" : 0.000000,
        "20" : 0.000000,
        "50" : 0.000000,
        "100" : 0.000000,
        "250" : 0.000000,
        "500" : 0.000000,
        "750" : 0.000000,
        "1000" : 0.000000
      },
      "latency_us" : {
        "2" : 0.010000,
        "4" : 0.010000,
        "10" : 0.000000,
        "20" : 0.010000,
        "50" : 12.956474,
        "100" : 86.922763,
        "250" : 0.105904,
        "500" : 0.010000,
        "750" : 0.000000,
        "1000" : 0.000000
      },
      "latency_ms" : {
        "2" : 0.000000,
        "4" : 0.010266,
        "10" : 0.010000,
        "20" : 0.000000,
        "50" : 0.000000,
        "100" : 0.000000,
        "250" : 0.000000,
        "500" : 0.000000,
        "750" : 0.000000,
        "1000" : 0.000000,
        "2000" : 0.000000,
        ">=2000" : 0.000000
      },
      "latency_depth" : 1,
      "latency_target" : 0,
      "latency_percentile" : 100.000000,
      "latency_window" : 0
    }
  ],
  "disk_util" : [
    {
      "name" : "nvme0n1",
      "read_ios" : 37148,
      "write_ios" : 332533,
      "read_merges" : 0,
      "write_merges" : 39,
      "read_ticks" : 1892,
      "write_ticks" : 16682,
      "in_queue" : 18585,
      "util" : 54.634747
    }
  ]
}
