{
  "fio version" : "fio-3.28",
  "timestamp" : 1758039744,
  "timestamp_ms" : 1758039744527,
  "time" : "Tue Sep 16 12:22:24 2025",
  "jobs" : [
    {
      "jobname" : "mixed_sweep_64k_r100_degraded",
      "groupid" : 0,
      "error" : 0,
      "eta" : 0,
      "elapsed" : 31,
      "job options" : {
        "name" : "mixed_sweep_64k_r100_degraded",
        "filename" : "./mixed_sweep_64k_r100_degraded_test",
        "size" : "1G",
        "rw" : "rw",
        "bs" : "64k",
        "direct" : "1",
        "runtime" : "30",
        "time_based" : "1",
        "ioengine" : "libaio",
        "iodepth" : "1",
        "numjobs" : "1",
        "rwmixread" : "100"
      },
      "read" : {
        "io_bytes" : 37960089600,
        "io_kbytes" : 37070400,
        "bw_bytes" : 1265294143,
        "bw" : 1235638,
        "iops" : 19306.856438,
        "runtime" : 30001,
        "total_ios" : 579225,
        "short_ios" : 0,
        "drop_ios" : 0,
        "slat_ns" : {
          "min" : 4646,
          "max" : 183131,
          "mean" : 16968.760570,
          "stddev" : 2256.166164,
          "N" : 579225
        },
        "clat_ns" : {
          "min" : 1130,
          "max" : 8520684,
          "mean" : 33320.764406,
          "stddev" : 11858.027790,
          "N" : 579225,
          "percentile" : {
            "1.000000" : 29312,
            "5.000000" : 29824,
            "10.000000" : 32640,
            "20.000000" : 33024,
            "30.000000" : 33024,
            "40.000000" : 33024,
            "50.000000" : 33024,
            "60.000000" : 33024,
            "70.000000" : 33536,
            "80.000000" : 33536,
            "90.000000" : 34048,
            "95.000000" : 34560,
            "99.000000" : 39168,
            "99.500000" : 44800,
            "99.900000" : 87552,
            "99.950000" : 89600,
            "99.990000" : 185344
          }
        },
        "lat_ns" : {
          "min" : 28017,
          "max" : 8569485,
          "mean" : 50557.683935,
          "stddev" : 12273.022663,
          "N" : 579225
        },
        "bw_min" : 1195904,
        "bw_max" : 1471104,
        "bw_agg" : 100.000000,
        "bw_mean" : 1236985.491525,
        "bw_dev" : 55626.280159,
        "bw_samples" : 59,
        "iops_min" : 18686,
        "iops_max" : 22986,
        "iops_mean" : 19327.898305,
        "iops_stddev" : 869.148249,
        "iops_samples" : 59
      },
      "write" : {
        "io_bytes" : 0,
        "io_kbytes" : 0,
        "bw_bytes" : 0,
        "bw" : 0,
        "iops" : 0.000000,
        "runtime" : 0,
        "total_ios" : 0,
        "short_ios" : 0,
        "drop_ios" : 0,
        "slat_ns" : {
          "min" : 0,
          "max" : 0,
          "mean" : 0.000000,
          "stddev" : 0.000000,
          "N" : 0
        },
        "clat_ns" : {
          "min" : 0,
          "max" : 0,
          "mean" : 0.000000,
          "stddev" : 0.000000,
          "N" : 0
        },
        "lat_ns" : {
          "min" : 0,
          "max" : 0,
          "mean" : 0.000000,
          "stddev" : 0.000000,
          "N" : 0
        },
        "bw_min" : 0,
        "bw_max" : 0,
        "bw_agg" : 0.000000,
        "bw_mean" : 0.000000,
        "bw_dev" : 0.000000,
        "bw_samples" : 0,
        "iops_min" : 0,
        "iops_max" : 0,
        "iops_mean" : 0.000000,
        "iops_stddev" : 0.000000,
        "iops_samples" : 0
      },
      "trim" : {
        "io_bytes" : 0,
        "io_kbytes" : 0,
        "bw_bytes" : 0,
        "bw" : 0,
        "iops" : 0.000000,
        "runtime" : 0,
        "total_ios" : 0,
        "short_ios" : 0,
        "drop_ios" : 0,
        "slat_ns" : {
          "min" : 0,
          "max" : 0,
          "mean" : 0.000000,
          "stddev" : 0.000000,
          "N" : 0
        },
        "clat_ns" : {
          "min" : 0,
          "max" : 0,
          "mean" : 0.000000,
          "stddev" : 0.000000,
          "N" : 0
        },
        "lat_ns" : {
          "min" : 0,
          "max" : 0,
          "mean" : 0.000000,
          "stddev" : 0.000000,
          "N" : 0
        },
        "bw_min" : 0,
        "bw_max" : 0,
        "bw_agg" : 0.000000,
        "bw_mean" : 0.000000,
        "bw_dev" : 0.000000,
        "bw_samples" : 0,
        "iops_min" : 0,
        "iops_max" : 0,
        "iops_mean" : 0.000000,
        "iops_stddev" : 0.000000,
        "iops_samples" : 0
      },
      "sync" : {
        "total_ios" : 0,
        "lat_ns" : {
          "min" : 0,
          "max" : 0,
          "mean" : 0.000000,
          "stddev" : 0.000000,
          "N" : 0
        }
      },
      "job_runtime" : 30000,
      "usr_cpu" : 8.290000,
      "sys_cpu" : 47.523333,
      "ctx" : 579100,
      "majf" : 0,
      "minf" : 67,
      "iodepth_level" : {
        "1" : 100.000000,
        "2" : 0.000000,
        "4" : 0.000000,
        "8" : 0.000000,
        "16" : 0.000000,
        "32" : 0.000000,
        ">=64" : 0.000000
      },
      "iodepth_submit" : {
        "0" : 0.000000,
        "4" : 100.000000,
        "8" : 0.000000,
        "16" : 0.000000,
        "32" : 0.000000,
        "64" : 0.000000,
        ">=64" : 0.000000
      },
      "iodepth_complete" : {
        "0" : 0.000000,
        "4" : 100.000000,
        "8" : 0.000000,
        "16" : 0.000000,
        "32" : 0.000000,
        "64" : 0.000000,
        ">=64" : 0.000000
      },
      "latency_ns" : {
        "2" : 0.000000,
        "4" : 0.000000,
        "10" : 0.000000,
        "20" : 0.000000,
        "50" : 0.000000,
        "100" : 0.000000,
        "250" : 0.000000,
        "500" : 0.000000,
        "750" : 0.000000,
        "1000" : 0.000000
      },
      "latency_us" : {
        "2" : 0.013294,
        "4" : 0.000000,
        "10" : 0.000000,
        "20" : 0.010000,
        "50" : 99.513660,
        "100" : 0.438344,
        "250" : 0.031939,
        "500" : 0.010000,
        "750" : 0.000000,
        "1000" : 0.000000
      },
      "latency_ms" : {
        "2" : 0.000000,
        "4" : 0.000000,
        "10" : 0.010000,
        "20" : 0.000000,
        "50" : 0.000000,
        "100" : 0.000000,
        "250" : 0.000000,
        "500" : 0.000000,
        "750" : 0.000000,
        "1000" : 0.000000,
        "2000" : 0.000000,
        ">=2000" : 0.000000
      },
      "latency_depth" : 1,
      "latency_target" : 0,
      "latency_percentile" : 100.000000,
      "latency_window" : 0
    }
  ],
  "disk_util" : [
    {
      "name" : "nvme0n1",
      "read_ios" : 576075,
      "write_ios" : 22,
      "read_merges" : 0,
      "write_merges" : 15,
      "read_ticks" : 18324,
      "write_ticks" : 33,
      "in_queue" : 18369,
      "util" : 52.000936
    }
  ]
}
