{
  "fio version" : "fio-3.28",
  "timestamp" : 1758039178,
  "timestamp_ms" : 1758039178175,
  "time" : "Tue Sep 16 12:12:58 2025",
  "jobs" : [
    {
      "jobname" : "mixed_sweep_4k_r25_degraded",
      "groupid" : 0,
      "error" : 0,
      "eta" : 0,
      "elapsed" : 31,
      "job options" : {
        "name" : "mixed_sweep_4k_r25_degraded",
        "filename" : "./mixed_sweep_4k_r25_degraded_test",
        "size" : "1G",
        "rw" : "rw",
        "bs" : "4k",
        "direct" : "1",
        "runtime" : "30",
        "time_based" : "1",
        "ioengine" : "libaio",
        "iodepth" : "1",
        "numjobs" : "1",
        "rwmixread" : "25"
      },
      "read" : {
        "io_bytes" : 1465597952,
        "io_kbytes" : 1431248,
        "bw_bytes" : 48851636,
        "bw" : 47706,
        "iops" : 11926.669111,
        "runtime" : 30001,
        "total_ios" : 357812,
        "short_ios" : 0,
        "drop_ios" : 0,
        "slat_ns" : {
          "min" : 3055,
          "max" : 85990,
          "mean" : 4460.145381,
          "stddev" : 821.606625,
          "N" : 357812
        },
        "clat_ns" : {
          "min" : 757,
          "max" : 277150,
          "mean" : 13522.477592,
          "stddev" : 3776.430622,
          "N" : 357812,
          "percentile" : {
            "1.000000" : 10944,
            "5.000000" : 11584,
            "10.000000" : 11968,
            "20.000000" : 12864,
            "30.000000" : 12992,
            "40.000000" : 13120,
            "50.000000" : 13120,
            "60.000000" : 13376,
            "70.000000" : 13504,
            "80.000000" : 13888,
            "90.000000" : 14528,
            "95.000000" : 15040,
            "99.000000" : 18304,
            "99.500000" : 27008,
            "99.900000" : 55040,
            "99.950000" : 56576,
            "99.990000" : 168960
          }
        },
        "lat_ns" : {
          "min" : 13417,
          "max" : 283841,
          "mean" : 18134.930681,
          "stddev" : 3983.954744,
          "N" : 357812
        },
        "bw_min" : 43832,
        "bw_max" : 58264,
        "bw_agg" : 100.000000,
        "bw_mean" : 47765.423729,
        "bw_dev" : 3278.396392,
        "bw_samples" : 59,
        "iops_min" : 10958,
        "iops_max" : 14566,
        "iops_mean" : 11941.355932,
        "iops_stddev" : 819.599098,
        "iops_samples" : 59
      },
      "write" : {
        "io_bytes" : 4386332672,
        "io_kbytes" : 4283528,
        "bw_bytes" : 146206215,
        "bw" : 142779,
        "iops" : 35694.876837,
        "runtime" : 30001,
        "total_ios" : 1070882,
        "short_ios" : 0,
        "drop_ios" : 0,
        "slat_ns" : {
          "min" : 3136,
          "max" : 318692,
          "mean" : 4459.818776,
          "stddev" : 816.819070,
          "N" : 1070882
        },
        "clat_ns" : {
          "min" : 906,
          "max" : 8418886,
          "mean" : 16374.233409,
          "stddev" : 8675.035173,
          "N" : 1070882,
          "percentile" : {
            "1.000000" : 13888,
            "5.000000" : 14144,
            "10.000000" : 15040,
            "20.000000" : 15808,
            "30.000000" : 15936,
            "40.000000" : 16064,
            "50.000000" : 16192,
            "60.000000" : 16320,
            "70.000000" : 16512,
            "80.000000" : 16768,
            "90.000000" : 17536,
            "95.000000" : 18048,
            "99.000000" : 20352,
            "99.500000" : 22912,
            "99.900000" : 30592,
            "99.950000" : 43264,
            "99.990000" : 201728
          }
        },
        "lat_ns" : {
          "min" : 16434,
          "max" : 8461675,
          "mean" : 20986.389206,
          "stddev" : 8819.465331,
          "N" : 1070882
        },
        "bw_min" : 129128,
        "bw_max" : 171232,
        "bw_agg" : 100.000000,
        "bw_mean" : 142963.525424,
        "bw_dev" : 9129.785467,
        "bw_samples" : 59,
        "iops_min" : 32282,
        "iops_max" : 42808,
        "iops_mean" : 35740.881356,
        "iops_stddev" : 2282.446367,
        "iops_samples" : 59
      },
      "trim" : {
        "io_bytes" : 0,
        "io_kbytes" : 0,
        "bw_bytes" : 0,
        "bw" : 0,
        "iops" : 0.000000,
        "runtime" : 0,
        "total_ios" : 0,
        "short_ios" : 0,
        "drop_ios" : 0,
        "slat_ns" : {
          "min" : 0,
          "max" : 0,
          "mean" : 0.000000,
          "stddev" : 0.000000,
          "N" : 0
        },
        "clat_ns" : {
          "min" : 0,
          "max" : 0,
          "mean" : 0.000000,
          "stddev" : 0.000000,
          "N" : 0
        },
        "lat_ns" : {
          "min" : 0,
          "max" : 0,
          "mean" : 0.000000,
          "stddev" : 0.000000,
          "N" : 0
        },
        "bw_min" : 0,
        "bw_max" : 0,
        "bw_agg" : 0.000000,
        "bw_mean" : 0.000000,
        "bw_dev" : 0.000000,
        "bw_samples" : 0,
        "iops_min" : 0,
        "iops_max" : 0,
        "iops_mean" : 0.000000,
        "iops_stddev" : 0.000000,
        "iops_samples" : 0
      },
      "sync" : {
        "total_ios" : 0,
        "lat_ns" : {
          "min" : 0,
          "max" : 0,
          "mean" : 0.000000,
          "stddev" : 0.000000,
          "N" : 0
        }
      },
      "job_runtime" : 30000,
      "usr_cpu" : 9.620000,
      "sys_cpu" : 31.173333,
      "ctx" : 1428604,
      "majf" : 0,
      "minf" : 29,
      "iodepth_level" : {
        "1" : 100.000000,
        "2" : 0.000000,
        "4" : 0.000000,
        "8" : 0.000000,
        "16" : 0.000000,
        "32" : 0.000000,
        ">=64" : 0.000000
      },
      "iodepth_submit" : {
        "0" : 0.000000,
        "4" : 100.000000,
        "8" : 0.000000,
        "16" : 0.000000,
        "32" : 0.000000,
        "64" : 0.000000,
        ">=64" : 0.000000
      },
      "iodepth_complete" : {
        "0" : 0.000000,
        "4" : 100.000000,
        "8" : 0.000000,
        "16" : 0.000000,
        "32" : 0.000000,
        "64" : 0.000000,
        ">=64" : 0.000000
      },
      "latency_ns" : {
        "2" : 0.000000,
        "4" : 0.000000,
        "10" : 0.000000,
        "20" : 0.000000,
        "50" : 0.000000,
        "100" : 0.000000,
        "250" : 0.000000,
        "500" : 0.000000,
        "750" : 0.000000,
        "1000" : 0.010000
      },
      "latency_us" : {
        "2" : 0.010000,
        "4" : 0.010000,
        "10" : 0.020998,
        "20" : 98.805343,
        "50" : 1.033041,
        "100" : 0.115910,
        "250" : 0.018128,
        "500" : 0.010000,
        "750" : 0.000000,
        "1000" : 0.000000
      },
      "latency_ms" : {
        "2" : 0.000000,
        "4" : 0.000000,
        "10" : 0.010000,
        "20" : 0.000000,
        "50" : 0.000000,
        "100" : 0.000000,
        "250" : 0.000000,
        "500" : 0.000000,
        "750" : 0.000000,
        "1000" : 0.000000,
        "2000" : 0.000000,
        ">=2000" : 0.000000
      },
      "latency_depth" : 1,
      "latency_target" : 0,
      "latency_percentile" : 100.000000,
      "latency_window" : 0
    }
  ],
  "disk_util" : [
    {
      "name" : "nvme0n1",
      "read_ios" : 357671,
      "write_ios" : 1070553,
      "read_merges" : 0,
      "write_merges" : 23,
      "read_ticks" : 4023,
      "write_ticks" : 13127,
      "in_queue" : 17161,
      "util" : 49.913518
    }
  ]
}
