{
  "fio version" : "fio-3.28",
  "timestamp" : 1758039492,
  "timestamp_ms" : 1758039492495,
  "time" : "Tue Sep 16 12:18:12 2025",
  "jobs" : [
    {
      "jobname" : "mixed_sweep_16k_r90_degraded",
      "groupid" : 0,
      "error" : 0,
      "eta" : 0,
      "elapsed" : 31,
      "job options" : {
        "name" : "mixed_sweep_16k_r90_degraded",
        "filename" : "./mixed_sweep_16k_r90_degraded_test",
        "size" : "1G",
        "rw" : "rw",
        "bs" : "16k",
        "direct" : "1",
        "runtime" : "30",
        "time_based" : "1",
        "ioengine" : "libaio",
        "iodepth" : "1",
        "numjobs" : "1",
        "rwmixread" : "90"
      },
      "read" : {
        "io_bytes" : 12593758208,
        "io_kbytes" : 12298592,
        "bw_bytes" : 419777947,
        "bw" : 409939,
        "iops" : 25621.212626,
        "runtime" : 30001,
        "total_ios" : 768662,
        "short_ios" : 0,
        "drop_ios" : 0,
        "slat_ns" : {
          "min" : 5645,
          "max" : 237440,
          "mean" : 10425.759284,
          "stddev" : 1724.629040,
          "N" : 768662
        },
        "clat_ns" : {
          "min" : 1256,
          "max" : 8522614,
          "mean" : 22484.676127,
          "stddev" : 11326.618956,
          "N" : 768662,
          "percentile" : {
            "1.000000" : 17024,
            "5.000000" : 18560,
            "10.000000" : 18816,
            "20.000000" : 20096,
            "30.000000" : 20864,
            "40.000000" : 22144,
            "50.000000" : 23168,
            "60.000000" : 23424,
            "70.000000" : 23936,
            "80.000000" : 23936,
            "90.000000" : 24192,
            "95.000000" : 24448,
            "99.000000" : 30336,
            "99.500000" : 42752,
            "99.900000" : 71168,
            "99.950000" : 72192,
            "99.990000" : 113152
          }
        },
        "lat_ns" : {
          "min" : 22567,
          "max" : 8591280,
          "mean" : 33226.224389,
          "stddev" : 11511.767650,
          "N" : 768662
        },
        "bw_min" : 389984,
        "bw_max" : 475296,
        "bw_agg" : 100.000000,
        "bw_mean" : 410403.796610,
        "bw_dev" : 20296.155076,
        "bw_samples" : 59,
        "iops_min" : 24374,
        "iops_max" : 29706,
        "iops_mean" : 25650.237288,
        "iops_stddev" : 1268.551228,
        "iops_samples" : 59
      },
      "write" : {
        "io_bytes" : 1404403712,
        "io_kbytes" : 1371488,
        "bw_bytes" : 46811896,
        "bw" : 45714,
        "iops" : 2857.171428,
        "runtime" : 30001,
        "total_ios" : 85718,
        "short_ios" : 0,
        "drop_ios" : 0,
        "slat_ns" : {
          "min" : 7896,
          "max" : 107501,
          "mean" : 11820.198138,
          "stddev" : 2089.880212,
          "N" : 85718
        },
        "clat_ns" : {
          "min" : 10324,
          "max" : 152305,
          "mean" : 27237.520742,
          "stddev" : 2799.053865,
          "N" : 85718,
          "percentile" : {
            "1.000000" : 22912,
            "5.000000" : 23680,
            "10.000000" : 24704,
            "20.000000" : 25216,
            "30.000000" : 26752,
            "40.000000" : 27008,
            "50.000000" : 27264,
            "60.000000" : 27520,
            "70.000000" : 27776,
            "80.000000" : 28032,
            "90.000000" : 29312,
            "95.000000" : 30848,
            "99.000000" : 35584,
            "99.500000" : 44800,
            "99.900000" : 54016,
            "99.950000" : 56576,
            "99.990000" : 68096
          }
        },
        "lat_ns" : {
          "min" : 28541,
          "max" : 167285,
          "mean" : 39369.051879,
          "stddev" : 3990.564068,
          "N" : 85718
        },
        "bw_min" : 42208,
        "bw_max" : 53568,
        "bw_agg" : 100.000000,
        "bw_mean" : 45767.050847,
        "bw_dev" : 2469.382873,
        "bw_samples" : 59,
        "iops_min" : 2638,
        "iops_max" : 3348,
        "iops_mean" : 2860.440678,
        "iops_stddev" : 154.340451,
        "iops_samples" : 59
      },
      "trim" : {
        "io_bytes" : 0,
        "io_kbytes" : 0,
        "bw_bytes" : 0,
        "bw" : 0,
        "iops" : 0.000000,
        "runtime" : 0,
        "total_ios" : 0,
        "short_ios" : 0,
        "drop_ios" : 0,
        "slat_ns" : {
          "min" : 0,
          "max" : 0,
          "mean" : 0.000000,
          "stddev" : 0.000000,
          "N" : 0
        },
        "clat_ns" : {
          "min" : 0,
          "max" : 0,
          "mean" : 0.000000,
          "stddev" : 0.000000,
          "N" : 0
        },
        "lat_ns" : {
          "min" : 0,
          "max" : 0,
          "mean" : 0.000000,
          "stddev" : 0.000000,
          "N" : 0
        },
        "bw_min" : 0,
        "bw_max" : 0,
        "bw_agg" : 0.000000,
        "bw_mean" : 0.000000,
        "bw_dev" : 0.000000,
        "bw_samples" : 0,
        "iops_min" : 0,
        "iops_max" : 0,
        "iops_mean" : 0.000000,
        "iops_stddev" : 0.000000,
        "iops_samples" : 0
      },
      "sync" : {
        "total_ios" : 0,
        "lat_ns" : {
          "min" : 0,
          "max" : 0,
          "mean" : 0.000000,
          "stddev" : 0.000000,
          "N" : 0
        }
      },
      "job_runtime" : 30000,
      "usr_cpu" : 11.626667,
      "sys_cpu" : 46.793333,
      "ctx" : 853576,
      "majf" : 0,
      "minf" : 19,
      "iodepth_level" : {
        "1" : 100.000000,
        "2" : 0.000000,
        "4" : 0.000000,
        "8" : 0.000000,
        "16" : 0.000000,
        "32" : 0.000000,
        ">=64" : 0.000000
      },
      "iodepth_submit" : {
        "0" : 0.000000,
        "4" : 100.000000,
        "8" : 0.000000,
        "16" : 0.000000,
        "32" : 0.000000,
        "64" : 0.000000,
        ">=64" : 0.000000
      },
      "iodepth_complete" : {
        "0" : 0.000000,
        "4" : 100.000000,
        "8" : 0.000000,
        "16" : 0.000000,
        "32" : 0.000000,
        "64" : 0.000000,
        ">=64" : 0.000000
      },
      "latency_ns" : {
        "2" : 0.000000,
        "4" : 0.000000,
        "10" : 0.000000,
        "20" : 0.000000,
        "50" : 0.000000,
        "100" : 0.000000,
        "250" : 0.000000,
        "500" : 0.000000,
        "750" : 0.000000,
        "1000" : 0.000000
      },
      "latency_us" : {
        "2" : 0.041551,
        "4" : 0.010000,
        "10" : 0.029144,
        "20" : 17.313139,
        "50" : 82.356797,
        "100" : 0.239004,
        "250" : 0.017791,
        "500" : 0.010000,
        "750" : 0.010000,
        "1000" : 0.010000
      },
      "latency_ms" : {
        "2" : 0.010000,
        "4" : 0.000000,
        "10" : 0.010000,
        "20" : 0.000000,
        "50" : 0.000000,
        "100" : 0.000000,
        "250" : 0.000000,
        "500" : 0.000000,
        "750" : 0.000000,
        "1000" : 0.000000,
        "2000" : 0.000000,
        ">=2000" : 0.000000
      },
      "latency_depth" : 1,
      "latency_target" : 0,
      "latency_percentile" : 100.000000,
      "latency_window" : 0
    }
  ],
  "disk_util" : [
    {
      "name" : "nvme0n1",
      "read_ios" : 767904,
      "write_ios" : 85829,
      "read_merges" : 0,
      "write_merges" : 63,
      "read_ticks" : 15222,
      "write_ticks" : 1859,
      "in_queue" : 17092,
      "util" : 49.555667
    }
  ]
}
