{
  "fio version": "fio-3.28",
  "timestamp": 1757682307,
  "timestamp_ms": 1757682307646,
  "time": "Fri Sep 12 09:05:07 2025",
  "jobs": [
    {
      "jobname": "mixed_sweep_4k_r25",
      "groupid": 0,
      "error": 0,
      "eta": 0,
      "elapsed": 31,
      "job options": {
        "name": "mixed_sweep_4k_r25",
        "filename": "/dev/nvme1n1",
        "rw": "rw",
        "bs": "4k",
        "iodepth": "16",
        "runtime": "30",
        "numjobs": "1",
        "time_based": "1",
        "ioengine": "libaio",
        "direct": "1",
        "group_reporting": "1",
        "rwmixread": "25"
      },
      "read": {
        "io_bytes": 8983625728,
        "io_kbytes": 8773072,
        "bw_bytes": 299444209,
        "bw": 292425,
        "iops": 73106.49645,
        "runtime": 30001,
        "total_ios": 2193268,
        "short_ios": 0,
        "drop_ios": 0,
        "slat_ns": {
          "min": 1506,
          "max": 27856,
          "mean": 2583.475445,
          "stddev": 814.126789,
          "N": 2193268
        },
        "clat_ns": {
          "min": 6781,
          "max": 8348448,
          "mean": 52688.679344,
          "stddev": 51272.650532,
          "N": 2193268,
          "percentile": {
            "1.000000": 39168,
            "5.000000": 46848,
            "10.000000": 48896,
            "20.000000": 49920,
            "30.000000": 49920,
            "40.000000": 50432,
            "50.000000": 50432,
            "60.000000": 50432,
            "70.000000": 50944,
            "80.000000": 51456,
            "90.000000": 52992,
            "95.000000": 57088,
            "99.000000": 62208,
            "99.500000": 81408,
            "99.900000": 978944,
            "99.950000": 1368064,
            "99.990000": 1875968
          }
        },
        "lat_ns": {
          "min": 9609,
          "max": 8350057,
          "mean": 55370.863221,
          "stddev": 51267.307808,
          "N": 2193268
        },
        "bw_min": 250448,
        "bw_max": 298464,
        "bw_agg": 100.0,
        "bw_mean": 292717.288136,
        "bw_dev": 7107.383725,
        "bw_samples": 59,
        "iops_min": 62612,
        "iops_max": 74616,
        "iops_mean": 73179.322034,
        "iops_stddev": 1776.831648,
        "iops_samples": 59
      },
      "write": {
        "io_bytes": 26949046272,
        "io_kbytes": 26317428,
        "bw_bytes": 898271600,
        "bw": 877218,
        "iops": 219304.589847,
        "runtime": 30001,
        "total_ios": 6579357,
        "short_ios": 0,
        "drop_ios": 0,
        "slat_ns": {
          "min": 1468,
          "max": 94263,
          "mean": 2541.538561,
          "stddev": 811.698321,
          "N": 6579357
        },
        "clat_ns": {
          "min": 7870,
          "max": 18290223,
          "mean": 51406.278594,
          "stddev": 74331.132452,
          "N": 6579357,
          "percentile": {
            "1.000000": 37120,
            "5.000000": 48896,
            "10.000000": 49408,
            "20.000000": 49920,
            "30.000000": 50432,
            "40.000000": 50432,
            "50.000000": 50432,
            "60.000000": 50432,
            "70.000000": 50944,
            "80.000000": 51968,
            "90.000000": 53504,
            "95.000000": 57088,
            "99.000000": 61696,
            "99.500000": 65280,
            "99.900000": 83456,
            "99.950000": 85504,
            "99.990000": 104960
          }
        },
        "lat_ns": {
          "min": 10603,
          "max": 18291799,
          "mean": 54046.74277,
          "stddev": 74334.02883,
          "N": 6579357
        },
        "bw_min": 745016,
        "bw_max": 892488,
        "bw_agg": 100.0,
        "bw_mean": 877930.033898,
        "bw_dev": 21779.895499,
        "bw_samples": 59,
        "iops_min": 186254,
        "iops_max": 223122,
        "iops_mean": 219482.40678,
        "iops_stddev": 5445.009291,
        "iops_samples": 59
      },
      "trim": {
        "io_bytes": 0,
        "io_kbytes": 0,
        "bw_bytes": 0,
        "bw": 0,
        "iops": 0.0,
        "runtime": 0,
        "total_ios": 0,
        "short_ios": 0,
        "drop_ios": 0,
        "slat_ns": {
          "min": 0,
          "max": 0,
          "mean": 0.0,
          "stddev": 0.0,
          "N": 0
        },
        "clat_ns": {
          "min": 0,
          "max": 0,
          "mean": 0.0,
          "stddev": 0.0,
          "N": 0
        },
        "lat_ns": {
          "min": 0,
          "max": 0,
          "mean": 0.0,
          "stddev": 0.0,
          "N": 0
        },
        "bw_min": 0,
        "bw_max": 0,
        "bw_agg": 0.0,
        "bw_mean": 0.0,
        "bw_dev": 0.0,
        "bw_samples": 0,
        "iops_min": 0,
        "iops_max": 0,
        "iops_mean": 0.0,
        "iops_stddev": 0.0,
        "iops_samples": 0
      },
      "sync": {
        "total_ios": 0,
        "lat_ns": {
          "min": 0,
          "max": 0,
          "mean": 0.0,
          "stddev": 0.0,
          "N": 0
        }
      },
      "job_runtime": 30000,
      "usr_cpu": 22.956667,
      "sys_cpu": 76.263333,
      "ctx": 5073,
      "majf": 0,
      "minf": 21,
      "iodepth_level": {
        "1": 0.1,
        "2": 0.1,
        "4": 0.1,
        "8": 0.1,
        "16": 99.999829,
        "32": 0.0,
        ">=64": 0.0
      },
      "iodepth_submit": {
        "0": 0.0,
        "4": 100.0,
        "8": 0.0,
        "16": 0.0,
        "32": 0.0,
        "64": 0.0,
        ">=64": 0.0
      },
      "iodepth_complete": {
        "0": 0.0,
        "4": 99.999989,
        "8": 0.0,
        "16": 0.1,
        "32": 0.0,
        "64": 0.0,
        ">=64": 0.0
      },
      "latency_ns": {
        "2": 0.0,
        "4": 0.0,
        "10": 0.0,
        "20": 0.0,
        "50": 0.0,
        "100": 0.0,
        "250": 0.0,
        "500": 0.0,
        "750": 0.0,
        "1000": 0.0
      },
      "latency_us": {
        "2": 0.0,
        "4": 0.0,
        "10": 0.01,
        "20": 0.204819,
        "50": 18.543503,
        "100": 81.172477,
        "250": 0.021316,
        "500": 0.01,
        "750": 0.01,
        "1000": 0.01
      },
      "latency_ms": {
        "2": 0.022946,
        "4": 0.01,
        "10": 0.01,
        "20": 0.01,
        "50": 0.0,
        "100": 0.0,
        "250": 0.0,
        "500": 0.0,
        "750": 0.0,
        "1000": 0.0,
        "2000": 0.0,
        ">=2000": 0.0
      },
      "latency_depth": 16,
      "latency_target": 0,
      "latency_percentile": 100.0,
      "latency_window": 0
    }
  ],
  "disk_util": [
    {
      "name": "nvme1n1",
      "read_ios": 2184492,
      "write_ios": 6552894,
      "read_merges": 0,
      "write_merges": 0,
      "read_ticks": 23428,
      "write_ticks": 66023,
      "in_queue": 89451,
      "util": 99.686248
    }
  ]
}