{
  "fio version" : "fio-3.28",
  "timestamp" : 1758039523,
  "timestamp_ms" : 1758039523904,
  "time" : "Tue Sep 16 12:18:43 2025",
  "jobs" : [
    {
      "jobname" : "mixed_sweep_16k_r100_degraded",
      "groupid" : 0,
      "error" : 0,
      "eta" : 0,
      "elapsed" : 31,
      "job options" : {
        "name" : "mixed_sweep_16k_r100_degraded",
        "filename" : "./mixed_sweep_16k_r100_degraded_test",
        "size" : "1G",
        "rw" : "rw",
        "bs" : "16k",
        "direct" : "1",
        "runtime" : "30",
        "time_based" : "1",
        "ioengine" : "libaio",
        "iodepth" : "1",
        "numjobs" : "1",
        "rwmixread" : "100"
      },
      "read" : {
        "io_bytes" : 16554164224,
        "io_kbytes" : 16166176,
        "bw_bytes" : 551787081,
        "bw" : 538854,
        "iops" : 33678.410720,
        "runtime" : 30001,
        "total_ios" : 1010386,
        "short_ios" : 0,
        "drop_ios" : 0,
        "slat_ns" : {
          "min" : 2775,
          "max" : 261275,
          "mean" : 8776.885917,
          "stddev" : 1446.286789,
          "N" : 1010386
        },
        "clat_ns" : {
          "min" : 679,
          "max" : 8462865,
          "mean" : 19591.795380,
          "stddev" : 8882.675065,
          "N" : 1010386,
          "percentile" : {
            "1.000000" : 15296,
            "5.000000" : 16768,
            "10.000000" : 18816,
            "20.000000" : 19072,
            "30.000000" : 19328,
            "40.000000" : 19328,
            "50.000000" : 19328,
            "60.000000" : 19584,
            "70.000000" : 19840,
            "80.000000" : 20096,
            "90.000000" : 20352,
            "95.000000" : 20864,
            "99.000000" : 24960,
            "99.500000" : 36608,
            "99.900000" : 69120,
            "99.950000" : 70144,
            "99.990000" : 108032
          }
        },
        "lat_ns" : {
          "min" : 16321,
          "max" : 8514821,
          "mean" : 28593.578104,
          "stddev" : 9186.015037,
          "N" : 1010386
        },
        "bw_min" : 501664,
        "bw_max" : 711456,
        "bw_agg" : 100.000000,
        "bw_mean" : 539933.830508,
        "bw_dev" : 40787.826442,
        "bw_samples" : 59,
        "iops_min" : 31354,
        "iops_max" : 44466,
        "iops_mean" : 33745.796610,
        "iops_stddev" : 2549.252025,
        "iops_samples" : 59
      },
      "write" : {
        "io_bytes" : 0,
        "io_kbytes" : 0,
        "bw_bytes" : 0,
        "bw" : 0,
        "iops" : 0.000000,
        "runtime" : 0,
        "total_ios" : 0,
        "short_ios" : 0,
        "drop_ios" : 0,
        "slat_ns" : {
          "min" : 0,
          "max" : 0,
          "mean" : 0.000000,
          "stddev" : 0.000000,
          "N" : 0
        },
        "clat_ns" : {
          "min" : 0,
          "max" : 0,
          "mean" : 0.000000,
          "stddev" : 0.000000,
          "N" : 0
        },
        "lat_ns" : {
          "min" : 0,
          "max" : 0,
          "mean" : 0.000000,
          "stddev" : 0.000000,
          "N" : 0
        },
        "bw_min" : 0,
        "bw_max" : 0,
        "bw_agg" : 0.000000,
        "bw_mean" : 0.000000,
        "bw_dev" : 0.000000,
        "bw_samples" : 0,
        "iops_min" : 0,
        "iops_max" : 0,
        "iops_mean" : 0.000000,
        "iops_stddev" : 0.000000,
        "iops_samples" : 0
      },
      "trim" : {
        "io_bytes" : 0,
        "io_kbytes" : 0,
        "bw_bytes" : 0,
        "bw" : 0,
        "iops" : 0.000000,
        "runtime" : 0,
        "total_ios" : 0,
        "short_ios" : 0,
        "drop_ios" : 0,
        "slat_ns" : {
          "min" : 0,
          "max" : 0,
          "mean" : 0.000000,
          "stddev" : 0.000000,
          "N" : 0
        },
        "clat_ns" : {
          "min" : 0,
          "max" : 0,
          "mean" : 0.000000,
          "stddev" : 0.000000,
          "N" : 0
        },
        "lat_ns" : {
          "min" : 0,
          "max" : 0,
          "mean" : 0.000000,
          "stddev" : 0.000000,
          "N" : 0
        },
        "bw_min" : 0,
        "bw_max" : 0,
        "bw_agg" : 0.000000,
        "bw_mean" : 0.000000,
        "bw_dev" : 0.000000,
        "bw_samples" : 0,
        "iops_min" : 0,
        "iops_max" : 0,
        "iops_mean" : 0.000000,
        "iops_stddev" : 0.000000,
        "iops_samples" : 0
      },
      "sync" : {
        "total_ios" : 0,
        "lat_ns" : {
          "min" : 0,
          "max" : 0,
          "mean" : 0.000000,
          "stddev" : 0.000000,
          "N" : 0
        }
      },
      "job_runtime" : 30000,
      "usr_cpu" : 12.096667,
      "sys_cpu" : 47.373333,
      "ctx" : 1010088,
      "majf" : 0,
      "minf" : 47,
      "iodepth_level" : {
        "1" : 100.000000,
        "2" : 0.000000,
        "4" : 0.000000,
        "8" : 0.000000,
        "16" : 0.000000,
        "32" : 0.000000,
        ">=64" : 0.000000
      },
      "iodepth_submit" : {
        "0" : 0.000000,
        "4" : 100.000000,
        "8" : 0.000000,
        "16" : 0.000000,
        "32" : 0.000000,
        "64" : 0.000000,
        ">=64" : 0.000000
      },
      "iodepth_complete" : {
        "0" : 0.000000,
        "4" : 100.000000,
        "8" : 0.000000,
        "16" : 0.000000,
        "32" : 0.000000,
        "64" : 0.000000,
        ">=64" : 0.000000
      },
      "latency_ns" : {
        "2" : 0.000000,
        "4" : 0.000000,
        "10" : 0.000000,
        "20" : 0.000000,
        "50" : 0.000000,
        "100" : 0.000000,
        "250" : 0.000000,
        "500" : 0.000000,
        "750" : 0.010000,
        "1000" : 0.010000
      },
      "latency_us" : {
        "2" : 0.014549,
        "4" : 0.000000,
        "10" : 0.010000,
        "20" : 75.241145,
        "50" : 24.601390,
        "100" : 0.124606,
        "250" : 0.014450,
        "500" : 0.010000,
        "750" : 0.000000,
        "1000" : 0.000000
      },
      "latency_ms" : {
        "2" : 0.000000,
        "4" : 0.000000,
        "10" : 0.010000,
        "20" : 0.000000,
        "50" : 0.000000,
        "100" : 0.000000,
        "250" : 0.000000,
        "500" : 0.000000,
        "750" : 0.000000,
        "1000" : 0.000000,
        "2000" : 0.000000,
        ">=2000" : 0.000000
      },
      "latency_depth" : 1,
      "latency_target" : 0,
      "latency_percentile" : 100.000000,
      "latency_window" : 0
    }
  ],
  "disk_util" : [
    {
      "name" : "nvme0n1",
      "read_ios" : 1004648,
      "write_ios" : 12,
      "read_merges" : 0,
      "write_merges" : 7,
      "read_ticks" : 17247,
      "write_ticks" : 31,
      "in_queue" : 17288,
      "util" : 57.269504
    }
  ]
}
