{
  "fio version": "fio-3.28",
  "timestamp": 1757682890,
  "timestamp_ms": 1757682890213,
  "time": "Fri Sep 12 09:14:50 2025",
  "jobs": [
    {
      "jobname": "mixed_sweep_64k_r100",
      "groupid": 0,
      "error": 0,
      "eta": 0,
      "elapsed": 31,
      "job options": {
        "name": "mixed_sweep_64k_r100",
        "filename": "/dev/nvme1n1",
        "rw": "rw",
        "bs": "64k",
        "iodepth": "16",
        "runtime": "30",
        "numjobs": "1",
        "time_based": "1",
        "ioengine": "libaio",
        "direct": "1",
        "group_reporting": "1",
        "rwmixread": "100"
      },
      "read": {
        "io_bytes": 163732455424,
        "io_kbytes": 159894976,
        "bw_bytes": 5457566595,
        "bw": 5329654,
        "iops": 83275.857471,
        "runtime": 30001,
        "total_ios": 2498359,
        "short_ios": 0,
        "drop_ios": 0,
        "slat_ns": {
          "min": 3600,
          "max": 132692,
          "mean": 5512.879751,
          "stddev": 1742.16834,
          "N": 2498359
        },
        "clat_ns": {
          "min": 24268,
          "max": 2078548,
          "mean": 186154.732986,
          "stddev": 60009.850282,
          "N": 2498359,
          "percentile": {
            "1.000000": 111104,
            "5.000000": 124416,
            "10.000000": 130560,
            "20.000000": 140288,
            "30.000000": 148480,
            "40.000000": 158720,
            "50.000000": 168960,
            "60.000000": 185344,
            "70.000000": 201728,
            "80.000000": 224256,
            "90.000000": 264192,
            "95.000000": 301056,
            "99.000000": 387072,
            "99.500000": 432128,
            "99.900000": 544768,
            "99.950000": 602112,
            "99.990000": 774144
          }
        },
        "lat_ns": {
          "min": 33461,
          "max": 2090331,
          "mean": 191764.441359,
          "stddev": 60141.168913,
          "N": 2498359
        },
        "bw_min": 4229120,
        "bw_max": 6404096,
        "bw_agg": 100.0,
        "bw_mean": 5334740.610169,
        "bw_dev": 432193.440778,
        "bw_samples": 59,
        "iops_min": 66080,
        "iops_max": 100064,
        "iops_mean": 83355.322034,
        "iops_stddev": 6753.022512,
        "iops_samples": 59
      },
      "write": {
        "io_bytes": 0,
        "io_kbytes": 0,
        "bw_bytes": 0,
        "bw": 0,
        "iops": 0.0,
        "runtime": 0,
        "total_ios": 0,
        "short_ios": 0,
        "drop_ios": 0,
        "slat_ns": {
          "min": 0,
          "max": 0,
          "mean": 0.0,
          "stddev": 0.0,
          "N": 0
        },
        "clat_ns": {
          "min": 0,
          "max": 0,
          "mean": 0.0,
          "stddev": 0.0,
          "N": 0
        },
        "lat_ns": {
          "min": 0,
          "max": 0,
          "mean": 0.0,
          "stddev": 0.0,
          "N": 0
        },
        "bw_min": 0,
        "bw_max": 0,
        "bw_agg": 0.0,
        "bw_mean": 0.0,
        "bw_dev": 0.0,
        "bw_samples": 0,
        "iops_min": 0,
        "iops_max": 0,
        "iops_mean": 0.0,
        "iops_stddev": 0.0,
        "iops_samples": 0
      },
      "trim": {
        "io_bytes": 0,
        "io_kbytes": 0,
        "bw_bytes": 0,
        "bw": 0,
        "iops": 0.0,
        "runtime": 0,
        "total_ios": 0,
        "short_ios": 0,
        "drop_ios": 0,
        "slat_ns": {
          "min": 0,
          "max": 0,
          "mean": 0.0,
          "stddev": 0.0,
          "N": 0
        },
        "clat_ns": {
          "min": 0,
          "max": 0,
          "mean": 0.0,
          "stddev": 0.0,
          "N": 0
        },
        "lat_ns": {
          "min": 0,
          "max": 0,
          "mean": 0.0,
          "stddev": 0.0,
          "N": 0
        },
        "bw_min": 0,
        "bw_max": 0,
        "bw_agg": 0.0,
        "bw_mean": 0.0,
        "bw_dev": 0.0,
        "bw_samples": 0,
        "iops_min": 0,
        "iops_max": 0,
        "iops_mean": 0.0,
        "iops_stddev": 0.0,
        "iops_samples": 0
      },
      "sync": {
        "total_ios": 0,
        "lat_ns": {
          "min": 0,
          "max": 0,
          "mean": 0.0,
          "stddev": 0.0,
          "N": 0
        }
      },
      "job_runtime": 30000,
      "usr_cpu": 8.41,
      "sys_cpu": 55.66,
      "ctx": 870743,
      "majf": 0,
      "minf": 23,
      "iodepth_level": {
        "1": 0.1,
        "2": 0.1,
        "4": 0.1,
        "8": 0.1,
        "16": 99.9994,
        "32": 0.0,
        ">=64": 0.0
      },
      "iodepth_submit": {
        "0": 0.0,
        "4": 100.0,
        "8": 0.0,
        "16": 0.0,
        "32": 0.0,
        "64": 0.0,
        ">=64": 0.0
      },
      "iodepth_complete": {
        "0": 0.0,
        "4": 99.99996,
        "8": 0.0,
        "16": 0.1,
        "32": 0.0,
        "64": 0.0,
        ">=64": 0.0
      },
      "latency_ns": {
        "2": 0.0,
        "4": 0.0,
        "10": 0.0,
        "20": 0.0,
        "50": 0.0,
        "100": 0.0,
        "250": 0.0,
        "500": 0.0,
        "750": 0.0,
        "1000": 0.0
      },
      "latency_us": {
        "2": 0.0,
        "4": 0.0,
        "10": 0.0,
        "20": 0.0,
        "50": 0.018452,
        "100": 0.397941,
        "250": 86.5635,
        "500": 12.840228,
        "750": 0.16715,
        "1000": 0.01
      },
      "latency_ms": {
        "2": 0.01,
        "4": 0.01,
        "10": 0.0,
        "20": 0.0,
        "50": 0.0,
        "100": 0.0,
        "250": 0.0,
        "500": 0.0,
        "750": 0.0,
        "1000": 0.0,
        "2000": 0.0,
        ">=2000": 0.0
      },
      "latency_depth": 16,
      "latency_target": 0,
      "latency_percentile": 100.0,
      "latency_window": 0
    }
  ],
  "disk_util": [
    {
      "name": "nvme1n1",
      "read_ios": 2487538,
      "write_ios": 0,
      "read_merges": 0,
      "write_merges": 0,
      "read_ticks": 449696,
      "write_ticks": 0,
      "in_queue": 449696,
      "util": 99.732942
    }
  ]
}