{
  "fio version" : "fio-3.28",
  "timestamp" : 1758039650,
  "timestamp_ms" : 1758039650089,
  "time" : "Tue Sep 16 12:20:50 2025",
  "jobs" : [
    {
      "jobname" : "mixed_sweep_64k_r50_degraded",
      "groupid" : 0,
      "error" : 0,
      "eta" : 0,
      "elapsed" : 31,
      "job options" : {
        "name" : "mixed_sweep_64k_r50_degraded",
        "filename" : "./mixed_sweep_64k_r50_degraded_test",
        "size" : "1G",
        "rw" : "rw",
        "bs" : "64k",
        "direct" : "1",
        "runtime" : "30",
        "time_based" : "1",
        "ioengine" : "libaio",
        "iodepth" : "1",
        "numjobs" : "1",
        "rwmixread" : "50"
      },
      "read" : {
        "io_bytes" : 16779640832,
        "io_kbytes" : 16386368,
        "bw_bytes" : 559302717,
        "bw" : 546194,
        "iops" : 8534.282191,
        "runtime" : 30001,
        "total_ios" : 256037,
        "short_ios" : 0,
        "drop_ios" : 0,
        "slat_ns" : {
          "min" : 6543,
          "max" : 420596,
          "mean" : 18370.779825,
          "stddev" : 2769.599693,
          "N" : 256037
        },
        "clat_ns" : {
          "min" : 1660,
          "max" : 53028508,
          "mean" : 37366.396818,
          "stddev" : 173559.772442,
          "N" : 256037,
          "percentile" : {
            "1.000000" : 30848,
            "5.000000" : 32384,
            "10.000000" : 33024,
            "20.000000" : 33024,
            "30.000000" : 33536,
            "40.000000" : 33536,
            "50.000000" : 33536,
            "60.000000" : 33536,
            "70.000000" : 34048,
            "80.000000" : 34048,
            "90.000000" : 35584,
            "95.000000" : 38656,
            "99.000000" : 90624,
            "99.500000" : 95744,
            "99.900000" : 183296,
            "99.950000" : 199680,
            "99.990000" : 4423680
          }
        },
        "lat_ns" : {
          "min" : 31874,
          "max" : 53046249,
          "mean" : 56018.186754,
          "stddev" : 173673.021926,
          "N" : 256037
        },
        "bw_min" : 263040,
        "bw_max" : 584064,
        "bw_agg" : 100.000000,
        "bw_mean" : 546787.796610,
        "bw_dev" : 49743.924698,
        "bw_samples" : 59,
        "iops_min" : 4110,
        "iops_max" : 9126,
        "iops_mean" : 8543.525424,
        "iops_stddev" : 777.240329,
        "iops_samples" : 59
      },
      "write" : {
        "io_bytes" : 16805527552,
        "io_kbytes" : 16411648,
        "bw_bytes" : 560165579,
        "bw" : 547036,
        "iops" : 8547.448418,
        "runtime" : 30001,
        "total_ios" : 256432,
        "short_ios" : 0,
        "drop_ios" : 0,
        "slat_ns" : {
          "min" : 7146,
          "max" : 101018,
          "mean" : 18983.520434,
          "stddev" : 2471.989277,
          "N" : 256432
        },
        "clat_ns" : {
          "min" : 1732,
          "max" : 256622,
          "mean" : 38971.653109,
          "stddev" : 4647.005392,
          "N" : 256432,
          "percentile" : {
            "1.000000" : 37120,
            "5.000000" : 37120,
            "10.000000" : 37632,
            "20.000000" : 37632,
            "30.000000" : 37632,
            "40.000000" : 37632,
            "50.000000" : 38144,
            "60.000000" : 38144,
            "70.000000" : 38656,
            "80.000000" : 39168,
            "90.000000" : 39680,
            "95.000000" : 42752,
            "99.000000" : 61184,
            "99.500000" : 62720,
            "99.900000" : 74240,
            "99.950000" : 83456,
            "99.990000" : 177152
          }
        },
        "lat_ns" : {
          "min" : 35324,
          "max" : 282423,
          "mean" : 58238.861242,
          "stddev" : 5573.143360,
          "N" : 256432
        },
        "bw_min" : 267776,
        "bw_max" : 584320,
        "bw_agg" : 100.000000,
        "bw_mean" : 547152.271186,
        "bw_dev" : 49472.883027,
        "bw_samples" : 59,
        "iops_min" : 4184,
        "iops_max" : 9130,
        "iops_mean" : 8549.254237,
        "iops_stddev" : 773.013797,
        "iops_samples" : 59
      },
      "trim" : {
        "io_bytes" : 0,
        "io_kbytes" : 0,
        "bw_bytes" : 0,
        "bw" : 0,
        "iops" : 0.000000,
        "runtime" : 0,
        "total_ios" : 0,
        "short_ios" : 0,
        "drop_ios" : 0,
        "slat_ns" : {
          "min" : 0,
          "max" : 0,
          "mean" : 0.000000,
          "stddev" : 0.000000,
          "N" : 0
        },
        "clat_ns" : {
          "min" : 0,
          "max" : 0,
          "mean" : 0.000000,
          "stddev" : 0.000000,
          "N" : 0
        },
        "lat_ns" : {
          "min" : 0,
          "max" : 0,
          "mean" : 0.000000,
          "stddev" : 0.000000,
          "N" : 0
        },
        "bw_min" : 0,
        "bw_max" : 0,
        "bw_agg" : 0.000000,
        "bw_mean" : 0.000000,
        "bw_dev" : 0.000000,
        "bw_samples" : 0,
        "iops_min" : 0,
        "iops_max" : 0,
        "iops_mean" : 0.000000,
        "iops_stddev" : 0.000000,
        "iops_samples" : 0
      },
      "sync" : {
        "total_ios" : 0,
        "lat_ns" : {
          "min" : 0,
          "max" : 0,
          "mean" : 0.000000,
          "stddev" : 0.000000,
          "N" : 0
        }
      },
      "job_runtime" : 30000,
      "usr_cpu" : 8.803333,
      "sys_cpu" : 40.193333,
      "ctx" : 512416,
      "majf" : 0,
      "minf" : 29,
      "iodepth_level" : {
        "1" : 100.000000,
        "2" : 0.000000,
        "4" : 0.000000,
        "8" : 0.000000,
        "16" : 0.000000,
        "32" : 0.000000,
        ">=64" : 0.000000
      },
      "iodepth_submit" : {
        "0" : 0.000000,
        "4" : 100.000000,
        "8" : 0.000000,
        "16" : 0.000000,
        "32" : 0.000000,
        "64" : 0.000000,
        ">=64" : 0.000000
      },
      "iodepth_complete" : {
        "0" : 0.000000,
        "4" : 100.000000,
        "8" : 0.000000,
        "16" : 0.000000,
        "32" : 0.000000,
        "64" : 0.000000,
        ">=64" : 0.000000
      },
      "latency_ns" : {
        "2" : 0.000000,
        "4" : 0.000000,
        "10" : 0.000000,
        "20" : 0.000000,
        "50" : 0.000000,
        "100" : 0.000000,
        "250" : 0.000000,
        "500" : 0.000000,
        "750" : 0.000000,
        "1000" : 0.000000
      },
      "latency_us" : {
        "2" : 0.010000,
        "4" : 0.000000,
        "10" : 0.010000,
        "20" : 0.010000,
        "50" : 96.904593,
        "100" : 2.838611,
        "250" : 0.226550,
        "500" : 0.010000,
        "750" : 0.010000,
        "1000" : 0.010000
      },
      "latency_ms" : {
        "2" : 0.010000,
        "4" : 0.010000,
        "10" : 0.010000,
        "20" : 0.010000,
        "50" : 0.010000,
        "100" : 0.010000,
        "250" : 0.000000,
        "500" : 0.000000,
        "750" : 0.000000,
        "1000" : 0.000000,
        "2000" : 0.000000,
        ">=2000" : 0.000000
      },
      "latency_depth" : 1,
      "latency_target" : 0,
      "latency_percentile" : 100.000000,
      "latency_window" : 0
    }
  ],
  "disk_util" : [
    {
      "name" : "nvme0n1",
      "read_ios" : 254253,
      "write_ios" : 254564,
      "read_merges" : 0,
      "write_merges" : 21,
      "read_ticks" : 9161,
      "write_ticks" : 8682,
      "in_queue" : 17858,
      "util" : 55.516860
    }
  ]
}
