{
  "fio version" : "fio-3.28",
  "timestamp" : 1758039838,
  "timestamp_ms" : 1758039838383,
  "time" : "Tue Sep 16 12:23:58 2025",
  "jobs" : [
    {
      "jobname" : "mixed_sweep_128k_r25_degraded",
      "groupid" : 0,
      "error" : 0,
      "eta" : 0,
      "elapsed" : 31,
      "job options" : {
        "name" : "mixed_sweep_128k_r25_degraded",
        "filename" : "./mixed_sweep_128k_r25_degraded_test",
        "size" : "1G",
        "rw" : "rw",
        "bs" : "128k",
        "direct" : "1",
        "runtime" : "30",
        "time_based" : "1",
        "ioengine" : "libaio",
        "iodepth" : "1",
        "numjobs" : "1",
        "rwmixread" : "25"
      },
      "read" : {
        "io_bytes" : 12156272640,
        "io_kbytes" : 11871360,
        "bw_bytes" : 405195581,
        "bw" : 395698,
        "iops" : 3091.396953,
        "runtime" : 30001,
        "total_ios" : 92745,
        "short_ios" : 0,
        "drop_ios" : 0,
        "slat_ns" : {
          "min" : 18600,
          "max" : 119558,
          "mean" : 26560.202696,
          "stddev" : 2767.899175,
          "N" : 92745
        },
        "clat_ns" : {
          "min" : 1841,
          "max" : 4043722,
          "mean" : 51252.089158,
          "stddev" : 45332.022806,
          "N" : 92745,
          "percentile" : {
            "1.000000" : 45312,
            "5.000000" : 45824,
            "10.000000" : 45824,
            "20.000000" : 45824,
            "30.000000" : 47872,
            "40.000000" : 47872,
            "50.000000" : 47872,
            "60.000000" : 48384,
            "70.000000" : 48896,
            "80.000000" : 50432,
            "90.000000" : 52992,
            "95.000000" : 72192,
            "99.000000" : 97792,
            "99.500000" : 142336,
            "99.900000" : 175104,
            "99.950000" : 197632,
            "99.990000" : 3424256
          }
        },
        "lat_ns" : {
          "min" : 67322,
          "max" : 4069073,
          "mean" : 78178.752871,
          "stddev" : 45371.753691,
          "N" : 92745
        },
        "bw_min" : 374272,
        "bw_max" : 413696,
        "bw_agg" : 100.000000,
        "bw_mean" : 396474.576271,
        "bw_dev" : 8904.825496,
        "bw_samples" : 59,
        "iops_min" : 2924,
        "iops_max" : 3232,
        "iops_mean" : 3097.491525,
        "iops_stddev" : 69.541943,
        "iops_samples" : 59
      },
      "write" : {
        "io_bytes" : 36127899648,
        "io_kbytes" : 35281152,
        "bw_bytes" : 1204223180,
        "bw" : 1175999,
        "iops" : 9187.493750,
        "runtime" : 30001,
        "total_ios" : 275634,
        "short_ios" : 0,
        "drop_ios" : 0,
        "slat_ns" : {
          "min" : 18084,
          "max" : 263347,
          "mean" : 27130.673886,
          "stddev" : 2631.496072,
          "N" : 275634
        },
        "clat_ns" : {
          "min" : 14195,
          "max" : 8469316,
          "mean" : 52978.462835,
          "stddev" : 27672.673167,
          "N" : 275634,
          "percentile" : {
            "1.000000" : 51456,
            "5.000000" : 51968,
            "10.000000" : 51968,
            "20.000000" : 51968,
            "30.000000" : 52480,
            "40.000000" : 52480,
            "50.000000" : 52480,
            "60.000000" : 52480,
            "70.000000" : 52480,
            "80.000000" : 52992,
            "90.000000" : 53504,
            "95.000000" : 54016,
            "99.000000" : 59136,
            "99.500000" : 62720,
            "99.900000" : 88576,
            "99.950000" : 95744,
            "99.990000" : 195584
          }
        },
        "lat_ns" : {
          "min" : 65278,
          "max" : 8573580,
          "mean" : 80455.607828,
          "stddev" : 27903.586314,
          "N" : 275634
        },
        "bw_min" : 1137408,
        "bw_max" : 1194496,
        "bw_agg" : 100.000000,
        "bw_mean" : 1176884.067797,
        "bw_dev" : 11257.355247,
        "bw_samples" : 59,
        "iops_min" : 8886,
        "iops_max" : 9332,
        "iops_mean" : 9194.406780,
        "iops_stddev" : 87.948088,
        "iops_samples" : 59
      },
      "trim" : {
        "io_bytes" : 0,
        "io_kbytes" : 0,
        "bw_bytes" : 0,
        "bw" : 0,
        "iops" : 0.000000,
        "runtime" : 0,
        "total_ios" : 0,
        "short_ios" : 0,
        "drop_ios" : 0,
        "slat_ns" : {
          "min" : 0,
          "max" : 0,
          "mean" : 0.000000,
          "stddev" : 0.000000,
          "N" : 0
        },
        "clat_ns" : {
          "min" : 0,
          "max" : 0,
          "mean" : 0.000000,
          "stddev" : 0.000000,
          "N" : 0
        },
        "lat_ns" : {
          "min" : 0,
          "max" : 0,
          "mean" : 0.000000,
          "stddev" : 0.000000,
          "N" : 0
        },
        "bw_min" : 0,
        "bw_max" : 0,
        "bw_agg" : 0.000000,
        "bw_mean" : 0.000000,
        "bw_dev" : 0.000000,
        "bw_samples" : 0,
        "iops_min" : 0,
        "iops_max" : 0,
        "iops_mean" : 0.000000,
        "iops_stddev" : 0.000000,
        "iops_samples" : 0
      },
      "sync" : {
        "total_ios" : 0,
        "lat_ns" : {
          "min" : 0,
          "max" : 0,
          "mean" : 0.000000,
          "stddev" : 0.000000,
          "N" : 0
        }
      },
      "job_runtime" : 30000,
      "usr_cpu" : 8.533333,
      "sys_cpu" : 36.103333,
      "ctx" : 368379,
      "majf" : 0,
      "minf" : 20,
      "iodepth_level" : {
        "1" : 100.000000,
        "2" : 0.000000,
        "4" : 0.000000,
        "8" : 0.000000,
        "16" : 0.000000,
        "32" : 0.000000,
        ">=64" : 0.000000
      },
      "iodepth_submit" : {
        "0" : 0.000000,
        "4" : 100.000000,
        "8" : 0.000000,
        "16" : 0.000000,
        "32" : 0.000000,
        "64" : 0.000000,
        ">=64" : 0.000000
      },
      "iodepth_complete" : {
        "0" : 0.000000,
        "4" : 100.000000,
        "8" : 0.000000,
        "16" : 0.000000,
        "32" : 0.000000,
        "64" : 0.000000,
        ">=64" : 0.000000
      },
      "latency_ns" : {
        "2" : 0.000000,
        "4" : 0.000000,
        "10" : 0.000000,
        "20" : 0.000000,
        "50" : 0.000000,
        "100" : 0.000000,
        "250" : 0.000000,
        "500" : 0.000000,
        "750" : 0.000000,
        "1000" : 0.000000
      },
      "latency_us" : {
        "2" : 0.010000,
        "4" : 0.000000,
        "10" : 0.000000,
        "20" : 0.010000,
        "50" : 19.868939,
        "100" : 79.890276,
        "250" : 0.224769,
        "500" : 0.010000,
        "750" : 0.010000,
        "1000" : 0.000000
      },
      "latency_ms" : {
        "2" : 0.010000,
        "4" : 0.010000,
        "10" : 0.010000,
        "20" : 0.000000,
        "50" : 0.000000,
        "100" : 0.000000,
        "250" : 0.000000,
        "500" : 0.000000,
        "750" : 0.000000,
        "1000" : 0.000000,
        "2000" : 0.000000,
        ">=2000" : 0.000000
      },
      "latency_depth" : 1,
      "latency_target" : 0,
      "latency_percentile" : 100.000000,
      "latency_window" : 0
    }
  ],
  "disk_util" : [
    {
      "name" : "nvme0n1",
      "read_ios" : 92649,
      "write_ios" : 275328,
      "read_merges" : 0,
      "write_merges" : 22,
      "read_ticks" : 4844,
      "write_ticks" : 13809,
      "in_queue" : 18663,
      "util" : 56.908891
    }
  ]
}
