{
  "fio version": "fio-3.28",
  "timestamp": 1757683732,
  "timestamp_ms": 1757683732741,
  "time": "Fri Sep 12 09:28:52 2025",
  "jobs": [
    {
      "jobname": "mixed_workload",
      "groupid": 0,
      "error": 0,
      "eta": 0,
      "elapsed": 31,
      "job options": {
        "name": "mixed_workload",
        "filename": "/dev/nvme1n1",
        "rw": "rw",
        "bs": "4k",
        "iodepth": "16",
        "runtime": "30",
        "numjobs": "1",
        "time_based": "1",
        "ioengine": "libaio",
        "direct": "1",
        "group_reporting": "1",
        "rwmixread": "70"
      },
      "read": {
        "io_bytes": 23066132480,
        "io_kbytes": 22525520,
        "bw_bytes": 768845454,
        "bw": 750825,
        "iops": 187706.409786,
        "runtime": 30001,
        "total_ios": 5631380,
        "short_ios": 0,
        "drop_ios": 0,
        "slat_ns": {
          "min": 1491,
          "max": 189084,
          "mean": 2417.352317,
          "stddev": 913.781882,
          "N": 5631380
        },
        "clat_ns": {
          "min": 2560,
          "max": 22180067,
          "mean": 59979.297431,
          "stddev": 108349.448989,
          "N": 5631380,
          "percentile": {
            "1.000000": 13632,
            "5.000000": 38656,
            "10.000000": 46336,
            "20.000000": 47872,
            "30.000000": 48384,
            "40.000000": 48896,
            "50.000000": 48896,
            "60.000000": 49408,
            "70.000000": 49920,
            "80.000000": 50432,
            "90.000000": 55040,
            "95.000000": 77312,
            "99.000000": 460800,
            "99.500000": 798720,
            "99.900000": 1548288,
            "99.950000": 1744896,
            "99.990000": 2146304
          }
        },
        "lat_ns": {
          "min": 9134,
          "max": 22181681,
          "mean": 62487.491662,
          "stddev": 108325.794369,
          "N": 5631380
        },
        "bw_min": 522912,
        "bw_max": 803000,
        "bw_agg": 100.0,
        "bw_mean": 751591.864407,
        "bw_dev": 69302.409444,
        "bw_samples": 59,
        "iops_min": 130728,
        "iops_max": 200750,
        "iops_mean": 187897.898305,
        "iops_stddev": 17325.577614,
        "iops_samples": 59
      },
      "write": {
        "io_bytes": 9887756288,
        "io_kbytes": 9656012,
        "bw_bytes": 329580890,
        "bw": 321856,
        "iops": 80464.084531,
        "runtime": 30001,
        "total_ios": 2414003,
        "short_ios": 0,
        "drop_ios": 0,
        "slat_ns": {
          "min": 1476,
          "max": 30175,
          "mean": 2423.675639,
          "stddev": 913.490652,
          "N": 2414003
        },
        "clat_ns": {
          "min": 328,
          "max": 273175,
          "mean": 49262.966592,
          "stddev": 9972.525606,
          "N": 2414003,
          "percentile": {
            "1.000000": 12992,
            "5.000000": 31360,
            "10.000000": 46336,
            "20.000000": 47872,
            "30.000000": 48384,
            "40.000000": 48896,
            "50.000000": 49408,
            "60.000000": 49408,
            "70.000000": 49920,
            "80.000000": 50944,
            "90.000000": 54016,
            "95.000000": 67072,
            "99.000000": 79360,
            "99.500000": 82432,
            "99.900000": 92672,
            "99.950000": 99840,
            "99.990000": 103936
          }
        },
        "lat_ns": {
          "min": 9935,
          "max": 277484,
          "mean": 51776.360269,
          "stddev": 10272.785094,
          "N": 2414003
        },
        "bw_min": 222400,
        "bw_max": 343728,
        "bw_agg": 100.0,
        "bw_mean": 322212.610169,
        "bw_dev": 29556.390623,
        "bw_samples": 59,
        "iops_min": 55600,
        "iops_max": 85932,
        "iops_mean": 80553.152542,
        "iops_stddev": 7389.094482,
        "iops_samples": 59
      },
      "trim": {
        "io_bytes": 0,
        "io_kbytes": 0,
        "bw_bytes": 0,
        "bw": 0,
        "iops": 0.0,
        "runtime": 0,
        "total_ios": 0,
        "short_ios": 0,
        "drop_ios": 0,
        "slat_ns": {
          "min": 0,
          "max": 0,
          "mean": 0.0,
          "stddev": 0.0,
          "N": 0
        },
        "clat_ns": {
          "min": 0,
          "max": 0,
          "mean": 0.0,
          "stddev": 0.0,
          "N": 0
        },
        "lat_ns": {
          "min": 0,
          "max": 0,
          "mean": 0.0,
          "stddev": 0.0,
          "N": 0
        },
        "bw_min": 0,
        "bw_max": 0,
        "bw_agg": 0.0,
        "bw_mean": 0.0,
        "bw_dev": 0.0,
        "bw_samples": 0,
        "iops_min": 0,
        "iops_max": 0,
        "iops_mean": 0.0,
        "iops_stddev": 0.0,
        "iops_samples": 0
      },
      "sync": {
        "total_ios": 0,
        "lat_ns": {
          "min": 0,
          "max": 0,
          "mean": 0.0,
          "stddev": 0.0,
          "N": 0
        }
      },
      "job_runtime": 30000,
      "usr_cpu": 24.91,
      "sys_cpu": 65.76,
      "ctx": 59048,
      "majf": 0,
      "minf": 21,
      "iodepth_level": {
        "1": 0.1,
        "2": 0.1,
        "4": 0.1,
        "8": 0.1,
        "16": 99.999814,
        "32": 0.0,
        ">=64": 0.0
      },
      "iodepth_submit": {
        "0": 0.0,
        "4": 100.0,
        "8": 0.0,
        "16": 0.0,
        "32": 0.0,
        "64": 0.0,
        ">=64": 0.0
      },
      "iodepth_complete": {
        "0": 0.0,
        "4": 99.999988,
        "8": 0.0,
        "16": 0.1,
        "32": 0.0,
        "64": 0.0,
        ">=64": 0.0
      },
      "latency_ns": {
        "2": 0.0,
        "4": 0.0,
        "10": 0.0,
        "20": 0.0,
        "50": 0.0,
        "100": 0.0,
        "250": 0.0,
        "500": 0.01,
        "750": 0.0,
        "1000": 0.0
      },
      "latency_us": {
        "2": 0.0,
        "4": 0.01,
        "10": 0.254581,
        "20": 1.734349,
        "50": 71.942193,
        "100": 24.797204,
        "250": 0.253475,
        "500": 0.373494,
        "750": 0.261131,
        "1000": 0.152149
      },
      "latency_ms": {
        "2": 0.220648,
        "4": 0.01,
        "10": 0.01,
        "20": 0.01,
        "50": 0.01,
        "100": 0.0,
        "250": 0.0,
        "500": 0.0,
        "750": 0.0,
        "1000": 0.0,
        "2000": 0.0,
        ">=2000": 0.0
      },
      "latency_depth": 16,
      "latency_target": 0,
      "latency_percentile": 100.0,
      "latency_window": 0
    }
  ],
  "disk_util": [
    {
      "name": "nvme1n1",
      "read_ios": 5609315,
      "write_ios": 2404608,
      "read_merges": 0,
      "write_merges": 0,
      "read_ticks": 107645,
      "write_ticks": 22165,
      "in_queue": 129810,
      "util": 98.814968
    }
  ]
}