{
  "fio version" : "fio-3.28",
  "timestamp" : 1758039304,
  "timestamp_ms" : 1758039304032,
  "time" : "Tue Sep 16 12:15:04 2025",
  "jobs" : [
    {
      "jobname" : "mixed_sweep_4k_r100_degraded",
      "groupid" : 0,
      "error" : 0,
      "eta" : 0,
      "elapsed" : 31,
      "job options" : {
        "name" : "mixed_sweep_4k_r100_degraded",
        "filename" : "./mixed_sweep_4k_r100_degraded_test",
        "size" : "1G",
        "rw" : "rw",
        "bs" : "4k",
        "direct" : "1",
        "runtime" : "30",
        "time_based" : "1",
        "ioengine" : "libaio",
        "iodepth" : "1",
        "numjobs" : "1",
        "rwmixread" : "100"
      },
      "read" : {
        "io_bytes" : 4598697984,
        "io_kbytes" : 4490916,
        "bw_bytes" : 153284823,
        "bw" : 149692,
        "iops" : 37423.052565,
        "runtime" : 30001,
        "total_ios" : 1122729,
        "short_ios" : 0,
        "drop_ios" : 0,
        "slat_ns" : {
          "min" : 3489,
          "max" : 186259,
          "mean" : 6887.722304,
          "stddev" : 1019.395582,
          "N" : 1122729
        },
        "clat_ns" : {
          "min" : 961,
          "max" : 8495245,
          "mean" : 18424.948420,
          "stddev" : 8610.380244,
          "N" : 1122729,
          "percentile" : {
            "1.000000" : 14016,
            "5.000000" : 15552,
            "10.000000" : 15936,
            "20.000000" : 17280,
            "30.000000" : 18816,
            "40.000000" : 18816,
            "50.000000" : 18816,
            "60.000000" : 18816,
            "70.000000" : 18816,
            "80.000000" : 19072,
            "90.000000" : 19072,
            "95.000000" : 19328,
            "99.000000" : 24192,
            "99.500000" : 34560,
            "99.900000" : 57600,
            "99.950000" : 70144,
            "99.990000" : 103936
          }
        },
        "lat_ns" : {
          "min" : 14578,
          "max" : 8540355,
          "mean" : 25603.973900,
          "stddev" : 8816.104713,
          "N" : 1122729
        },
        "bw_min" : 141520,
        "bw_max" : 197080,
        "bw_agg" : 100.000000,
        "bw_mean" : 149904.406780,
        "bw_dev" : 12768.028038,
        "bw_samples" : 59,
        "iops_min" : 35380,
        "iops_max" : 49270,
        "iops_mean" : 37476.101695,
        "iops_stddev" : 3192.007009,
        "iops_samples" : 59
      },
      "write" : {
        "io_bytes" : 0,
        "io_kbytes" : 0,
        "bw_bytes" : 0,
        "bw" : 0,
        "iops" : 0.000000,
        "runtime" : 0,
        "total_ios" : 0,
        "short_ios" : 0,
        "drop_ios" : 0,
        "slat_ns" : {
          "min" : 0,
          "max" : 0,
          "mean" : 0.000000,
          "stddev" : 0.000000,
          "N" : 0
        },
        "clat_ns" : {
          "min" : 0,
          "max" : 0,
          "mean" : 0.000000,
          "stddev" : 0.000000,
          "N" : 0
        },
        "lat_ns" : {
          "min" : 0,
          "max" : 0,
          "mean" : 0.000000,
          "stddev" : 0.000000,
          "N" : 0
        },
        "bw_min" : 0,
        "bw_max" : 0,
        "bw_agg" : 0.000000,
        "bw_mean" : 0.000000,
        "bw_dev" : 0.000000,
        "bw_samples" : 0,
        "iops_min" : 0,
        "iops_max" : 0,
        "iops_mean" : 0.000000,
        "iops_stddev" : 0.000000,
        "iops_samples" : 0
      },
      "trim" : {
        "io_bytes" : 0,
        "io_kbytes" : 0,
        "bw_bytes" : 0,
        "bw" : 0,
        "iops" : 0.000000,
        "runtime" : 0,
        "total_ios" : 0,
        "short_ios" : 0,
        "drop_ios" : 0,
        "slat_ns" : {
          "min" : 0,
          "max" : 0,
          "mean" : 0.000000,
          "stddev" : 0.000000,
          "N" : 0
        },
        "clat_ns" : {
          "min" : 0,
          "max" : 0,
          "mean" : 0.000000,
          "stddev" : 0.000000,
          "N" : 0
        },
        "lat_ns" : {
          "min" : 0,
          "max" : 0,
          "mean" : 0.000000,
          "stddev" : 0.000000,
          "N" : 0
        },
        "bw_min" : 0,
        "bw_max" : 0,
        "bw_agg" : 0.000000,
        "bw_mean" : 0.000000,
        "bw_dev" : 0.000000,
        "bw_samples" : 0,
        "iops_min" : 0,
        "iops_max" : 0,
        "iops_mean" : 0.000000,
        "iops_stddev" : 0.000000,
        "iops_samples" : 0
      },
      "sync" : {
        "total_ios" : 0,
        "lat_ns" : {
          "min" : 0,
          "max" : 0,
          "mean" : 0.000000,
          "stddev" : 0.000000,
          "N" : 0
        }
      },
      "job_runtime" : 30000,
      "usr_cpu" : 13.676667,
      "sys_cpu" : 45.920000,
      "ctx" : 1120572,
      "majf" : 0,
      "minf" : 16,
      "iodepth_level" : {
        "1" : 100.000000,
        "2" : 0.000000,
        "4" : 0.000000,
        "8" : 0.000000,
        "16" : 0.000000,
        "32" : 0.000000,
        ">=64" : 0.000000
      },
      "iodepth_submit" : {
        "0" : 0.000000,
        "4" : 100.000000,
        "8" : 0.000000,
        "16" : 0.000000,
        "32" : 0.000000,
        "64" : 0.000000,
        ">=64" : 0.000000
      },
      "iodepth_complete" : {
        "0" : 0.000000,
        "4" : 100.000000,
        "8" : 0.000000,
        "16" : 0.000000,
        "32" : 0.000000,
        "64" : 0.000000,
        ">=64" : 0.000000
      },
      "latency_ns" : {
        "2" : 0.000000,
        "4" : 0.000000,
        "10" : 0.000000,
        "20" : 0.000000,
        "50" : 0.000000,
        "100" : 0.000000,
        "250" : 0.000000,
        "500" : 0.000000,
        "750" : 0.000000,
        "1000" : 0.010000
      },
      "latency_us" : {
        "2" : 0.057182,
        "4" : 0.000000,
        "10" : 0.066267,
        "20" : 97.569583,
        "50" : 2.073519,
        "100" : 0.217328,
        "250" : 0.015943,
        "500" : 0.000000,
        "750" : 0.000000,
        "1000" : 0.000000
      },
      "latency_ms" : {
        "2" : 0.000000,
        "4" : 0.000000,
        "10" : 0.010000,
        "20" : 0.000000,
        "50" : 0.000000,
        "100" : 0.000000,
        "250" : 0.000000,
        "500" : 0.000000,
        "750" : 0.000000,
        "1000" : 0.000000,
        "2000" : 0.000000,
        ">=2000" : 0.000000
      },
      "latency_depth" : 1,
      "latency_target" : 0,
      "latency_percentile" : 100.000000,
      "latency_window" : 0
    }
  ],
  "disk_util" : [
    {
      "name" : "nvme0n1",
      "read_ios" : 1118499,
      "write_ios" : 54,
      "read_merges" : 0,
      "write_merges" : 38,
      "read_ticks" : 16304,
      "write_ticks" : 53,
      "in_queue" : 16369,
      "util" : 49.881497
    }
  ]
}
