{
  "fio version" : "fio-3.28",
  "timestamp" : 1758039586,
  "timestamp_ms" : 1758039586871,
  "time" : "Tue Sep 16 12:19:46 2025",
  "jobs" : [
    {
      "jobname" : "mixed_sweep_64k_r10_degraded",
      "groupid" : 0,
      "error" : 0,
      "eta" : 0,
      "elapsed" : 31,
      "job options" : {
        "name" : "mixed_sweep_64k_r10_degraded",
        "filename" : "./mixed_sweep_64k_r10_degraded_test",
        "size" : "1G",
        "rw" : "rw",
        "bs" : "64k",
        "direct" : "1",
        "runtime" : "30",
        "time_based" : "1",
        "ioengine" : "libaio",
        "iodepth" : "1",
        "numjobs" : "1",
        "rwmixread" : "10"
      },
      "read" : {
        "io_bytes" : 3292200960,
        "io_kbytes" : 3215040,
        "bw_bytes" : 109736374,
        "bw" : 107164,
        "iops" : 1674.444185,
        "runtime" : 30001,
        "total_ios" : 50235,
        "short_ios" : 0,
        "drop_ios" : 0,
        "slat_ns" : {
          "min" : 9779,
          "max" : 142927,
          "mean" : 19693.949836,
          "stddev" : 2555.791621,
          "N" : 50235
        },
        "clat_ns" : {
          "min" : 1743,
          "max" : 755529,
          "mean" : 35106.617398,
          "stddev" : 9654.193051,
          "N" : 50235,
          "percentile" : {
            "1.000000" : 31872,
            "5.000000" : 32640,
            "10.000000" : 32640,
            "20.000000" : 33024,
            "30.000000" : 33024,
            "40.000000" : 33536,
            "50.000000" : 33536,
            "60.000000" : 34048,
            "70.000000" : 34048,
            "80.000000" : 34560,
            "90.000000" : 36096,
            "95.000000" : 37632,
            "99.000000" : 82432,
            "99.500000" : 89600,
            "99.900000" : 128512,
            "99.950000" : 175104,
            "99.990000" : 257024
          }
        },
        "lat_ns" : {
          "min" : 49002,
          "max" : 777702,
          "mean" : 55083.263621,
          "stddev" : 9880.286847,
          "N" : 50235
        },
        "bw_min" : 97152,
        "bw_max" : 117632,
        "bw_agg" : 100.000000,
        "bw_mean" : 107225.542373,
        "bw_dev" : 3845.395017,
        "bw_samples" : 59,
        "iops_min" : 1518,
        "iops_max" : 1838,
        "iops_mean" : 1675.389831,
        "iops_stddev" : 60.077254,
        "iops_samples" : 59
      },
      "write" : {
        "io_bytes" : 29645209600,
        "io_kbytes" : 28950400,
        "bw_bytes" : 988140715,
        "bw" : 964981,
        "iops" : 15077.830739,
        "runtime" : 30001,
        "total_ios" : 452350,
        "short_ios" : 0,
        "drop_ios" : 0,
        "slat_ns" : {
          "min" : 7881,
          "max" : 317012,
          "mean" : 18895.527275,
          "stddev" : 2294.660460,
          "N" : 452350
        },
        "clat_ns" : {
          "min" : 1767,
          "max" : 8478776,
          "mean" : 39308.564886,
          "stddev" : 19919.295159,
          "N" : 452350,
          "percentile" : {
            "1.000000" : 37632,
            "5.000000" : 37632,
            "10.000000" : 37632,
            "20.000000" : 38144,
            "30.000000" : 38144,
            "40.000000" : 38656,
            "50.000000" : 39168,
            "60.000000" : 39168,
            "70.000000" : 39680,
            "80.000000" : 39680,
            "90.000000" : 40192,
            "95.000000" : 40704,
            "99.000000" : 45824,
            "99.500000" : 48384,
            "99.900000" : 69120,
            "99.950000" : 71168,
            "99.990000" : 121344
          }
        },
        "lat_ns" : {
          "min" : 36226,
          "max" : 8534658,
          "mean" : 58487.545330,
          "stddev" : 20107.210683,
          "N" : 452350
        },
        "bw_min" : 936111,
        "bw_max" : 985472,
        "bw_agg" : 100.000000,
        "bw_mean" : 965611.101695,
        "bw_dev" : 13671.092236,
        "bw_samples" : 59,
        "iops_min" : 14626,
        "iops_max" : 15398,
        "iops_mean" : 15087.661017,
        "iops_stddev" : 213.638158,
        "iops_samples" : 59
      },
      "trim" : {
        "io_bytes" : 0,
        "io_kbytes" : 0,
        "bw_bytes" : 0,
        "bw" : 0,
        "iops" : 0.000000,
        "runtime" : 0,
        "total_ios" : 0,
        "short_ios" : 0,
        "drop_ios" : 0,
        "slat_ns" : {
          "min" : 0,
          "max" : 0,
          "mean" : 0.000000,
          "stddev" : 0.000000,
          "N" : 0
        },
        "clat_ns" : {
          "min" : 0,
          "max" : 0,
          "mean" : 0.000000,
          "stddev" : 0.000000,
          "N" : 0
        },
        "lat_ns" : {
          "min" : 0,
          "max" : 0,
          "mean" : 0.000000,
          "stddev" : 0.000000,
          "N" : 0
        },
        "bw_min" : 0,
        "bw_max" : 0,
        "bw_agg" : 0.000000,
        "bw_mean" : 0.000000,
        "bw_dev" : 0.000000,
        "bw_samples" : 0,
        "iops_min" : 0,
        "iops_max" : 0,
        "iops_mean" : 0.000000,
        "iops_stddev" : 0.000000,
        "iops_samples" : 0
      },
      "sync" : {
        "total_ios" : 0,
        "lat_ns" : {
          "min" : 0,
          "max" : 0,
          "mean" : 0.000000,
          "stddev" : 0.000000,
          "N" : 0
        }
      },
      "job_runtime" : 30000,
      "usr_cpu" : 9.353333,
      "sys_cpu" : 36.090000,
      "ctx" : 502569,
      "majf" : 0,
      "minf" : 31,
      "iodepth_level" : {
        "1" : 100.000000,
        "2" : 0.000000,
        "4" : 0.000000,
        "8" : 0.000000,
        "16" : 0.000000,
        "32" : 0.000000,
        ">=64" : 0.000000
      },
      "iodepth_submit" : {
        "0" : 0.000000,
        "4" : 100.000000,
        "8" : 0.000000,
        "16" : 0.000000,
        "32" : 0.000000,
        "64" : 0.000000,
        ">=64" : 0.000000
      },
      "iodepth_complete" : {
        "0" : 0.000000,
        "4" : 100.000000,
        "8" : 0.000000,
        "16" : 0.000000,
        "32" : 0.000000,
        "64" : 0.000000,
        ">=64" : 0.000000
      },
      "latency_ns" : {
        "2" : 0.000000,
        "4" : 0.000000,
        "10" : 0.000000,
        "20" : 0.000000,
        "50" : 0.000000,
        "100" : 0.000000,
        "250" : 0.000000,
        "500" : 0.000000,
        "750" : 0.000000,
        "1000" : 0.000000
      },
      "latency_us" : {
        "2" : 0.010000,
        "4" : 0.010000,
        "10" : 0.010000,
        "20" : 0.011142,
        "50" : 99.329268,
        "100" : 0.615617,
        "250" : 0.033825,
        "500" : 0.010000,
        "750" : 0.010000,
        "1000" : 0.010000
      },
      "latency_ms" : {
        "2" : 0.010000,
        "4" : 0.010000,
        "10" : 0.010000,
        "20" : 0.000000,
        "50" : 0.000000,
        "100" : 0.000000,
        "250" : 0.000000,
        "500" : 0.000000,
        "750" : 0.000000,
        "1000" : 0.000000,
        "2000" : 0.000000,
        ">=2000" : 0.000000
      },
      "latency_depth" : 1,
      "latency_target" : 0,
      "latency_percentile" : 100.000000,
      "latency_window" : 0
    }
  ],
  "disk_util" : [
    {
      "name" : "nvme0n1",
      "read_ios" : 49991,
      "write_ios" : 450229,
      "read_merges" : 0,
      "write_merges" : 163,
      "read_ticks" : 1730,
      "write_ticks" : 15495,
      "in_queue" : 17255,
      "util" : 48.603501
    }
  ]
}
