{
  "fio version": "fio-3.28",
  "timestamp": 1757683084,
  "timestamp_ms": 1757683084438,
  "time": "Fri Sep 12 09:18:04 2025",
  "jobs": [
    {
      "jobname": "mixed_sweep_128k_r90",
      "groupid": 0,
      "error": 0,
      "eta": 0,
      "elapsed": 31,
      "job options": {
        "name": "mixed_sweep_128k_r90",
        "filename": "/dev/nvme1n1",
        "rw": "rw",
        "bs": "128k",
        "iodepth": "16",
        "runtime": "30",
        "numjobs": "1",
        "time_based": "1",
        "ioengine": "libaio",
        "direct": "1",
        "group_reporting": "1",
        "rwmixread": "90"
      },
      "read": {
        "io_bytes": 113248960512,
        "io_kbytes": 110594688,
        "bw_bytes": 3774713702,
        "bw": 3686243,
        "iops": 28798.780081,
        "runtime": 30002,
        "total_ios": 864021,
        "short_ios": 0,
        "drop_ios": 0,
        "slat_ns": {
          "min": 5593,
          "max": 272572,
          "mean": 15789.881138,
          "stddev": 5750.74691,
          "N": 864021
        },
        "clat_ns": {
          "min": 80571,
          "max": 20391836,
          "mean": 525276.350277,
          "stddev": 497338.421085,
          "N": 864021,
          "percentile": {
            "1.000000": 142336,
            "5.000000": 177152,
            "10.000000": 203776,
            "20.000000": 240640,
            "30.000000": 272384,
            "40.000000": 296960,
            "50.000000": 329728,
            "60.000000": 366592,
            "70.000000": 436224,
            "80.000000": 610304,
            "90.000000": 1482752,
            "95.000000": 1712128,
            "99.000000": 1957888,
            "99.500000": 2039808,
            "99.900000": 2310144,
            "99.950000": 2899968,
            "99.990000": 10682368
          }
        },
        "lat_ns": {
          "min": 93447,
          "max": 20403565,
          "mean": 541243.333316,
          "stddev": 497602.742566,
          "N": 864021
        },
        "bw_min": 2962432,
        "bw_max": 5517056,
        "bw_agg": 100.0,
        "bw_mean": 3696579.254237,
        "bw_dev": 785083.26492,
        "bw_samples": 59,
        "iops_min": 23144,
        "iops_max": 43100,
        "iops_mean": 28879.525424,
        "iops_stddev": 6133.454495,
        "iops_samples": 59
      },
      "write": {
        "io_bytes": 12626952192,
        "io_kbytes": 12331008,
        "bw_bytes": 420870348,
        "bw": 411006,
        "iops": 3210.985934,
        "runtime": 30002,
        "total_ios": 96336,
        "short_ios": 0,
        "drop_ios": 0,
        "slat_ns": {
          "min": 6319,
          "max": 284430,
          "mean": 20337.271799,
          "stddev": 6923.135093,
          "N": 96336
        },
        "clat_ns": {
          "min": 33560,
          "max": 4835627,
          "mean": 100788.417196,
          "stddev": 66090.947414,
          "N": 96336,
          "percentile": {
            "1.000000": 42240,
            "5.000000": 44288,
            "10.000000": 46848,
            "20.000000": 50944,
            "30.000000": 57600,
            "40.000000": 66048,
            "50.000000": 78336,
            "60.000000": 95744,
            "70.000000": 121344,
            "80.000000": 152576,
            "90.000000": 189440,
            "95.000000": 218112,
            "99.000000": 259072,
            "99.500000": 276480,
            "99.900000": 346112,
            "99.950000": 403456,
            "99.990000": 481280
          }
        },
        "lat_ns": {
          "min": 48311,
          "max": 4850225,
          "mean": 121301.497031,
          "stddev": 69222.934468,
          "N": 96336
        },
        "bw_min": 339200,
        "bw_max": 619008,
        "bw_agg": 100.0,
        "bw_mean": 411908.338983,
        "bw_dev": 86182.806949,
        "bw_samples": 59,
        "iops_min": 2650,
        "iops_max": 4836,
        "iops_mean": 3218.033898,
        "iops_stddev": 673.303179,
        "iops_samples": 59
      },
      "trim": {
        "io_bytes": 0,
        "io_kbytes": 0,
        "bw_bytes": 0,
        "bw": 0,
        "iops": 0.0,
        "runtime": 0,
        "total_ios": 0,
        "short_ios": 0,
        "drop_ios": 0,
        "slat_ns": {
          "min": 0,
          "max": 0,
          "mean": 0.0,
          "stddev": 0.0,
          "N": 0
        },
        "clat_ns": {
          "min": 0,
          "max": 0,
          "mean": 0.0,
          "stddev": 0.0,
          "N": 0
        },
        "lat_ns": {
          "min": 0,
          "max": 0,
          "mean": 0.0,
          "stddev": 0.0,
          "N": 0
        },
        "bw_min": 0,
        "bw_max": 0,
        "bw_agg": 0.0,
        "bw_mean": 0.0,
        "bw_dev": 0.0,
        "bw_samples": 0,
        "iops_min": 0,
        "iops_max": 0,
        "iops_mean": 0.0,
        "iops_stddev": 0.0,
        "iops_samples": 0
      },
      "sync": {
        "total_ios": 0,
        "lat_ns": {
          "min": 0,
          "max": 0,
          "mean": 0.0,
          "stddev": 0.0,
          "N": 0
        }
      },
      "job_runtime": 30001,
      "usr_cpu": 7.953068,
      "sys_cpu": 55.348155,
      "ctx": 218172,
      "majf": 0,
      "minf": 20,
      "iodepth_level": {
        "1": 0.1,
        "2": 0.1,
        "4": 0.1,
        "8": 0.1,
        "16": 99.998438,
        "32": 0.0,
        ">=64": 0.0
      },
      "iodepth_submit": {
        "0": 0.0,
        "4": 100.0,
        "8": 0.0,
        "16": 0.0,
        "32": 0.0,
        "64": 0.0,
        ">=64": 0.0
      },
      "iodepth_complete": {
        "0": 0.0,
        "4": 99.999896,
        "8": 0.0,
        "16": 0.1,
        "32": 0.0,
        "64": 0.0,
        ">=64": 0.0
      },
      "latency_ns": {
        "2": 0.0,
        "4": 0.0,
        "10": 0.0,
        "20": 0.0,
        "50": 0.0,
        "100": 0.0,
        "250": 0.0,
        "500": 0.0,
        "750": 0.0,
        "1000": 0.0
      },
      "latency_us": {
        "2": 0.0,
        "4": 0.0,
        "10": 0.0,
        "20": 0.0,
        "50": 1.784441,
        "100": 4.424292,
        "250": 24.292216,
        "500": 47.046151,
        "750": 7.17504,
        "1000": 2.142537
      },
      "latency_ms": {
        "2": 12.534505,
        "4": 0.584678,
        "10": 0.01,
        "20": 0.010725,
        "50": 0.01,
        "100": 0.0,
        "250": 0.0,
        "500": 0.0,
        "750": 0.0,
        "1000": 0.0,
        "2000": 0.0,
        ">=2000": 0.0
      },
      "latency_depth": 16,
      "latency_target": 0,
      "latency_percentile": 100.0,
      "latency_window": 0
    }
  ],
  "disk_util": [
    {
      "name": "nvme1n1",
      "read_ios": 860903,
      "write_ios": 95990,
      "read_merges": 0,
      "write_merges": 0,
      "read_ticks": 414171,
      "write_ticks": 4889,
      "in_queue": 419060,
      "util": 99.732951
    }
  ]
}