{
  "fio version": "fio-3.28",
  "timestamp": 1757682566,
  "timestamp_ms": 1757682566539,
  "time": "Fri Sep 12 09:09:26 2025",
  "jobs": [
    {
      "jobname": "mixed_sweep_16k_r50",
      "groupid": 0,
      "error": 0,
      "eta": 0,
      "elapsed": 31,
      "job options": {
        "name": "mixed_sweep_16k_r50",
        "filename": "/dev/nvme1n1",
        "rw": "rw",
        "bs": "16k",
        "iodepth": "16",
        "runtime": "30",
        "numjobs": "1",
        "time_based": "1",
        "ioengine": "libaio",
        "direct": "1",
        "group_reporting": "1",
        "rwmixread": "50"
      },
      "read": {
        "io_bytes": 21784707072,
        "io_kbytes": 21274128,
        "bw_bytes": 726132697,
        "bw": 709113,
        "iops": 44319.622679,
        "runtime": 30001,
        "total_ios": 1329633,
        "short_ios": 0,
        "drop_ios": 0,
        "slat_ns": {
          "min": 3353,
          "max": 251240,
          "mean": 5487.191572,
          "stddev": 2429.295365,
          "N": 1329633
        },
        "clat_ns": {
          "min": 11838,
          "max": 14257383,
          "mean": 295313.147676,
          "stddev": 388524.323145,
          "N": 1329633,
          "percentile": {
            "1.000000": 76288,
            "5.000000": 96768,
            "10.000000": 109056,
            "20.000000": 123392,
            "30.000000": 134144,
            "40.000000": 144384,
            "50.000000": 156672,
            "60.000000": 173056,
            "70.000000": 197632,
            "80.000000": 248832,
            "90.000000": 864256,
            "95.000000": 1335296,
            "99.000000": 1597440,
            "99.500000": 1662976,
            "99.900000": 1875968,
            "99.950000": 2441216,
            "99.990000": 9502720
          }
        },
        "lat_ns": {
          "min": 19090,
          "max": 14261159,
          "mean": 300965.298599,
          "stddev": 388542.69753,
          "N": 1329633
        },
        "bw_min": 377024,
        "bw_max": 1154336,
        "bw_agg": 100.0,
        "bw_mean": 711345.355932,
        "bw_dev": 180190.828679,
        "bw_samples": 59,
        "iops_min": 23564,
        "iops_max": 72146,
        "iops_mean": 44459.084746,
        "iops_stddev": 11261.963039,
        "iops_samples": 59
      },
      "write": {
        "io_bytes": 21760016384,
        "io_kbytes": 21250016,
        "bw_bytes": 725309702,
        "bw": 708310,
        "iops": 44269.39102,
        "runtime": 30001,
        "total_ios": 1328126,
        "short_ios": 0,
        "drop_ios": 0,
        "slat_ns": {
          "min": 3303,
          "max": 208275,
          "mean": 5695.904315,
          "stddev": 2475.646186,
          "N": 1328126
        },
        "clat_ns": {
          "min": 563,
          "max": 14435397,
          "mean": 53010.84507,
          "stddev": 64166.010837,
          "N": 1328126,
          "percentile": {
            "1.000000": 14144,
            "5.000000": 16320,
            "10.000000": 18560,
            "20.000000": 24960,
            "30.000000": 33024,
            "40.000000": 41216,
            "50.000000": 48896,
            "60.000000": 56064,
            "70.000000": 63744,
            "80.000000": 72192,
            "90.000000": 83456,
            "95.000000": 96768,
            "99.000000": 187392,
            "99.500000": 284672,
            "99.900000": 448512,
            "99.950000": 497664,
            "99.990000": 651264
          }
        },
        "lat_ns": {
          "min": 15680,
          "max": 14445479,
          "mean": 58871.687064,
          "stddev": 64500.89989,
          "N": 1328126
        },
        "bw_min": 374144,
        "bw_max": 1152768,
        "bw_agg": 100.0,
        "bw_mean": 710468.881356,
        "bw_dev": 179980.974645,
        "bw_samples": 59,
        "iops_min": 23384,
        "iops_max": 72048,
        "iops_mean": 44404.305085,
        "iops_stddev": 11248.808696,
        "iops_samples": 59
      },
      "trim": {
        "io_bytes": 0,
        "io_kbytes": 0,
        "bw_bytes": 0,
        "bw": 0,
        "iops": 0.0,
        "runtime": 0,
        "total_ios": 0,
        "short_ios": 0,
        "drop_ios": 0,
        "slat_ns": {
          "min": 0,
          "max": 0,
          "mean": 0.0,
          "stddev": 0.0,
          "N": 0
        },
        "clat_ns": {
          "min": 0,
          "max": 0,
          "mean": 0.0,
          "stddev": 0.0,
          "N": 0
        },
        "lat_ns": {
          "min": 0,
          "max": 0,
          "mean": 0.0,
          "stddev": 0.0,
          "N": 0
        },
        "bw_min": 0,
        "bw_max": 0,
        "bw_agg": 0.0,
        "bw_mean": 0.0,
        "bw_dev": 0.0,
        "bw_samples": 0,
        "iops_min": 0,
        "iops_max": 0,
        "iops_mean": 0.0,
        "iops_stddev": 0.0,
        "iops_samples": 0
      },
      "sync": {
        "total_ios": 0,
        "lat_ns": {
          "min": 0,
          "max": 0,
          "mean": 0.0,
          "stddev": 0.0,
          "N": 0
        }
      },
      "job_runtime": 30000,
      "usr_cpu": 14.59,
      "sys_cpu": 52.24,
      "ctx": 227512,
      "majf": 0,
      "minf": 23,
      "iodepth_level": {
        "1": 0.1,
        "2": 0.1,
        "4": 0.1,
        "8": 0.1,
        "16": 99.999436,
        "32": 0.0,
        ">=64": 0.0
      },
      "iodepth_submit": {
        "0": 0.0,
        "4": 100.0,
        "8": 0.0,
        "16": 0.0,
        "32": 0.0,
        "64": 0.0,
        ">=64": 0.0
      },
      "iodepth_complete": {
        "0": 0.0,
        "4": 99.999962,
        "8": 0.0,
        "16": 0.1,
        "32": 0.0,
        "64": 0.0,
        ">=64": 0.0
      },
      "latency_ns": {
        "2": 0.0,
        "4": 0.0,
        "10": 0.0,
        "20": 0.0,
        "50": 0.0,
        "100": 0.0,
        "250": 0.0,
        "500": 0.0,
        "750": 0.01,
        "1000": 0.01
      },
      "latency_us": {
        "2": 0.0,
        "4": 0.0,
        "10": 0.01,
        "20": 6.30757,
        "50": 19.516706,
        "100": 25.002493,
        "250": 38.901646,
        "500": 3.78537,
        "750": 1.079631,
        "1000": 0.955504
      },
      "latency_ms": {
        "2": 4.4083,
        "4": 0.033412,
        "10": 0.01,
        "20": 0.01,
        "50": 0.0,
        "100": 0.0,
        "250": 0.0,
        "500": 0.0,
        "750": 0.0,
        "1000": 0.0,
        "2000": 0.0,
        ">=2000": 0.0
      },
      "latency_depth": 16,
      "latency_target": 0,
      "latency_percentile": 100.0,
      "latency_window": 0
    }
  ],
  "disk_util": [
    {
      "name": "nvme1n1",
      "read_ios": 1324547,
      "write_ios": 1322982,
      "read_merges": 0,
      "write_merges": 0,
      "read_ticks": 347801,
      "write_ticks": 24754,
      "in_queue": 372555,
      "util": 99.722908
    }
  ]
}