{
  "fio version": "fio-3.28",
  "timestamp": 1757682340,
  "timestamp_ms": 1757682340013,
  "time": "Fri Sep 12 09:05:40 2025",
  "jobs": [
    {
      "jobname": "mixed_sweep_4k_r50",
      "groupid": 0,
      "error": 0,
      "eta": 0,
      "elapsed": 31,
      "job options": {
        "name": "mixed_sweep_4k_r50",
        "filename": "/dev/nvme1n1",
        "rw": "rw",
        "bs": "4k",
        "iodepth": "16",
        "runtime": "30",
        "numjobs": "1",
        "time_based": "1",
        "ioengine": "libaio",
        "direct": "1",
        "group_reporting": "1",
        "rwmixread": "50"
      },
      "read": {
        "io_bytes": 17310167040,
        "io_kbytes": 16904460,
        "bw_bytes": 576986335,
        "bw": 563463,
        "iops": 140865.804473,
        "runtime": 30001,
        "total_ios": 4226115,
        "short_ios": 0,
        "drop_ios": 0,
        "slat_ns": {
          "min": 1492,
          "max": 91179,
          "mean": 2405.761361,
          "stddev": 870.924426,
          "N": 4226115
        },
        "clat_ns": {
          "min": 4660,
          "max": 21385692,
          "mean": 58979.732049,
          "stddev": 103696.7521,
          "N": 4226115,
          "percentile": {
            "1.000000": 19584,
            "5.000000": 41728,
            "10.000000": 46848,
            "20.000000": 47872,
            "30.000000": 47872,
            "40.000000": 48384,
            "50.000000": 48896,
            "60.000000": 48896,
            "70.000000": 49408,
            "80.000000": 49920,
            "90.000000": 54528,
            "95.000000": 77312,
            "99.000000": 378880,
            "99.500000": 618496,
            "99.900000": 1286144,
            "99.950000": 1531904,
            "99.990000": 2113536
          }
        },
        "lat_ns": {
          "min": 9123,
          "max": 21387314,
          "mean": 61472.015448,
          "stddev": 103698.44059,
          "N": 4226115
        },
        "bw_min": 295128,
        "bw_max": 613824,
        "bw_agg": 100.0,
        "bw_mean": 564042.847458,
        "bw_dev": 78264.769265,
        "bw_samples": 59,
        "iops_min": 73782,
        "iops_max": 153456,
        "iops_mean": 141010.779661,
        "iops_stddev": 19566.227374,
        "iops_samples": 59
      },
      "write": {
        "io_bytes": 17303474176,
        "io_kbytes": 16897924,
        "bw_bytes": 576763247,
        "bw": 563245,
        "iops": 140811.339622,
        "runtime": 30001,
        "total_ios": 4224481,
        "short_ios": 0,
        "drop_ios": 0,
        "slat_ns": {
          "min": 1467,
          "max": 55507,
          "mean": 2365.516135,
          "stddev": 865.388695,
          "N": 4224481
        },
        "clat_ns": {
          "min": 2561,
          "max": 16608041,
          "mean": 48911.054544,
          "stddev": 33808.999338,
          "N": 4224481,
          "percentile": {
            "1.000000": 15424,
            "5.000000": 34048,
            "10.000000": 46848,
            "20.000000": 47872,
            "30.000000": 47872,
            "40.000000": 48384,
            "50.000000": 48384,
            "60.000000": 48896,
            "70.000000": 49408,
            "80.000000": 49920,
            "90.000000": 51968,
            "95.000000": 56064,
            "99.000000": 82432,
            "99.500000": 110080,
            "99.900000": 160768,
            "99.950000": 173056,
            "99.990000": 197632
          }
        },
        "lat_ns": {
          "min": 10210,
          "max": 16609632,
          "mean": 51363.023965,
          "stddev": 33869.041572,
          "N": 4224481
        },
        "bw_min": 295704,
        "bw_max": 611768,
        "bw_agg": 100.0,
        "bw_mean": 563815.186441,
        "bw_dev": 78203.020789,
        "bw_samples": 59,
        "iops_min": 73926,
        "iops_max": 152942,
        "iops_mean": 140953.79661,
        "iops_stddev": 19550.755197,
        "iops_samples": 59
      },
      "trim": {
        "io_bytes": 0,
        "io_kbytes": 0,
        "bw_bytes": 0,
        "bw": 0,
        "iops": 0.0,
        "runtime": 0,
        "total_ios": 0,
        "short_ios": 0,
        "drop_ios": 0,
        "slat_ns": {
          "min": 0,
          "max": 0,
          "mean": 0.0,
          "stddev": 0.0,
          "N": 0
        },
        "clat_ns": {
          "min": 0,
          "max": 0,
          "mean": 0.0,
          "stddev": 0.0,
          "N": 0
        },
        "lat_ns": {
          "min": 0,
          "max": 0,
          "mean": 0.0,
          "stddev": 0.0,
          "N": 0
        },
        "bw_min": 0,
        "bw_max": 0,
        "bw_agg": 0.0,
        "bw_mean": 0.0,
        "bw_dev": 0.0,
        "bw_samples": 0,
        "iops_min": 0,
        "iops_max": 0,
        "iops_mean": 0.0,
        "iops_stddev": 0.0,
        "iops_samples": 0
      },
      "sync": {
        "total_ios": 0,
        "lat_ns": {
          "min": 0,
          "max": 0,
          "mean": 0.0,
          "stddev": 0.0,
          "N": 0
        }
      },
      "job_runtime": 30000,
      "usr_cpu": 25.07,
      "sys_cpu": 68.82,
      "ctx": 88066,
      "majf": 0,
      "minf": 22,
      "iodepth_level": {
        "1": 0.1,
        "2": 0.1,
        "4": 0.1,
        "8": 0.1,
        "16": 99.999822,
        "32": 0.0,
        ">=64": 0.0
      },
      "iodepth_submit": {
        "0": 0.0,
        "4": 100.0,
        "8": 0.0,
        "16": 0.0,
        "32": 0.0,
        "64": 0.0,
        ">=64": 0.0
      },
      "iodepth_complete": {
        "0": 0.0,
        "4": 99.999988,
        "8": 0.0,
        "16": 0.1,
        "32": 0.0,
        "64": 0.0,
        ">=64": 0.0
      },
      "latency_ns": {
        "2": 0.0,
        "4": 0.0,
        "10": 0.0,
        "20": 0.0,
        "50": 0.0,
        "100": 0.0,
        "250": 0.0,
        "500": 0.0,
        "750": 0.0,
        "1000": 0.0
      },
      "latency_us": {
        "2": 0.0,
        "4": 0.01,
        "10": 0.125885,
        "20": 1.280277,
        "50": 79.31992,
        "100": 17.34654,
        "250": 1.188591,
        "500": 0.377772,
        "750": 0.190839,
        "1000": 0.081083
      },
      "latency_ms": {
        "2": 0.082527,
        "4": 0.01,
        "10": 0.01,
        "20": 0.01,
        "50": 0.01,
        "100": 0.0,
        "250": 0.0,
        "500": 0.0,
        "750": 0.0,
        "1000": 0.0,
        "2000": 0.0,
        ">=2000": 0.0
      },
      "latency_depth": 16,
      "latency_target": 0,
      "latency_percentile": 100.0,
      "latency_window": 0
    }
  ],
  "disk_util": [
    {
      "name": "nvme1n1",
      "read_ios": 4208177,
      "write_ios": 4206535,
      "read_merges": 0,
      "write_merges": 0,
      "read_ticks": 83350,
      "write_ticks": 43999,
      "in_queue": 127348,
      "util": 99.41579
    }
  ]
}