{
  "fio version": "fio-3.28",
  "timestamp": 1757682501,
  "timestamp_ms": 1757682501826,
  "time": "Fri Sep 12 09:08:21 2025",
  "jobs": [
    {
      "jobname": "mixed_sweep_16k_r10",
      "groupid": 0,
      "error": 0,
      "eta": 0,
      "elapsed": 31,
      "job options": {
        "name": "mixed_sweep_16k_r10",
        "filename": "/dev/nvme1n1",
        "rw": "rw",
        "bs": "16k",
        "iodepth": "16",
        "runtime": "30",
        "numjobs": "1",
        "time_based": "1",
        "ioengine": "libaio",
        "direct": "1",
        "group_reporting": "1",
        "rwmixread": "10"
      },
      "read": {
        "io_bytes": 6409371648,
        "io_kbytes": 6259152,
        "bw_bytes": 213617239,
        "bw": 208610,
        "iops": 13038.161578,
        "runtime": 30004,
        "total_ios": 391197,
        "short_ios": 0,
        "drop_ios": 0,
        "slat_ns": {
          "min": 2145,
          "max": 54996,
          "mean": 3612.285876,
          "stddev": 1297.647889,
          "N": 391197
        },
        "clat_ns": {
          "min": 4080,
          "max": 14415161,
          "mean": 187109.962334,
          "stddev": 755932.794114,
          "N": 391197,
          "percentile": {
            "1.000000": 11840,
            "5.000000": 12992,
            "10.000000": 13760,
            "20.000000": 15808,
            "30.000000": 18816,
            "40.000000": 23936,
            "50.000000": 34560,
            "60.000000": 47872,
            "70.000000": 59136,
            "80.000000": 62720,
            "90.000000": 74240,
            "95.000000": 103936,
            "99.000000": 4292608,
            "99.500000": 5079040,
            "99.900000": 6979584,
            "99.950000": 7897088,
            "99.990000": 10027008
          }
        },
        "lat_ns": {
          "min": 12709,
          "max": 14418224,
          "mean": 190826.235477,
          "stddev": 755935.938421,
          "N": 391197
        },
        "bw_min": 183808,
        "bw_max": 369248,
        "bw_agg": 100.0,
        "bw_mean": 209026.711864,
        "bw_dev": 33829.864517,
        "bw_samples": 59,
        "iops_min": 11488,
        "iops_max": 23078,
        "iops_mean": 13064.169492,
        "iops_stddev": 2114.366532,
        "iops_samples": 59
      },
      "write": {
        "io_bytes": 57671368704,
        "io_kbytes": 56319696,
        "bw_bytes": 1922122673,
        "bw": 1877072,
        "iops": 117317.057726,
        "runtime": 30004,
        "total_ios": 3519981,
        "short_ios": 0,
        "drop_ios": 0,
        "slat_ns": {
          "min": 2082,
          "max": 117014,
          "mean": 3587.791491,
          "stddev": 1316.418885,
          "N": 3519981
        },
        "clat_ns": {
          "min": 10519,
          "max": 20828670,
          "mean": 111034.802536,
          "stddev": 176225.306522,
          "N": 3519981,
          "percentile": {
            "1.000000": 37120,
            "5.000000": 49408,
            "10.000000": 55552,
            "20.000000": 61696,
            "30.000000": 65280,
            "40.000000": 71168,
            "50.000000": 78336,
            "60.000000": 89600,
            "70.000000": 104960,
            "80.000000": 134144,
            "90.000000": 195584,
            "95.000000": 264192,
            "99.000000": 460800,
            "99.500000": 561152,
            "99.900000": 1499136,
            "99.950000": 2998272,
            "99.990000": 5537792
          }
        },
        "lat_ns": {
          "min": 14494,
          "max": 20831171,
          "mean": 114724.601801,
          "stddev": 176131.628577,
          "N": 3519981
        },
        "bw_min": 1678528,
        "bw_max": 3344928,
        "bw_agg": 100.0,
        "bw_mean": 1880868.881356,
        "bw_dev": 304612.604785,
        "bw_samples": 59,
        "iops_min": 104908,
        "iops_max": 209058,
        "iops_mean": 117554.338983,
        "iops_stddev": 19038.292017,
        "iops_samples": 59
      },
      "trim": {
        "io_bytes": 0,
        "io_kbytes": 0,
        "bw_bytes": 0,
        "bw": 0,
        "iops": 0.0,
        "runtime": 0,
        "total_ios": 0,
        "short_ios": 0,
        "drop_ios": 0,
        "slat_ns": {
          "min": 0,
          "max": 0,
          "mean": 0.0,
          "stddev": 0.0,
          "N": 0
        },
        "clat_ns": {
          "min": 0,
          "max": 0,
          "mean": 0.0,
          "stddev": 0.0,
          "N": 0
        },
        "lat_ns": {
          "min": 0,
          "max": 0,
          "mean": 0.0,
          "stddev": 0.0,
          "N": 0
        },
        "bw_min": 0,
        "bw_max": 0,
        "bw_agg": 0.0,
        "bw_mean": 0.0,
        "bw_dev": 0.0,
        "bw_samples": 0,
        "iops_min": 0,
        "iops_max": 0,
        "iops_mean": 0.0,
        "iops_stddev": 0.0,
        "iops_samples": 0
      },
      "sync": {
        "total_ios": 0,
        "lat_ns": {
          "min": 0,
          "max": 0,
          "mean": 0.0,
          "stddev": 0.0,
          "N": 0
        }
      },
      "job_runtime": 30003,
      "usr_cpu": 15.321801,
      "sys_cpu": 51.461521,
      "ctx": 670903,
      "majf": 0,
      "minf": 21,
      "iodepth_level": {
        "1": 0.1,
        "2": 0.1,
        "4": 0.1,
        "8": 0.1,
        "16": 99.999616,
        "32": 0.0,
        ">=64": 0.0
      },
      "iodepth_submit": {
        "0": 0.0,
        "4": 100.0,
        "8": 0.0,
        "16": 0.0,
        "32": 0.0,
        "64": 0.0,
        ">=64": 0.0
      },
      "iodepth_complete": {
        "0": 0.0,
        "4": 99.999974,
        "8": 0.0,
        "16": 0.1,
        "32": 0.0,
        "64": 0.0,
        ">=64": 0.0
      },
      "latency_ns": {
        "2": 0.0,
        "4": 0.0,
        "10": 0.0,
        "20": 0.0,
        "50": 0.0,
        "100": 0.0,
        "250": 0.0,
        "500": 0.0,
        "750": 0.0,
        "1000": 0.0
      },
      "latency_us": {
        "2": 0.0,
        "4": 0.0,
        "10": 0.01,
        "20": 3.343698,
        "50": 7.678454,
        "100": 58.860885,
        "250": 24.449514,
        "500": 4.542851,
        "750": 0.474128,
        "1000": 0.082354
      },
      "latency_ms": {
        "2": 0.12454,
        "4": 0.284697,
        "10": 0.145174,
        "20": 0.01,
        "50": 0.01,
        "100": 0.0,
        "250": 0.0,
        "500": 0.0,
        "750": 0.0,
        "1000": 0.0,
        "2000": 0.0,
        ">=2000": 0.0
      },
      "latency_depth": 16,
      "latency_target": 0,
      "latency_percentile": 100.0,
      "latency_window": 0
    }
  ],
  "disk_util": [
    {
      "name": "nvme1n1",
      "read_ios": 389610,
      "write_ios": 3505858,
      "read_merges": 0,
      "write_merges": 0,
      "read_ticks": 63394,
      "write_ticks": 301468,
      "in_queue": 364863,
      "util": 99.686301
    }
  ]
}