{
  "fio version" : "fio-3.28",
  "timestamp" : 1758039713,
  "timestamp_ms" : 1758039713132,
  "time" : "Tue Sep 16 12:21:53 2025",
  "jobs" : [
    {
      "jobname" : "mixed_sweep_64k_r90_degraded",
      "groupid" : 0,
      "error" : 0,
      "eta" : 0,
      "elapsed" : 31,
      "job options" : {
        "name" : "mixed_sweep_64k_r90_degraded",
        "filename" : "./mixed_sweep_64k_r90_degraded_test",
        "size" : "1G",
        "rw" : "rw",
        "bs" : "64k",
        "direct" : "1",
        "runtime" : "30",
        "time_based" : "1",
        "ioengine" : "libaio",
        "iodepth" : "1",
        "numjobs" : "1",
        "rwmixread" : "90"
      },
      "read" : {
        "io_bytes" : 35762864128,
        "io_kbytes" : 34924672,
        "bw_bytes" : 1192055735,
        "bw" : 1164116,
        "iops" : 18189.327022,
        "runtime" : 30001,
        "total_ios" : 545698,
        "short_ios" : 0,
        "drop_ios" : 0,
        "slat_ns" : {
          "min" : 5615,
          "max" : 173529,
          "mean" : 14271.193986,
          "stddev" : 3660.514303,
          "N" : 545698
        },
        "clat_ns" : {
          "min" : 1350,
          "max" : 8518918,
          "mean" : 32884.483297,
          "stddev" : 20432.256661,
          "N" : 545698,
          "percentile" : {
            "1.000000" : 25472,
            "5.000000" : 25984,
            "10.000000" : 27520,
            "20.000000" : 32384,
            "30.000000" : 32640,
            "40.000000" : 33024,
            "50.000000" : 33024,
            "60.000000" : 33024,
            "70.000000" : 33536,
            "80.000000" : 33536,
            "90.000000" : 34048,
            "95.000000" : 34560,
            "99.000000" : 40192,
            "99.500000" : 64768,
            "99.900000" : 98816,
            "99.950000" : 138240,
            "99.990000" : 218112
          }
        },
        "lat_ns" : {
          "min" : 30377,
          "max" : 8572428,
          "mean" : 47438.816375,
          "stddev" : 21148.764133,
          "N" : 545698
        },
        "bw_min" : 1073408,
        "bw_max" : 1724160,
        "bw_agg" : 100.000000,
        "bw_mean" : 1167183.220339,
        "bw_dev" : 139788.819809,
        "bw_samples" : 59,
        "iops_min" : 16772,
        "iops_max" : 26940,
        "iops_mean" : 18237.050847,
        "iops_stddev" : 2184.236294,
        "iops_samples" : 59
      },
      "write" : {
        "io_bytes" : 3996975104,
        "io_kbytes" : 3903296,
        "bw_bytes" : 133228062,
        "bw" : 130105,
        "iops" : 2032.898903,
        "runtime" : 30001,
        "total_ios" : 60989,
        "short_ios" : 0,
        "drop_ios" : 0,
        "slat_ns" : {
          "min" : 5958,
          "max" : 155586,
          "mean" : 16381.256128,
          "stddev" : 4106.114647,
          "N" : 60989
        },
        "clat_ns" : {
          "min" : 1776,
          "max" : 266380,
          "mean" : 37453.789569,
          "stddev" : 4005.744747,
          "N" : 60989,
          "percentile" : {
            "1.000000" : 28544,
            "5.000000" : 29056,
            "10.000000" : 30592,
            "20.000000" : 37632,
            "30.000000" : 37632,
            "40.000000" : 37632,
            "50.000000" : 38144,
            "60.000000" : 38144,
            "70.000000" : 38144,
            "80.000000" : 38656,
            "90.000000" : 39168,
            "95.000000" : 40192,
            "99.000000" : 45824,
            "99.500000" : 50432,
            "99.900000" : 76288,
            "99.950000" : 83456,
            "99.990000" : 90624
          }
        },
        "lat_ns" : {
          "min" : 34527,
          "max" : 282450,
          "mean" : 54122.786896,
          "stddev" : 7411.187370,
          "N" : 60989
        },
        "bw_min" : 117995,
        "bw_max" : 192768,
        "bw_agg" : 100.000000,
        "bw_mean" : 130413.728814,
        "bw_dev" : 15325.185981,
        "bw_samples" : 59,
        "iops_min" : 1843,
        "iops_max" : 3012,
        "iops_mean" : 2037.508475,
        "iops_stddev" : 239.546581,
        "iops_samples" : 59
      },
      "trim" : {
        "io_bytes" : 0,
        "io_kbytes" : 0,
        "bw_bytes" : 0,
        "bw" : 0,
        "iops" : 0.000000,
        "runtime" : 0,
        "total_ios" : 0,
        "short_ios" : 0,
        "drop_ios" : 0,
        "slat_ns" : {
          "min" : 0,
          "max" : 0,
          "mean" : 0.000000,
          "stddev" : 0.000000,
          "N" : 0
        },
        "clat_ns" : {
          "min" : 0,
          "max" : 0,
          "mean" : 0.000000,
          "stddev" : 0.000000,
          "N" : 0
        },
        "lat_ns" : {
          "min" : 0,
          "max" : 0,
          "mean" : 0.000000,
          "stddev" : 0.000000,
          "N" : 0
        },
        "bw_min" : 0,
        "bw_max" : 0,
        "bw_agg" : 0.000000,
        "bw_mean" : 0.000000,
        "bw_dev" : 0.000000,
        "bw_samples" : 0,
        "iops_min" : 0,
        "iops_max" : 0,
        "iops_mean" : 0.000000,
        "iops_stddev" : 0.000000,
        "iops_samples" : 0
      },
      "sync" : {
        "total_ios" : 0,
        "lat_ns" : {
          "min" : 0,
          "max" : 0,
          "mean" : 0.000000,
          "stddev" : 0.000000,
          "N" : 0
        }
      },
      "job_runtime" : 30000,
      "usr_cpu" : 8.253333,
      "sys_cpu" : 43.136667,
      "ctx" : 606575,
      "majf" : 0,
      "minf" : 72,
      "iodepth_level" : {
        "1" : 100.000000,
        "2" : 0.000000,
        "4" : 0.000000,
        "8" : 0.000000,
        "16" : 0.000000,
        "32" : 0.000000,
        ">=64" : 0.000000
      },
      "iodepth_submit" : {
        "0" : 0.000000,
        "4" : 100.000000,
        "8" : 0.000000,
        "16" : 0.000000,
        "32" : 0.000000,
        "64" : 0.000000,
        ">=64" : 0.000000
      },
      "iodepth_complete" : {
        "0" : 0.000000,
        "4" : 100.000000,
        "8" : 0.000000,
        "16" : 0.000000,
        "32" : 0.000000,
        "64" : 0.000000,
        ">=64" : 0.000000
      },
      "latency_ns" : {
        "2" : 0.000000,
        "4" : 0.000000,
        "10" : 0.000000,
        "20" : 0.000000,
        "50" : 0.000000,
        "100" : 0.000000,
        "250" : 0.000000,
        "500" : 0.000000,
        "750" : 0.000000,
        "1000" : 0.000000
      },
      "latency_us" : {
        "2" : 0.011373,
        "4" : 0.010000,
        "10" : 0.000000,
        "20" : 0.010000,
        "50" : 99.304584,
        "100" : 0.591738,
        "250" : 0.081756,
        "500" : 0.010000,
        "750" : 0.010000,
        "1000" : 0.010000
      },
      "latency_ms" : {
        "2" : 0.000000,
        "4" : 0.010000,
        "10" : 0.010000,
        "20" : 0.000000,
        "50" : 0.000000,
        "100" : 0.000000,
        "250" : 0.000000,
        "500" : 0.000000,
        "750" : 0.000000,
        "1000" : 0.000000,
        "2000" : 0.000000,
        ">=2000" : 0.000000
      },
      "latency_depth" : 1,
      "latency_target" : 0,
      "latency_percentile" : 100.000000,
      "latency_window" : 0
    }
  ],
  "disk_util" : [
    {
      "name" : "nvme0n1",
      "read_ios" : 541662,
      "write_ios" : 60694,
      "read_merges" : 0,
      "write_merges" : 34,
      "read_ticks" : 16159,
      "write_ticks" : 1911,
      "in_queue" : 18079,
      "util" : 57.522628
    }
  ]
}
