{
  "fio version": "fio-3.28",
  "timestamp": 1757683052,
  "timestamp_ms": 1757683052065,
  "time": "Fri Sep 12 09:17:32 2025",
  "jobs": [
    {
      "jobname": "mixed_sweep_128k_r75",
      "groupid": 0,
      "error": 0,
      "eta": 0,
      "elapsed": 31,
      "job options": {
        "name": "mixed_sweep_128k_r75",
        "filename": "/dev/nvme1n1",
        "rw": "rw",
        "bs": "128k",
        "iodepth": "16",
        "runtime": "30",
        "numjobs": "1",
        "time_based": "1",
        "ioengine": "libaio",
        "direct": "1",
        "group_reporting": "1",
        "rwmixread": "75"
      },
      "read": {
        "io_bytes": 66453372928,
        "io_kbytes": 64895872,
        "bw_bytes": 2215038596,
        "bw": 2163123,
        "iops": 16899.403353,
        "runtime": 30001,
        "total_ios": 506999,
        "short_ios": 0,
        "drop_ios": 0,
        "slat_ns": {
          "min": 8476,
          "max": 357080,
          "mean": 22332.194073,
          "stddev": 8477.733946,
          "N": 506999
        },
        "clat_ns": {
          "min": 88640,
          "max": 23838479,
          "mean": 856249.272837,
          "stddev": 669483.5807,
          "N": 506999,
          "percentile": {
            "1.000000": 177152,
            "5.000000": 242688,
            "10.000000": 288768,
            "20.000000": 354304,
            "30.000000": 395264,
            "40.000000": 432128,
            "50.000000": 493568,
            "60.000000": 806912,
            "70.000000": 1286144,
            "80.000000": 1548288,
            "90.000000": 1744896,
            "95.000000": 1892352,
            "99.000000": 2146304,
            "99.500000": 2375680,
            "99.900000": 3031040,
            "99.950000": 3358720,
            "99.990000": 22675456
          }
        },
        "lat_ns": {
          "min": 105104,
          "max": 23858043,
          "mean": 878856.787771,
          "stddev": 669131.287508,
          "N": 506999
        },
        "bw_min": 1921024,
        "bw_max": 4096256,
        "bw_agg": 100.0,
        "bw_mean": 2167534.644068,
        "bw_dev": 401013.001613,
        "bw_samples": 59,
        "iops_min": 15008,
        "iops_max": 32002,
        "iops_mean": 16933.864407,
        "iops_stddev": 3132.914075,
        "iops_samples": 59
      },
      "write": {
        "io_bytes": 22238068736,
        "io_kbytes": 21716864,
        "bw_bytes": 741244249,
        "bw": 723871,
        "iops": 5655.244825,
        "runtime": 30001,
        "total_ios": 169663,
        "short_ios": 0,
        "drop_ios": 0,
        "slat_ns": {
          "min": 8876,
          "max": 349403,
          "mean": 24917.108851,
          "stddev": 8903.593314,
          "N": 169663
        },
        "clat_ns": {
          "min": 1340,
          "max": 21062225,
          "mean": 173354.298114,
          "stddev": 126088.48524,
          "N": 169663,
          "percentile": {
            "1.000000": 42752,
            "5.000000": 45824,
            "10.000000": 48896,
            "20.000000": 62208,
            "30.000000": 83456,
            "40.000000": 115200,
            "50.000000": 156672,
            "60.000000": 199680,
            "70.000000": 242688,
            "80.000000": 284672,
            "90.000000": 325632,
            "95.000000": 350208,
            "99.000000": 391168,
            "99.500000": 403456,
            "99.900000": 440320,
            "99.950000": 456704,
            "99.990000": 528384
          }
        },
        "lat_ns": {
          "min": 48285,
          "max": 21076148,
          "mean": 198551.741228,
          "stddev": 128921.839883,
          "N": 169663
        },
        "bw_min": 641792,
        "bw_max": 1366528,
        "bw_agg": 100.0,
        "bw_mean": 725317.423729,
        "bw_dev": 135401.285254,
        "bw_samples": 59,
        "iops_min": 5014,
        "iops_max": 10676,
        "iops_mean": 5666.542373,
        "iops_stddev": 1057.822541,
        "iops_samples": 59
      },
      "trim": {
        "io_bytes": 0,
        "io_kbytes": 0,
        "bw_bytes": 0,
        "bw": 0,
        "iops": 0.0,
        "runtime": 0,
        "total_ios": 0,
        "short_ios": 0,
        "drop_ios": 0,
        "slat_ns": {
          "min": 0,
          "max": 0,
          "mean": 0.0,
          "stddev": 0.0,
          "N": 0
        },
        "clat_ns": {
          "min": 0,
          "max": 0,
          "mean": 0.0,
          "stddev": 0.0,
          "N": 0
        },
        "lat_ns": {
          "min": 0,
          "max": 0,
          "mean": 0.0,
          "stddev": 0.0,
          "N": 0
        },
        "bw_min": 0,
        "bw_max": 0,
        "bw_agg": 0.0,
        "bw_mean": 0.0,
        "bw_dev": 0.0,
        "bw_samples": 0,
        "iops_min": 0,
        "iops_max": 0,
        "iops_mean": 0.0,
        "iops_stddev": 0.0,
        "iops_samples": 0
      },
      "sync": {
        "total_ios": 0,
        "lat_ns": {
          "min": 0,
          "max": 0,
          "mean": 0.0,
          "stddev": 0.0,
          "N": 0
        }
      },
      "job_runtime": 30000,
      "usr_cpu": 8.553333,
      "sys_cpu": 53.293333,
      "ctx": 88597,
      "majf": 0,
      "minf": 29,
      "iodepth_level": {
        "1": 0.1,
        "2": 0.1,
        "4": 0.1,
        "8": 0.1,
        "16": 99.997783,
        "32": 0.0,
        ">=64": 0.0
      },
      "iodepth_submit": {
        "0": 0.0,
        "4": 100.0,
        "8": 0.0,
        "16": 0.0,
        "32": 0.0,
        "64": 0.0,
        ">=64": 0.0
      },
      "iodepth_complete": {
        "0": 0.0,
        "4": 99.999852,
        "8": 0.0,
        "16": 0.1,
        "32": 0.0,
        "64": 0.0,
        ">=64": 0.0
      },
      "latency_ns": {
        "2": 0.0,
        "4": 0.0,
        "10": 0.0,
        "20": 0.0,
        "50": 0.0,
        "100": 0.0,
        "250": 0.0,
        "500": 0.0,
        "750": 0.0,
        "1000": 0.0
      },
      "latency_us": {
        "2": 0.01,
        "4": 0.0,
        "10": 0.0,
        "20": 0.0,
        "50": 2.859921,
        "100": 6.12418,
        "250": 13.256988,
        "500": 40.791858,
        "750": 6.218319,
        "1000": 3.059578
      },
      "latency_ms": {
        "2": 25.782887,
        "4": 1.882772,
        "10": 0.01,
        "20": 0.01,
        "50": 0.011675,
        "100": 0.0,
        "250": 0.0,
        "500": 0.0,
        "750": 0.0,
        "1000": 0.0,
        "2000": 0.0,
        ">=2000": 0.0
      },
      "latency_depth": 16,
      "latency_target": 0,
      "latency_percentile": 100.0,
      "latency_window": 0
    }
  ],
  "disk_util": [
    {
      "name": "nvme1n1",
      "read_ios": 505112,
      "write_ios": 169004,
      "read_merges": 0,
      "write_merges": 0,
      "read_ticks": 368616,
      "write_ticks": 8613,
      "in_queue": 377229,
      "util": 99.742931
    }
  ]
}