{
  "fio version": "fio-3.28",
  "timestamp": 1757682534,
  "timestamp_ms": 1757682534187,
  "time": "Fri Sep 12 09:08:54 2025",
  "jobs": [
    {
      "jobname": "mixed_sweep_16k_r25",
      "groupid": 0,
      "error": 0,
      "eta": 0,
      "elapsed": 31,
      "job options": {
        "name": "mixed_sweep_16k_r25",
        "filename": "/dev/nvme1n1",
        "rw": "rw",
        "bs": "16k",
        "iodepth": "16",
        "runtime": "30",
        "numjobs": "1",
        "time_based": "1",
        "ioengine": "libaio",
        "direct": "1",
        "group_reporting": "1",
        "rwmixread": "25"
      },
      "read": {
        "io_bytes": 17308876800,
        "io_kbytes": 16903200,
        "bw_bytes": 576924098,
        "bw": 563402,
        "iops": 35212.65249,
        "runtime": 30002,
        "total_ios": 1056450,
        "short_ios": 0,
        "drop_ios": 0,
        "slat_ns": {
          "min": 2161,
          "max": 63625,
          "mean": 3464.408548,
          "stddev": 1131.463917,
          "N": 1056450
        },
        "clat_ns": {
          "min": 3903,
          "max": 23823573,
          "mean": 325900.649646,
          "stddev": 658854.25118,
          "N": 1056450,
          "percentile": {
            "1.000000": 12864,
            "5.000000": 14656,
            "10.000000": 17024,
            "20.000000": 21888,
            "30.000000": 28032,
            "40.000000": 35072,
            "50.000000": 43264,
            "60.000000": 55040,
            "70.000000": 66048,
            "80.000000": 419840,
            "90.000000": 1351680,
            "95.000000": 1957888,
            "99.000000": 2736128,
            "99.500000": 2998272,
            "99.900000": 3719168,
            "99.950000": 4177920,
            "99.990000": 5603328
          }
        },
        "lat_ns": {
          "min": 12816,
          "max": 23830817,
          "mean": 329467.152189,
          "stddev": 658804.962218,
          "N": 1056450
        },
        "bw_min": 453984,
        "bw_max": 873632,
        "bw_agg": 100.0,
        "bw_mean": 563948.474576,
        "bw_dev": 74082.104867,
        "bw_samples": 59,
        "iops_min": 28374,
        "iops_max": 54602,
        "iops_mean": 35246.779661,
        "iops_stddev": 4630.131554,
        "iops_samples": 59
      },
      "write": {
        "io_bytes": 51843727360,
        "io_kbytes": 50628640,
        "bw_bytes": 1728009044,
        "bw": 1687508,
        "iops": 105469.302047,
        "runtime": 30002,
        "total_ios": 3164290,
        "short_ios": 0,
        "drop_ios": 0,
        "slat_ns": {
          "min": 2116,
          "max": 112996,
          "mean": 3544.672257,
          "stddev": 1152.04301,
          "N": 3164290
        },
        "clat_ns": {
          "min": 2902,
          "max": 23348918,
          "mean": 37516.472535,
          "stddev": 164482.354487,
          "N": 3164290,
          "percentile": {
            "1.000000": 12864,
            "5.000000": 13760,
            "10.000000": 14784,
            "20.000000": 17280,
            "30.000000": 21120,
            "40.000000": 25728,
            "50.000000": 31872,
            "60.000000": 38144,
            "70.000000": 45312,
            "80.000000": 54528,
            "90.000000": 63232,
            "95.000000": 69120,
            "99.000000": 82432,
            "99.500000": 94720,
            "99.900000": 166912,
            "99.950000": 254976,
            "99.990000": 2375680
          }
        },
        "lat_ns": {
          "min": 13542,
          "max": 23351776,
          "mean": 41163.770357,
          "stddev": 164498.276965,
          "N": 3164290
        },
        "bw_min": 1364384,
        "bw_max": 2625856,
        "bw_agg": 100.0,
        "bw_mean": 1689316.338983,
        "bw_dev": 223775.542277,
        "bw_samples": 59,
        "iops_min": 85274,
        "iops_max": 164116,
        "iops_mean": 105582.271186,
        "iops_stddev": 13985.971392,
        "iops_samples": 59
      },
      "trim": {
        "io_bytes": 0,
        "io_kbytes": 0,
        "bw_bytes": 0,
        "bw": 0,
        "iops": 0.0,
        "runtime": 0,
        "total_ios": 0,
        "short_ios": 0,
        "drop_ios": 0,
        "slat_ns": {
          "min": 0,
          "max": 0,
          "mean": 0.0,
          "stddev": 0.0,
          "N": 0
        },
        "clat_ns": {
          "min": 0,
          "max": 0,
          "mean": 0.0,
          "stddev": 0.0,
          "N": 0
        },
        "lat_ns": {
          "min": 0,
          "max": 0,
          "mean": 0.0,
          "stddev": 0.0,
          "N": 0
        },
        "bw_min": 0,
        "bw_max": 0,
        "bw_agg": 0.0,
        "bw_mean": 0.0,
        "bw_dev": 0.0,
        "bw_samples": 0,
        "iops_min": 0,
        "iops_max": 0,
        "iops_mean": 0.0,
        "iops_stddev": 0.0,
        "iops_samples": 0
      },
      "sync": {
        "total_ios": 0,
        "lat_ns": {
          "min": 0,
          "max": 0,
          "mean": 0.0,
          "stddev": 0.0,
          "N": 0
        }
      },
      "job_runtime": 30001,
      "usr_cpu": 16.116129,
      "sys_cpu": 52.178261,
      "ctx": 496246,
      "majf": 0,
      "minf": 21,
      "iodepth_level": {
        "1": 0.1,
        "2": 0.1,
        "4": 0.1,
        "8": 0.1,
        "16": 99.999645,
        "32": 0.0,
        ">=64": 0.0
      },
      "iodepth_submit": {
        "0": 0.0,
        "4": 100.0,
        "8": 0.0,
        "16": 0.0,
        "32": 0.0,
        "64": 0.0,
        ">=64": 0.0
      },
      "iodepth_complete": {
        "0": 0.0,
        "4": 99.999976,
        "8": 0.0,
        "16": 0.1,
        "32": 0.0,
        "64": 0.0,
        ">=64": 0.0
      },
      "latency_ns": {
        "2": 0.0,
        "4": 0.0,
        "10": 0.0,
        "20": 0.0,
        "50": 0.0,
        "100": 0.0,
        "250": 0.0,
        "500": 0.0,
        "750": 0.0,
        "1000": 0.0
      },
      "latency_us": {
        "2": 0.0,
        "4": 0.01,
        "10": 0.013339,
        "20": 24.82387,
        "50": 45.421585,
        "100": 23.430536,
        "250": 0.683601,
        "500": 0.893635,
        "750": 0.898966,
        "1000": 0.74006
      },
      "latency_ms": {
        "2": 1.940442,
        "4": 1.132882,
        "10": 0.015305,
        "20": 0.01,
        "50": 0.01,
        "100": 0.0,
        "250": 0.0,
        "500": 0.0,
        "750": 0.0,
        "1000": 0.0,
        "2000": 0.0,
        ">=2000": 0.0
      },
      "latency_depth": 16,
      "latency_target": 0,
      "latency_percentile": 100.0,
      "latency_window": 0
    }
  ],
  "disk_util": [
    {
      "name": "nvme1n1",
      "read_ios": 1052342,
      "write_ios": 3152257,
      "read_merges": 0,
      "write_merges": 0,
      "read_ticks": 322269,
      "write_ticks": 54708,
      "in_queue": 376977,
      "util": 99.729649
    }
  ]
}