{
  "fio version": "fio-3.28",
  "timestamp": 1757683116,
  "timestamp_ms": 1757683116811,
  "time": "Fri Sep 12 09:18:36 2025",
  "jobs": [
    {
      "jobname": "mixed_sweep_128k_r100",
      "groupid": 0,
      "error": 0,
      "eta": 0,
      "elapsed": 31,
      "job options": {
        "name": "mixed_sweep_128k_r100",
        "filename": "/dev/nvme1n1",
        "rw": "rw",
        "bs": "128k",
        "iodepth": "16",
        "runtime": "30",
        "numjobs": "1",
        "time_based": "1",
        "ioengine": "libaio",
        "direct": "1",
        "group_reporting": "1",
        "rwmixread": "100"
      },
      "read": {
        "io_bytes": 186021838848,
        "io_kbytes": 181661952,
        "bw_bytes": 6200521277,
        "bw": 6055196,
        "iops": 47306.223126,
        "runtime": 30001,
        "total_ios": 1419234,
        "short_ios": 0,
        "drop_ios": 0,
        "slat_ns": {
          "min": 7343,
          "max": 124363,
          "mean": 10165.663317,
          "stddev": 2449.549655,
          "N": 1419234
        },
        "clat_ns": {
          "min": 87581,
          "max": 2851796,
          "mean": 327458.664515,
          "stddev": 122055.875608,
          "N": 1419234,
          "percentile": {
            "1.000000": 154624,
            "5.000000": 185344,
            "10.000000": 205824,
            "20.000000": 234496,
            "30.000000": 259072,
            "40.000000": 276480,
            "50.000000": 301056,
            "60.000000": 325632,
            "70.000000": 358400,
            "80.000000": 403456,
            "90.000000": 485376,
            "95.000000": 561152,
            "99.000000": 733184,
            "99.500000": 798720,
            "99.900000": 1003520,
            "99.950000": 1187840,
            "99.990000": 1974272
          }
        },
        "lat_ns": {
          "min": 97345,
          "max": 2861334,
          "mean": 337740.396303,
          "stddev": 122016.001761,
          "N": 1419234
        },
        "bw_min": 5501440,
        "bw_max": 6772224,
        "bw_agg": 100.0,
        "bw_mean": 6069269.694915,
        "bw_dev": 311106.360705,
        "bw_samples": 59,
        "iops_min": 42980,
        "iops_max": 52908,
        "iops_mean": 47416.237288,
        "iops_stddev": 2430.457714,
        "iops_samples": 59
      },
      "write": {
        "io_bytes": 0,
        "io_kbytes": 0,
        "bw_bytes": 0,
        "bw": 0,
        "iops": 0.0,
        "runtime": 0,
        "total_ios": 0,
        "short_ios": 0,
        "drop_ios": 0,
        "slat_ns": {
          "min": 0,
          "max": 0,
          "mean": 0.0,
          "stddev": 0.0,
          "N": 0
        },
        "clat_ns": {
          "min": 0,
          "max": 0,
          "mean": 0.0,
          "stddev": 0.0,
          "N": 0
        },
        "lat_ns": {
          "min": 0,
          "max": 0,
          "mean": 0.0,
          "stddev": 0.0,
          "N": 0
        },
        "bw_min": 0,
        "bw_max": 0,
        "bw_agg": 0.0,
        "bw_mean": 0.0,
        "bw_dev": 0.0,
        "bw_samples": 0,
        "iops_min": 0,
        "iops_max": 0,
        "iops_mean": 0.0,
        "iops_stddev": 0.0,
        "iops_samples": 0
      },
      "trim": {
        "io_bytes": 0,
        "io_kbytes": 0,
        "bw_bytes": 0,
        "bw": 0,
        "iops": 0.0,
        "runtime": 0,
        "total_ios": 0,
        "short_ios": 0,
        "drop_ios": 0,
        "slat_ns": {
          "min": 0,
          "max": 0,
          "mean": 0.0,
          "stddev": 0.0,
          "N": 0
        },
        "clat_ns": {
          "min": 0,
          "max": 0,
          "mean": 0.0,
          "stddev": 0.0,
          "N": 0
        },
        "lat_ns": {
          "min": 0,
          "max": 0,
          "mean": 0.0,
          "stddev": 0.0,
          "N": 0
        },
        "bw_min": 0,
        "bw_max": 0,
        "bw_agg": 0.0,
        "bw_mean": 0.0,
        "bw_dev": 0.0,
        "bw_samples": 0,
        "iops_min": 0,
        "iops_max": 0,
        "iops_mean": 0.0,
        "iops_stddev": 0.0,
        "iops_samples": 0
      },
      "sync": {
        "total_ios": 0,
        "lat_ns": {
          "min": 0,
          "max": 0,
          "mean": 0.0,
          "stddev": 0.0,
          "N": 0
        }
      },
      "job_runtime": 30000,
      "usr_cpu": 6.276667,
      "sys_cpu": 56.886667,
      "ctx": 574311,
      "majf": 0,
      "minf": 14,
      "iodepth_level": {
        "1": 0.1,
        "2": 0.1,
        "4": 0.1,
        "8": 0.1,
        "16": 99.998943,
        "32": 0.0,
        ">=64": 0.0
      },
      "iodepth_submit": {
        "0": 0.0,
        "4": 100.0,
        "8": 0.0,
        "16": 0.0,
        "32": 0.0,
        "64": 0.0,
        ">=64": 0.0
      },
      "iodepth_complete": {
        "0": 0.0,
        "4": 99.99993,
        "8": 0.0,
        "16": 0.1,
        "32": 0.0,
        "64": 0.0,
        ">=64": 0.0
      },
      "latency_ns": {
        "2": 0.0,
        "4": 0.0,
        "10": 0.0,
        "20": 0.0,
        "50": 0.0,
        "100": 0.0,
        "250": 0.0,
        "500": 0.0,
        "750": 0.0,
        "1000": 0.0
      },
      "latency_us": {
        "2": 0.0,
        "4": 0.0,
        "10": 0.0,
        "20": 0.0,
        "50": 0.0,
        "100": 0.01,
        "250": 26.024038,
        "500": 65.242307,
        "750": 7.872979,
        "1000": 0.755267
      },
      "latency_ms": {
        "2": 0.092867,
        "4": 0.01,
        "10": 0.0,
        "20": 0.0,
        "50": 0.0,
        "100": 0.0,
        "250": 0.0,
        "500": 0.0,
        "750": 0.0,
        "1000": 0.0,
        "2000": 0.0,
        ">=2000": 0.0
      },
      "latency_depth": 16,
      "latency_target": 0,
      "latency_percentile": 100.0,
      "latency_window": 0
    }
  ],
  "disk_util": [
    {
      "name": "nvme1n1",
      "read_ios": 1413770,
      "write_ios": 0,
      "read_merges": 0,
      "write_merges": 0,
      "read_ticks": 453196,
      "write_ticks": 0,
      "in_queue": 453195,
      "util": 99.729576
    }
  ]
}