{
  "fio version": "fio-3.28",
  "timestamp": 1757682275,
  "timestamp_ms": 1757682275284,
  "time": "Fri Sep 12 09:04:35 2025",
  "jobs": [
    {
      "jobname": "mixed_sweep_4k_r10",
      "groupid": 0,
      "error": 0,
      "eta": 0,
      "elapsed": 31,
      "job options": {
        "name": "mixed_sweep_4k_r10",
        "filename": "/dev/nvme1n1",
        "rw": "rw",
        "bs": "4k",
        "iodepth": "16",
        "runtime": "30",
        "numjobs": "1",
        "time_based": "1",
        "ioengine": "libaio",
        "direct": "1",
        "group_reporting": "1",
        "rwmixread": "10"
      },
      "read": {
        "io_bytes": 3626770432,
        "io_kbytes": 3541768,
        "bw_bytes": 120888318,
        "bw": 118054,
        "iops": 29513.749542,
        "runtime": 30001,
        "total_ios": 885442,
        "short_ios": 0,
        "drop_ios": 0,
        "slat_ns": {
          "min": 1502,
          "max": 69822,
          "mean": 2681.926673,
          "stddev": 790.041742,
          "N": 885442
        },
        "clat_ns": {
          "min": 7937,
          "max": 1844408,
          "mean": 50700.30867,
          "stddev": 11171.621105,
          "N": 885442,
          "percentile": {
            "1.000000": 45824,
            "5.000000": 46848,
            "10.000000": 48896,
            "20.000000": 49408,
            "30.000000": 49408,
            "40.000000": 49408,
            "50.000000": 49920,
            "60.000000": 49920,
            "70.000000": 49920,
            "80.000000": 50432,
            "90.000000": 52480,
            "95.000000": 57088,
            "99.000000": 77312,
            "99.500000": 78336,
            "99.900000": 90624,
            "99.950000": 121344,
            "99.990000": 238592
          }
        },
        "lat_ns": {
          "min": 9594,
          "max": 1847297,
          "mean": 53468.482356,
          "stddev": 11278.541923,
          "N": 885442
        },
        "bw_min": 74656,
        "bw_max": 122256,
        "bw_agg": 100.0,
        "bw_mean": 118130.983051,
        "bw_dev": 6344.185743,
        "bw_samples": 59,
        "iops_min": 18664,
        "iops_max": 30564,
        "iops_mean": 29532.745763,
        "iops_stddev": 1586.046436,
        "iops_samples": 59
      },
      "write": {
        "io_bytes": 32638844928,
        "io_kbytes": 31873872,
        "bw_bytes": 1087925233,
        "bw": 1062426,
        "iops": 265606.746442,
        "runtime": 30001,
        "total_ios": 7968468,
        "short_ios": 0,
        "drop_ios": 0,
        "slat_ns": {
          "min": 1461,
          "max": 162445,
          "mean": 2627.411464,
          "stddev": 780.255316,
          "N": 7968468
        },
        "clat_ns": {
          "min": 9246,
          "max": 20841555,
          "mean": 51287.674876,
          "stddev": 84344.254295,
          "N": 7968468,
          "percentile": {
            "1.000000": 48384,
            "5.000000": 48896,
            "10.000000": 49408,
            "20.000000": 49408,
            "30.000000": 49408,
            "40.000000": 49408,
            "50.000000": 49920,
            "60.000000": 49920,
            "70.000000": 49920,
            "80.000000": 50432,
            "90.000000": 52480,
            "95.000000": 57088,
            "99.000000": 77312,
            "99.500000": 78336,
            "99.900000": 90624,
            "99.950000": 115200,
            "99.990000": 191488
          }
        },
        "lat_ns": {
          "min": 12695,
          "max": 20844229,
          "mean": 54000.004612,
          "stddev": 84352.55215,
          "N": 7968468
        },
        "bw_min": 668200,
        "bw_max": 1089248,
        "bw_agg": 100.0,
        "bw_mean": 1063125.966102,
        "bw_dev": 57118.553301,
        "bw_samples": 59,
        "iops_min": 167050,
        "iops_max": 272312,
        "iops_mean": 265781.491525,
        "iops_stddev": 14279.653698,
        "iops_samples": 59
      },
      "trim": {
        "io_bytes": 0,
        "io_kbytes": 0,
        "bw_bytes": 0,
        "bw": 0,
        "iops": 0.0,
        "runtime": 0,
        "total_ios": 0,
        "short_ios": 0,
        "drop_ios": 0,
        "slat_ns": {
          "min": 0,
          "max": 0,
          "mean": 0.0,
          "stddev": 0.0,
          "N": 0
        },
        "clat_ns": {
          "min": 0,
          "max": 0,
          "mean": 0.0,
          "stddev": 0.0,
          "N": 0
        },
        "lat_ns": {
          "min": 0,
          "max": 0,
          "mean": 0.0,
          "stddev": 0.0,
          "N": 0
        },
        "bw_min": 0,
        "bw_max": 0,
        "bw_agg": 0.0,
        "bw_mean": 0.0,
        "bw_dev": 0.0,
        "bw_samples": 0,
        "iops_min": 0,
        "iops_max": 0,
        "iops_mean": 0.0,
        "iops_stddev": 0.0,
        "iops_samples": 0
      },
      "sync": {
        "total_ios": 0,
        "lat_ns": {
          "min": 0,
          "max": 0,
          "mean": 0.0,
          "stddev": 0.0,
          "N": 0
        }
      },
      "job_runtime": 30000,
      "usr_cpu": 20.516667,
      "sys_cpu": 78.783333,
      "ctx": 553,
      "majf": 0,
      "minf": 19,
      "iodepth_level": {
        "1": 0.1,
        "2": 0.1,
        "4": 0.1,
        "8": 0.1,
        "16": 99.999831,
        "32": 0.0,
        ">=64": 0.0
      },
      "iodepth_submit": {
        "0": 0.0,
        "4": 100.0,
        "8": 0.0,
        "16": 0.0,
        "32": 0.0,
        "64": 0.0,
        ">=64": 0.0
      },
      "iodepth_complete": {
        "0": 0.0,
        "4": 99.999989,
        "8": 0.0,
        "16": 0.1,
        "32": 0.0,
        "64": 0.0,
        ">=64": 0.0
      },
      "latency_ns": {
        "2": 0.0,
        "4": 0.0,
        "10": 0.0,
        "20": 0.0,
        "50": 0.0,
        "100": 0.0,
        "250": 0.0,
        "500": 0.0,
        "750": 0.0,
        "1000": 0.0
      },
      "latency_us": {
        "2": 0.0,
        "4": 0.0,
        "10": 0.01,
        "20": 0.01,
        "50": 67.725118,
        "100": 32.195516,
        "250": 0.070071,
        "500": 0.01,
        "750": 0.01,
        "1000": 0.01
      },
      "latency_ms": {
        "2": 0.01,
        "4": 0.0,
        "10": 0.01,
        "20": 0.01,
        "50": 0.01,
        "100": 0.0,
        "250": 0.0,
        "500": 0.0,
        "750": 0.0,
        "1000": 0.0,
        "2000": 0.0,
        ">=2000": 0.0
      },
      "latency_depth": 16,
      "latency_target": 0,
      "latency_percentile": 100.0,
      "latency_window": 0
    }
  ],
  "disk_util": [
    {
      "name": "nvme1n1",
      "read_ios": 881720,
      "write_ios": 7935656,
      "read_merges": 0,
      "write_merges": 0,
      "read_ticks": 7945,
      "write_ticks": 81089,
      "in_queue": 89034,
      "util": 99.572735
    }
  ]
}