{
  "fio version" : "fio-3.28",
  "timestamp" : 1758039618,
  "timestamp_ms" : 1758039618656,
  "time" : "Tue Sep 16 12:20:18 2025",
  "jobs" : [
    {
      "jobname" : "mixed_sweep_64k_r25_degraded",
      "groupid" : 0,
      "error" : 0,
      "eta" : 0,
      "elapsed" : 31,
      "job options" : {
        "name" : "mixed_sweep_64k_r25_degraded",
        "filename" : "./mixed_sweep_64k_r25_degraded_test",
        "size" : "1G",
        "rw" : "rw",
        "bs" : "64k",
        "direct" : "1",
        "runtime" : "30",
        "time_based" : "1",
        "ioengine" : "libaio",
        "iodepth" : "1",
        "numjobs" : "1",
        "rwmixread" : "25"
      },
      "read" : {
        "io_bytes" : 8459780096,
        "io_kbytes" : 8261504,
        "bw_bytes" : 281983270,
        "bw" : 275374,
        "iops" : 4302.723243,
        "runtime" : 30001,
        "total_ios" : 129086,
        "short_ios" : 0,
        "drop_ios" : 0,
        "slat_ns" : {
          "min" : 7315,
          "max" : 124230,
          "mean" : 18666.710108,
          "stddev" : 2466.889077,
          "N" : 129086
        },
        "clat_ns" : {
          "min" : 1653,
          "max" : 3987517,
          "mean" : 34453.633423,
          "stddev" : 17630.962717,
          "N" : 129086,
          "percentile" : {
            "1.000000" : 31104,
            "5.000000" : 32384,
            "10.000000" : 32640,
            "20.000000" : 33024,
            "30.000000" : 33536,
            "40.000000" : 33536,
            "50.000000" : 33536,
            "60.000000" : 33536,
            "70.000000" : 34048,
            "80.000000" : 34048,
            "90.000000" : 35072,
            "95.000000" : 36608,
            "99.000000" : 54528,
            "99.500000" : 86528,
            "99.900000" : 113152,
            "99.950000" : 138240,
            "99.990000" : 280576
          }
        },
        "lat_ns" : {
          "min" : 35479,
          "max" : 4009325,
          "mean" : 53492.518244,
          "stddev" : 17773.283137,
          "N" : 129086
        },
        "bw_min" : 256512,
        "bw_max" : 291712,
        "bw_agg" : 100.000000,
        "bw_mean" : 275586.169492,
        "bw_dev" : 6842.562751,
        "bw_samples" : 59,
        "iops_min" : 4008,
        "iops_max" : 4558,
        "iops_mean" : 4306.000000,
        "iops_stddev" : 106.989526,
        "iops_samples" : 59
      },
      "write" : {
        "io_bytes" : 25254363136,
        "io_kbytes" : 24662464,
        "bw_bytes" : 841784045,
        "bw" : 822054,
        "iops" : 12844.605180,
        "runtime" : 30001,
        "total_ios" : 385351,
        "short_ios" : 0,
        "drop_ios" : 0,
        "slat_ns" : {
          "min" : 8158,
          "max" : 300082,
          "mean" : 18860.503063,
          "stddev" : 2324.791037,
          "N" : 385351
        },
        "clat_ns" : {
          "min" : 1800,
          "max" : 8456699,
          "mean" : 38697.161100,
          "stddev" : 17929.566588,
          "N" : 385351,
          "percentile" : {
            "1.000000" : 37120,
            "5.000000" : 37632,
            "10.000000" : 37632,
            "20.000000" : 37632,
            "30.000000" : 38144,
            "40.000000" : 38144,
            "50.000000" : 38144,
            "60.000000" : 38144,
            "70.000000" : 38656,
            "80.000000" : 39168,
            "90.000000" : 39168,
            "95.000000" : 40192,
            "99.000000" : 45312,
            "99.500000" : 49920,
            "99.900000" : 69120,
            "99.950000" : 72192,
            "99.990000" : 100864
          }
        },
        "lat_ns" : {
          "min" : 37254,
          "max" : 8510015,
          "mean" : 57932.267294,
          "stddev" : 18156.170155,
          "N" : 385351
        },
        "bw_min" : 796032,
        "bw_max" : 839552,
        "bw_agg" : 100.000000,
        "bw_mean" : 822721.084746,
        "bw_dev" : 11086.281347,
        "bw_samples" : 59,
        "iops_min" : 12438,
        "iops_max" : 13120,
        "iops_mean" : 12855.016949,
        "iops_stddev" : 173.254596,
        "iops_samples" : 59
      },
      "trim" : {
        "io_bytes" : 0,
        "io_kbytes" : 0,
        "bw_bytes" : 0,
        "bw" : 0,
        "iops" : 0.000000,
        "runtime" : 0,
        "total_ios" : 0,
        "short_ios" : 0,
        "drop_ios" : 0,
        "slat_ns" : {
          "min" : 0,
          "max" : 0,
          "mean" : 0.000000,
          "stddev" : 0.000000,
          "N" : 0
        },
        "clat_ns" : {
          "min" : 0,
          "max" : 0,
          "mean" : 0.000000,
          "stddev" : 0.000000,
          "N" : 0
        },
        "lat_ns" : {
          "min" : 0,
          "max" : 0,
          "mean" : 0.000000,
          "stddev" : 0.000000,
          "N" : 0
        },
        "bw_min" : 0,
        "bw_max" : 0,
        "bw_agg" : 0.000000,
        "bw_mean" : 0.000000,
        "bw_dev" : 0.000000,
        "bw_samples" : 0,
        "iops_min" : 0,
        "iops_max" : 0,
        "iops_mean" : 0.000000,
        "iops_stddev" : 0.000000,
        "iops_samples" : 0
      },
      "sync" : {
        "total_ios" : 0,
        "lat_ns" : {
          "min" : 0,
          "max" : 0,
          "mean" : 0.000000,
          "stddev" : 0.000000,
          "N" : 0
        }
      },
      "job_runtime" : 30000,
      "usr_cpu" : 9.543333,
      "sys_cpu" : 38.080000,
      "ctx" : 514408,
      "majf" : 0,
      "minf" : 28,
      "iodepth_level" : {
        "1" : 100.000000,
        "2" : 0.000000,
        "4" : 0.000000,
        "8" : 0.000000,
        "16" : 0.000000,
        "32" : 0.000000,
        ">=64" : 0.000000
      },
      "iodepth_submit" : {
        "0" : 0.000000,
        "4" : 100.000000,
        "8" : 0.000000,
        "16" : 0.000000,
        "32" : 0.000000,
        "64" : 0.000000,
        ">=64" : 0.000000
      },
      "iodepth_complete" : {
        "0" : 0.000000,
        "4" : 100.000000,
        "8" : 0.000000,
        "16" : 0.000000,
        "32" : 0.000000,
        "64" : 0.000000,
        ">=64" : 0.000000
      },
      "latency_ns" : {
        "2" : 0.000000,
        "4" : 0.000000,
        "10" : 0.000000,
        "20" : 0.000000,
        "50" : 0.000000,
        "100" : 0.000000,
        "250" : 0.000000,
        "500" : 0.000000,
        "750" : 0.000000,
        "1000" : 0.000000
      },
      "latency_us" : {
        "2" : 0.010000,
        "4" : 0.010000,
        "10" : 0.000000,
        "20" : 0.010000,
        "50" : 99.323338,
        "100" : 0.613292,
        "250" : 0.043737,
        "500" : 0.010000,
        "750" : 0.010000,
        "1000" : 0.010000
      },
      "latency_ms" : {
        "2" : 0.010000,
        "4" : 0.010000,
        "10" : 0.010000,
        "20" : 0.000000,
        "50" : 0.000000,
        "100" : 0.000000,
        "250" : 0.000000,
        "500" : 0.000000,
        "750" : 0.000000,
        "1000" : 0.000000,
        "2000" : 0.000000,
        ">=2000" : 0.000000
      },
      "latency_depth" : 1,
      "latency_target" : 0,
      "latency_percentile" : 100.000000,
      "latency_window" : 0
    }
  ],
  "disk_util" : [
    {
      "name" : "nvme0n1",
      "read_ios" : 128835,
      "write_ios" : 384635,
      "read_merges" : 0,
      "write_merges" : 33,
      "read_ticks" : 4309,
      "write_ticks" : 12996,
      "in_queue" : 17318,
      "util" : 52.108875
    }
  ]
}
