{
  "fio version": "fio-3.28",
  "timestamp": 1757682242,
  "timestamp_ms": 1757682242912,
  "time": "Fri Sep 12 09:04:02 2025",
  "jobs": [
    {
      "jobname": "mixed_sweep_4k_r0",
      "groupid": 0,
      "error": 0,
      "eta": 0,
      "elapsed": 31,
      "job options": {
        "name": "mixed_sweep_4k_r0",
        "filename": "/dev/nvme1n1",
        "rw": "rw",
        "bs": "4k",
        "iodepth": "16",
        "runtime": "30",
        "numjobs": "1",
        "time_based": "1",
        "ioengine": "libaio",
        "direct": "1",
        "group_reporting": "1",
        "rwmixread": "0"
      },
      "read": {
        "io_bytes": 0,
        "io_kbytes": 0,
        "bw_bytes": 0,
        "bw": 0,
        "iops": 0.0,
        "runtime": 0,
        "total_ios": 0,
        "short_ios": 0,
        "drop_ios": 0,
        "slat_ns": {
          "min": 0,
          "max": 0,
          "mean": 0.0,
          "stddev": 0.0,
          "N": 0
        },
        "clat_ns": {
          "min": 0,
          "max": 0,
          "mean": 0.0,
          "stddev": 0.0,
          "N": 0
        },
        "lat_ns": {
          "min": 0,
          "max": 0,
          "mean": 0.0,
          "stddev": 0.0,
          "N": 0
        },
        "bw_min": 0,
        "bw_max": 0,
        "bw_agg": 0.0,
        "bw_mean": 0.0,
        "bw_dev": 0.0,
        "bw_samples": 0,
        "iops_min": 0,
        "iops_max": 0,
        "iops_mean": 0.0,
        "iops_stddev": 0.0,
        "iops_samples": 0
      },
      "write": {
        "io_bytes": 37563826176,
        "io_kbytes": 36683424,
        "bw_bytes": 1252085803,
        "bw": 1222740,
        "iops": 305685.0105,
        "runtime": 30001,
        "total_ios": 9170856,
        "short_ios": 0,
        "drop_ios": 0,
        "slat_ns": {
          "min": 1473,
          "max": 169376,
          "mean": 2571.441907,
          "stddev": 643.194248,
          "N": 9170856
        },
        "clat_ns": {
          "min": 16624,
          "max": 22284649,
          "mean": 49430.386448,
          "stddev": 85544.015133,
          "N": 9170856,
          "percentile": {
            "1.000000": 46848,
            "5.000000": 47360,
            "10.000000": 47360,
            "20.000000": 47360,
            "30.000000": 47872,
            "40.000000": 47872,
            "50.000000": 47872,
            "60.000000": 47872,
            "70.000000": 48384,
            "80.000000": 48384,
            "90.000000": 50432,
            "95.000000": 54016,
            "99.000000": 77312,
            "99.500000": 78336,
            "99.900000": 87552,
            "99.950000": 88576,
            "99.990000": 93696
          }
        },
        "lat_ns": {
          "min": 19265,
          "max": 22287245,
          "mean": 52070.211102,
          "stddev": 85553.811918,
          "N": 9170856
        },
        "bw_min": 771184,
        "bw_max": 1257448,
        "bw_agg": 100.0,
        "bw_mean": 1223328.0,
        "bw_dev": 87033.68722,
        "bw_samples": 59,
        "iops_min": 192796,
        "iops_max": 314362,
        "iops_mean": 305832.135593,
        "iops_stddev": 21758.441348,
        "iops_samples": 59
      },
      "trim": {
        "io_bytes": 0,
        "io_kbytes": 0,
        "bw_bytes": 0,
        "bw": 0,
        "iops": 0.0,
        "runtime": 0,
        "total_ios": 0,
        "short_ios": 0,
        "drop_ios": 0,
        "slat_ns": {
          "min": 0,
          "max": 0,
          "mean": 0.0,
          "stddev": 0.0,
          "N": 0
        },
        "clat_ns": {
          "min": 0,
          "max": 0,
          "mean": 0.0,
          "stddev": 0.0,
          "N": 0
        },
        "lat_ns": {
          "min": 0,
          "max": 0,
          "mean": 0.0,
          "stddev": 0.0,
          "N": 0
        },
        "bw_min": 0,
        "bw_max": 0,
        "bw_agg": 0.0,
        "bw_mean": 0.0,
        "bw_dev": 0.0,
        "bw_samples": 0,
        "iops_min": 0,
        "iops_max": 0,
        "iops_mean": 0.0,
        "iops_stddev": 0.0,
        "iops_samples": 0
      },
      "sync": {
        "total_ios": 0,
        "lat_ns": {
          "min": 0,
          "max": 0,
          "mean": 0.0,
          "stddev": 0.0,
          "N": 0
        }
      },
      "job_runtime": 30000,
      "usr_cpu": 19.536667,
      "sys_cpu": 79.693333,
      "ctx": 457,
      "majf": 0,
      "minf": 16,
      "iodepth_level": {
        "1": 0.1,
        "2": 0.1,
        "4": 0.1,
        "8": 0.1,
        "16": 99.999836,
        "32": 0.0,
        ">=64": 0.0
      },
      "iodepth_submit": {
        "0": 0.0,
        "4": 100.0,
        "8": 0.0,
        "16": 0.0,
        "32": 0.0,
        "64": 0.0,
        ">=64": 0.0
      },
      "iodepth_complete": {
        "0": 0.0,
        "4": 99.999989,
        "8": 0.0,
        "16": 0.1,
        "32": 0.0,
        "64": 0.0,
        ">=64": 0.0
      },
      "latency_ns": {
        "2": 0.0,
        "4": 0.0,
        "10": 0.0,
        "20": 0.0,
        "50": 0.0,
        "100": 0.0,
        "250": 0.0,
        "500": 0.0,
        "750": 0.0,
        "1000": 0.0
      },
      "latency_us": {
        "2": 0.0,
        "4": 0.0,
        "10": 0.0,
        "20": 0.01,
        "50": 89.0042,
        "100": 10.988036,
        "250": 0.01,
        "500": 0.01,
        "750": 0.01,
        "1000": 0.01
      },
      "latency_ms": {
        "2": 0.01,
        "4": 0.01,
        "10": 0.0,
        "20": 0.01,
        "50": 0.01,
        "100": 0.0,
        "250": 0.0,
        "500": 0.0,
        "750": 0.0,
        "1000": 0.0,
        "2000": 0.0,
        ">=2000": 0.0
      },
      "latency_depth": 16,
      "latency_target": 0,
      "latency_percentile": 100.0,
      "latency_window": 0
    }
  ],
  "disk_util": [
    {
      "name": "nvme1n1",
      "read_ios": 0,
      "write_ios": 9133383,
      "read_merges": 0,
      "write_merges": 0,
      "read_ticks": 0,
      "write_ticks": 85463,
      "in_queue": 85463,
      "util": 99.499316
    }
  ]
}