{
  "fio version" : "fio-3.28",
  "timestamp" : 1758039900,
  "timestamp_ms" : 1758039900901,
  "time" : "Tue Sep 16 12:25:00 2025",
  "jobs" : [
    {
      "jobname" : "mixed_sweep_128k_r75_degraded",
      "groupid" : 0,
      "error" : 0,
      "eta" : 0,
      "elapsed" : 31,
      "job options" : {
        "name" : "mixed_sweep_128k_r75_degraded",
        "filename" : "./mixed_sweep_128k_r75_degraded_test",
        "size" : "1G",
        "rw" : "rw",
        "bs" : "128k",
        "direct" : "1",
        "runtime" : "30",
        "time_based" : "1",
        "ioengine" : "libaio",
        "iodepth" : "1",
        "numjobs" : "1",
        "rwmixread" : "75"
      },
      "read" : {
        "io_bytes" : 36912103424,
        "io_kbytes" : 36046976,
        "bw_bytes" : 1230362435,
        "bw" : 1201525,
        "iops" : 9386.920436,
        "runtime" : 30001,
        "total_ios" : 281617,
        "short_ios" : 0,
        "drop_ios" : 0,
        "slat_ns" : {
          "min" : 11649,
          "max" : 238558,
          "mean" : 25468.752139,
          "stddev" : 2684.733127,
          "N" : 281617
        },
        "clat_ns" : {
          "min" : 1853,
          "max" : 8451440,
          "mean" : 51765.409084,
          "stddev" : 32551.355918,
          "N" : 281617,
          "percentile" : {
            "1.000000" : 44800,
            "5.000000" : 45824,
            "10.000000" : 47360,
            "20.000000" : 47872,
            "30.000000" : 48384,
            "40.000000" : 48896,
            "50.000000" : 49408,
            "60.000000" : 49920,
            "70.000000" : 50432,
            "80.000000" : 51456,
            "90.000000" : 52992,
            "95.000000" : 76288,
            "99.000000" : 94720,
            "99.500000" : 97792,
            "99.900000" : 166912,
            "99.950000" : 189440,
            "99.990000" : 493568
          }
        },
        "lat_ns" : {
          "min" : 60760,
          "max" : 8506318,
          "mean" : 77585.818235,
          "stddev" : 32652.852825,
          "N" : 281617
        },
        "bw_min" : 1173248,
        "bw_max" : 1247232,
        "bw_agg" : 100.000000,
        "bw_mean" : 1202258.440678,
        "bw_dev" : 16227.489746,
        "bw_samples" : 59,
        "iops_min" : 9166,
        "iops_max" : 9744,
        "iops_mean" : 9392.644068,
        "iops_stddev" : 126.777264,
        "iops_samples" : 59
      },
      "write" : {
        "io_bytes" : 12351045632,
        "io_kbytes" : 12061568,
        "bw_bytes" : 411687798,
        "bw" : 402038,
        "iops" : 3140.928636,
        "runtime" : 30001,
        "total_ios" : 94231,
        "short_ios" : 0,
        "drop_ios" : 0,
        "slat_ns" : {
          "min" : 12126,
          "max" : 120506,
          "mean" : 27568.084017,
          "stddev" : 2754.176534,
          "N" : 94231
        },
        "clat_ns" : {
          "min" : 14300,
          "max" : 215936,
          "mean" : 52625.768887,
          "stddev" : 2789.117793,
          "N" : 94231,
          "percentile" : {
            "1.000000" : 50944,
            "5.000000" : 51456,
            "10.000000" : 51456,
            "20.000000" : 51968,
            "30.000000" : 51968,
            "40.000000" : 51968,
            "50.000000" : 52480,
            "60.000000" : 52480,
            "70.000000" : 52480,
            "80.000000" : 52992,
            "90.000000" : 52992,
            "95.000000" : 54016,
            "99.000000" : 59648,
            "99.500000" : 68096,
            "99.900000" : 94720,
            "99.950000" : 96768,
            "99.990000" : 109056
          }
        },
        "lat_ns" : {
          "min" : 54811,
          "max" : 272919,
          "mean" : 80538.639216,
          "stddev" : 4259.351483,
          "N" : 94231
        },
        "bw_min" : 374528,
        "bw_max" : 420864,
        "bw_agg" : 100.000000,
        "bw_mean" : 402540.474576,
        "bw_dev" : 9786.158306,
        "bw_samples" : 59,
        "iops_min" : 2926,
        "iops_max" : 3288,
        "iops_mean" : 3144.847458,
        "iops_stddev" : 76.454362,
        "iops_samples" : 59
      },
      "trim" : {
        "io_bytes" : 0,
        "io_kbytes" : 0,
        "bw_bytes" : 0,
        "bw" : 0,
        "iops" : 0.000000,
        "runtime" : 0,
        "total_ios" : 0,
        "short_ios" : 0,
        "drop_ios" : 0,
        "slat_ns" : {
          "min" : 0,
          "max" : 0,
          "mean" : 0.000000,
          "stddev" : 0.000000,
          "N" : 0
        },
        "clat_ns" : {
          "min" : 0,
          "max" : 0,
          "mean" : 0.000000,
          "stddev" : 0.000000,
          "N" : 0
        },
        "lat_ns" : {
          "min" : 0,
          "max" : 0,
          "mean" : 0.000000,
          "stddev" : 0.000000,
          "N" : 0
        },
        "bw_min" : 0,
        "bw_max" : 0,
        "bw_agg" : 0.000000,
        "bw_mean" : 0.000000,
        "bw_dev" : 0.000000,
        "bw_samples" : 0,
        "iops_min" : 0,
        "iops_max" : 0,
        "iops_mean" : 0.000000,
        "iops_stddev" : 0.000000,
        "iops_samples" : 0
      },
      "sync" : {
        "total_ios" : 0,
        "lat_ns" : {
          "min" : 0,
          "max" : 0,
          "mean" : 0.000000,
          "stddev" : 0.000000,
          "N" : 0
        }
      },
      "job_runtime" : 30000,
      "usr_cpu" : 6.716667,
      "sys_cpu" : 41.430000,
      "ctx" : 375848,
      "majf" : 0,
      "minf" : 19,
      "iodepth_level" : {
        "1" : 100.000000,
        "2" : 0.000000,
        "4" : 0.000000,
        "8" : 0.000000,
        "16" : 0.000000,
        "32" : 0.000000,
        ">=64" : 0.000000
      },
      "iodepth_submit" : {
        "0" : 0.000000,
        "4" : 100.000000,
        "8" : 0.000000,
        "16" : 0.000000,
        "32" : 0.000000,
        "64" : 0.000000,
        ">=64" : 0.000000
      },
      "iodepth_complete" : {
        "0" : 0.000000,
        "4" : 100.000000,
        "8" : 0.000000,
        "16" : 0.000000,
        "32" : 0.000000,
        "64" : 0.000000,
        ">=64" : 0.000000
      },
      "latency_ns" : {
        "2" : 0.000000,
        "4" : 0.000000,
        "10" : 0.000000,
        "20" : 0.000000,
        "50" : 0.000000,
        "100" : 0.000000,
        "250" : 0.000000,
        "500" : 0.000000,
        "750" : 0.000000,
        "1000" : 0.000000
      },
      "latency_us" : {
        "2" : 0.010000,
        "4" : 0.010000,
        "10" : 0.000000,
        "20" : 0.010000,
        "50" : 47.289330,
        "100" : 52.448064,
        "250" : 0.243716,
        "500" : 0.010000,
        "750" : 0.010000,
        "1000" : 0.010000
      },
      "latency_ms" : {
        "2" : 0.010000,
        "4" : 0.010000,
        "10" : 0.010000,
        "20" : 0.000000,
        "50" : 0.000000,
        "100" : 0.000000,
        "250" : 0.000000,
        "500" : 0.000000,
        "750" : 0.000000,
        "1000" : 0.000000,
        "2000" : 0.000000,
        ">=2000" : 0.000000
      },
      "latency_depth" : 1,
      "latency_target" : 0,
      "latency_percentile" : 100.000000,
      "latency_window" : 0
    }
  ],
  "disk_util" : [
    {
      "name" : "nvme0n1",
      "read_ios" : 281282,
      "write_ios" : 94182,
      "read_merges" : 0,
      "write_merges" : 24,
      "read_ticks" : 14727,
      "write_ticks" : 4710,
      "in_queue" : 19448,
      "util" : 62.907735
    }
  ]
}
