{
  "fio version" : "fio-3.28",
  "timestamp" : 1758039429,
  "timestamp_ms" : 1758039429465,
  "time" : "Tue Sep 16 12:17:09 2025",
  "jobs" : [
    {
      "jobname" : "mixed_sweep_16k_r50_degraded",
      "groupid" : 0,
      "error" : 0,
      "eta" : 0,
      "elapsed" : 31,
      "job options" : {
        "name" : "mixed_sweep_16k_r50_degraded",
        "filename" : "./mixed_sweep_16k_r50_degraded_test",
        "size" : "1G",
        "rw" : "rw",
        "bs" : "16k",
        "direct" : "1",
        "runtime" : "30",
        "time_based" : "1",
        "ioengine" : "libaio",
        "iodepth" : "1",
        "numjobs" : "1",
        "rwmixread" : "50"
      },
      "read" : {
        "io_bytes" : 6686949376,
        "io_kbytes" : 6530224,
        "bw_bytes" : 222890882,
        "bw" : 217666,
        "iops" : 13604.179861,
        "runtime" : 30001,
        "total_ios" : 408139,
        "short_ios" : 0,
        "drop_ios" : 0,
        "slat_ns" : {
          "min" : 3983,
          "max" : 120335,
          "mean" : 9838.832991,
          "stddev" : 1848.954268,
          "N" : 408139
        },
        "clat_ns" : {
          "min" : 1216,
          "max" : 8503472,
          "mean" : 24359.263893,
          "stddev" : 18746.838519,
          "N" : 408139,
          "percentile" : {
            "1.000000" : 17280,
            "5.000000" : 19072,
            "10.000000" : 19328,
            "20.000000" : 19328,
            "30.000000" : 19584,
            "40.000000" : 20096,
            "50.000000" : 20608,
            "60.000000" : 22400,
            "70.000000" : 23168,
            "80.000000" : 23680,
            "90.000000" : 23936,
            "95.000000" : 69120,
            "99.000000" : 73216,
            "99.500000" : 76288,
            "99.900000" : 112128,
            "99.950000" : 171008,
            "99.990000" : 189440
          }
        },
        "lat_ns" : {
          "min" : 21104,
          "max" : 8554964,
          "mean" : 34467.266311,
          "stddev" : 19198.030938,
          "N" : 408139
        },
        "bw_min" : 132640,
        "bw_max" : 251584,
        "bw_agg" : 99.870960,
        "bw_mean" : 217386.305085,
        "bw_dev" : 28755.237208,
        "bw_samples" : 59,
        "iops_min" : 8290,
        "iops_max" : 15724,
        "iops_mean" : 13586.644068,
        "iops_stddev" : 1797.202325,
        "iops_samples" : 59
      },
      "write" : {
        "io_bytes" : 6678282240,
        "io_kbytes" : 6521760,
        "bw_bytes" : 222601987,
        "bw" : 217384,
        "iops" : 13586.547115,
        "runtime" : 30001,
        "total_ios" : 407610,
        "short_ios" : 0,
        "drop_ios" : 0,
        "slat_ns" : {
          "min" : 4228,
          "max" : 103739,
          "mean" : 10200.279434,
          "stddev" : 1816.424478,
          "N" : 407610
        },
        "clat_ns" : {
          "min" : 1490,
          "max" : 479620,
          "mean" : 25975.827188,
          "stddev" : 3489.580604,
          "N" : 407610,
          "percentile" : {
            "1.000000" : 22912,
            "5.000000" : 23168,
            "10.000000" : 23168,
            "20.000000" : 23424,
            "30.000000" : 23680,
            "40.000000" : 24704,
            "50.000000" : 25216,
            "60.000000" : 26496,
            "70.000000" : 26752,
            "80.000000" : 27008,
            "90.000000" : 29568,
            "95.000000" : 32640,
            "99.000000" : 35584,
            "99.500000" : 41728,
            "99.900000" : 52992,
            "99.950000" : 59648,
            "99.990000" : 76288
          }
        },
        "lat_ns" : {
          "min" : 20986,
          "max" : 490476,
          "mean" : 36445.869942,
          "stddev" : 4539.455728,
          "N" : 407610
        },
        "bw_min" : 132864,
        "bw_max" : 251584,
        "bw_agg" : 99.871310,
        "bw_mean" : 217105.355932,
        "bw_dev" : 28837.156305,
        "bw_samples" : 59,
        "iops_min" : 8304,
        "iops_max" : 15724,
        "iops_mean" : 13569.084746,
        "iops_stddev" : 1802.322269,
        "iops_samples" : 59
      },
      "trim" : {
        "io_bytes" : 0,
        "io_kbytes" : 0,
        "bw_bytes" : 0,
        "bw" : 0,
        "iops" : 0.000000,
        "runtime" : 0,
        "total_ios" : 0,
        "short_ios" : 0,
        "drop_ios" : 0,
        "slat_ns" : {
          "min" : 0,
          "max" : 0,
          "mean" : 0.000000,
          "stddev" : 0.000000,
          "N" : 0
        },
        "clat_ns" : {
          "min" : 0,
          "max" : 0,
          "mean" : 0.000000,
          "stddev" : 0.000000,
          "N" : 0
        },
        "lat_ns" : {
          "min" : 0,
          "max" : 0,
          "mean" : 0.000000,
          "stddev" : 0.000000,
          "N" : 0
        },
        "bw_min" : 0,
        "bw_max" : 0,
        "bw_agg" : 0.000000,
        "bw_mean" : 0.000000,
        "bw_dev" : 0.000000,
        "bw_samples" : 0,
        "iops_min" : 0,
        "iops_max" : 0,
        "iops_mean" : 0.000000,
        "iops_stddev" : 0.000000,
        "iops_samples" : 0
      },
      "sync" : {
        "total_ios" : 0,
        "lat_ns" : {
          "min" : 0,
          "max" : 0,
          "mean" : 0.000000,
          "stddev" : 0.000000,
          "N" : 0
        }
      },
      "job_runtime" : 30000,
      "usr_cpu" : 10.386667,
      "sys_cpu" : 39.130000,
      "ctx" : 815400,
      "majf" : 0,
      "minf" : 21,
      "iodepth_level" : {
        "1" : 100.000000,
        "2" : 0.000000,
        "4" : 0.000000,
        "8" : 0.000000,
        "16" : 0.000000,
        "32" : 0.000000,
        ">=64" : 0.000000
      },
      "iodepth_submit" : {
        "0" : 0.000000,
        "4" : 100.000000,
        "8" : 0.000000,
        "16" : 0.000000,
        "32" : 0.000000,
        "64" : 0.000000,
        ">=64" : 0.000000
      },
      "iodepth_complete" : {
        "0" : 0.000000,
        "4" : 100.000000,
        "8" : 0.000000,
        "16" : 0.000000,
        "32" : 0.000000,
        "64" : 0.000000,
        ">=64" : 0.000000
      },
      "latency_ns" : {
        "2" : 0.000000,
        "4" : 0.000000,
        "10" : 0.000000,
        "20" : 0.000000,
        "50" : 0.000000,
        "100" : 0.000000,
        "250" : 0.000000,
        "500" : 0.000000,
        "750" : 0.000000,
        "1000" : 0.000000
      },
      "latency_us" : {
        "2" : 0.020472,
        "4" : 0.010000,
        "10" : 0.013117,
        "20" : 19.434409,
        "50" : 77.513181,
        "100" : 2.932397,
        "250" : 0.084094,
        "500" : 0.010000,
        "750" : 0.010000,
        "1000" : 0.000000
      },
      "latency_ms" : {
        "2" : 0.000000,
        "4" : 0.000000,
        "10" : 0.010000,
        "20" : 0.000000,
        "50" : 0.000000,
        "100" : 0.000000,
        "250" : 0.000000,
        "500" : 0.000000,
        "750" : 0.000000,
        "1000" : 0.000000,
        "2000" : 0.000000,
        ">=2000" : 0.000000
      },
      "latency_depth" : 1,
      "latency_target" : 0,
      "latency_percentile" : 100.000000,
      "latency_window" : 0
    }
  ],
  "disk_util" : [
    {
      "name" : "nvme0n1",
      "read_ios" : 407017,
      "write_ios" : 406474,
      "read_merges" : 0,
      "write_merges" : 36,
      "read_ticks" : 8764,
      "write_ticks" : 8039,
      "in_queue" : 16810,
      "util" : 49.114970
    }
  ]
}
