{
  "fio version" : "fio-3.28",
  "timestamp" : 1758039460,
  "timestamp_ms" : 1758039460728,
  "time" : "Tue Sep 16 12:17:40 2025",
  "jobs" : [
    {
      "jobname" : "mixed_sweep_16k_r75_degraded",
      "groupid" : 0,
      "error" : 0,
      "eta" : 0,
      "elapsed" : 31,
      "job options" : {
        "name" : "mixed_sweep_16k_r75_degraded",
        "filename" : "./mixed_sweep_16k_r75_degraded_test",
        "size" : "1G",
        "rw" : "rw",
        "bs" : "16k",
        "direct" : "1",
        "runtime" : "30",
        "time_based" : "1",
        "ioengine" : "libaio",
        "iodepth" : "1",
        "numjobs" : "1",
        "rwmixread" : "75"
      },
      "read" : {
        "io_bytes" : 10779148288,
        "io_kbytes" : 10526512,
        "bw_bytes" : 359292966,
        "bw" : 350872,
        "iops" : 21929.502350,
        "runtime" : 30001,
        "total_ios" : 657907,
        "short_ios" : 0,
        "drop_ios" : 0,
        "slat_ns" : {
          "min" : 4445,
          "max" : 205615,
          "mean" : 10175.188627,
          "stddev" : 1529.843359,
          "N" : 657907
        },
        "clat_ns" : {
          "min" : 1360,
          "max" : 8490285,
          "mean" : 21159.859994,
          "stddev" : 11547.312687,
          "N" : 657907,
          "percentile" : {
            "1.000000" : 18048,
            "5.000000" : 20096,
            "10.000000" : 20096,
            "20.000000" : 20352,
            "30.000000" : 20352,
            "40.000000" : 20608,
            "50.000000" : 20608,
            "60.000000" : 20864,
            "70.000000" : 21120,
            "80.000000" : 21376,
            "90.000000" : 21888,
            "95.000000" : 24192,
            "99.000000" : 27520,
            "99.500000" : 40192,
            "99.900000" : 70144,
            "99.950000" : 72192,
            "99.990000" : 171008
          }
        },
        "lat_ns" : {
          "min" : 19887,
          "max" : 8541751,
          "mean" : 31654.410161,
          "stddev" : 11734.523159,
          "N" : 657907
        },
        "bw_min" : 336127,
        "bw_max" : 358688,
        "bw_agg" : 100.000000,
        "bw_mean" : 351306.288136,
        "bw_dev" : 4154.254977,
        "bw_samples" : 59,
        "iops_min" : 21007,
        "iops_max" : 22418,
        "iops_mean" : 21956.627119,
        "iops_stddev" : 259.700019,
        "iops_samples" : 59
      },
      "write" : {
        "io_bytes" : 3610607616,
        "io_kbytes" : 3525984,
        "bw_bytes" : 120349575,
        "bw" : 117528,
        "iops" : 7345.555148,
        "runtime" : 30001,
        "total_ios" : 220374,
        "short_ios" : 0,
        "drop_ios" : 0,
        "slat_ns" : {
          "min" : 5196,
          "max" : 59197,
          "mean" : 10853.597439,
          "stddev" : 1552.794836,
          "N" : 220374
        },
        "clat_ns" : {
          "min" : 1449,
          "max" : 408805,
          "mean" : 25384.553818,
          "stddev" : 2877.310588,
          "N" : 220374,
          "percentile" : {
            "1.000000" : 23168,
            "5.000000" : 23424,
            "10.000000" : 23680,
            "20.000000" : 24704,
            "30.000000" : 24960,
            "40.000000" : 24960,
            "50.000000" : 24960,
            "60.000000" : 25216,
            "70.000000" : 25216,
            "80.000000" : 25472,
            "90.000000" : 26752,
            "95.000000" : 28032,
            "99.000000" : 31872,
            "99.500000" : 41728,
            "99.900000" : 50432,
            "99.950000" : 52480,
            "99.990000" : 61696
          }
        },
        "lat_ns" : {
          "min" : 22358,
          "max" : 441119,
          "mean" : 36556.695645,
          "stddev" : 3450.722514,
          "N" : 220374
        },
        "bw_min" : 112223,
        "bw_max" : 122368,
        "bw_agg" : 100.000000,
        "bw_mean" : 117693.813559,
        "bw_dev" : 2358.251745,
        "bw_samples" : 59,
        "iops_min" : 7013,
        "iops_max" : 7648,
        "iops_mean" : 7355.847458,
        "iops_stddev" : 147.428278,
        "iops_samples" : 59
      },
      "trim" : {
        "io_bytes" : 0,
        "io_kbytes" : 0,
        "bw_bytes" : 0,
        "bw" : 0,
        "iops" : 0.000000,
        "runtime" : 0,
        "total_ios" : 0,
        "short_ios" : 0,
        "drop_ios" : 0,
        "slat_ns" : {
          "min" : 0,
          "max" : 0,
          "mean" : 0.000000,
          "stddev" : 0.000000,
          "N" : 0
        },
        "clat_ns" : {
          "min" : 0,
          "max" : 0,
          "mean" : 0.000000,
          "stddev" : 0.000000,
          "N" : 0
        },
        "lat_ns" : {
          "min" : 0,
          "max" : 0,
          "mean" : 0.000000,
          "stddev" : 0.000000,
          "N" : 0
        },
        "bw_min" : 0,
        "bw_max" : 0,
        "bw_agg" : 0.000000,
        "bw_mean" : 0.000000,
        "bw_dev" : 0.000000,
        "bw_samples" : 0,
        "iops_min" : 0,
        "iops_max" : 0,
        "iops_mean" : 0.000000,
        "iops_stddev" : 0.000000,
        "iops_samples" : 0
      },
      "sync" : {
        "total_ios" : 0,
        "lat_ns" : {
          "min" : 0,
          "max" : 0,
          "mean" : 0.000000,
          "stddev" : 0.000000,
          "N" : 0
        }
      },
      "job_runtime" : 30000,
      "usr_cpu" : 11.553333,
      "sys_cpu" : 45.773333,
      "ctx" : 877669,
      "majf" : 0,
      "minf" : 22,
      "iodepth_level" : {
        "1" : 100.000000,
        "2" : 0.000000,
        "4" : 0.000000,
        "8" : 0.000000,
        "16" : 0.000000,
        "32" : 0.000000,
        ">=64" : 0.000000
      },
      "iodepth_submit" : {
        "0" : 0.000000,
        "4" : 100.000000,
        "8" : 0.000000,
        "16" : 0.000000,
        "32" : 0.000000,
        "64" : 0.000000,
        ">=64" : 0.000000
      },
      "iodepth_complete" : {
        "0" : 0.000000,
        "4" : 100.000000,
        "8" : 0.000000,
        "16" : 0.000000,
        "32" : 0.000000,
        "64" : 0.000000,
        ">=64" : 0.000000
      },
      "latency_ns" : {
        "2" : 0.000000,
        "4" : 0.000000,
        "10" : 0.000000,
        "20" : 0.000000,
        "50" : 0.000000,
        "100" : 0.000000,
        "250" : 0.000000,
        "500" : 0.000000,
        "750" : 0.000000,
        "1000" : 0.000000
      },
      "latency_us" : {
        "2" : 0.034727,
        "4" : 0.010000,
        "10" : 0.021292,
        "20" : 2.129728,
        "50" : 97.661455,
        "100" : 0.129344,
        "250" : 0.018901,
        "500" : 0.010000,
        "750" : 0.010000,
        "1000" : 0.010000
      },
      "latency_ms" : {
        "2" : 0.010000,
        "4" : 0.000000,
        "10" : 0.010000,
        "20" : 0.000000,
        "50" : 0.000000,
        "100" : 0.000000,
        "250" : 0.000000,
        "500" : 0.000000,
        "750" : 0.000000,
        "1000" : 0.000000,
        "2000" : 0.000000,
        ">=2000" : 0.000000
      },
      "latency_depth" : 1,
      "latency_target" : 0,
      "latency_percentile" : 100.000000,
      "latency_window" : 0
    }
  ],
  "disk_util" : [
    {
      "name" : "nvme0n1",
      "read_ios" : 657131,
      "write_ios" : 220203,
      "read_merges" : 0,
      "write_merges" : 27,
      "read_ticks" : 12221,
      "write_ticks" : 4293,
      "in_queue" : 16524,
      "util" : 48.027695
    }
  ]
}
