{
  "fio version" : "fio-3.28",
  "timestamp" : 1758039555,
  "timestamp_ms" : 1758039555250,
  "time" : "Tue Sep 16 12:19:15 2025",
  "jobs" : [
    {
      "jobname" : "mixed_sweep_64k_r0_degraded",
      "groupid" : 0,
      "error" : 0,
      "eta" : 0,
      "elapsed" : 31,
      "job options" : {
        "name" : "mixed_sweep_64k_r0_degraded",
        "filename" : "./mixed_sweep_64k_r0_degraded_test",
        "size" : "1G",
        "rw" : "rw",
        "bs" : "64k",
        "direct" : "1",
        "runtime" : "30",
        "time_based" : "1",
        "ioengine" : "libaio",
        "iodepth" : "1",
        "numjobs" : "1",
        "rwmixread" : "0"
      },
      "read" : {
        "io_bytes" : 0,
        "io_kbytes" : 0,
        "bw_bytes" : 0,
        "bw" : 0,
        "iops" : 0.000000,
        "runtime" : 0,
        "total_ios" : 0,
        "short_ios" : 0,
        "drop_ios" : 0,
        "slat_ns" : {
          "min" : 0,
          "max" : 0,
          "mean" : 0.000000,
          "stddev" : 0.000000,
          "N" : 0
        },
        "clat_ns" : {
          "min" : 0,
          "max" : 0,
          "mean" : 0.000000,
          "stddev" : 0.000000,
          "N" : 0
        },
        "lat_ns" : {
          "min" : 0,
          "max" : 0,
          "mean" : 0.000000,
          "stddev" : 0.000000,
          "N" : 0
        },
        "bw_min" : 0,
        "bw_max" : 0,
        "bw_agg" : 0.000000,
        "bw_mean" : 0.000000,
        "bw_dev" : 0.000000,
        "bw_samples" : 0,
        "iops_min" : 0,
        "iops_max" : 0,
        "iops_mean" : 0.000000,
        "iops_stddev" : 0.000000,
        "iops_samples" : 0
      },
      "write" : {
        "io_bytes" : 44447563776,
        "io_kbytes" : 43405824,
        "bw_bytes" : 1481536074,
        "bw" : 1446812,
        "iops" : 22606.446452,
        "runtime" : 30001,
        "total_ios" : 678216,
        "short_ios" : 0,
        "drop_ios" : 0,
        "slat_ns" : {
          "min" : 6446,
          "max" : 190632,
          "mean" : 11431.055409,
          "stddev" : 2337.348854,
          "N" : 678216
        },
        "clat_ns" : {
          "min" : 1269,
          "max" : 8459978,
          "mean" : 31714.781649,
          "stddev" : 24168.502533,
          "N" : 678216,
          "percentile" : {
            "1.000000" : 26752,
            "5.000000" : 27264,
            "10.000000" : 27776,
            "20.000000" : 28544,
            "30.000000" : 31616,
            "40.000000" : 32128,
            "50.000000" : 32384,
            "60.000000" : 32384,
            "70.000000" : 32640,
            "80.000000" : 32640,
            "90.000000" : 33024,
            "95.000000" : 33024,
            "99.000000" : 36608,
            "99.500000" : 37632,
            "99.900000" : 54016,
            "99.950000" : 55552,
            "99.990000" : 132096
          }
        },
        "lat_ns" : {
          "min" : 32775,
          "max" : 8512824,
          "mean" : 43311.622274,
          "stddev" : 24478.315906,
          "N" : 678216
        },
        "bw_min" : 1356544,
        "bw_max" : 1816064,
        "bw_agg" : 100.000000,
        "bw_mean" : 1448502.237288,
        "bw_dev" : 146960.230181,
        "bw_samples" : 59,
        "iops_min" : 21196,
        "iops_max" : 28376,
        "iops_mean" : 22632.813559,
        "iops_stddev" : 2296.269962,
        "iops_samples" : 59
      },
      "trim" : {
        "io_bytes" : 0,
        "io_kbytes" : 0,
        "bw_bytes" : 0,
        "bw" : 0,
        "iops" : 0.000000,
        "runtime" : 0,
        "total_ios" : 0,
        "short_ios" : 0,
        "drop_ios" : 0,
        "slat_ns" : {
          "min" : 0,
          "max" : 0,
          "mean" : 0.000000,
          "stddev" : 0.000000,
          "N" : 0
        },
        "clat_ns" : {
          "min" : 0,
          "max" : 0,
          "mean" : 0.000000,
          "stddev" : 0.000000,
          "N" : 0
        },
        "lat_ns" : {
          "min" : 0,
          "max" : 0,
          "mean" : 0.000000,
          "stddev" : 0.000000,
          "N" : 0
        },
        "bw_min" : 0,
        "bw_max" : 0,
        "bw_agg" : 0.000000,
        "bw_mean" : 0.000000,
        "bw_dev" : 0.000000,
        "bw_samples" : 0,
        "iops_min" : 0,
        "iops_max" : 0,
        "iops_mean" : 0.000000,
        "iops_stddev" : 0.000000,
        "iops_samples" : 0
      },
      "sync" : {
        "total_ios" : 0,
        "lat_ns" : {
          "min" : 0,
          "max" : 0,
          "mean" : 0.000000,
          "stddev" : 0.000000,
          "N" : 0
        }
      },
      "job_runtime" : 30000,
      "usr_cpu" : 8.103333,
      "sys_cpu" : 27.993333,
      "ctx" : 678217,
      "majf" : 0,
      "minf" : 19,
      "iodepth_level" : {
        "1" : 100.000000,
        "2" : 0.000000,
        "4" : 0.000000,
        "8" : 0.000000,
        "16" : 0.000000,
        "32" : 0.000000,
        ">=64" : 0.000000
      },
      "iodepth_submit" : {
        "0" : 0.000000,
        "4" : 100.000000,
        "8" : 0.000000,
        "16" : 0.000000,
        "32" : 0.000000,
        "64" : 0.000000,
        ">=64" : 0.000000
      },
      "iodepth_complete" : {
        "0" : 0.000000,
        "4" : 100.000000,
        "8" : 0.000000,
        "16" : 0.000000,
        "32" : 0.000000,
        "64" : 0.000000,
        ">=64" : 0.000000
      },
      "latency_ns" : {
        "2" : 0.000000,
        "4" : 0.000000,
        "10" : 0.000000,
        "20" : 0.000000,
        "50" : 0.000000,
        "100" : 0.000000,
        "250" : 0.000000,
        "500" : 0.000000,
        "750" : 0.000000,
        "1000" : 0.000000
      },
      "latency_us" : {
        "2" : 0.010000,
        "4" : 0.000000,
        "10" : 0.010000,
        "20" : 0.010000,
        "50" : 99.832649,
        "100" : 0.147298,
        "250" : 0.010000,
        "500" : 0.010000,
        "750" : 0.000000,
        "1000" : 0.000000
      },
      "latency_ms" : {
        "2" : 0.000000,
        "4" : 0.010000,
        "10" : 0.010000,
        "20" : 0.000000,
        "50" : 0.000000,
        "100" : 0.000000,
        "250" : 0.000000,
        "500" : 0.000000,
        "750" : 0.000000,
        "1000" : 0.000000,
        "2000" : 0.000000,
        ">=2000" : 0.000000
      },
      "latency_depth" : 1,
      "latency_target" : 0,
      "latency_percentile" : 100.000000,
      "latency_window" : 0
    }
  ],
  "disk_util" : [
    {
      "name" : "nvme0n1",
      "read_ios" : 0,
      "write_ios" : 675616,
      "read_merges" : 0,
      "write_merges" : 35,
      "read_ticks" : 0,
      "write_ticks" : 19406,
      "in_queue" : 19418,
      "util" : 62.359382
    }
  ]
}
