{
  "fio version": "fio-3.28",
  "timestamp": 1757683668,
  "timestamp_ms": 1757683668033,
  "time": "Fri Sep 12 09:27:48 2025",
  "jobs": [
    {
      "jobname": "point_lookup",
      "groupid": 0,
      "error": 0,
      "eta": 0,
      "elapsed": 31,
      "job options": {
        "name": "point_lookup",
        "filename": "/dev/nvme1n1",
        "rw": "randread",
        "bs": "4k",
        "iodepth": "16",
        "runtime": "30",
        "numjobs": "1",
        "time_based": "1",
        "ioengine": "libaio",
        "direct": "1",
        "group_reporting": "1"
      },
      "read": {
        "io_bytes": 12579405824,
        "io_kbytes": 12284576,
        "bw_bytes": 419299550,
        "bw": 409472,
        "iops": 102368.054398,
        "runtime": 30001,
        "total_ios": 3071144,
        "short_ios": 0,
        "drop_ios": 0,
        "slat_ns": {
          "min": 2366,
          "max": 954810,
          "mean": 3119.272783,
          "stddev": 1277.333691,
          "N": 3071144
        },
        "clat_ns": {
          "min": 27819,
          "max": 1925372,
          "mean": 152313.824491,
          "stddev": 59481.64749,
          "N": 3071144,
          "percentile": {
            "1.000000": 66048,
            "5.000000": 70144,
            "10.000000": 73216,
            "20.000000": 85504,
            "30.000000": 116224,
            "40.000000": 127488,
            "50.000000": 152576,
            "60.000000": 164864,
            "70.000000": 195584,
            "80.000000": 205824,
            "90.000000": 226304,
            "95.000000": 261120,
            "99.000000": 272384,
            "99.500000": 276480,
            "99.900000": 288768,
            "99.950000": 309248,
            "99.990000": 399360
          }
        },
        "lat_ns": {
          "min": 32602,
          "max": 1928834,
          "mean": 155567.927373,
          "stddev": 59392.606451,
          "N": 3071144
        },
        "bw_min": 395608,
        "bw_max": 418120,
        "bw_agg": 100.0,
        "bw_mean": 409867.254237,
        "bw_dev": 3008.577758,
        "bw_samples": 59,
        "iops_min": 98902,
        "iops_max": 104530,
        "iops_mean": 102466.745763,
        "iops_stddev": 752.057765,
        "iops_samples": 59
      },
      "write": {
        "io_bytes": 0,
        "io_kbytes": 0,
        "bw_bytes": 0,
        "bw": 0,
        "iops": 0.0,
        "runtime": 0,
        "total_ios": 0,
        "short_ios": 0,
        "drop_ios": 0,
        "slat_ns": {
          "min": 0,
          "max": 0,
          "mean": 0.0,
          "stddev": 0.0,
          "N": 0
        },
        "clat_ns": {
          "min": 0,
          "max": 0,
          "mean": 0.0,
          "stddev": 0.0,
          "N": 0
        },
        "lat_ns": {
          "min": 0,
          "max": 0,
          "mean": 0.0,
          "stddev": 0.0,
          "N": 0
        },
        "bw_min": 0,
        "bw_max": 0,
        "bw_agg": 0.0,
        "bw_mean": 0.0,
        "bw_dev": 0.0,
        "bw_samples": 0,
        "iops_min": 0,
        "iops_max": 0,
        "iops_mean": 0.0,
        "iops_stddev": 0.0,
        "iops_samples": 0
      },
      "trim": {
        "io_bytes": 0,
        "io_kbytes": 0,
        "bw_bytes": 0,
        "bw": 0,
        "iops": 0.0,
        "runtime": 0,
        "total_ios": 0,
        "short_ios": 0,
        "drop_ios": 0,
        "slat_ns": {
          "min": 0,
          "max": 0,
          "mean": 0.0,
          "stddev": 0.0,
          "N": 0
        },
        "clat_ns": {
          "min": 0,
          "max": 0,
          "mean": 0.0,
          "stddev": 0.0,
          "N": 0
        },
        "lat_ns": {
          "min": 0,
          "max": 0,
          "mean": 0.0,
          "stddev": 0.0,
          "N": 0
        },
        "bw_min": 0,
        "bw_max": 0,
        "bw_agg": 0.0,
        "bw_mean": 0.0,
        "bw_dev": 0.0,
        "bw_samples": 0,
        "iops_min": 0,
        "iops_max": 0,
        "iops_mean": 0.0,
        "iops_stddev": 0.0,
        "iops_samples": 0
      },
      "sync": {
        "total_ios": 0,
        "lat_ns": {
          "min": 0,
          "max": 0,
          "mean": 0.0,
          "stddev": 0.0,
          "N": 0
        }
      },
      "job_runtime": 30000,
      "usr_cpu": 17.53,
      "sys_cpu": 45.703333,
      "ctx": 1271181,
      "majf": 0,
      "minf": 32,
      "iodepth_level": {
        "1": 0.1,
        "2": 0.1,
        "4": 0.1,
        "8": 0.1,
        "16": 99.999512,
        "32": 0.0,
        ">=64": 0.0
      },
      "iodepth_submit": {
        "0": 0.0,
        "4": 100.0,
        "8": 0.0,
        "16": 0.0,
        "32": 0.0,
        "64": 0.0,
        ">=64": 0.0
      },
      "iodepth_complete": {
        "0": 0.0,
        "4": 99.999967,
        "8": 0.0,
        "16": 0.1,
        "32": 0.0,
        "64": 0.0,
        ">=64": 0.0
      },
      "latency_ns": {
        "2": 0.0,
        "4": 0.0,
        "10": 0.0,
        "20": 0.0,
        "50": 0.0,
        "100": 0.0,
        "250": 0.0,
        "500": 0.0,
        "750": 0.0,
        "1000": 0.0
      },
      "latency_us": {
        "2": 0.0,
        "4": 0.0,
        "10": 0.0,
        "20": 0.0,
        "50": 0.016053,
        "100": 25.319002,
        "250": 66.857627,
        "500": 7.803216,
        "750": 0.01,
        "1000": 0.01
      },
      "latency_ms": {
        "2": 0.01,
        "4": 0.0,
        "10": 0.0,
        "20": 0.0,
        "50": 0.0,
        "100": 0.0,
        "250": 0.0,
        "500": 0.0,
        "750": 0.0,
        "1000": 0.0,
        "2000": 0.0,
        ">=2000": 0.0
      },
      "latency_depth": 16,
      "latency_target": 0,
      "latency_percentile": 100.0,
      "latency_window": 0
    }
  ],
  "disk_util": [
    {
      "name": "nvme1n1",
      "read_ios": 3054734,
      "write_ios": 0,
      "read_merges": 0,
      "write_merges": 0,
      "read_ticks": 452607,
      "write_ticks": 0,
      "in_queue": 452607,
      "util": 99.586046
    }
  ]
}