{
  "fio version": "fio-3.28",
  "timestamp": 1757682080,
  "timestamp_ms": 1757682080975,
  "time": "Fri Sep 12 09:01:20 2025",
  "jobs": [
    {
      "jobname": "qd_sweep_randwrite_qd8",
      "groupid": 0,
      "error": 0,
      "eta": 0,
      "elapsed": 31,
      "job options": {
        "name": "qd_sweep_randwrite_qd8",
        "filename": "/dev/nvme1n1",
        "rw": "randwrite",
        "bs": "4k",
        "iodepth": "8",
        "runtime": "30",
        "numjobs": "1",
        "time_based": "1",
        "ioengine": "libaio",
        "direct": "1",
        "group_reporting": "1"
      },
      "read": {
        "io_bytes": 0,
        "io_kbytes": 0,
        "bw_bytes": 0,
        "bw": 0,
        "iops": 0.0,
        "runtime": 0,
        "total_ios": 0,
        "short_ios": 0,
        "drop_ios": 0,
        "slat_ns": {
          "min": 0,
          "max": 0,
          "mean": 0.0,
          "stddev": 0.0,
          "N": 0
        },
        "clat_ns": {
          "min": 0,
          "max": 0,
          "mean": 0.0,
          "stddev": 0.0,
          "N": 0
        },
        "lat_ns": {
          "min": 0,
          "max": 0,
          "mean": 0.0,
          "stddev": 0.0,
          "N": 0
        },
        "bw_min": 0,
        "bw_max": 0,
        "bw_agg": 0.0,
        "bw_mean": 0.0,
        "bw_dev": 0.0,
        "bw_samples": 0,
        "iops_min": 0,
        "iops_max": 0,
        "iops_mean": 0.0,
        "iops_stddev": 0.0,
        "iops_samples": 0
      },
      "write": {
        "io_bytes": 37357465600,
        "io_kbytes": 36481900,
        "bw_bytes": 1245207346,
        "bw": 1216022,
        "iops": 304005.69981,
        "runtime": 30001,
        "total_ios": 9120475,
        "short_ios": 0,
        "drop_ios": 0,
        "slat_ns": {
          "min": 1457,
          "max": 569611,
          "mean": 2409.48343,
          "stddev": 694.046919,
          "N": 9120475
        },
        "clat_ns": {
          "min": 13248,
          "max": 19546499,
          "mean": 23388.25175,
          "stddev": 54242.022582,
          "N": 9120475,
          "percentile": {
            "1.000000": 22144,
            "5.000000": 22400,
            "10.000000": 22400,
            "20.000000": 22656,
            "30.000000": 22656,
            "40.000000": 22656,
            "50.000000": 22912,
            "60.000000": 22912,
            "70.000000": 23168,
            "80.000000": 23424,
            "90.000000": 23936,
            "95.000000": 24960,
            "99.000000": 30336,
            "99.500000": 31872,
            "99.900000": 34048,
            "99.950000": 34560,
            "99.990000": 41216
          }
        },
        "lat_ns": {
          "min": 15679,
          "max": 19549239,
          "mean": 25865.124911,
          "stddev": 54243.498647,
          "N": 9120475
        },
        "bw_min": 1176608,
        "bw_max": 1230632,
        "bw_agg": 100.0,
        "bw_mean": 1216886.372881,
        "bw_dev": 17066.783922,
        "bw_samples": 59,
        "iops_min": 294152,
        "iops_max": 307658,
        "iops_mean": 304221.491525,
        "iops_stddev": 4266.640439,
        "iops_samples": 59
      },
      "trim": {
        "io_bytes": 0,
        "io_kbytes": 0,
        "bw_bytes": 0,
        "bw": 0,
        "iops": 0.0,
        "runtime": 0,
        "total_ios": 0,
        "short_ios": 0,
        "drop_ios": 0,
        "slat_ns": {
          "min": 0,
          "max": 0,
          "mean": 0.0,
          "stddev": 0.0,
          "N": 0
        },
        "clat_ns": {
          "min": 0,
          "max": 0,
          "mean": 0.0,
          "stddev": 0.0,
          "N": 0
        },
        "lat_ns": {
          "min": 0,
          "max": 0,
          "mean": 0.0,
          "stddev": 0.0,
          "N": 0
        },
        "bw_min": 0,
        "bw_max": 0,
        "bw_agg": 0.0,
        "bw_mean": 0.0,
        "bw_dev": 0.0,
        "bw_samples": 0,
        "iops_min": 0,
        "iops_max": 0,
        "iops_mean": 0.0,
        "iops_stddev": 0.0,
        "iops_samples": 0
      },
      "sync": {
        "total_ios": 0,
        "lat_ns": {
          "min": 0,
          "max": 0,
          "mean": 0.0,
          "stddev": 0.0,
          "N": 0
        }
      },
      "job_runtime": 30000,
      "usr_cpu": 24.796667,
      "sys_cpu": 74.553333,
      "ctx": 404,
      "majf": 0,
      "minf": 14,
      "iodepth_level": {
        "1": 0.1,
        "2": 0.1,
        "4": 0.1,
        "8": 99.999923,
        "16": 0.0,
        "32": 0.0,
        ">=64": 0.0
      },
      "iodepth_submit": {
        "0": 0.0,
        "4": 100.0,
        "8": 0.0,
        "16": 0.0,
        "32": 0.0,
        "64": 0.0,
        ">=64": 0.0
      },
      "iodepth_complete": {
        "0": 0.0,
        "4": 99.999989,
        "8": 0.1,
        "16": 0.0,
        "32": 0.0,
        "64": 0.0,
        ">=64": 0.0
      },
      "latency_ns": {
        "2": 0.0,
        "4": 0.0,
        "10": 0.0,
        "20": 0.0,
        "50": 0.0,
        "100": 0.0,
        "250": 0.0,
        "500": 0.0,
        "750": 0.0,
        "1000": 0.0
      },
      "latency_us": {
        "2": 0.0,
        "4": 0.0,
        "10": 0.0,
        "20": 0.01,
        "50": 99.992237,
        "100": 0.01,
        "250": 0.01,
        "500": 0.01,
        "750": 0.01,
        "1000": 0.0
      },
      "latency_ms": {
        "2": 0.01,
        "4": 0.01,
        "10": 0.01,
        "20": 0.01,
        "50": 0.0,
        "100": 0.0,
        "250": 0.0,
        "500": 0.0,
        "750": 0.0,
        "1000": 0.0,
        "2000": 0.0,
        ">=2000": 0.0
      },
      "latency_depth": 8,
      "latency_target": 0,
      "latency_percentile": 100.0,
      "latency_window": 0
    }
  ],
  "disk_util": [
    {
      "name": "nvme1n1",
      "read_ios": 0,
      "write_ios": 9070744,
      "read_merges": 0,
      "write_merges": 0,
      "read_ticks": 0,
      "write_ticks": 82794,
      "in_queue": 82794,
      "util": 98.788182
    }
  ]
}