{
  "fio version" : "fio-3.28",
  "timestamp" : 1758038711,
  "timestamp_ms" : 1758038711181,
  "time" : "Tue Sep 16 12:05:11 2025",
  "jobs" : [
    {
      "jobname" : "qd_sweep_write_qd128_degraded",
      "groupid" : 0,
      "error" : 0,
      "eta" : 0,
      "elapsed" : 31,
      "job options" : {
        "name" : "qd_sweep_write_qd128_degraded",
        "filename" : "./qd_sweep_write_qd128_degraded_test",
        "size" : "1G",
        "rw" : "write",
        "bs" : "4k",
        "direct" : "1",
        "runtime" : "30",
        "time_based" : "1",
        "ioengine" : "libaio",
        "iodepth" : "128",
        "numjobs" : "1"
      },
      "read" : {
        "io_bytes" : 0,
        "io_kbytes" : 0,
        "bw_bytes" : 0,
        "bw" : 0,
        "iops" : 0.000000,
        "runtime" : 0,
        "total_ios" : 0,
        "short_ios" : 0,
        "drop_ios" : 0,
        "slat_ns" : {
          "min" : 0,
          "max" : 0,
          "mean" : 0.000000,
          "stddev" : 0.000000,
          "N" : 0
        },
        "clat_ns" : {
          "min" : 0,
          "max" : 0,
          "mean" : 0.000000,
          "stddev" : 0.000000,
          "N" : 0
        },
        "lat_ns" : {
          "min" : 0,
          "max" : 0,
          "mean" : 0.000000,
          "stddev" : 0.000000,
          "N" : 0
        },
        "bw_min" : 0,
        "bw_max" : 0,
        "bw_agg" : 0.000000,
        "bw_mean" : 0.000000,
        "bw_dev" : 0.000000,
        "bw_samples" : 0,
        "iops_min" : 0,
        "iops_max" : 0,
        "iops_mean" : 0.000000,
        "iops_stddev" : 0.000000,
        "iops_samples" : 0
      },
      "write" : {
        "io_bytes" : 22947303424,
        "io_kbytes" : 22409476,
        "bw_bytes" : 764884617,
        "bw" : 746957,
        "iops" : 186739.408686,
        "runtime" : 30001,
        "total_ios" : 5602369,
        "short_ios" : 0,
        "drop_ios" : 0,
        "slat_ns" : {
          "min" : 1782,
          "max" : 287171,
          "mean" : 3663.034124,
          "stddev" : 2741.955425,
          "N" : 5602369
        },
        "clat_ns" : {
          "min" : 14906,
          "max" : 3658441,
          "mean" : 680974.425567,
          "stddev" : 220411.168138,
          "N" : 5602369,
          "percentile" : {
            "1.000000" : 468992,
            "5.000000" : 489472,
            "10.000000" : 505856,
            "20.000000" : 544768,
            "30.000000" : 585728,
            "40.000000" : 626688,
            "50.000000" : 659456,
            "60.000000" : 667648,
            "70.000000" : 684032,
            "80.000000" : 692224,
            "90.000000" : 888832,
            "95.000000" : 1073152,
            "99.000000" : 1646592,
            "99.500000" : 1843200,
            "99.900000" : 2244608,
            "99.950000" : 2441216,
            "99.990000" : 2998272
          }
        },
        "lat_ns" : {
          "min" : 19712,
          "max" : 3677207,
          "mean" : 684726.756404,
          "stddev" : 221459.980258,
          "N" : 5602369
        },
        "bw_min" : 328280,
        "bw_max" : 822240,
        "bw_agg" : 99.979968,
        "bw_mean" : 746808.542373,
        "bw_dev" : 112666.852137,
        "bw_samples" : 59,
        "iops_min" : 82070,
        "iops_max" : 205560,
        "iops_mean" : 186702.135593,
        "iops_stddev" : 28166.706232,
        "iops_samples" : 59
      },
      "trim" : {
        "io_bytes" : 0,
        "io_kbytes" : 0,
        "bw_bytes" : 0,
        "bw" : 0,
        "iops" : 0.000000,
        "runtime" : 0,
        "total_ios" : 0,
        "short_ios" : 0,
        "drop_ios" : 0,
        "slat_ns" : {
          "min" : 0,
          "max" : 0,
          "mean" : 0.000000,
          "stddev" : 0.000000,
          "N" : 0
        },
        "clat_ns" : {
          "min" : 0,
          "max" : 0,
          "mean" : 0.000000,
          "stddev" : 0.000000,
          "N" : 0
        },
        "lat_ns" : {
          "min" : 0,
          "max" : 0,
          "mean" : 0.000000,
          "stddev" : 0.000000,
          "N" : 0
        },
        "bw_min" : 0,
        "bw_max" : 0,
        "bw_agg" : 0.000000,
        "bw_mean" : 0.000000,
        "bw_dev" : 0.000000,
        "bw_samples" : 0,
        "iops_min" : 0,
        "iops_max" : 0,
        "iops_mean" : 0.000000,
        "iops_stddev" : 0.000000,
        "iops_samples" : 0
      },
      "sync" : {
        "total_ios" : 0,
        "lat_ns" : {
          "min" : 0,
          "max" : 0,
          "mean" : 0.000000,
          "stddev" : 0.000000,
          "N" : 0
        }
      },
      "job_runtime" : 30000,
      "usr_cpu" : 15.093333,
      "sys_cpu" : 60.813333,
      "ctx" : 3643060,
      "majf" : 0,
      "minf" : 393,
      "iodepth_level" : {
        "1" : 0.100000,
        "2" : 0.100000,
        "4" : 0.100000,
        "8" : 0.100000,
        "16" : 0.100000,
        "32" : 0.100000,
        ">=64" : 99.998875
      },
      "iodepth_submit" : {
        "0" : 0.000000,
        "4" : 100.000000,
        "8" : 0.000000,
        "16" : 0.000000,
        "32" : 0.000000,
        "64" : 0.000000,
        ">=64" : 0.000000
      },
      "iodepth_complete" : {
        "0" : 0.000000,
        "4" : 99.999982,
        "8" : 0.000000,
        "16" : 0.000000,
        "32" : 0.000000,
        "64" : 0.000000,
        ">=64" : 0.100000
      },
      "latency_ns" : {
        "2" : 0.000000,
        "4" : 0.000000,
        "10" : 0.000000,
        "20" : 0.000000,
        "50" : 0.000000,
        "100" : 0.000000,
        "250" : 0.000000,
        "500" : 0.000000,
        "750" : 0.000000,
        "1000" : 0.000000
      },
      "latency_us" : {
        "2" : 0.000000,
        "4" : 0.000000,
        "10" : 0.000000,
        "20" : 0.010000,
        "50" : 0.010000,
        "100" : 0.010000,
        "250" : 0.010000,
        "500" : 8.914086,
        "750" : 78.758165,
        "1000" : 4.441782
      },
      "latency_ms" : {
        "2" : 7.614225,
        "4" : 0.270832,
        "10" : 0.000000,
        "20" : 0.000000,
        "50" : 0.000000,
        "100" : 0.000000,
        "250" : 0.000000,
        "500" : 0.000000,
        "750" : 0.000000,
        "1000" : 0.000000,
        "2000" : 0.000000,
        ">=2000" : 0.000000
      },
      "latency_depth" : 128,
      "latency_target" : 0,
      "latency_percentile" : 100.000000,
      "latency_window" : 0
    }
  ],
  "disk_util" : [
    {
      "name" : "nvme0n1",
      "read_ios" : 0,
      "write_ios" : 5583813,
      "read_merges" : 0,
      "write_merges" : 49,
      "read_ticks" : 0,
      "write_ticks" : 55202,
      "in_queue" : 55212,
      "util" : 86.908217
    }
  ]
}
