{
  "fio version": "fio-3.28",
  "timestamp": 1757682210,
  "timestamp_ms": 1757682210556,
  "time": "Fri Sep 12 09:03:30 2025",
  "jobs": [
    {
      "jobname": "qd_sweep_randwrite_qd128",
      "groupid": 0,
      "error": 0,
      "eta": 0,
      "elapsed": 31,
      "job options": {
        "name": "qd_sweep_randwrite_qd128",
        "filename": "/dev/nvme1n1",
        "rw": "randwrite",
        "bs": "4k",
        "iodepth": "128",
        "runtime": "30",
        "numjobs": "1",
        "time_based": "1",
        "ioengine": "libaio",
        "direct": "1",
        "group_reporting": "1"
      },
      "read": {
        "io_bytes": 0,
        "io_kbytes": 0,
        "bw_bytes": 0,
        "bw": 0,
        "iops": 0.0,
        "runtime": 0,
        "total_ios": 0,
        "short_ios": 0,
        "drop_ios": 0,
        "slat_ns": {
          "min": 0,
          "max": 0,
          "mean": 0.0,
          "stddev": 0.0,
          "N": 0
        },
        "clat_ns": {
          "min": 0,
          "max": 0,
          "mean": 0.0,
          "stddev": 0.0,
          "N": 0
        },
        "lat_ns": {
          "min": 0,
          "max": 0,
          "mean": 0.0,
          "stddev": 0.0,
          "N": 0
        },
        "bw_min": 0,
        "bw_max": 0,
        "bw_agg": 0.0,
        "bw_mean": 0.0,
        "bw_dev": 0.0,
        "bw_samples": 0,
        "iops_min": 0,
        "iops_max": 0,
        "iops_mean": 0.0,
        "iops_stddev": 0.0,
        "iops_samples": 0
      },
      "write": {
        "io_bytes": 34586808320,
        "io_kbytes": 33776180,
        "bw_bytes": 1152855182,
        "bw": 1125835,
        "iops": 281458.784707,
        "runtime": 30001,
        "total_ios": 8444045,
        "short_ios": 0,
        "drop_ios": 0,
        "slat_ns": {
          "min": 1466,
          "max": 541986,
          "mean": 2622.3476,
          "stddev": 801.476096,
          "N": 8444045
        },
        "clat_ns": {
          "min": 21781,
          "max": 22069537,
          "mean": 451492.561611,
          "stddev": 227915.916319,
          "N": 8444045,
          "percentile": {
            "1.000000": 432128,
            "5.000000": 436224,
            "10.000000": 436224,
            "20.000000": 440320,
            "30.000000": 440320,
            "40.000000": 440320,
            "50.000000": 444416,
            "60.000000": 444416,
            "70.000000": 444416,
            "80.000000": 448512,
            "90.000000": 448512,
            "95.000000": 452608,
            "99.000000": 724992,
            "99.500000": 741376,
            "99.900000": 741376,
            "99.950000": 749568,
            "99.990000": 19005440
          }
        },
        "lat_ns": {
          "min": 23451,
          "max": 22072346,
          "mean": 454188.383234,
          "stddev": 227939.052472,
          "N": 8444045
        },
        "bw_min": 689400,
        "bw_max": 1151880,
        "bw_agg": 100.0,
        "bw_mean": 1126396.474576,
        "bw_dev": 63590.584899,
        "bw_samples": 59,
        "iops_min": 172350,
        "iops_max": 287970,
        "iops_mean": 281598.983051,
        "iops_stddev": 15897.581462,
        "iops_samples": 59
      },
      "trim": {
        "io_bytes": 0,
        "io_kbytes": 0,
        "bw_bytes": 0,
        "bw": 0,
        "iops": 0.0,
        "runtime": 0,
        "total_ios": 0,
        "short_ios": 0,
        "drop_ios": 0,
        "slat_ns": {
          "min": 0,
          "max": 0,
          "mean": 0.0,
          "stddev": 0.0,
          "N": 0
        },
        "clat_ns": {
          "min": 0,
          "max": 0,
          "mean": 0.0,
          "stddev": 0.0,
          "N": 0
        },
        "lat_ns": {
          "min": 0,
          "max": 0,
          "mean": 0.0,
          "stddev": 0.0,
          "N": 0
        },
        "bw_min": 0,
        "bw_max": 0,
        "bw_agg": 0.0,
        "bw_mean": 0.0,
        "bw_dev": 0.0,
        "bw_samples": 0,
        "iops_min": 0,
        "iops_max": 0,
        "iops_mean": 0.0,
        "iops_stddev": 0.0,
        "iops_samples": 0
      },
      "sync": {
        "total_ios": 0,
        "lat_ns": {
          "min": 0,
          "max": 0,
          "mean": 0.0,
          "stddev": 0.0,
          "N": 0
        }
      },
      "job_runtime": 30000,
      "usr_cpu": 25.24,
      "sys_cpu": 74.093333,
      "ctx": 464,
      "majf": 0,
      "minf": 15,
      "iodepth_level": {
        "1": 0.1,
        "2": 0.1,
        "4": 0.1,
        "8": 0.1,
        "16": 0.1,
        "32": 0.1,
        ">=64": 99.999254
      },
      "iodepth_submit": {
        "0": 0.0,
        "4": 100.0,
        "8": 0.0,
        "16": 0.0,
        "32": 0.0,
        "64": 0.0,
        ">=64": 0.0
      },
      "iodepth_complete": {
        "0": 0.0,
        "4": 99.999988,
        "8": 0.0,
        "16": 0.0,
        "32": 0.0,
        "64": 0.0,
        ">=64": 0.1
      },
      "latency_ns": {
        "2": 0.0,
        "4": 0.0,
        "10": 0.0,
        "20": 0.0,
        "50": 0.0,
        "100": 0.0,
        "250": 0.0,
        "500": 0.0,
        "750": 0.0,
        "1000": 0.0
      },
      "latency_us": {
        "2": 0.0,
        "4": 0.0,
        "10": 0.0,
        "20": 0.0,
        "50": 0.01,
        "100": 0.01,
        "250": 0.01,
        "500": 97.215185,
        "750": 2.729734,
        "1000": 0.018806
      },
      "latency_ms": {
        "2": 0.01427,
        "4": 0.01,
        "10": 0.01,
        "20": 0.010611,
        "50": 0.01,
        "100": 0.0,
        "250": 0.0,
        "500": 0.0,
        "750": 0.0,
        "1000": 0.0,
        "2000": 0.0,
        ">=2000": 0.0
      },
      "latency_depth": 128,
      "latency_target": 0,
      "latency_percentile": 100.0,
      "latency_window": 0
    }
  ],
  "disk_util": [
    {
      "name": "nvme1n1",
      "read_ios": 0,
      "write_ios": 8399410,
      "read_merges": 0,
      "write_merges": 0,
      "read_ticks": 0,
      "write_ticks": 108600,
      "in_queue": 108600,
      "util": 99.305671
    }
  ]
}