{
  "fio version": "fio-3.28",
  "timestamp": 1757681724,
  "timestamp_ms": 1757681724814,
  "time": "Fri Sep 12 08:55:24 2025",
  "jobs": [
    {
      "jobname": "qd_sweep_write_qd1",
      "groupid": 0,
      "error": 0,
      "eta": 0,
      "elapsed": 31,
      "job options": {
        "name": "qd_sweep_write_qd1",
        "filename": "/dev/nvme1n1",
        "rw": "write",
        "bs": "4k",
        "iodepth": "1",
        "runtime": "30",
        "numjobs": "1",
        "time_based": "1",
        "ioengine": "libaio",
        "direct": "1",
        "group_reporting": "1"
      },
      "read": {
        "io_bytes": 0,
        "io_kbytes": 0,
        "bw_bytes": 0,
        "bw": 0,
        "iops": 0.0,
        "runtime": 0,
        "total_ios": 0,
        "short_ios": 0,
        "drop_ios": 0,
        "slat_ns": {
          "min": 0,
          "max": 0,
          "mean": 0.0,
          "stddev": 0.0,
          "N": 0
        },
        "clat_ns": {
          "min": 0,
          "max": 0,
          "mean": 0.0,
          "stddev": 0.0,
          "N": 0
        },
        "lat_ns": {
          "min": 0,
          "max": 0,
          "mean": 0.0,
          "stddev": 0.0,
          "N": 0
        },
        "bw_min": 0,
        "bw_max": 0,
        "bw_agg": 0.0,
        "bw_mean": 0.0,
        "bw_dev": 0.0,
        "bw_samples": 0,
        "iops_min": 0,
        "iops_max": 0,
        "iops_mean": 0.0,
        "iops_stddev": 0.0,
        "iops_samples": 0
      },
      "write": {
        "io_bytes": 4742721536,
        "io_kbytes": 4631564,
        "bw_bytes": 158085448,
        "bw": 154380,
        "iops": 38595.080164,
        "runtime": 30001,
        "total_ios": 1157891,
        "short_ios": 0,
        "drop_ios": 0,
        "slat_ns": {
          "min": 2571,
          "max": 241985,
          "mean": 6008.184467,
          "stddev": 786.56266,
          "N": 1157891
        },
        "clat_ns": {
          "min": 979,
          "max": 337408,
          "mean": 18510.239757,
          "stddev": 4821.206993,
          "N": 1157891,
          "percentile": {
            "1.000000": 15424,
            "5.000000": 16192,
            "10.000000": 17024,
            "20.000000": 18304,
            "30.000000": 18304,
            "40.000000": 18304,
            "50.000000": 18560,
            "60.000000": 18560,
            "70.000000": 18560,
            "80.000000": 18560,
            "90.000000": 18816,
            "95.000000": 19072,
            "99.000000": 23936,
            "99.500000": 26752,
            "99.900000": 102912,
            "99.950000": 152576,
            "99.990000": 185344
          }
        },
        "lat_ns": {
          "min": 12610,
          "max": 343115,
          "mean": 24773.501507,
          "stddev": 4994.266881,
          "N": 1157891
        },
        "bw_min": 150000,
        "bw_max": 196856,
        "bw_agg": 100.0,
        "bw_mean": 154572.20339,
        "bw_dev": 8079.692361,
        "bw_samples": 59,
        "iops_min": 37500,
        "iops_max": 49214,
        "iops_mean": 38642.949153,
        "iops_stddev": 2019.916193,
        "iops_samples": 59
      },
      "trim": {
        "io_bytes": 0,
        "io_kbytes": 0,
        "bw_bytes": 0,
        "bw": 0,
        "iops": 0.0,
        "runtime": 0,
        "total_ios": 0,
        "short_ios": 0,
        "drop_ios": 0,
        "slat_ns": {
          "min": 0,
          "max": 0,
          "mean": 0.0,
          "stddev": 0.0,
          "N": 0
        },
        "clat_ns": {
          "min": 0,
          "max": 0,
          "mean": 0.0,
          "stddev": 0.0,
          "N": 0
        },
        "lat_ns": {
          "min": 0,
          "max": 0,
          "mean": 0.0,
          "stddev": 0.0,
          "N": 0
        },
        "bw_min": 0,
        "bw_max": 0,
        "bw_agg": 0.0,
        "bw_mean": 0.0,
        "bw_dev": 0.0,
        "bw_samples": 0,
        "iops_min": 0,
        "iops_max": 0,
        "iops_mean": 0.0,
        "iops_stddev": 0.0,
        "iops_samples": 0
      },
      "sync": {
        "total_ios": 0,
        "lat_ns": {
          "min": 0,
          "max": 0,
          "mean": 0.0,
          "stddev": 0.0,
          "N": 0
        }
      },
      "job_runtime": 30000,
      "usr_cpu": 15.996667,
      "sys_cpu": 42.32,
      "ctx": 1157150,
      "majf": 0,
      "minf": 20,
      "iodepth_level": {
        "1": 100.0,
        "2": 0.0,
        "4": 0.0,
        "8": 0.0,
        "16": 0.0,
        "32": 0.0,
        ">=64": 0.0
      },
      "iodepth_submit": {
        "0": 0.0,
        "4": 100.0,
        "8": 0.0,
        "16": 0.0,
        "32": 0.0,
        "64": 0.0,
        ">=64": 0.0
      },
      "iodepth_complete": {
        "0": 0.0,
        "4": 100.0,
        "8": 0.0,
        "16": 0.0,
        "32": 0.0,
        "64": 0.0,
        ">=64": 0.0
      },
      "latency_ns": {
        "2": 0.0,
        "4": 0.0,
        "10": 0.0,
        "20": 0.0,
        "50": 0.0,
        "100": 0.0,
        "250": 0.0,
        "500": 0.0,
        "750": 0.0,
        "1000": 0.01
      },
      "latency_us": {
        "2": 0.014682,
        "4": 0.01,
        "10": 0.026686,
        "20": 97.454165,
        "50": 2.351085,
        "100": 0.049746,
        "250": 0.103032,
        "500": 0.01,
        "750": 0.0,
        "1000": 0.0
      },
      "latency_ms": {
        "2": 0.0,
        "4": 0.0,
        "10": 0.0,
        "20": 0.0,
        "50": 0.0,
        "100": 0.0,
        "250": 0.0,
        "500": 0.0,
        "750": 0.0,
        "1000": 0.0,
        "2000": 0.0,
        ">=2000": 0.0
      },
      "latency_depth": 1,
      "latency_target": 0,
      "latency_percentile": 100.0,
      "latency_window": 0
    }
  ],
  "disk_util": [
    {
      "name": "nvme1n1",
      "read_ios": 99,
      "write_ios": 1153174,
      "read_merges": 0,
      "write_merges": 0,
      "read_ticks": 5,
      "write_ticks": 16674,
      "in_queue": 16679,
      "util": 49.325543
    }
  ]
}