{
  "fio version" : "fio-3.28",
  "timestamp" : 1758038347,
  "timestamp_ms" : 1758038347315,
  "time" : "Tue Sep 16 11:59:07 2025",
  "jobs" : [
    {
      "jobname" : "qd_sweep_randwrite_qd8_degraded",
      "groupid" : 0,
      "error" : 0,
      "eta" : 0,
      "elapsed" : 31,
      "job options" : {
        "name" : "qd_sweep_randwrite_qd8_degraded",
        "filename" : "./qd_sweep_randwrite_qd8_degraded_test",
        "size" : "1G",
        "rw" : "randwrite",
        "bs" : "4k",
        "direct" : "1",
        "runtime" : "30",
        "time_based" : "1",
        "ioengine" : "libaio",
        "iodepth" : "8",
        "numjobs" : "1"
      },
      "read" : {
        "io_bytes" : 0,
        "io_kbytes" : 0,
        "bw_bytes" : 0,
        "bw" : 0,
        "iops" : 0.000000,
        "runtime" : 0,
        "total_ios" : 0,
        "short_ios" : 0,
        "drop_ios" : 0,
        "slat_ns" : {
          "min" : 0,
          "max" : 0,
          "mean" : 0.000000,
          "stddev" : 0.000000,
          "N" : 0
        },
        "clat_ns" : {
          "min" : 0,
          "max" : 0,
          "mean" : 0.000000,
          "stddev" : 0.000000,
          "N" : 0
        },
        "lat_ns" : {
          "min" : 0,
          "max" : 0,
          "mean" : 0.000000,
          "stddev" : 0.000000,
          "N" : 0
        },
        "bw_min" : 0,
        "bw_max" : 0,
        "bw_agg" : 0.000000,
        "bw_mean" : 0.000000,
        "bw_dev" : 0.000000,
        "bw_samples" : 0,
        "iops_min" : 0,
        "iops_max" : 0,
        "iops_mean" : 0.000000,
        "iops_stddev" : 0.000000,
        "iops_samples" : 0
      },
      "write" : {
        "io_bytes" : 21575065600,
        "io_kbytes" : 21069400,
        "bw_bytes" : 719144881,
        "bw" : 702289,
        "iops" : 175572.480917,
        "runtime" : 30001,
        "total_ios" : 5267350,
        "short_ios" : 0,
        "drop_ios" : 0,
        "slat_ns" : {
          "min" : 1784,
          "max" : 276114,
          "mean" : 4245.610535,
          "stddev" : 3365.628851,
          "N" : 5267350
        },
        "clat_ns" : {
          "min" : 338,
          "max" : 1715031,
          "mean" : 40758.923158,
          "stddev" : 20791.241694,
          "N" : 5267350,
          "percentile" : {
            "1.000000" : 25728,
            "5.000000" : 28544,
            "10.000000" : 30336,
            "20.000000" : 31616,
            "30.000000" : 33024,
            "40.000000" : 35072,
            "50.000000" : 36608,
            "60.000000" : 38144,
            "70.000000" : 39168,
            "80.000000" : 40192,
            "90.000000" : 55040,
            "95.000000" : 70144,
            "99.000000" : 129536,
            "99.500000" : 144384,
            "99.900000" : 199680,
            "99.950000" : 268288,
            "99.990000" : 354304
          }
        },
        "lat_ns" : {
          "min" : 12951,
          "max" : 1717970,
          "mean" : 45100.857460,
          "stddev" : 22381.191282,
          "N" : 5267350
        },
        "bw_min" : 236880,
        "bw_max" : 819528,
        "bw_agg" : 99.929242,
        "bw_mean" : 701793.627119,
        "bw_dev" : 170898.607516,
        "bw_samples" : 59,
        "iops_min" : 59220,
        "iops_max" : 204882,
        "iops_mean" : 175448.406780,
        "iops_stddev" : 42724.651879,
        "iops_samples" : 59
      },
      "trim" : {
        "io_bytes" : 0,
        "io_kbytes" : 0,
        "bw_bytes" : 0,
        "bw" : 0,
        "iops" : 0.000000,
        "runtime" : 0,
        "total_ios" : 0,
        "short_ios" : 0,
        "drop_ios" : 0,
        "slat_ns" : {
          "min" : 0,
          "max" : 0,
          "mean" : 0.000000,
          "stddev" : 0.000000,
          "N" : 0
        },
        "clat_ns" : {
          "min" : 0,
          "max" : 0,
          "mean" : 0.000000,
          "stddev" : 0.000000,
          "N" : 0
        },
        "lat_ns" : {
          "min" : 0,
          "max" : 0,
          "mean" : 0.000000,
          "stddev" : 0.000000,
          "N" : 0
        },
        "bw_min" : 0,
        "bw_max" : 0,
        "bw_agg" : 0.000000,
        "bw_mean" : 0.000000,
        "bw_dev" : 0.000000,
        "bw_samples" : 0,
        "iops_min" : 0,
        "iops_max" : 0,
        "iops_mean" : 0.000000,
        "iops_stddev" : 0.000000,
        "iops_samples" : 0
      },
      "sync" : {
        "total_ios" : 0,
        "lat_ns" : {
          "min" : 0,
          "max" : 0,
          "mean" : 0.000000,
          "stddev" : 0.000000,
          "N" : 0
        }
      },
      "job_runtime" : 30000,
      "usr_cpu" : 12.946667,
      "sys_cpu" : 61.943333,
      "ctx" : 3589661,
      "majf" : 0,
      "minf" : 58,
      "iodepth_level" : {
        "1" : 0.100000,
        "2" : 0.100000,
        "4" : 0.100000,
        "8" : 99.999867,
        "16" : 0.000000,
        "32" : 0.000000,
        ">=64" : 0.000000
      },
      "iodepth_submit" : {
        "0" : 0.000000,
        "4" : 100.000000,
        "8" : 0.000000,
        "16" : 0.000000,
        "32" : 0.000000,
        "64" : 0.000000,
        ">=64" : 0.000000
      },
      "iodepth_complete" : {
        "0" : 0.000000,
        "4" : 99.999981,
        "8" : 0.100000,
        "16" : 0.000000,
        "32" : 0.000000,
        "64" : 0.000000,
        ">=64" : 0.000000
      },
      "latency_ns" : {
        "2" : 0.000000,
        "4" : 0.000000,
        "10" : 0.000000,
        "20" : 0.000000,
        "50" : 0.000000,
        "100" : 0.000000,
        "250" : 0.000000,
        "500" : 0.010000,
        "750" : 0.000000,
        "1000" : 0.000000
      },
      "latency_us" : {
        "2" : 0.000000,
        "4" : 0.010000,
        "10" : 0.010000,
        "20" : 0.010000,
        "50" : 87.224164,
        "100" : 9.960322,
        "250" : 2.756339,
        "500" : 0.055246,
        "750" : 0.010000,
        "1000" : 0.000000
      },
      "latency_ms" : {
        "2" : 0.010000,
        "4" : 0.000000,
        "10" : 0.000000,
        "20" : 0.000000,
        "50" : 0.000000,
        "100" : 0.000000,
        "250" : 0.000000,
        "500" : 0.000000,
        "750" : 0.000000,
        "1000" : 0.000000,
        "2000" : 0.000000,
        ">=2000" : 0.000000
      },
      "latency_depth" : 8,
      "latency_target" : 0,
      "latency_percentile" : 100.000000,
      "latency_window" : 0
    }
  ],
  "disk_util" : [
    {
      "name" : "nvme0n1",
      "read_ios" : 0,
      "write_ios" : 5250174,
      "read_merges" : 0,
      "write_merges" : 1274,
      "read_ticks" : 0,
      "write_ticks" : 48959,
      "in_queue" : 48971,
      "util" : 71.812663
    }
  ]
}
