{
  "fio version" : "fio-3.28",
  "timestamp" : 1758038286,
  "timestamp_ms" : 1758038286672,
  "time" : "Tue Sep 16 11:58:06 2025",
  "jobs" : [
    {
      "jobname" : "qd_sweep_randwrite_qd2_degraded",
      "groupid" : 0,
      "error" : 0,
      "eta" : 0,
      "elapsed" : 31,
      "job options" : {
        "name" : "qd_sweep_randwrite_qd2_degraded",
        "filename" : "./qd_sweep_randwrite_qd2_degraded_test",
        "size" : "1G",
        "rw" : "randwrite",
        "bs" : "4k",
        "direct" : "1",
        "runtime" : "30",
        "time_based" : "1",
        "ioengine" : "libaio",
        "iodepth" : "2",
        "numjobs" : "1"
      },
      "read" : {
        "io_bytes" : 0,
        "io_kbytes" : 0,
        "bw_bytes" : 0,
        "bw" : 0,
        "iops" : 0.000000,
        "runtime" : 0,
        "total_ios" : 0,
        "short_ios" : 0,
        "drop_ios" : 0,
        "slat_ns" : {
          "min" : 0,
          "max" : 0,
          "mean" : 0.000000,
          "stddev" : 0.000000,
          "N" : 0
        },
        "clat_ns" : {
          "min" : 0,
          "max" : 0,
          "mean" : 0.000000,
          "stddev" : 0.000000,
          "N" : 0
        },
        "lat_ns" : {
          "min" : 0,
          "max" : 0,
          "mean" : 0.000000,
          "stddev" : 0.000000,
          "N" : 0
        },
        "bw_min" : 0,
        "bw_max" : 0,
        "bw_agg" : 0.000000,
        "bw_mean" : 0.000000,
        "bw_dev" : 0.000000,
        "bw_samples" : 0,
        "iops_min" : 0,
        "iops_max" : 0,
        "iops_mean" : 0.000000,
        "iops_stddev" : 0.000000,
        "iops_samples" : 0
      },
      "write" : {
        "io_bytes" : 15027359744,
        "io_kbytes" : 14675156,
        "bw_bytes" : 500895294,
        "bw" : 489155,
        "iops" : 122288.890370,
        "runtime" : 30001,
        "total_ios" : 3668789,
        "short_ios" : 0,
        "drop_ios" : 0,
        "slat_ns" : {
          "min" : 1800,
          "max" : 317652,
          "mean" : 2436.592120,
          "stddev" : 1567.589990,
          "N" : 3668789
        },
        "clat_ns" : {
          "min" : 3203,
          "max" : 536469,
          "mean" : 13295.767136,
          "stddev" : 2348.914068,
          "N" : 3668789,
          "percentile" : {
            "1.000000" : 10560,
            "5.000000" : 11840,
            "10.000000" : 11840,
            "20.000000" : 12096,
            "30.000000" : 12480,
            "40.000000" : 12608,
            "50.000000" : 12736,
            "60.000000" : 12992,
            "70.000000" : 13376,
            "80.000000" : 13504,
            "90.000000" : 14016,
            "95.000000" : 18560,
            "99.000000" : 20608,
            "99.500000" : 23168,
            "99.900000" : 34048,
            "99.950000" : 45312,
            "99.990000" : 71168
          }
        },
        "lat_ns" : {
          "min" : 11844,
          "max" : 583715,
          "mean" : 15806.140668,
          "stddev" : 3429.981451,
          "N" : 3668789
        },
        "bw_min" : 224080,
        "bw_max" : 518360,
        "bw_agg" : 100.000000,
        "bw_mean" : 489164.474576,
        "bw_dev" : 68470.856129,
        "bw_samples" : 59,
        "iops_min" : 56020,
        "iops_max" : 129590,
        "iops_mean" : 122291.084746,
        "iops_stddev" : 17117.698110,
        "iops_samples" : 59
      },
      "trim" : {
        "io_bytes" : 0,
        "io_kbytes" : 0,
        "bw_bytes" : 0,
        "bw" : 0,
        "iops" : 0.000000,
        "runtime" : 0,
        "total_ios" : 0,
        "short_ios" : 0,
        "drop_ios" : 0,
        "slat_ns" : {
          "min" : 0,
          "max" : 0,
          "mean" : 0.000000,
          "stddev" : 0.000000,
          "N" : 0
        },
        "clat_ns" : {
          "min" : 0,
          "max" : 0,
          "mean" : 0.000000,
          "stddev" : 0.000000,
          "N" : 0
        },
        "lat_ns" : {
          "min" : 0,
          "max" : 0,
          "mean" : 0.000000,
          "stddev" : 0.000000,
          "N" : 0
        },
        "bw_min" : 0,
        "bw_max" : 0,
        "bw_agg" : 0.000000,
        "bw_mean" : 0.000000,
        "bw_dev" : 0.000000,
        "bw_samples" : 0,
        "iops_min" : 0,
        "iops_max" : 0,
        "iops_mean" : 0.000000,
        "iops_stddev" : 0.000000,
        "iops_samples" : 0
      },
      "sync" : {
        "total_ios" : 0,
        "lat_ns" : {
          "min" : 0,
          "max" : 0,
          "mean" : 0.000000,
          "stddev" : 0.000000,
          "N" : 0
        }
      },
      "job_runtime" : 30000,
      "usr_cpu" : 13.220000,
      "sys_cpu" : 36.376667,
      "ctx" : 2698886,
      "majf" : 0,
      "minf" : 20,
      "iodepth_level" : {
        "1" : 0.100000,
        "2" : 99.999973,
        "4" : 0.000000,
        "8" : 0.000000,
        "16" : 0.000000,
        "32" : 0.000000,
        ">=64" : 0.000000
      },
      "iodepth_submit" : {
        "0" : 0.000000,
        "4" : 100.000000,
        "8" : 0.000000,
        "16" : 0.000000,
        "32" : 0.000000,
        "64" : 0.000000,
        ">=64" : 0.000000
      },
      "iodepth_complete" : {
        "0" : 0.000000,
        "4" : 100.000000,
        "8" : 0.000000,
        "16" : 0.000000,
        "32" : 0.000000,
        "64" : 0.000000,
        ">=64" : 0.000000
      },
      "latency_ns" : {
        "2" : 0.000000,
        "4" : 0.000000,
        "10" : 0.000000,
        "20" : 0.000000,
        "50" : 0.000000,
        "100" : 0.000000,
        "250" : 0.000000,
        "500" : 0.000000,
        "750" : 0.000000,
        "1000" : 0.000000
      },
      "latency_us" : {
        "2" : 0.000000,
        "4" : 0.010000,
        "10" : 0.048626,
        "20" : 98.348610,
        "50" : 1.567929,
        "100" : 0.034017,
        "250" : 0.010000,
        "500" : 0.010000,
        "750" : 0.010000,
        "1000" : 0.000000
      },
      "latency_ms" : {
        "2" : 0.000000,
        "4" : 0.000000,
        "10" : 0.000000,
        "20" : 0.000000,
        "50" : 0.000000,
        "100" : 0.000000,
        "250" : 0.000000,
        "500" : 0.000000,
        "750" : 0.000000,
        "1000" : 0.000000,
        "2000" : 0.000000,
        ">=2000" : 0.000000
      },
      "latency_depth" : 2,
      "latency_target" : 0,
      "latency_percentile" : 100.000000,
      "latency_window" : 0
    }
  ],
  "disk_util" : [
    {
      "name" : "nvme0n1",
      "read_ios" : 0,
      "write_ios" : 3655422,
      "read_merges" : 0,
      "write_merges" : 1227,
      "read_ticks" : 0,
      "write_ticks" : 34479,
      "in_queue" : 34490,
      "util" : 59.263337
    }
  ]
}
