{
  "fio version" : "fio-3.28",
  "timestamp" : 1758038316,
  "timestamp_ms" : 1758038316998,
  "time" : "Tue Sep 16 11:58:36 2025",
  "jobs" : [
    {
      "jobname" : "qd_sweep_randwrite_qd4_degraded",
      "groupid" : 0,
      "error" : 0,
      "eta" : 0,
      "elapsed" : 31,
      "job options" : {
        "name" : "qd_sweep_randwrite_qd4_degraded",
        "filename" : "./qd_sweep_randwrite_qd4_degraded_test",
        "size" : "1G",
        "rw" : "randwrite",
        "bs" : "4k",
        "direct" : "1",
        "runtime" : "30",
        "time_based" : "1",
        "ioengine" : "libaio",
        "iodepth" : "4",
        "numjobs" : "1"
      },
      "read" : {
        "io_bytes" : 0,
        "io_kbytes" : 0,
        "bw_bytes" : 0,
        "bw" : 0,
        "iops" : 0.000000,
        "runtime" : 0,
        "total_ios" : 0,
        "short_ios" : 0,
        "drop_ios" : 0,
        "slat_ns" : {
          "min" : 0,
          "max" : 0,
          "mean" : 0.000000,
          "stddev" : 0.000000,
          "N" : 0
        },
        "clat_ns" : {
          "min" : 0,
          "max" : 0,
          "mean" : 0.000000,
          "stddev" : 0.000000,
          "N" : 0
        },
        "lat_ns" : {
          "min" : 0,
          "max" : 0,
          "mean" : 0.000000,
          "stddev" : 0.000000,
          "N" : 0
        },
        "bw_min" : 0,
        "bw_max" : 0,
        "bw_agg" : 0.000000,
        "bw_mean" : 0.000000,
        "bw_dev" : 0.000000,
        "bw_samples" : 0,
        "iops_min" : 0,
        "iops_max" : 0,
        "iops_mean" : 0.000000,
        "iops_stddev" : 0.000000,
        "iops_samples" : 0
      },
      "write" : {
        "io_bytes" : 19385163776,
        "io_kbytes" : 18930824,
        "bw_bytes" : 646150587,
        "bw" : 631006,
        "iops" : 157751.608280,
        "runtime" : 30001,
        "total_ios" : 4732706,
        "short_ios" : 0,
        "drop_ios" : 0,
        "slat_ns" : {
          "min" : 1792,
          "max" : 529926,
          "mean" : 4425.738950,
          "stddev" : 3496.177559,
          "N" : 4732706
        },
        "clat_ns" : {
          "min" : 362,
          "max" : 1532208,
          "mean" : 20342.434997,
          "stddev" : 11546.736248,
          "N" : 4732706,
          "percentile" : {
            "1.000000" : 12096,
            "5.000000" : 13248,
            "10.000000" : 14400,
            "20.000000" : 15552,
            "30.000000" : 16064,
            "40.000000" : 16768,
            "50.000000" : 17280,
            "60.000000" : 18048,
            "70.000000" : 18816,
            "80.000000" : 23168,
            "90.000000" : 26752,
            "95.000000" : 39680,
            "99.000000" : 63744,
            "99.500000" : 69120,
            "99.900000" : 126464,
            "99.950000" : 148480,
            "99.990000" : 197632
          }
        },
        "lat_ns" : {
          "min" : 13220,
          "max" : 1540564,
          "mean" : 24845.666810,
          "stddev" : 13573.615415,
          "N" : 4732706
        },
        "bw_min" : 215296,
        "bw_max" : 766960,
        "bw_agg" : 99.886145,
        "bw_mean" : 630288.406780,
        "bw_dev" : 179309.994595,
        "bw_samples" : 59,
        "iops_min" : 53824,
        "iops_max" : 191740,
        "iops_mean" : 157572.135593,
        "iops_stddev" : 44827.558828,
        "iops_samples" : 59
      },
      "trim" : {
        "io_bytes" : 0,
        "io_kbytes" : 0,
        "bw_bytes" : 0,
        "bw" : 0,
        "iops" : 0.000000,
        "runtime" : 0,
        "total_ios" : 0,
        "short_ios" : 0,
        "drop_ios" : 0,
        "slat_ns" : {
          "min" : 0,
          "max" : 0,
          "mean" : 0.000000,
          "stddev" : 0.000000,
          "N" : 0
        },
        "clat_ns" : {
          "min" : 0,
          "max" : 0,
          "mean" : 0.000000,
          "stddev" : 0.000000,
          "N" : 0
        },
        "lat_ns" : {
          "min" : 0,
          "max" : 0,
          "mean" : 0.000000,
          "stddev" : 0.000000,
          "N" : 0
        },
        "bw_min" : 0,
        "bw_max" : 0,
        "bw_agg" : 0.000000,
        "bw_mean" : 0.000000,
        "bw_dev" : 0.000000,
        "bw_samples" : 0,
        "iops_min" : 0,
        "iops_max" : 0,
        "iops_mean" : 0.000000,
        "iops_stddev" : 0.000000,
        "iops_samples" : 0
      },
      "sync" : {
        "total_ios" : 0,
        "lat_ns" : {
          "min" : 0,
          "max" : 0,
          "mean" : 0.000000,
          "stddev" : 0.000000,
          "N" : 0
        }
      },
      "job_runtime" : 30000,
      "usr_cpu" : 12.740000,
      "sys_cpu" : 60.293333,
      "ctx" : 3488910,
      "majf" : 0,
      "minf" : 77,
      "iodepth_level" : {
        "1" : 0.100000,
        "2" : 0.100000,
        "4" : 99.999937,
        "8" : 0.000000,
        "16" : 0.000000,
        "32" : 0.000000,
        ">=64" : 0.000000
      },
      "iodepth_submit" : {
        "0" : 0.000000,
        "4" : 100.000000,
        "8" : 0.000000,
        "16" : 0.000000,
        "32" : 0.000000,
        "64" : 0.000000,
        ">=64" : 0.000000
      },
      "iodepth_complete" : {
        "0" : 0.000000,
        "4" : 100.000000,
        "8" : 0.000000,
        "16" : 0.000000,
        "32" : 0.000000,
        "64" : 0.000000,
        ">=64" : 0.000000
      },
      "latency_ns" : {
        "2" : 0.000000,
        "4" : 0.000000,
        "10" : 0.000000,
        "20" : 0.000000,
        "50" : 0.000000,
        "100" : 0.000000,
        "250" : 0.000000,
        "500" : 0.010000,
        "750" : 0.010000,
        "1000" : 0.000000
      },
      "latency_us" : {
        "2" : 0.000000,
        "4" : 0.010000,
        "10" : 0.027173,
        "20" : 72.938970,
        "50" : 23.494487,
        "100" : 3.392541,
        "250" : 0.142096,
        "500" : 0.010000,
        "750" : 0.010000,
        "1000" : 0.010000
      },
      "latency_ms" : {
        "2" : 0.010000,
        "4" : 0.000000,
        "10" : 0.000000,
        "20" : 0.000000,
        "50" : 0.000000,
        "100" : 0.000000,
        "250" : 0.000000,
        "500" : 0.000000,
        "750" : 0.000000,
        "1000" : 0.000000,
        "2000" : 0.000000,
        ">=2000" : 0.000000
      },
      "latency_depth" : 4,
      "latency_target" : 0,
      "latency_percentile" : 100.000000,
      "latency_window" : 0
    }
  ],
  "disk_util" : [
    {
      "name" : "nvme0n1",
      "read_ios" : 0,
      "write_ios" : 4712420,
      "read_merges" : 0,
      "write_merges" : 873,
      "read_ticks" : 0,
      "write_ticks" : 44653,
      "in_queue" : 44668,
      "util" : 72.267814
    }
  ]
}
