{
  "fio version": "fio-3.28",
  "timestamp": 1757682113,
  "timestamp_ms": 1757682113363,
  "time": "Fri Sep 12 09:01:53 2025",
  "jobs": [
    {
      "jobname": "qd_sweep_randwrite_qd16",
      "groupid": 0,
      "error": 0,
      "eta": 0,
      "elapsed": 31,
      "job options": {
        "name": "qd_sweep_randwrite_qd16",
        "filename": "/dev/nvme1n1",
        "rw": "randwrite",
        "bs": "4k",
        "iodepth": "16",
        "runtime": "30",
        "numjobs": "1",
        "time_based": "1",
        "ioengine": "libaio",
        "direct": "1",
        "group_reporting": "1"
      },
      "read": {
        "io_bytes": 0,
        "io_kbytes": 0,
        "bw_bytes": 0,
        "bw": 0,
        "iops": 0.0,
        "runtime": 0,
        "total_ios": 0,
        "short_ios": 0,
        "drop_ios": 0,
        "slat_ns": {
          "min": 0,
          "max": 0,
          "mean": 0.0,
          "stddev": 0.0,
          "N": 0
        },
        "clat_ns": {
          "min": 0,
          "max": 0,
          "mean": 0.0,
          "stddev": 0.0,
          "N": 0
        },
        "lat_ns": {
          "min": 0,
          "max": 0,
          "mean": 0.0,
          "stddev": 0.0,
          "N": 0
        },
        "bw_min": 0,
        "bw_max": 0,
        "bw_agg": 0.0,
        "bw_mean": 0.0,
        "bw_dev": 0.0,
        "bw_samples": 0,
        "iops_min": 0,
        "iops_max": 0,
        "iops_mean": 0.0,
        "iops_stddev": 0.0,
        "iops_samples": 0
      },
      "write": {
        "io_bytes": 36589805568,
        "io_kbytes": 35732232,
        "bw_bytes": 1219619531,
        "bw": 1191034,
        "iops": 297758.674711,
        "runtime": 30001,
        "total_ios": 8933058,
        "short_ios": 0,
        "drop_ios": 0,
        "slat_ns": {
          "min": 1476,
          "max": 574027,
          "mean": 2482.112729,
          "stddev": 766.54571,
          "N": 8933058
        },
        "clat_ns": {
          "min": 11583,
          "max": 20438918,
          "mean": 50729.856888,
          "stddev": 82885.121267,
          "N": 8933058,
          "percentile": {
            "1.000000": 47872,
            "5.000000": 47872,
            "10.000000": 47872,
            "20.000000": 48384,
            "30.000000": 48384,
            "40.000000": 48896,
            "50.000000": 48896,
            "60.000000": 48896,
            "70.000000": 49408,
            "80.000000": 49920,
            "90.000000": 51968,
            "95.000000": 56064,
            "99.000000": 80384,
            "99.500000": 80384,
            "99.900000": 90624,
            "99.950000": 91648,
            "99.990000": 395264
          }
        },
        "lat_ns": {
          "min": 14155,
          "max": 20440507,
          "mean": 53282.129034,
          "stddev": 82902.927729,
          "N": 8933058
        },
        "bw_min": 747136,
        "bw_max": 1228752,
        "bw_agg": 100.0,
        "bw_mean": 1191480.949153,
        "bw_dev": 93584.48086,
        "bw_samples": 59,
        "iops_min": 186784,
        "iops_max": 307188,
        "iops_mean": 297870.271186,
        "iops_stddev": 23396.15298,
        "iops_samples": 59
      },
      "trim": {
        "io_bytes": 0,
        "io_kbytes": 0,
        "bw_bytes": 0,
        "bw": 0,
        "iops": 0.0,
        "runtime": 0,
        "total_ios": 0,
        "short_ios": 0,
        "drop_ios": 0,
        "slat_ns": {
          "min": 0,
          "max": 0,
          "mean": 0.0,
          "stddev": 0.0,
          "N": 0
        },
        "clat_ns": {
          "min": 0,
          "max": 0,
          "mean": 0.0,
          "stddev": 0.0,
          "N": 0
        },
        "lat_ns": {
          "min": 0,
          "max": 0,
          "mean": 0.0,
          "stddev": 0.0,
          "N": 0
        },
        "bw_min": 0,
        "bw_max": 0,
        "bw_agg": 0.0,
        "bw_mean": 0.0,
        "bw_dev": 0.0,
        "bw_samples": 0,
        "iops_min": 0,
        "iops_max": 0,
        "iops_mean": 0.0,
        "iops_stddev": 0.0,
        "iops_samples": 0
      },
      "sync": {
        "total_ios": 0,
        "lat_ns": {
          "min": 0,
          "max": 0,
          "mean": 0.0,
          "stddev": 0.0,
          "N": 0
        }
      },
      "job_runtime": 30000,
      "usr_cpu": 23.99,
      "sys_cpu": 75.193333,
      "ctx": 467,
      "majf": 0,
      "minf": 16,
      "iodepth_level": {
        "1": 0.1,
        "2": 0.1,
        "4": 0.1,
        "8": 0.1,
        "16": 99.999832,
        "32": 0.0,
        ">=64": 0.0
      },
      "iodepth_submit": {
        "0": 0.0,
        "4": 100.0,
        "8": 0.0,
        "16": 0.0,
        "32": 0.0,
        "64": 0.0,
        ">=64": 0.0
      },
      "iodepth_complete": {
        "0": 0.0,
        "4": 99.999989,
        "8": 0.0,
        "16": 0.1,
        "32": 0.0,
        "64": 0.0,
        ">=64": 0.0
      },
      "latency_ns": {
        "2": 0.0,
        "4": 0.0,
        "10": 0.0,
        "20": 0.0,
        "50": 0.0,
        "100": 0.0,
        "250": 0.0,
        "500": 0.0,
        "750": 0.0,
        "1000": 0.0
      },
      "latency_us": {
        "2": 0.0,
        "4": 0.0,
        "10": 0.0,
        "20": 0.01,
        "50": 81.227761,
        "100": 18.754877,
        "250": 0.01,
        "500": 0.01,
        "750": 0.01,
        "1000": 0.01
      },
      "latency_ms": {
        "2": 0.01,
        "4": 0.01,
        "10": 0.01,
        "20": 0.01,
        "50": 0.01,
        "100": 0.0,
        "250": 0.0,
        "500": 0.0,
        "750": 0.0,
        "1000": 0.0,
        "2000": 0.0,
        ">=2000": 0.0
      },
      "latency_depth": 16,
      "latency_target": 0,
      "latency_percentile": 100.0,
      "latency_window": 0
    }
  ],
  "disk_util": [
    {
      "name": "nvme1n1",
      "read_ios": 0,
      "write_ios": 8886454,
      "read_merges": 0,
      "write_merges": 0,
      "read_ticks": 0,
      "write_ticks": 83605,
      "in_queue": 83605,
      "util": 98.968625
    }
  ]
}