{
  "fio version": "fio-3.28",
  "timestamp": 1757681789,
  "timestamp_ms": 1757681789532,
  "time": "Fri Sep 12 08:56:29 2025",
  "jobs": [
    {
      "jobname": "qd_sweep_write_qd4",
      "groupid": 0,
      "error": 0,
      "eta": 0,
      "elapsed": 31,
      "job options": {
        "name": "qd_sweep_write_qd4",
        "filename": "/dev/nvme1n1",
        "rw": "write",
        "bs": "4k",
        "iodepth": "4",
        "runtime": "30",
        "numjobs": "1",
        "time_based": "1",
        "ioengine": "libaio",
        "direct": "1",
        "group_reporting": "1"
      },
      "read": {
        "io_bytes": 0,
        "io_kbytes": 0,
        "bw_bytes": 0,
        "bw": 0,
        "iops": 0.0,
        "runtime": 0,
        "total_ios": 0,
        "short_ios": 0,
        "drop_ios": 0,
        "slat_ns": {
          "min": 0,
          "max": 0,
          "mean": 0.0,
          "stddev": 0.0,
          "N": 0
        },
        "clat_ns": {
          "min": 0,
          "max": 0,
          "mean": 0.0,
          "stddev": 0.0,
          "N": 0
        },
        "lat_ns": {
          "min": 0,
          "max": 0,
          "mean": 0.0,
          "stddev": 0.0,
          "N": 0
        },
        "bw_min": 0,
        "bw_max": 0,
        "bw_agg": 0.0,
        "bw_mean": 0.0,
        "bw_dev": 0.0,
        "bw_samples": 0,
        "iops_min": 0,
        "iops_max": 0,
        "iops_mean": 0.0,
        "iops_stddev": 0.0,
        "iops_samples": 0
      },
      "write": {
        "io_bytes": 29322530816,
        "io_kbytes": 28635284,
        "bw_bytes": 977385114,
        "bw": 954477,
        "iops": 238619.412686,
        "runtime": 30001,
        "total_ios": 7158821,
        "short_ios": 0,
        "drop_ios": 0,
        "slat_ns": {
          "min": 1480,
          "max": 121522,
          "mean": 1919.2846,
          "stddev": 772.353679,
          "N": 7158821
        },
        "clat_ns": {
          "min": 2426,
          "max": 22008782,
          "mean": 14425.065333,
          "stddev": 37734.301099,
          "N": 7158821,
          "percentile": {
            "1.000000": 10048,
            "5.000000": 10048,
            "10.000000": 10176,
            "20.000000": 10432,
            "30.000000": 12096,
            "40.000000": 13248,
            "50.000000": 15552,
            "60.000000": 15680,
            "70.000000": 15680,
            "80.000000": 16768,
            "90.000000": 17792,
            "95.000000": 17792,
            "99.000000": 19840,
            "99.500000": 21888,
            "99.900000": 25216,
            "99.950000": 27008,
            "99.990000": 69120
          }
        },
        "lat_ns": {
          "min": 10433,
          "max": 22010381,
          "mean": 16421.844708,
          "stddev": 37721.587289,
          "N": 7158821
        },
        "bw_min": 734648,
        "bw_max": 1007104,
        "bw_agg": 100.0,
        "bw_mean": 955213.694915,
        "bw_dev": 41789.541726,
        "bw_samples": 59,
        "iops_min": 183662,
        "iops_max": 251776,
        "iops_mean": 238803.355932,
        "iops_stddev": 10447.330848,
        "iops_samples": 59
      },
      "trim": {
        "io_bytes": 0,
        "io_kbytes": 0,
        "bw_bytes": 0,
        "bw": 0,
        "iops": 0.0,
        "runtime": 0,
        "total_ios": 0,
        "short_ios": 0,
        "drop_ios": 0,
        "slat_ns": {
          "min": 0,
          "max": 0,
          "mean": 0.0,
          "stddev": 0.0,
          "N": 0
        },
        "clat_ns": {
          "min": 0,
          "max": 0,
          "mean": 0.0,
          "stddev": 0.0,
          "N": 0
        },
        "lat_ns": {
          "min": 0,
          "max": 0,
          "mean": 0.0,
          "stddev": 0.0,
          "N": 0
        },
        "bw_min": 0,
        "bw_max": 0,
        "bw_agg": 0.0,
        "bw_mean": 0.0,
        "bw_dev": 0.0,
        "bw_samples": 0,
        "iops_min": 0,
        "iops_max": 0,
        "iops_mean": 0.0,
        "iops_stddev": 0.0,
        "iops_samples": 0
      },
      "sync": {
        "total_ios": 0,
        "lat_ns": {
          "min": 0,
          "max": 0,
          "mean": 0.0,
          "stddev": 0.0,
          "N": 0
        }
      },
      "job_runtime": 30000,
      "usr_cpu": 23.436667,
      "sys_cpu": 57.09,
      "ctx": 1292843,
      "majf": 0,
      "minf": 24,
      "iodepth_level": {
        "1": 0.1,
        "2": 0.1,
        "4": 99.999958,
        "8": 0.0,
        "16": 0.0,
        "32": 0.0,
        ">=64": 0.0
      },
      "iodepth_submit": {
        "0": 0.0,
        "4": 100.0,
        "8": 0.0,
        "16": 0.0,
        "32": 0.0,
        "64": 0.0,
        ">=64": 0.0
      },
      "iodepth_complete": {
        "0": 0.0,
        "4": 100.0,
        "8": 0.0,
        "16": 0.0,
        "32": 0.0,
        "64": 0.0,
        ">=64": 0.0
      },
      "latency_ns": {
        "2": 0.0,
        "4": 0.0,
        "10": 0.0,
        "20": 0.0,
        "50": 0.0,
        "100": 0.0,
        "250": 0.0,
        "500": 0.0,
        "750": 0.0,
        "1000": 0.0
      },
      "latency_us": {
        "2": 0.0,
        "4": 0.01,
        "10": 1.11218,
        "20": 97.923219,
        "50": 0.949276,
        "100": 0.01,
        "250": 0.01,
        "500": 0.01,
        "750": 0.01,
        "1000": 0.01
      },
      "latency_ms": {
        "2": 0.01,
        "4": 0.01,
        "10": 0.01,
        "20": 0.01,
        "50": 0.01,
        "100": 0.0,
        "250": 0.0,
        "500": 0.0,
        "750": 0.0,
        "1000": 0.0,
        "2000": 0.0,
        ">=2000": 0.0
      },
      "latency_depth": 4,
      "latency_target": 0,
      "latency_percentile": 100.0,
      "latency_window": 0
    }
  ],
  "disk_util": [
    {
      "name": "nvme1n1",
      "read_ios": 0,
      "write_ios": 7129770,
      "read_merges": 0,
      "write_merges": 0,
      "read_ticks": 0,
      "write_ticks": 72111,
      "in_queue": 72111,
      "util": 93.284603
    }
  ]
}