{
  "fio version" : "fio-3.28",
  "timestamp" : 1758038256,
  "timestamp_ms" : 1758038256346,
  "time" : "Tue Sep 16 11:57:36 2025",
  "jobs" : [
    {
      "jobname" : "qd_sweep_randwrite_qd1_degraded",
      "groupid" : 0,
      "error" : 0,
      "eta" : 0,
      "elapsed" : 31,
      "job options" : {
        "name" : "qd_sweep_randwrite_qd1_degraded",
        "filename" : "./qd_sweep_randwrite_qd1_degraded_test",
        "size" : "1G",
        "rw" : "randwrite",
        "bs" : "4k",
        "direct" : "1",
        "runtime" : "30",
        "time_based" : "1",
        "ioengine" : "libaio",
        "iodepth" : "1",
        "numjobs" : "1"
      },
      "read" : {
        "io_bytes" : 0,
        "io_kbytes" : 0,
        "bw_bytes" : 0,
        "bw" : 0,
        "iops" : 0.000000,
        "runtime" : 0,
        "total_ios" : 0,
        "short_ios" : 0,
        "drop_ios" : 0,
        "slat_ns" : {
          "min" : 0,
          "max" : 0,
          "mean" : 0.000000,
          "stddev" : 0.000000,
          "N" : 0
        },
        "clat_ns" : {
          "min" : 0,
          "max" : 0,
          "mean" : 0.000000,
          "stddev" : 0.000000,
          "N" : 0
        },
        "lat_ns" : {
          "min" : 0,
          "max" : 0,
          "mean" : 0.000000,
          "stddev" : 0.000000,
          "N" : 0
        },
        "bw_min" : 0,
        "bw_max" : 0,
        "bw_agg" : 0.000000,
        "bw_mean" : 0.000000,
        "bw_dev" : 0.000000,
        "bw_samples" : 0,
        "iops_min" : 0,
        "iops_max" : 0,
        "iops_mean" : 0.000000,
        "iops_stddev" : 0.000000,
        "iops_samples" : 0
      },
      "write" : {
        "io_bytes" : 7017312256,
        "io_kbytes" : 6852844,
        "bw_bytes" : 233902611,
        "bw" : 228420,
        "iops" : 57105.129829,
        "runtime" : 30001,
        "total_ios" : 1713211,
        "short_ios" : 0,
        "drop_ios" : 0,
        "slat_ns" : {
          "min" : 2457,
          "max" : 527155,
          "mean" : 3527.287673,
          "stddev" : 1791.904261,
          "N" : 1713211
        },
        "clat_ns" : {
          "min" : 3250,
          "max" : 272411,
          "mean" : 13318.179974,
          "stddev" : 1943.182575,
          "N" : 1713211,
          "percentile" : {
            "1.000000" : 12096,
            "5.000000" : 12096,
            "10.000000" : 12096,
            "20.000000" : 12352,
            "30.000000" : 12864,
            "40.000000" : 12864,
            "50.000000" : 12864,
            "60.000000" : 12992,
            "70.000000" : 13120,
            "80.000000" : 14272,
            "90.000000" : 14784,
            "95.000000" : 15296,
            "99.000000" : 17536,
            "99.500000" : 19072,
            "99.900000" : 24960,
            "99.950000" : 39680,
            "99.990000" : 100864
          }
        },
        "lat_ns" : {
          "min" : 13670,
          "max" : 544795,
          "mean" : 16936.456212,
          "stddev" : 3156.752629,
          "N" : 1713211
        },
        "bw_min" : 142976,
        "bw_max" : 259976,
        "bw_agg" : 99.998897,
        "bw_mean" : 228418.576271,
        "bw_dev" : 29573.293094,
        "bw_samples" : 59,
        "iops_min" : 35744,
        "iops_max" : 64994,
        "iops_mean" : 57104.677966,
        "iops_stddev" : 7393.306867,
        "iops_samples" : 59
      },
      "trim" : {
        "io_bytes" : 0,
        "io_kbytes" : 0,
        "bw_bytes" : 0,
        "bw" : 0,
        "iops" : 0.000000,
        "runtime" : 0,
        "total_ios" : 0,
        "short_ios" : 0,
        "drop_ios" : 0,
        "slat_ns" : {
          "min" : 0,
          "max" : 0,
          "mean" : 0.000000,
          "stddev" : 0.000000,
          "N" : 0
        },
        "clat_ns" : {
          "min" : 0,
          "max" : 0,
          "mean" : 0.000000,
          "stddev" : 0.000000,
          "N" : 0
        },
        "lat_ns" : {
          "min" : 0,
          "max" : 0,
          "mean" : 0.000000,
          "stddev" : 0.000000,
          "N" : 0
        },
        "bw_min" : 0,
        "bw_max" : 0,
        "bw_agg" : 0.000000,
        "bw_mean" : 0.000000,
        "bw_dev" : 0.000000,
        "bw_samples" : 0,
        "iops_min" : 0,
        "iops_max" : 0,
        "iops_mean" : 0.000000,
        "iops_stddev" : 0.000000,
        "iops_samples" : 0
      },
      "sync" : {
        "total_ios" : 0,
        "lat_ns" : {
          "min" : 0,
          "max" : 0,
          "mean" : 0.000000,
          "stddev" : 0.000000,
          "N" : 0
        }
      },
      "job_runtime" : 30000,
      "usr_cpu" : 7.913333,
      "sys_cpu" : 26.470000,
      "ctx" : 1713221,
      "majf" : 0,
      "minf" : 15,
      "iodepth_level" : {
        "1" : 100.000000,
        "2" : 0.000000,
        "4" : 0.000000,
        "8" : 0.000000,
        "16" : 0.000000,
        "32" : 0.000000,
        ">=64" : 0.000000
      },
      "iodepth_submit" : {
        "0" : 0.000000,
        "4" : 100.000000,
        "8" : 0.000000,
        "16" : 0.000000,
        "32" : 0.000000,
        "64" : 0.000000,
        ">=64" : 0.000000
      },
      "iodepth_complete" : {
        "0" : 0.000000,
        "4" : 100.000000,
        "8" : 0.000000,
        "16" : 0.000000,
        "32" : 0.000000,
        "64" : 0.000000,
        ">=64" : 0.000000
      },
      "latency_ns" : {
        "2" : 0.000000,
        "4" : 0.000000,
        "10" : 0.000000,
        "20" : 0.000000,
        "50" : 0.000000,
        "100" : 0.000000,
        "250" : 0.000000,
        "500" : 0.000000,
        "750" : 0.000000,
        "1000" : 0.000000
      },
      "latency_us" : {
        "2" : 0.000000,
        "4" : 0.010000,
        "10" : 0.010000,
        "20" : 99.607112,
        "50" : 0.352613,
        "100" : 0.026850,
        "250" : 0.010740,
        "500" : 0.010000,
        "750" : 0.000000,
        "1000" : 0.000000
      },
      "latency_ms" : {
        "2" : 0.000000,
        "4" : 0.000000,
        "10" : 0.000000,
        "20" : 0.000000,
        "50" : 0.000000,
        "100" : 0.000000,
        "250" : 0.000000,
        "500" : 0.000000,
        "750" : 0.000000,
        "1000" : 0.000000,
        "2000" : 0.000000,
        ">=2000" : 0.000000
      },
      "latency_depth" : 1,
      "latency_target" : 0,
      "latency_percentile" : 100.000000,
      "latency_window" : 0
    }
  ],
  "disk_util" : [
    {
      "name" : "nvme0n1",
      "read_ios" : 0,
      "write_ios" : 1707190,
      "read_merges" : 0,
      "write_merges" : 1779,
      "read_ticks" : 0,
      "write_ticks" : 17505,
      "in_queue" : 17515,
      "util" : 49.524604
    }
  ]
}
