{
  "fio version" : "fio-3.28",
  "timestamp" : 1758038407,
  "timestamp_ms" : 1758038407950,
  "time" : "Tue Sep 16 12:00:07 2025",
  "jobs" : [
    {
      "jobname" : "qd_sweep_randwrite_qd32_degraded",
      "groupid" : 0,
      "error" : 0,
      "eta" : 0,
      "elapsed" : 31,
      "job options" : {
        "name" : "qd_sweep_randwrite_qd32_degraded",
        "filename" : "./qd_sweep_randwrite_qd32_degraded_test",
        "size" : "1G",
        "rw" : "randwrite",
        "bs" : "4k",
        "direct" : "1",
        "runtime" : "30",
        "time_based" : "1",
        "ioengine" : "libaio",
        "iodepth" : "32",
        "numjobs" : "1"
      },
      "read" : {
        "io_bytes" : 0,
        "io_kbytes" : 0,
        "bw_bytes" : 0,
        "bw" : 0,
        "iops" : 0.000000,
        "runtime" : 0,
        "total_ios" : 0,
        "short_ios" : 0,
        "drop_ios" : 0,
        "slat_ns" : {
          "min" : 0,
          "max" : 0,
          "mean" : 0.000000,
          "stddev" : 0.000000,
          "N" : 0
        },
        "clat_ns" : {
          "min" : 0,
          "max" : 0,
          "mean" : 0.000000,
          "stddev" : 0.000000,
          "N" : 0
        },
        "lat_ns" : {
          "min" : 0,
          "max" : 0,
          "mean" : 0.000000,
          "stddev" : 0.000000,
          "N" : 0
        },
        "bw_min" : 0,
        "bw_max" : 0,
        "bw_agg" : 0.000000,
        "bw_mean" : 0.000000,
        "bw_dev" : 0.000000,
        "bw_samples" : 0,
        "iops_min" : 0,
        "iops_max" : 0,
        "iops_mean" : 0.000000,
        "iops_stddev" : 0.000000,
        "iops_samples" : 0
      },
      "write" : {
        "io_bytes" : 21474250752,
        "io_kbytes" : 20970948,
        "bw_bytes" : 715784498,
        "bw" : 699008,
        "iops" : 174752.074931,
        "runtime" : 30001,
        "total_ios" : 5242737,
        "short_ios" : 0,
        "drop_ios" : 0,
        "slat_ns" : {
          "min" : 1772,
          "max" : 369322,
          "mean" : 3959.176617,
          "stddev" : 3453.526152,
          "N" : 5242737
        },
        "clat_ns" : {
          "min" : 14761,
          "max" : 2099288,
          "mean" : 178309.270719,
          "stddev" : 90296.815910,
          "N" : 5242737,
          "percentile" : {
            "1.000000" : 117248,
            "5.000000" : 122368,
            "10.000000" : 126464,
            "20.000000" : 136192,
            "30.000000" : 144384,
            "40.000000" : 154624,
            "50.000000" : 160768,
            "60.000000" : 164864,
            "70.000000" : 166912,
            "80.000000" : 168960,
            "90.000000" : 246784,
            "95.000000" : 346112,
            "99.000000" : 585728,
            "99.500000" : 634880,
            "99.900000" : 888832,
            "99.950000" : 1089536,
            "99.990000" : 1630208
          }
        },
        "lat_ns" : {
          "min" : 16872,
          "max" : 2101178,
          "mean" : 182375.312934,
          "stddev" : 92470.016583,
          "N" : 5242737
        },
        "bw_min" : 221792,
        "bw_max" : 828336,
        "bw_agg" : 99.796812,
        "bw_mean" : 697588.474576,
        "bw_dev" : 192817.902951,
        "bw_samples" : 59,
        "iops_min" : 55448,
        "iops_max" : 207084,
        "iops_mean" : 174397.322034,
        "iops_stddev" : 48204.562986,
        "iops_samples" : 59
      },
      "trim" : {
        "io_bytes" : 0,
        "io_kbytes" : 0,
        "bw_bytes" : 0,
        "bw" : 0,
        "iops" : 0.000000,
        "runtime" : 0,
        "total_ios" : 0,
        "short_ios" : 0,
        "drop_ios" : 0,
        "slat_ns" : {
          "min" : 0,
          "max" : 0,
          "mean" : 0.000000,
          "stddev" : 0.000000,
          "N" : 0
        },
        "clat_ns" : {
          "min" : 0,
          "max" : 0,
          "mean" : 0.000000,
          "stddev" : 0.000000,
          "N" : 0
        },
        "lat_ns" : {
          "min" : 0,
          "max" : 0,
          "mean" : 0.000000,
          "stddev" : 0.000000,
          "N" : 0
        },
        "bw_min" : 0,
        "bw_max" : 0,
        "bw_agg" : 0.000000,
        "bw_mean" : 0.000000,
        "bw_dev" : 0.000000,
        "bw_samples" : 0,
        "iops_min" : 0,
        "iops_max" : 0,
        "iops_mean" : 0.000000,
        "iops_stddev" : 0.000000,
        "iops_samples" : 0
      },
      "sync" : {
        "total_ios" : 0,
        "lat_ns" : {
          "min" : 0,
          "max" : 0,
          "mean" : 0.000000,
          "stddev" : 0.000000,
          "N" : 0
        }
      },
      "job_runtime" : 30000,
      "usr_cpu" : 14.406667,
      "sys_cpu" : 60.666667,
      "ctx" : 3398572,
      "majf" : 0,
      "minf" : 184,
      "iodepth_level" : {
        "1" : 0.100000,
        "2" : 0.100000,
        "4" : 0.100000,
        "8" : 0.100000,
        "16" : 0.100000,
        "32" : 99.999409,
        ">=64" : 0.000000
      },
      "iodepth_submit" : {
        "0" : 0.000000,
        "4" : 100.000000,
        "8" : 0.000000,
        "16" : 0.000000,
        "32" : 0.000000,
        "64" : 0.000000,
        ">=64" : 0.000000
      },
      "iodepth_complete" : {
        "0" : 0.000000,
        "4" : 99.999981,
        "8" : 0.000000,
        "16" : 0.000000,
        "32" : 0.100000,
        "64" : 0.000000,
        ">=64" : 0.000000
      },
      "latency_ns" : {
        "2" : 0.000000,
        "4" : 0.000000,
        "10" : 0.000000,
        "20" : 0.000000,
        "50" : 0.000000,
        "100" : 0.000000,
        "250" : 0.000000,
        "500" : 0.000000,
        "750" : 0.000000,
        "1000" : 0.000000
      },
      "latency_us" : {
        "2" : 0.000000,
        "4" : 0.000000,
        "10" : 0.000000,
        "20" : 0.010000,
        "50" : 0.010000,
        "100" : 0.010000,
        "250" : 90.481174,
        "500" : 6.775011,
        "750" : 2.587408,
        "1000" : 0.083506
      },
      "latency_ms" : {
        "2" : 0.069258,
        "4" : 0.010000,
        "10" : 0.000000,
        "20" : 0.000000,
        "50" : 0.000000,
        "100" : 0.000000,
        "250" : 0.000000,
        "500" : 0.000000,
        "750" : 0.000000,
        "1000" : 0.000000,
        "2000" : 0.000000,
        ">=2000" : 0.000000
      },
      "latency_depth" : 32,
      "latency_target" : 0,
      "latency_percentile" : 100.000000,
      "latency_window" : 0
    }
  ],
  "disk_util" : [
    {
      "name" : "nvme0n1",
      "read_ios" : 0,
      "write_ios" : 5221423,
      "read_merges" : 0,
      "write_merges" : 2188,
      "read_ticks" : 0,
      "write_ticks" : 50133,
      "in_queue" : 50144,
      "util" : 80.546474
    }
  ]
}
