{
  "fio version" : "fio-3.28",
  "timestamp" : 1758038529,
  "timestamp_ms" : 1758038529239,
  "time" : "Tue Sep 16 12:02:09 2025",
  "jobs" : [
    {
      "jobname" : "qd_sweep_write_qd2_degraded",
      "groupid" : 0,
      "error" : 0,
      "eta" : 0,
      "elapsed" : 31,
      "job options" : {
        "name" : "qd_sweep_write_qd2_degraded",
        "filename" : "./qd_sweep_write_qd2_degraded_test",
        "size" : "1G",
        "rw" : "write",
        "bs" : "4k",
        "direct" : "1",
        "runtime" : "30",
        "time_based" : "1",
        "ioengine" : "libaio",
        "iodepth" : "2",
        "numjobs" : "1"
      },
      "read" : {
        "io_bytes" : 0,
        "io_kbytes" : 0,
        "bw_bytes" : 0,
        "bw" : 0,
        "iops" : 0.000000,
        "runtime" : 0,
        "total_ios" : 0,
        "short_ios" : 0,
        "drop_ios" : 0,
        "slat_ns" : {
          "min" : 0,
          "max" : 0,
          "mean" : 0.000000,
          "stddev" : 0.000000,
          "N" : 0
        },
        "clat_ns" : {
          "min" : 0,
          "max" : 0,
          "mean" : 0.000000,
          "stddev" : 0.000000,
          "N" : 0
        },
        "lat_ns" : {
          "min" : 0,
          "max" : 0,
          "mean" : 0.000000,
          "stddev" : 0.000000,
          "N" : 0
        },
        "bw_min" : 0,
        "bw_max" : 0,
        "bw_agg" : 0.000000,
        "bw_mean" : 0.000000,
        "bw_dev" : 0.000000,
        "bw_samples" : 0,
        "iops_min" : 0,
        "iops_max" : 0,
        "iops_mean" : 0.000000,
        "iops_stddev" : 0.000000,
        "iops_samples" : 0
      },
      "write" : {
        "io_bytes" : 15679758336,
        "io_kbytes" : 15312264,
        "bw_bytes" : 522641189,
        "bw" : 510391,
        "iops" : 127597.946735,
        "runtime" : 30001,
        "total_ios" : 3828066,
        "short_ios" : 0,
        "drop_ios" : 0,
        "slat_ns" : {
          "min" : 1795,
          "max" : 122090,
          "mean" : 2240.668995,
          "stddev" : 1010.686612,
          "N" : 3828066
        },
        "clat_ns" : {
          "min" : 2993,
          "max" : 496284,
          "mean" : 12961.265592,
          "stddev" : 1772.982891,
          "N" : 3828066,
          "percentile" : {
            "1.000000" : 11328,
            "5.000000" : 11712,
            "10.000000" : 11840,
            "20.000000" : 12352,
            "30.000000" : 12480,
            "40.000000" : 12608,
            "50.000000" : 12736,
            "60.000000" : 12864,
            "70.000000" : 12992,
            "80.000000" : 13248,
            "90.000000" : 13632,
            "95.000000" : 15168,
            "99.000000" : 19584,
            "99.500000" : 22144,
            "99.900000" : 29824,
            "99.950000" : 44800,
            "99.990000" : 56576
          }
        },
        "lat_ns" : {
          "min" : 11889,
          "max" : 539895,
          "mean" : 15279.650566,
          "stddev" : 2259.536758,
          "N" : 3828066
        },
        "bw_min" : 289432,
        "bw_max" : 527088,
        "bw_agg" : 100.000000,
        "bw_mean" : 510556.338983,
        "bw_dev" : 43378.914117,
        "bw_samples" : 59,
        "iops_min" : 72358,
        "iops_max" : 131772,
        "iops_mean" : 127639.118644,
        "iops_stddev" : 10844.739461,
        "iops_samples" : 59
      },
      "trim" : {
        "io_bytes" : 0,
        "io_kbytes" : 0,
        "bw_bytes" : 0,
        "bw" : 0,
        "iops" : 0.000000,
        "runtime" : 0,
        "total_ios" : 0,
        "short_ios" : 0,
        "drop_ios" : 0,
        "slat_ns" : {
          "min" : 0,
          "max" : 0,
          "mean" : 0.000000,
          "stddev" : 0.000000,
          "N" : 0
        },
        "clat_ns" : {
          "min" : 0,
          "max" : 0,
          "mean" : 0.000000,
          "stddev" : 0.000000,
          "N" : 0
        },
        "lat_ns" : {
          "min" : 0,
          "max" : 0,
          "mean" : 0.000000,
          "stddev" : 0.000000,
          "N" : 0
        },
        "bw_min" : 0,
        "bw_max" : 0,
        "bw_agg" : 0.000000,
        "bw_mean" : 0.000000,
        "bw_dev" : 0.000000,
        "bw_samples" : 0,
        "iops_min" : 0,
        "iops_max" : 0,
        "iops_mean" : 0.000000,
        "iops_stddev" : 0.000000,
        "iops_samples" : 0
      },
      "sync" : {
        "total_ios" : 0,
        "lat_ns" : {
          "min" : 0,
          "max" : 0,
          "mean" : 0.000000,
          "stddev" : 0.000000,
          "N" : 0
        }
      },
      "job_runtime" : 30000,
      "usr_cpu" : 10.880000,
      "sys_cpu" : 35.776667,
      "ctx" : 2477365,
      "majf" : 0,
      "minf" : 16,
      "iodepth_level" : {
        "1" : 0.100000,
        "2" : 99.999974,
        "4" : 0.000000,
        "8" : 0.000000,
        "16" : 0.000000,
        "32" : 0.000000,
        ">=64" : 0.000000
      },
      "iodepth_submit" : {
        "0" : 0.000000,
        "4" : 100.000000,
        "8" : 0.000000,
        "16" : 0.000000,
        "32" : 0.000000,
        "64" : 0.000000,
        ">=64" : 0.000000
      },
      "iodepth_complete" : {
        "0" : 0.000000,
        "4" : 100.000000,
        "8" : 0.000000,
        "16" : 0.000000,
        "32" : 0.000000,
        "64" : 0.000000,
        ">=64" : 0.000000
      },
      "latency_ns" : {
        "2" : 0.000000,
        "4" : 0.000000,
        "10" : 0.000000,
        "20" : 0.000000,
        "50" : 0.000000,
        "100" : 0.000000,
        "250" : 0.000000,
        "500" : 0.000000,
        "750" : 0.000000,
        "1000" : 0.000000
      },
      "latency_us" : {
        "2" : 0.000000,
        "4" : 0.010000,
        "10" : 0.551375,
        "20" : 98.543677,
        "50" : 0.873548,
        "100" : 0.030929,
        "250" : 0.010000,
        "500" : 0.010000,
        "750" : 0.000000,
        "1000" : 0.000000
      },
      "latency_ms" : {
        "2" : 0.000000,
        "4" : 0.000000,
        "10" : 0.000000,
        "20" : 0.000000,
        "50" : 0.000000,
        "100" : 0.000000,
        "250" : 0.000000,
        "500" : 0.000000,
        "750" : 0.000000,
        "1000" : 0.000000,
        "2000" : 0.000000,
        ">=2000" : 0.000000
      },
      "latency_depth" : 2,
      "latency_target" : 0,
      "latency_percentile" : 100.000000,
      "latency_window" : 0
    }
  ],
  "disk_util" : [
    {
      "name" : "nvme0n1",
      "read_ios" : 0,
      "write_ios" : 3814458,
      "read_merges" : 0,
      "write_merges" : 66,
      "read_ticks" : 0,
      "write_ticks" : 35066,
      "in_queue" : 35077,
      "util" : 55.878428
    }
  ]
}
