{
  "fio version" : "fio-3.28",
  "timestamp" : 1758038589,
  "timestamp_ms" : 1758038589890,
  "time" : "Tue Sep 16 12:03:09 2025",
  "jobs" : [
    {
      "jobname" : "qd_sweep_write_qd8_degraded",
      "groupid" : 0,
      "error" : 0,
      "eta" : 0,
      "elapsed" : 31,
      "job options" : {
        "name" : "qd_sweep_write_qd8_degraded",
        "filename" : "./qd_sweep_write_qd8_degraded_test",
        "size" : "1G",
        "rw" : "write",
        "bs" : "4k",
        "direct" : "1",
        "runtime" : "30",
        "time_based" : "1",
        "ioengine" : "libaio",
        "iodepth" : "8",
        "numjobs" : "1"
      },
      "read" : {
        "io_bytes" : 0,
        "io_kbytes" : 0,
        "bw_bytes" : 0,
        "bw" : 0,
        "iops" : 0.000000,
        "runtime" : 0,
        "total_ios" : 0,
        "short_ios" : 0,
        "drop_ios" : 0,
        "slat_ns" : {
          "min" : 0,
          "max" : 0,
          "mean" : 0.000000,
          "stddev" : 0.000000,
          "N" : 0
        },
        "clat_ns" : {
          "min" : 0,
          "max" : 0,
          "mean" : 0.000000,
          "stddev" : 0.000000,
          "N" : 0
        },
        "lat_ns" : {
          "min" : 0,
          "max" : 0,
          "mean" : 0.000000,
          "stddev" : 0.000000,
          "N" : 0
        },
        "bw_min" : 0,
        "bw_max" : 0,
        "bw_agg" : 0.000000,
        "bw_mean" : 0.000000,
        "bw_dev" : 0.000000,
        "bw_samples" : 0,
        "iops_min" : 0,
        "iops_max" : 0,
        "iops_mean" : 0.000000,
        "iops_stddev" : 0.000000,
        "iops_samples" : 0
      },
      "write" : {
        "io_bytes" : 23553802240,
        "io_kbytes" : 23001760,
        "bw_bytes" : 785100571,
        "bw" : 766699,
        "iops" : 191674.944169,
        "runtime" : 30001,
        "total_ios" : 5750440,
        "short_ios" : 0,
        "drop_ios" : 0,
        "slat_ns" : {
          "min" : 1781,
          "max" : 138873,
          "mean" : 3963.354331,
          "stddev" : 2871.470440,
          "N" : 5750440
        },
        "clat_ns" : {
          "min" : 5208,
          "max" : 2180797,
          "mean" : 37310.629317,
          "stddev" : 14344.548646,
          "N" : 5750440,
          "percentile" : {
            "1.000000" : 24960,
            "5.000000" : 27520,
            "10.000000" : 29568,
            "20.000000" : 31104,
            "30.000000" : 32128,
            "40.000000" : 34048,
            "50.000000" : 35584,
            "60.000000" : 37120,
            "70.000000" : 38144,
            "80.000000" : 38656,
            "90.000000" : 46336,
            "95.000000" : 56064,
            "99.000000" : 84480,
            "99.500000" : 94720,
            "99.900000" : 160768,
            "99.950000" : 181248,
            "99.990000" : 259072
          }
        },
        "lat_ns" : {
          "min" : 17029,
          "max" : 2185629,
          "mean" : 41381.527080,
          "stddev" : 14865.994668,
          "N" : 5750440
        },
        "bw_min" : 379768,
        "bw_max" : 838144,
        "bw_agg" : 99.951249,
        "bw_mean" : 766326.915254,
        "bw_dev" : 104728.366510,
        "bw_samples" : 59,
        "iops_min" : 94942,
        "iops_max" : 209536,
        "iops_mean" : 191581.796610,
        "iops_stddev" : 26182.071780,
        "iops_samples" : 59
      },
      "trim" : {
        "io_bytes" : 0,
        "io_kbytes" : 0,
        "bw_bytes" : 0,
        "bw" : 0,
        "iops" : 0.000000,
        "runtime" : 0,
        "total_ios" : 0,
        "short_ios" : 0,
        "drop_ios" : 0,
        "slat_ns" : {
          "min" : 0,
          "max" : 0,
          "mean" : 0.000000,
          "stddev" : 0.000000,
          "N" : 0
        },
        "clat_ns" : {
          "min" : 0,
          "max" : 0,
          "mean" : 0.000000,
          "stddev" : 0.000000,
          "N" : 0
        },
        "lat_ns" : {
          "min" : 0,
          "max" : 0,
          "mean" : 0.000000,
          "stddev" : 0.000000,
          "N" : 0
        },
        "bw_min" : 0,
        "bw_max" : 0,
        "bw_agg" : 0.000000,
        "bw_mean" : 0.000000,
        "bw_dev" : 0.000000,
        "bw_samples" : 0,
        "iops_min" : 0,
        "iops_max" : 0,
        "iops_mean" : 0.000000,
        "iops_stddev" : 0.000000,
        "iops_samples" : 0
      },
      "sync" : {
        "total_ios" : 0,
        "lat_ns" : {
          "min" : 0,
          "max" : 0,
          "mean" : 0.000000,
          "stddev" : 0.000000,
          "N" : 0
        }
      },
      "job_runtime" : 30000,
      "usr_cpu" : 12.160000,
      "sys_cpu" : 63.250000,
      "ctx" : 4047335,
      "majf" : 0,
      "minf" : 17,
      "iodepth_level" : {
        "1" : 0.100000,
        "2" : 0.100000,
        "4" : 0.100000,
        "8" : 99.999878,
        "16" : 0.000000,
        "32" : 0.000000,
        ">=64" : 0.000000
      },
      "iodepth_submit" : {
        "0" : 0.000000,
        "4" : 100.000000,
        "8" : 0.000000,
        "16" : 0.000000,
        "32" : 0.000000,
        "64" : 0.000000,
        ">=64" : 0.000000
      },
      "iodepth_complete" : {
        "0" : 0.000000,
        "4" : 99.999983,
        "8" : 0.100000,
        "16" : 0.000000,
        "32" : 0.000000,
        "64" : 0.000000,
        ">=64" : 0.000000
      },
      "latency_ns" : {
        "2" : 0.000000,
        "4" : 0.000000,
        "10" : 0.000000,
        "20" : 0.000000,
        "50" : 0.000000,
        "100" : 0.000000,
        "250" : 0.000000,
        "500" : 0.000000,
        "750" : 0.000000,
        "1000" : 0.000000
      },
      "latency_us" : {
        "2" : 0.000000,
        "4" : 0.000000,
        "10" : 0.010000,
        "20" : 0.010000,
        "50" : 91.559637,
        "100" : 7.996779,
        "250" : 0.422559,
        "500" : 0.010000,
        "750" : 0.010000,
        "1000" : 0.000000
      },
      "latency_ms" : {
        "2" : 0.010000,
        "4" : 0.010000,
        "10" : 0.000000,
        "20" : 0.000000,
        "50" : 0.000000,
        "100" : 0.000000,
        "250" : 0.000000,
        "500" : 0.000000,
        "750" : 0.000000,
        "1000" : 0.000000,
        "2000" : 0.000000,
        ">=2000" : 0.000000
      },
      "latency_depth" : 8,
      "latency_target" : 0,
      "latency_percentile" : 100.000000,
      "latency_window" : 0
    }
  ],
  "disk_util" : [
    {
      "name" : "nvme0n1",
      "read_ios" : 0,
      "write_ios" : 5728974,
      "read_merges" : 0,
      "write_merges" : 44,
      "read_ticks" : 0,
      "write_ticks" : 52692,
      "in_queue" : 52705,
      "util" : 70.967742
    }
  ]
}
