{
  "fio version" : "fio-3.28",
  "timestamp" : 1758038680,
  "timestamp_ms" : 1758038680855,
  "time" : "Tue Sep 16 12:04:40 2025",
  "jobs" : [
    {
      "jobname" : "qd_sweep_write_qd64_degraded",
      "groupid" : 0,
      "error" : 0,
      "eta" : 0,
      "elapsed" : 31,
      "job options" : {
        "name" : "qd_sweep_write_qd64_degraded",
        "filename" : "./qd_sweep_write_qd64_degraded_test",
        "size" : "1G",
        "rw" : "write",
        "bs" : "4k",
        "direct" : "1",
        "runtime" : "30",
        "time_based" : "1",
        "ioengine" : "libaio",
        "iodepth" : "64",
        "numjobs" : "1"
      },
      "read" : {
        "io_bytes" : 0,
        "io_kbytes" : 0,
        "bw_bytes" : 0,
        "bw" : 0,
        "iops" : 0.000000,
        "runtime" : 0,
        "total_ios" : 0,
        "short_ios" : 0,
        "drop_ios" : 0,
        "slat_ns" : {
          "min" : 0,
          "max" : 0,
          "mean" : 0.000000,
          "stddev" : 0.000000,
          "N" : 0
        },
        "clat_ns" : {
          "min" : 0,
          "max" : 0,
          "mean" : 0.000000,
          "stddev" : 0.000000,
          "N" : 0
        },
        "lat_ns" : {
          "min" : 0,
          "max" : 0,
          "mean" : 0.000000,
          "stddev" : 0.000000,
          "N" : 0
        },
        "bw_min" : 0,
        "bw_max" : 0,
        "bw_agg" : 0.000000,
        "bw_mean" : 0.000000,
        "bw_dev" : 0.000000,
        "bw_samples" : 0,
        "iops_min" : 0,
        "iops_max" : 0,
        "iops_mean" : 0.000000,
        "iops_stddev" : 0.000000,
        "iops_samples" : 0
      },
      "write" : {
        "io_bytes" : 23478804480,
        "io_kbytes" : 22928520,
        "bw_bytes" : 782600729,
        "bw" : 764258,
        "iops" : 191064.631179,
        "runtime" : 30001,
        "total_ios" : 5732130,
        "short_ios" : 0,
        "drop_ios" : 0,
        "slat_ns" : {
          "min" : 1765,
          "max" : 321838,
          "mean" : 3912.466640,
          "stddev" : 3177.699439,
          "N" : 5732130
        },
        "clat_ns" : {
          "min" : 13430,
          "max" : 2368357,
          "mean" : 330380.431988,
          "stddev" : 108144.021199,
          "N" : 5732130,
          "percentile" : {
            "1.000000" : 228352,
            "5.000000" : 240640,
            "10.000000" : 250880,
            "20.000000" : 268288,
            "30.000000" : 288768,
            "40.000000" : 305152,
            "50.000000" : 313344,
            "60.000000" : 317440,
            "70.000000" : 325632,
            "80.000000" : 333824,
            "90.000000" : 452608,
            "95.000000" : 514048,
            "99.000000" : 790528,
            "99.500000" : 937984,
            "99.900000" : 1335296,
            "99.950000" : 1433600,
            "99.990000" : 1875968
          }
        },
        "lat_ns" : {
          "min" : 15644,
          "max" : 2388023,
          "mean" : 334402.808402,
          "stddev" : 109223.768090,
          "N" : 5732130
        },
        "bw_min" : 348888,
        "bw_max" : 849024,
        "bw_agg" : 99.908601,
        "bw_mean" : 763560.186441,
        "bw_dev" : 117863.240165,
        "bw_samples" : 59,
        "iops_min" : 87222,
        "iops_max" : 212256,
        "iops_mean" : 190890.033898,
        "iops_stddev" : 29465.834662,
        "iops_samples" : 59
      },
      "trim" : {
        "io_bytes" : 0,
        "io_kbytes" : 0,
        "bw_bytes" : 0,
        "bw" : 0,
        "iops" : 0.000000,
        "runtime" : 0,
        "total_ios" : 0,
        "short_ios" : 0,
        "drop_ios" : 0,
        "slat_ns" : {
          "min" : 0,
          "max" : 0,
          "mean" : 0.000000,
          "stddev" : 0.000000,
          "N" : 0
        },
        "clat_ns" : {
          "min" : 0,
          "max" : 0,
          "mean" : 0.000000,
          "stddev" : 0.000000,
          "N" : 0
        },
        "lat_ns" : {
          "min" : 0,
          "max" : 0,
          "mean" : 0.000000,
          "stddev" : 0.000000,
          "N" : 0
        },
        "bw_min" : 0,
        "bw_max" : 0,
        "bw_agg" : 0.000000,
        "bw_mean" : 0.000000,
        "bw_dev" : 0.000000,
        "bw_samples" : 0,
        "iops_min" : 0,
        "iops_max" : 0,
        "iops_mean" : 0.000000,
        "iops_stddev" : 0.000000,
        "iops_samples" : 0
      },
      "sync" : {
        "total_ios" : 0,
        "lat_ns" : {
          "min" : 0,
          "max" : 0,
          "mean" : 0.000000,
          "stddev" : 0.000000,
          "N" : 0
        }
      },
      "job_runtime" : 30000,
      "usr_cpu" : 14.696667,
      "sys_cpu" : 61.653333,
      "ctx" : 3824388,
      "majf" : 0,
      "minf" : 133,
      "iodepth_level" : {
        "1" : 0.100000,
        "2" : 0.100000,
        "4" : 0.100000,
        "8" : 0.100000,
        "16" : 0.100000,
        "32" : 0.100000,
        ">=64" : 99.998901
      },
      "iodepth_submit" : {
        "0" : 0.000000,
        "4" : 100.000000,
        "8" : 0.000000,
        "16" : 0.000000,
        "32" : 0.000000,
        "64" : 0.000000,
        ">=64" : 0.000000
      },
      "iodepth_complete" : {
        "0" : 0.000000,
        "4" : 99.999983,
        "8" : 0.000000,
        "16" : 0.000000,
        "32" : 0.000000,
        "64" : 0.100000,
        ">=64" : 0.000000
      },
      "latency_ns" : {
        "2" : 0.000000,
        "4" : 0.000000,
        "10" : 0.000000,
        "20" : 0.000000,
        "50" : 0.000000,
        "100" : 0.000000,
        "250" : 0.000000,
        "500" : 0.000000,
        "750" : 0.000000,
        "1000" : 0.000000
      },
      "latency_us" : {
        "2" : 0.000000,
        "4" : 0.000000,
        "10" : 0.000000,
        "20" : 0.010000,
        "50" : 0.010000,
        "100" : 0.010000,
        "250" : 10.058233,
        "500" : 82.766720,
        "750" : 5.679512,
        "1000" : 1.097463
      },
      "latency_ms" : {
        "2" : 0.392734,
        "4" : 0.010000,
        "10" : 0.000000,
        "20" : 0.000000,
        "50" : 0.000000,
        "100" : 0.000000,
        "250" : 0.000000,
        "500" : 0.000000,
        "750" : 0.000000,
        "1000" : 0.000000,
        "2000" : 0.000000,
        ">=2000" : 0.000000
      },
      "latency_depth" : 64,
      "latency_target" : 0,
      "latency_percentile" : 100.000000,
      "latency_window" : 0
    }
  ],
  "disk_util" : [
    {
      "name" : "nvme0n1",
      "read_ios" : 0,
      "write_ios" : 5710172,
      "read_merges" : 0,
      "write_merges" : 153,
      "read_ticks" : 0,
      "write_ticks" : 54514,
      "in_queue" : 54540,
      "util" : 79.478284
    }
  ]
}
