{
  "fio version": "fio-3.28",
  "timestamp": 1757682178,
  "timestamp_ms": 1757682178168,
  "time": "Fri Sep 12 09:02:58 2025",
  "jobs": [
    {
      "jobname": "qd_sweep_randwrite_qd64",
      "groupid": 0,
      "error": 0,
      "eta": 0,
      "elapsed": 31,
      "job options": {
        "name": "qd_sweep_randwrite_qd64",
        "filename": "/dev/nvme1n1",
        "rw": "randwrite",
        "bs": "4k",
        "iodepth": "64",
        "runtime": "30",
        "numjobs": "1",
        "time_based": "1",
        "ioengine": "libaio",
        "direct": "1",
        "group_reporting": "1"
      },
      "read": {
        "io_bytes": 0,
        "io_kbytes": 0,
        "bw_bytes": 0,
        "bw": 0,
        "iops": 0.0,
        "runtime": 0,
        "total_ios": 0,
        "short_ios": 0,
        "drop_ios": 0,
        "slat_ns": {
          "min": 0,
          "max": 0,
          "mean": 0.0,
          "stddev": 0.0,
          "N": 0
        },
        "clat_ns": {
          "min": 0,
          "max": 0,
          "mean": 0.0,
          "stddev": 0.0,
          "N": 0
        },
        "lat_ns": {
          "min": 0,
          "max": 0,
          "mean": 0.0,
          "stddev": 0.0,
          "N": 0
        },
        "bw_min": 0,
        "bw_max": 0,
        "bw_agg": 0.0,
        "bw_mean": 0.0,
        "bw_dev": 0.0,
        "bw_samples": 0,
        "iops_min": 0,
        "iops_max": 0,
        "iops_mean": 0.0,
        "iops_stddev": 0.0,
        "iops_samples": 0
      },
      "write": {
        "io_bytes": 34583633920,
        "io_kbytes": 33773080,
        "bw_bytes": 1152749372,
        "bw": 1125731,
        "iops": 281432.952235,
        "runtime": 30001,
        "total_ios": 8443270,
        "short_ios": 0,
        "drop_ios": 0,
        "slat_ns": {
          "min": 1471,
          "max": 552184,
          "mean": 2675.837314,
          "stddev": 889.861488,
          "N": 8443270
        },
        "clat_ns": {
          "min": 15470,
          "max": 20393215,
          "mean": 224143.801172,
          "stddev": 157809.725112,
          "N": 8443270,
          "percentile": {
            "1.000000": 211968,
            "5.000000": 211968,
            "10.000000": 214016,
            "20.000000": 214016,
            "30.000000": 216064,
            "40.000000": 216064,
            "50.000000": 216064,
            "60.000000": 218112,
            "70.000000": 220160,
            "80.000000": 222208,
            "90.000000": 226304,
            "95.000000": 238592,
            "99.000000": 358400,
            "99.500000": 366592,
            "99.900000": 378880,
            "99.950000": 468992,
            "99.990000": 2342912
          }
        },
        "lat_ns": {
          "min": 18196,
          "max": 20395966,
          "mean": 226893.442017,
          "stddev": 157846.782945,
          "N": 8443270
        },
        "bw_min": 686872,
        "bw_max": 1167224,
        "bw_agg": 100.0,
        "bw_mean": 1126115.661017,
        "bw_dev": 85411.988451,
        "bw_samples": 59,
        "iops_min": 171718,
        "iops_max": 291806,
        "iops_mean": 281528.949153,
        "iops_stddev": 21353.080083,
        "iops_samples": 59
      },
      "trim": {
        "io_bytes": 0,
        "io_kbytes": 0,
        "bw_bytes": 0,
        "bw": 0,
        "iops": 0.0,
        "runtime": 0,
        "total_ios": 0,
        "short_ios": 0,
        "drop_ios": 0,
        "slat_ns": {
          "min": 0,
          "max": 0,
          "mean": 0.0,
          "stddev": 0.0,
          "N": 0
        },
        "clat_ns": {
          "min": 0,
          "max": 0,
          "mean": 0.0,
          "stddev": 0.0,
          "N": 0
        },
        "lat_ns": {
          "min": 0,
          "max": 0,
          "mean": 0.0,
          "stddev": 0.0,
          "N": 0
        },
        "bw_min": 0,
        "bw_max": 0,
        "bw_agg": 0.0,
        "bw_mean": 0.0,
        "bw_dev": 0.0,
        "bw_samples": 0,
        "iops_min": 0,
        "iops_max": 0,
        "iops_mean": 0.0,
        "iops_stddev": 0.0,
        "iops_samples": 0
      },
      "sync": {
        "total_ios": 0,
        "lat_ns": {
          "min": 0,
          "max": 0,
          "mean": 0.0,
          "stddev": 0.0,
          "N": 0
        }
      },
      "job_runtime": 30000,
      "usr_cpu": 23.06,
      "sys_cpu": 76.21,
      "ctx": 540,
      "majf": 0,
      "minf": 15,
      "iodepth_level": {
        "1": 0.1,
        "2": 0.1,
        "4": 0.1,
        "8": 0.1,
        "16": 0.1,
        "32": 0.1,
        ">=64": 99.999254
      },
      "iodepth_submit": {
        "0": 0.0,
        "4": 100.0,
        "8": 0.0,
        "16": 0.0,
        "32": 0.0,
        "64": 0.0,
        ">=64": 0.0
      },
      "iodepth_complete": {
        "0": 0.0,
        "4": 99.999988,
        "8": 0.0,
        "16": 0.0,
        "32": 0.0,
        "64": 0.1,
        ">=64": 0.0
      },
      "latency_ns": {
        "2": 0.0,
        "4": 0.0,
        "10": 0.0,
        "20": 0.0,
        "50": 0.0,
        "100": 0.0,
        "250": 0.0,
        "500": 0.0,
        "750": 0.0,
        "1000": 0.0
      },
      "latency_us": {
        "2": 0.0,
        "4": 0.0,
        "10": 0.0,
        "20": 0.01,
        "50": 0.01,
        "100": 0.01,
        "250": 95.539513,
        "500": 4.415623,
        "750": 0.012104,
        "1000": 0.01201
      },
      "latency_ms": {
        "2": 0.01,
        "4": 0.01,
        "10": 0.01,
        "20": 0.01,
        "50": 0.01,
        "100": 0.0,
        "250": 0.0,
        "500": 0.0,
        "750": 0.0,
        "1000": 0.0,
        "2000": 0.0,
        ">=2000": 0.0
      },
      "latency_depth": 64,
      "latency_target": 0,
      "latency_percentile": 100.0,
      "latency_window": 0
    }
  ],
  "disk_util": [
    {
      "name": "nvme1n1",
      "read_ios": 0,
      "write_ios": 8396589,
      "read_merges": 0,
      "write_merges": 0,
      "read_ticks": 0,
      "write_ticks": 96314,
      "in_queue": 96314,
      "util": 99.369117
    }
  ]
}