{
  "fio version" : "fio-3.28",
  "timestamp" : 1758038377,
  "timestamp_ms" : 1758038377629,
  "time" : "Tue Sep 16 11:59:37 2025",
  "jobs" : [
    {
      "jobname" : "qd_sweep_randwrite_qd16_degraded",
      "groupid" : 0,
      "error" : 0,
      "eta" : 0,
      "elapsed" : 31,
      "job options" : {
        "name" : "qd_sweep_randwrite_qd16_degraded",
        "filename" : "./qd_sweep_randwrite_qd16_degraded_test",
        "size" : "1G",
        "rw" : "randwrite",
        "bs" : "4k",
        "direct" : "1",
        "runtime" : "30",
        "time_based" : "1",
        "ioengine" : "libaio",
        "iodepth" : "16",
        "numjobs" : "1"
      },
      "read" : {
        "io_bytes" : 0,
        "io_kbytes" : 0,
        "bw_bytes" : 0,
        "bw" : 0,
        "iops" : 0.000000,
        "runtime" : 0,
        "total_ios" : 0,
        "short_ios" : 0,
        "drop_ios" : 0,
        "slat_ns" : {
          "min" : 0,
          "max" : 0,
          "mean" : 0.000000,
          "stddev" : 0.000000,
          "N" : 0
        },
        "clat_ns" : {
          "min" : 0,
          "max" : 0,
          "mean" : 0.000000,
          "stddev" : 0.000000,
          "N" : 0
        },
        "lat_ns" : {
          "min" : 0,
          "max" : 0,
          "mean" : 0.000000,
          "stddev" : 0.000000,
          "N" : 0
        },
        "bw_min" : 0,
        "bw_max" : 0,
        "bw_agg" : 0.000000,
        "bw_mean" : 0.000000,
        "bw_dev" : 0.000000,
        "bw_samples" : 0,
        "iops_min" : 0,
        "iops_max" : 0,
        "iops_mean" : 0.000000,
        "iops_stddev" : 0.000000,
        "iops_samples" : 0
      },
      "write" : {
        "io_bytes" : 21997121536,
        "io_kbytes" : 21481564,
        "bw_bytes" : 733212944,
        "bw" : 716028,
        "iops" : 179007.066431,
        "runtime" : 30001,
        "total_ios" : 5370391,
        "short_ios" : 0,
        "drop_ios" : 0,
        "slat_ns" : {
          "min" : 1777,
          "max" : 671550,
          "mean" : 4236.257244,
          "stddev" : 3663.533457,
          "N" : 5370391
        },
        "clat_ns" : {
          "min" : 18536,
          "max" : 2815200,
          "mean" : 84541.020377,
          "stddev" : 46042.382195,
          "N" : 5370391,
          "percentile" : {
            "1.000000" : 56064,
            "5.000000" : 59648,
            "10.000000" : 61184,
            "20.000000" : 66048,
            "30.000000" : 69120,
            "40.000000" : 72192,
            "50.000000" : 75264,
            "60.000000" : 77312,
            "70.000000" : 79360,
            "80.000000" : 80384,
            "90.000000" : 103936,
            "95.000000" : 160768,
            "99.000000" : 292864,
            "99.500000" : 317440,
            "99.900000" : 444416,
            "99.950000" : 577536,
            "99.990000" : 782336
          }
        },
        "lat_ns" : {
          "min" : 26203,
          "max" : 2817088,
          "mean" : 88873.162437,
          "stddev" : 48070.594445,
          "N" : 5370391
        },
        "bw_min" : 220432,
        "bw_max" : 835704,
        "bw_agg" : 99.884465,
        "bw_mean" : 715201.627119,
        "bw_dev" : 199847.612322,
        "bw_samples" : 59,
        "iops_min" : 55108,
        "iops_max" : 208926,
        "iops_mean" : 178800.372881,
        "iops_stddev" : 49961.861305,
        "iops_samples" : 59
      },
      "trim" : {
        "io_bytes" : 0,
        "io_kbytes" : 0,
        "bw_bytes" : 0,
        "bw" : 0,
        "iops" : 0.000000,
        "runtime" : 0,
        "total_ios" : 0,
        "short_ios" : 0,
        "drop_ios" : 0,
        "slat_ns" : {
          "min" : 0,
          "max" : 0,
          "mean" : 0.000000,
          "stddev" : 0.000000,
          "N" : 0
        },
        "clat_ns" : {
          "min" : 0,
          "max" : 0,
          "mean" : 0.000000,
          "stddev" : 0.000000,
          "N" : 0
        },
        "lat_ns" : {
          "min" : 0,
          "max" : 0,
          "mean" : 0.000000,
          "stddev" : 0.000000,
          "N" : 0
        },
        "bw_min" : 0,
        "bw_max" : 0,
        "bw_agg" : 0.000000,
        "bw_mean" : 0.000000,
        "bw_dev" : 0.000000,
        "bw_samples" : 0,
        "iops_min" : 0,
        "iops_max" : 0,
        "iops_mean" : 0.000000,
        "iops_stddev" : 0.000000,
        "iops_samples" : 0
      },
      "sync" : {
        "total_ios" : 0,
        "lat_ns" : {
          "min" : 0,
          "max" : 0,
          "mean" : 0.000000,
          "stddev" : 0.000000,
          "N" : 0
        }
      },
      "job_runtime" : 30000,
      "usr_cpu" : 13.986667,
      "sys_cpu" : 61.033333,
      "ctx" : 3537054,
      "majf" : 0,
      "minf" : 126,
      "iodepth_level" : {
        "1" : 0.100000,
        "2" : 0.100000,
        "4" : 0.100000,
        "8" : 0.100000,
        "16" : 99.999721,
        "32" : 0.000000,
        ">=64" : 0.000000
      },
      "iodepth_submit" : {
        "0" : 0.000000,
        "4" : 100.000000,
        "8" : 0.000000,
        "16" : 0.000000,
        "32" : 0.000000,
        "64" : 0.000000,
        ">=64" : 0.000000
      },
      "iodepth_complete" : {
        "0" : 0.000000,
        "4" : 99.999981,
        "8" : 0.000000,
        "16" : 0.100000,
        "32" : 0.000000,
        "64" : 0.000000,
        ">=64" : 0.000000
      },
      "latency_ns" : {
        "2" : 0.000000,
        "4" : 0.000000,
        "10" : 0.000000,
        "20" : 0.000000,
        "50" : 0.000000,
        "100" : 0.000000,
        "250" : 0.000000,
        "500" : 0.000000,
        "750" : 0.000000,
        "1000" : 0.000000
      },
      "latency_us" : {
        "2" : 0.000000,
        "4" : 0.000000,
        "10" : 0.000000,
        "20" : 0.010000,
        "50" : 0.010000,
        "100" : 89.557129,
        "250" : 7.859893,
        "500" : 2.501959,
        "750" : 0.063236,
        "1000" : 0.010000
      },
      "latency_ms" : {
        "2" : 0.010000,
        "4" : 0.010000,
        "10" : 0.000000,
        "20" : 0.000000,
        "50" : 0.000000,
        "100" : 0.000000,
        "250" : 0.000000,
        "500" : 0.000000,
        "750" : 0.000000,
        "1000" : 0.000000,
        "2000" : 0.000000,
        ">=2000" : 0.000000
      },
      "latency_depth" : 16,
      "latency_target" : 0,
      "latency_percentile" : 100.000000,
      "latency_window" : 0
    }
  ],
  "disk_util" : [
    {
      "name" : "nvme0n1",
      "read_ios" : 0,
      "write_ios" : 5352561,
      "read_merges" : 0,
      "write_merges" : 1850,
      "read_ticks" : 0,
      "write_ticks" : 50368,
      "in_queue" : 50392,
      "util" : 73.970775
    }
  ]
}
