{
  "fio version" : "fio-3.28",
  "timestamp" : 1758038559,
  "timestamp_ms" : 1758038559563,
  "time" : "Tue Sep 16 12:02:39 2025",
  "jobs" : [
    {
      "jobname" : "qd_sweep_write_qd4_degraded",
      "groupid" : 0,
      "error" : 0,
      "eta" : 0,
      "elapsed" : 31,
      "job options" : {
        "name" : "qd_sweep_write_qd4_degraded",
        "filename" : "./qd_sweep_write_qd4_degraded_test",
        "size" : "1G",
        "rw" : "write",
        "bs" : "4k",
        "direct" : "1",
        "runtime" : "30",
        "time_based" : "1",
        "ioengine" : "libaio",
        "iodepth" : "4",
        "numjobs" : "1"
      },
      "read" : {
        "io_bytes" : 0,
        "io_kbytes" : 0,
        "bw_bytes" : 0,
        "bw" : 0,
        "iops" : 0.000000,
        "runtime" : 0,
        "total_ios" : 0,
        "short_ios" : 0,
        "drop_ios" : 0,
        "slat_ns" : {
          "min" : 0,
          "max" : 0,
          "mean" : 0.000000,
          "stddev" : 0.000000,
          "N" : 0
        },
        "clat_ns" : {
          "min" : 0,
          "max" : 0,
          "mean" : 0.000000,
          "stddev" : 0.000000,
          "N" : 0
        },
        "lat_ns" : {
          "min" : 0,
          "max" : 0,
          "mean" : 0.000000,
          "stddev" : 0.000000,
          "N" : 0
        },
        "bw_min" : 0,
        "bw_max" : 0,
        "bw_agg" : 0.000000,
        "bw_mean" : 0.000000,
        "bw_dev" : 0.000000,
        "bw_samples" : 0,
        "iops_min" : 0,
        "iops_max" : 0,
        "iops_mean" : 0.000000,
        "iops_stddev" : 0.000000,
        "iops_samples" : 0
      },
      "write" : {
        "io_bytes" : 21540012032,
        "io_kbytes" : 21035168,
        "bw_bytes" : 717976468,
        "bw" : 701148,
        "iops" : 175287.223759,
        "runtime" : 30001,
        "total_ios" : 5258792,
        "short_ios" : 0,
        "drop_ios" : 0,
        "slat_ns" : {
          "min" : 1764,
          "max" : 256158,
          "mean" : 4026.634254,
          "stddev" : 2733.053106,
          "N" : 5258792
        },
        "clat_ns" : {
          "min" : 315,
          "max" : 2657027,
          "mean" : 18393.162864,
          "stddev" : 8511.664330,
          "N" : 5258792,
          "percentile" : {
            "1.000000" : 11584,
            "5.000000" : 11968,
            "10.000000" : 13376,
            "20.000000" : 15296,
            "30.000000" : 15552,
            "40.000000" : 16512,
            "50.000000" : 16768,
            "60.000000" : 17536,
            "70.000000" : 18048,
            "80.000000" : 20352,
            "90.000000" : 24192,
            "95.000000" : 30592,
            "99.000000" : 44288,
            "99.500000" : 48384,
            "99.900000" : 94720,
            "99.950000" : 128512,
            "99.990000" : 160768
          }
        },
        "lat_ns" : {
          "min" : 11629,
          "max" : 2658931,
          "mean" : 22510.458969,
          "stddev" : 9457.354897,
          "N" : 5258792
        },
        "bw_min" : 328208,
        "bw_max" : 787880,
        "bw_agg" : 100.000000,
        "bw_mean" : 702778.305085,
        "bw_dev" : 129845.431854,
        "bw_samples" : 59,
        "iops_min" : 82052,
        "iops_max" : 196970,
        "iops_mean" : 175694.644068,
        "iops_stddev" : 32461.357937,
        "iops_samples" : 59
      },
      "trim" : {
        "io_bytes" : 0,
        "io_kbytes" : 0,
        "bw_bytes" : 0,
        "bw" : 0,
        "iops" : 0.000000,
        "runtime" : 0,
        "total_ios" : 0,
        "short_ios" : 0,
        "drop_ios" : 0,
        "slat_ns" : {
          "min" : 0,
          "max" : 0,
          "mean" : 0.000000,
          "stddev" : 0.000000,
          "N" : 0
        },
        "clat_ns" : {
          "min" : 0,
          "max" : 0,
          "mean" : 0.000000,
          "stddev" : 0.000000,
          "N" : 0
        },
        "lat_ns" : {
          "min" : 0,
          "max" : 0,
          "mean" : 0.000000,
          "stddev" : 0.000000,
          "N" : 0
        },
        "bw_min" : 0,
        "bw_max" : 0,
        "bw_agg" : 0.000000,
        "bw_mean" : 0.000000,
        "bw_dev" : 0.000000,
        "bw_samples" : 0,
        "iops_min" : 0,
        "iops_max" : 0,
        "iops_mean" : 0.000000,
        "iops_stddev" : 0.000000,
        "iops_samples" : 0
      },
      "sync" : {
        "total_ios" : 0,
        "lat_ns" : {
          "min" : 0,
          "max" : 0,
          "mean" : 0.000000,
          "stddev" : 0.000000,
          "N" : 0
        }
      },
      "job_runtime" : 30000,
      "usr_cpu" : 11.756667,
      "sys_cpu" : 62.540000,
      "ctx" : 4047275,
      "majf" : 0,
      "minf" : 49,
      "iodepth_level" : {
        "1" : 0.100000,
        "2" : 0.100000,
        "4" : 99.999943,
        "8" : 0.000000,
        "16" : 0.000000,
        "32" : 0.000000,
        ">=64" : 0.000000
      },
      "iodepth_submit" : {
        "0" : 0.000000,
        "4" : 100.000000,
        "8" : 0.000000,
        "16" : 0.000000,
        "32" : 0.000000,
        "64" : 0.000000,
        ">=64" : 0.000000
      },
      "iodepth_complete" : {
        "0" : 0.000000,
        "4" : 100.000000,
        "8" : 0.000000,
        "16" : 0.000000,
        "32" : 0.000000,
        "64" : 0.000000,
        ">=64" : 0.000000
      },
      "latency_ns" : {
        "2" : 0.000000,
        "4" : 0.000000,
        "10" : 0.000000,
        "20" : 0.000000,
        "50" : 0.000000,
        "100" : 0.000000,
        "250" : 0.000000,
        "500" : 0.010000,
        "750" : 0.010000,
        "1000" : 0.000000
      },
      "latency_us" : {
        "2" : 0.000000,
        "4" : 0.010000,
        "10" : 0.142048,
        "20" : 79.077914,
        "50" : 20.327748,
        "100" : 0.361224,
        "250" : 0.085989,
        "500" : 0.010000,
        "750" : 0.000000,
        "1000" : 0.000000
      },
      "latency_ms" : {
        "2" : 0.010000,
        "4" : 0.010000,
        "10" : 0.000000,
        "20" : 0.000000,
        "50" : 0.000000,
        "100" : 0.000000,
        "250" : 0.000000,
        "500" : 0.000000,
        "750" : 0.000000,
        "1000" : 0.000000,
        "2000" : 0.000000,
        ">=2000" : 0.000000
      },
      "latency_depth" : 4,
      "latency_target" : 0,
      "latency_percentile" : 100.000000,
      "latency_window" : 0
    }
  ],
  "disk_util" : [
    {
      "name" : "nvme0n1",
      "read_ios" : 0,
      "write_ios" : 5238185,
      "read_merges" : 0,
      "write_merges" : 54,
      "read_ticks" : 0,
      "write_ticks" : 49001,
      "in_queue" : 49013,
      "util" : 77.620605
    }
  ]
}
