{
  "fio version": "fio-3.28",
  "timestamp": 1757681918,
  "timestamp_ms": 1757681918964,
  "time": "Fri Sep 12 08:58:38 2025",
  "jobs": [
    {
      "jobname": "qd_sweep_write_qd64",
      "groupid": 0,
      "error": 0,
      "eta": 0,
      "elapsed": 31,
      "job options": {
        "name": "qd_sweep_write_qd64",
        "filename": "/dev/nvme1n1",
        "rw": "write",
        "bs": "4k",
        "iodepth": "64",
        "runtime": "30",
        "numjobs": "1",
        "time_based": "1",
        "ioengine": "libaio",
        "direct": "1",
        "group_reporting": "1"
      },
      "read": {
        "io_bytes": 0,
        "io_kbytes": 0,
        "bw_bytes": 0,
        "bw": 0,
        "iops": 0.0,
        "runtime": 0,
        "total_ios": 0,
        "short_ios": 0,
        "drop_ios": 0,
        "slat_ns": {
          "min": 0,
          "max": 0,
          "mean": 0.0,
          "stddev": 0.0,
          "N": 0
        },
        "clat_ns": {
          "min": 0,
          "max": 0,
          "mean": 0.0,
          "stddev": 0.0,
          "N": 0
        },
        "lat_ns": {
          "min": 0,
          "max": 0,
          "mean": 0.0,
          "stddev": 0.0,
          "N": 0
        },
        "bw_min": 0,
        "bw_max": 0,
        "bw_agg": 0.0,
        "bw_mean": 0.0,
        "bw_dev": 0.0,
        "bw_samples": 0,
        "iops_min": 0,
        "iops_max": 0,
        "iops_mean": 0.0,
        "iops_stddev": 0.0,
        "iops_samples": 0
      },
      "write": {
        "io_bytes": 36062511104,
        "io_kbytes": 35217296,
        "bw_bytes": 1202043635,
        "bw": 1173870,
        "iops": 293467.684411,
        "runtime": 30001,
        "total_ios": 8804324,
        "short_ios": 0,
        "drop_ios": 0,
        "slat_ns": {
          "min": 1469,
          "max": 167203,
          "mean": 2714.616887,
          "stddev": 713.092316,
          "N": 8804324
        },
        "clat_ns": {
          "min": 16072,
          "max": 20203493,
          "mean": 215041.042608,
          "stddev": 156115.414023,
          "N": 8804324,
          "percentile": {
            "1.000000": 207872,
            "5.000000": 207872,
            "10.000000": 207872,
            "20.000000": 207872,
            "30.000000": 207872,
            "40.000000": 209920,
            "50.000000": 209920,
            "60.000000": 209920,
            "70.000000": 211968,
            "80.000000": 216064,
            "90.000000": 216064,
            "95.000000": 220160,
            "99.000000": 346112,
            "99.500000": 354304,
            "99.900000": 362496,
            "99.950000": 366592,
            "99.990000": 2342912
          }
        },
        "lat_ns": {
          "min": 18805,
          "max": 20205040,
          "mean": 217833.763529,
          "stddev": 156130.093374,
          "N": 8804324
        },
        "bw_min": 718832,
        "bw_max": 1201592,
        "bw_agg": 100.0,
        "bw_mean": 1174410.169492,
        "bw_dev": 69036.366642,
        "bw_samples": 59,
        "iops_min": 179708,
        "iops_max": 300398,
        "iops_mean": 293602.542373,
        "iops_stddev": 17259.081459,
        "iops_samples": 59
      },
      "trim": {
        "io_bytes": 0,
        "io_kbytes": 0,
        "bw_bytes": 0,
        "bw": 0,
        "iops": 0.0,
        "runtime": 0,
        "total_ios": 0,
        "short_ios": 0,
        "drop_ios": 0,
        "slat_ns": {
          "min": 0,
          "max": 0,
          "mean": 0.0,
          "stddev": 0.0,
          "N": 0
        },
        "clat_ns": {
          "min": 0,
          "max": 0,
          "mean": 0.0,
          "stddev": 0.0,
          "N": 0
        },
        "lat_ns": {
          "min": 0,
          "max": 0,
          "mean": 0.0,
          "stddev": 0.0,
          "N": 0
        },
        "bw_min": 0,
        "bw_max": 0,
        "bw_agg": 0.0,
        "bw_mean": 0.0,
        "bw_dev": 0.0,
        "bw_samples": 0,
        "iops_min": 0,
        "iops_max": 0,
        "iops_mean": 0.0,
        "iops_stddev": 0.0,
        "iops_samples": 0
      },
      "sync": {
        "total_ios": 0,
        "lat_ns": {
          "min": 0,
          "max": 0,
          "mean": 0.0,
          "stddev": 0.0,
          "N": 0
        }
      },
      "job_runtime": 30000,
      "usr_cpu": 18.67,
      "sys_cpu": 80.68,
      "ctx": 470,
      "majf": 0,
      "minf": 24,
      "iodepth_level": {
        "1": 0.1,
        "2": 0.1,
        "4": 0.1,
        "8": 0.1,
        "16": 0.1,
        "32": 0.1,
        ">=64": 99.999284
      },
      "iodepth_submit": {
        "0": 0.0,
        "4": 100.0,
        "8": 0.0,
        "16": 0.0,
        "32": 0.0,
        "64": 0.0,
        ">=64": 0.0
      },
      "iodepth_complete": {
        "0": 0.0,
        "4": 99.999989,
        "8": 0.0,
        "16": 0.0,
        "32": 0.0,
        "64": 0.1,
        ">=64": 0.0
      },
      "latency_ns": {
        "2": 0.0,
        "4": 0.0,
        "10": 0.0,
        "20": 0.0,
        "50": 0.0,
        "100": 0.0,
        "250": 0.0,
        "500": 0.0,
        "750": 0.0,
        "1000": 0.0
      },
      "latency_us": {
        "2": 0.0,
        "4": 0.0,
        "10": 0.0,
        "20": 0.01,
        "50": 0.01,
        "100": 0.01,
        "250": 97.227737,
        "500": 2.757395,
        "750": 0.01,
        "1000": 0.01
      },
      "latency_ms": {
        "2": 0.0,
        "4": 0.01,
        "10": 0.01,
        "20": 0.01,
        "50": 0.01,
        "100": 0.0,
        "250": 0.0,
        "500": 0.0,
        "750": 0.0,
        "1000": 0.0,
        "2000": 0.0,
        ">=2000": 0.0
      },
      "latency_depth": 64,
      "latency_target": 0,
      "latency_percentile": 100.0,
      "latency_window": 0
    }
  ],
  "disk_util": [
    {
      "name": "nvme1n1",
      "read_ios": 148,
      "write_ios": 8767653,
      "read_merges": 0,
      "write_merges": 0,
      "read_ticks": 8,
      "write_ticks": 98495,
      "in_queue": 98503,
      "util": 99.576045
    }
  ]
}