{
  "fio version" : "fio-3.28",
  "timestamp" : 1757680098,
  "timestamp_ms" : 1757680098138,
  "time" : "Fri Sep 12 08:28:18 2025",
  "jobs" : [
    {
      "jobname" : "rand_write_initial",
      "groupid" : 0,
      "error" : 0,
      "eta" : 0,
      "elapsed" : 61,
      "job options" : {
        "name" : "rand_write_initial",
        "filename" : "/dev/nvme1n1",
        "rw" : "randwrite",
        "bs" : "4k",
        "iodepth" : "16",
        "runtime" : "60",
        "time_based" : "1",
        "ioengine" : "libaio",
        "direct" : "1",
        "group_reporting" : "1"
      },
      "read" : {
        "io_bytes" : 0,
        "io_kbytes" : 0,
        "bw_bytes" : 0,
        "bw" : 0,
        "iops" : 0.000000,
        "runtime" : 0,
        "total_ios" : 0,
        "short_ios" : 0,
        "drop_ios" : 0,
        "slat_ns" : {
          "min" : 0,
          "max" : 0,
          "mean" : 0.000000,
          "stddev" : 0.000000,
          "N" : 0
        },
        "clat_ns" : {
          "min" : 0,
          "max" : 0,
          "mean" : 0.000000,
          "stddev" : 0.000000,
          "N" : 0
        },
        "lat_ns" : {
          "min" : 0,
          "max" : 0,
          "mean" : 0.000000,
          "stddev" : 0.000000,
          "N" : 0
        },
        "bw_min" : 0,
        "bw_max" : 0,
        "bw_agg" : 0.000000,
        "bw_mean" : 0.000000,
        "bw_dev" : 0.000000,
        "bw_samples" : 0,
        "iops_min" : 0,
        "iops_max" : 0,
        "iops_mean" : 0.000000,
        "iops_stddev" : 0.000000,
        "iops_samples" : 0
      },
      "write" : {
        "io_bytes" : 70485073920,
        "io_kbytes" : 68833080,
        "bw_bytes" : 1174731653,
        "bw" : 1147198,
        "iops" : 286799.720005,
        "runtime" : 60001,
        "total_ios" : 17208270,
        "short_ios" : 0,
        "drop_ios" : 0,
        "slat_ns" : {
          "min" : 1469,
          "max" : 608372,
          "mean" : 2625.973991,
          "stddev" : 715.750629,
          "N" : 17208270
        },
        "clat_ns" : {
          "min" : 12292,
          "max" : 22466975,
          "mean" : 52693.622025,
          "stddev" : 97349.089935,
          "N" : 17208270,
          "percentile" : {
            "1.000000" : 49920,
            "5.000000" : 50432,
            "10.000000" : 50432,
            "20.000000" : 50432,
            "30.000000" : 50944,
            "40.000000" : 50944,
            "50.000000" : 50944,
            "60.000000" : 50944,
            "70.000000" : 51456,
            "80.000000" : 51968,
            "90.000000" : 53504,
            "95.000000" : 57600,
            "99.000000" : 62720,
            "99.500000" : 64768,
            "99.900000" : 248832,
            "99.950000" : 395264,
            "99.990000" : 610304
          }
        },
        "lat_ns" : {
          "min" : 13904,
          "max" : 22471621,
          "mean" : 55391.047599,
          "stddev" : 97343.018023,
          "N" : 17208270
        },
        "bw_min" : 1086112,
        "bw_max" : 1176504,
        "bw_agg" : 100.000000,
        "bw_mean" : 1148336.806723,
        "bw_dev" : 22827.879319,
        "bw_samples" : 119,
        "iops_min" : 271528,
        "iops_max" : 294126,
        "iops_mean" : 287084.369748,
        "iops_stddev" : 5707.114596,
        "iops_samples" : 119
      },
      "trim" : {
        "io_bytes" : 0,
        "io_kbytes" : 0,
        "bw_bytes" : 0,
        "bw" : 0,
        "iops" : 0.000000,
        "runtime" : 0,
        "total_ios" : 0,
        "short_ios" : 0,
        "drop_ios" : 0,
        "slat_ns" : {
          "min" : 0,
          "max" : 0,
          "mean" : 0.000000,
          "stddev" : 0.000000,
          "N" : 0
        },
        "clat_ns" : {
          "min" : 0,
          "max" : 0,
          "mean" : 0.000000,
          "stddev" : 0.000000,
          "N" : 0
        },
        "lat_ns" : {
          "min" : 0,
          "max" : 0,
          "mean" : 0.000000,
          "stddev" : 0.000000,
          "N" : 0
        },
        "bw_min" : 0,
        "bw_max" : 0,
        "bw_agg" : 0.000000,
        "bw_mean" : 0.000000,
        "bw_dev" : 0.000000,
        "bw_samples" : 0,
        "iops_min" : 0,
        "iops_max" : 0,
        "iops_mean" : 0.000000,
        "iops_stddev" : 0.000000,
        "iops_samples" : 0
      },
      "sync" : {
        "total_ios" : 0,
        "lat_ns" : {
          "min" : 0,
          "max" : 0,
          "mean" : 0.000000,
          "stddev" : 0.000000,
          "N" : 0
        }
      },
      "job_runtime" : 60000,
      "usr_cpu" : 22.308333,
      "sys_cpu" : 75.971667,
      "ctx" : 5280,
      "majf" : 0,
      "minf" : 23,
      "iodepth_level" : {
        "1" : 0.100000,
        "2" : 0.100000,
        "4" : 0.100000,
        "8" : 0.100000,
        "16" : 99.999913,
        "32" : 0.000000,
        ">=64" : 0.000000
      },
      "iodepth_submit" : {
        "0" : 0.000000,
        "4" : 100.000000,
        "8" : 0.000000,
        "16" : 0.000000,
        "32" : 0.000000,
        "64" : 0.000000,
        ">=64" : 0.000000
      },
      "iodepth_complete" : {
        "0" : 0.000000,
        "4" : 99.999994,
        "8" : 0.000000,
        "16" : 0.100000,
        "32" : 0.000000,
        "64" : 0.000000,
        ">=64" : 0.000000
      },
      "latency_ns" : {
        "2" : 0.000000,
        "4" : 0.000000,
        "10" : 0.000000,
        "20" : 0.000000,
        "50" : 0.000000,
        "100" : 0.000000,
        "250" : 0.000000,
        "500" : 0.000000,
        "750" : 0.000000,
        "1000" : 0.000000
      },
      "latency_us" : {
        "2" : 0.000000,
        "4" : 0.000000,
        "10" : 0.000000,
        "20" : 0.010000,
        "50" : 1.332725,
        "100" : 98.475692,
        "250" : 0.091770,
        "500" : 0.073133,
        "750" : 0.023355,
        "1000" : 0.010000
      },
      "latency_ms" : {
        "2" : 0.010000,
        "4" : 0.000000,
        "10" : 0.010000,
        "20" : 0.010000,
        "50" : 0.010000,
        "100" : 0.000000,
        "250" : 0.000000,
        "500" : 0.000000,
        "750" : 0.000000,
        "1000" : 0.000000,
        "2000" : 0.000000,
        ">=2000" : 0.000000
      },
      "latency_depth" : 16,
      "latency_target" : 0,
      "latency_percentile" : 100.000000,
      "latency_window" : 0
    }
  ],
  "disk_util" : [
    {
      "name" : "nvme1n1",
      "read_ios" : 0,
      "write_ios" : 17162142,
      "read_merges" : 0,
      "write_merges" : 0,
      "read_ticks" : 0,
      "write_ticks" : 182397,
      "in_queue" : 182397,
      "util" : 99.692985
    }
  ]
}
