{
  "fio version" : "fio-3.28",
  "timestamp" : 1758036873,
  "timestamp_ms" : 1758036873979,
  "time" : "Tue Sep 16 11:34:33 2025",
  "jobs" : [
    {
      "jobname" : "rand_read_degraded",
      "groupid" : 0,
      "error" : 0,
      "eta" : 0,
      "elapsed" : 31,
      "job options" : {
        "name" : "rand_read_degraded",
        "filename" : "./rand_read_degraded_test",
        "size" : "1G",
        "rw" : "randread",
        "bs" : "4k",
        "direct" : "1",
        "runtime" : "30",
        "time_based" : "1",
        "ioengine" : "libaio",
        "iodepth" : "1",
        "numjobs" : "1"
      },
      "read" : {
        "io_bytes" : 2142720000,
        "io_kbytes" : 2092500,
        "bw_bytes" : 71421619,
        "bw" : 69747,
        "iops" : 17436.918769,
        "runtime" : 30001,
        "total_ios" : 523125,
        "short_ios" : 0,
        "drop_ios" : 0,
        "slat_ns" : {
          "min" : 3713,
          "max" : 280784,
          "mean" : 7500.262509,
          "stddev" : 1828.026322,
          "N" : 523125
        },
        "clat_ns" : {
          "min" : 1893,
          "max" : 8467553,
          "mean" : 48164.127428,
          "stddev" : 13252.390954,
          "N" : 523125,
          "percentile" : {
            "1.000000" : 41728,
            "5.000000" : 42240,
            "10.000000" : 43776,
            "20.000000" : 47360,
            "30.000000" : 47872,
            "40.000000" : 47872,
            "50.000000" : 48384,
            "60.000000" : 49408,
            "70.000000" : 49408,
            "80.000000" : 49920,
            "90.000000" : 49920,
            "95.000000" : 50432,
            "99.000000" : 54016,
            "99.500000" : 58112,
            "99.900000" : 77312,
            "99.950000" : 83456,
            "99.990000" : 168960
          }
        },
        "lat_ns" : {
          "min" : 26585,
          "max" : 8512027,
          "mean" : 55922.566473,
          "stddev" : 13664.154595,
          "N" : 523125
        },
        "bw_min" : 65448,
        "bw_max" : 83392,
        "bw_agg" : 100.000000,
        "bw_mean" : 69807.864407,
        "bw_dev" : 5089.100833,
        "bw_samples" : 59,
        "iops_min" : 16362,
        "iops_max" : 20848,
        "iops_mean" : 17451.966102,
        "iops_stddev" : 1272.274558,
        "iops_samples" : 59
      },
      "write" : {
        "io_bytes" : 0,
        "io_kbytes" : 0,
        "bw_bytes" : 0,
        "bw" : 0,
        "iops" : 0.000000,
        "runtime" : 0,
        "total_ios" : 0,
        "short_ios" : 0,
        "drop_ios" : 0,
        "slat_ns" : {
          "min" : 0,
          "max" : 0,
          "mean" : 0.000000,
          "stddev" : 0.000000,
          "N" : 0
        },
        "clat_ns" : {
          "min" : 0,
          "max" : 0,
          "mean" : 0.000000,
          "stddev" : 0.000000,
          "N" : 0
        },
        "lat_ns" : {
          "min" : 0,
          "max" : 0,
          "mean" : 0.000000,
          "stddev" : 0.000000,
          "N" : 0
        },
        "bw_min" : 0,
        "bw_max" : 0,
        "bw_agg" : 0.000000,
        "bw_mean" : 0.000000,
        "bw_dev" : 0.000000,
        "bw_samples" : 0,
        "iops_min" : 0,
        "iops_max" : 0,
        "iops_mean" : 0.000000,
        "iops_stddev" : 0.000000,
        "iops_samples" : 0
      },
      "trim" : {
        "io_bytes" : 0,
        "io_kbytes" : 0,
        "bw_bytes" : 0,
        "bw" : 0,
        "iops" : 0.000000,
        "runtime" : 0,
        "total_ios" : 0,
        "short_ios" : 0,
        "drop_ios" : 0,
        "slat_ns" : {
          "min" : 0,
          "max" : 0,
          "mean" : 0.000000,
          "stddev" : 0.000000,
          "N" : 0
        },
        "clat_ns" : {
          "min" : 0,
          "max" : 0,
          "mean" : 0.000000,
          "stddev" : 0.000000,
          "N" : 0
        },
        "lat_ns" : {
          "min" : 0,
          "max" : 0,
          "mean" : 0.000000,
          "stddev" : 0.000000,
          "N" : 0
        },
        "bw_min" : 0,
        "bw_max" : 0,
        "bw_agg" : 0.000000,
        "bw_mean" : 0.000000,
        "bw_dev" : 0.000000,
        "bw_samples" : 0,
        "iops_min" : 0,
        "iops_max" : 0,
        "iops_mean" : 0.000000,
        "iops_stddev" : 0.000000,
        "iops_samples" : 0
      },
      "sync" : {
        "total_ios" : 0,
        "lat_ns" : {
          "min" : 0,
          "max" : 0,
          "mean" : 0.000000,
          "stddev" : 0.000000,
          "N" : 0
        }
      },
      "job_runtime" : 30000,
      "usr_cpu" : 7.536667,
      "sys_cpu" : 23.063333,
      "ctx" : 523119,
      "majf" : 0,
      "minf" : 17,
      "iodepth_level" : {
        "1" : 100.000000,
        "2" : 0.000000,
        "4" : 0.000000,
        "8" : 0.000000,
        "16" : 0.000000,
        "32" : 0.000000,
        ">=64" : 0.000000
      },
      "iodepth_submit" : {
        "0" : 0.000000,
        "4" : 100.000000,
        "8" : 0.000000,
        "16" : 0.000000,
        "32" : 0.000000,
        "64" : 0.000000,
        ">=64" : 0.000000
      },
      "iodepth_complete" : {
        "0" : 0.000000,
        "4" : 100.000000,
        "8" : 0.000000,
        "16" : 0.000000,
        "32" : 0.000000,
        "64" : 0.000000,
        ">=64" : 0.000000
      },
      "latency_ns" : {
        "2" : 0.000000,
        "4" : 0.000000,
        "10" : 0.000000,
        "20" : 0.000000,
        "50" : 0.000000,
        "100" : 0.000000,
        "250" : 0.000000,
        "500" : 0.000000,
        "750" : 0.000000,
        "1000" : 0.000000
      },
      "latency_us" : {
        "2" : 0.010000,
        "4" : 0.000000,
        "10" : 0.010000,
        "20" : 0.010000,
        "50" : 87.462270,
        "100" : 12.504086,
        "250" : 0.025806,
        "500" : 0.010000,
        "750" : 0.010000,
        "1000" : 0.000000
      },
      "latency_ms" : {
        "2" : 0.000000,
        "4" : 0.000000,
        "10" : 0.010000,
        "20" : 0.000000,
        "50" : 0.000000,
        "100" : 0.000000,
        "250" : 0.000000,
        "500" : 0.000000,
        "750" : 0.000000,
        "1000" : 0.000000,
        "2000" : 0.000000,
        ">=2000" : 0.000000
      },
      "latency_depth" : 1,
      "latency_target" : 0,
      "latency_percentile" : 100.000000,
      "latency_window" : 0
    }
  ],
  "disk_util" : [
    {
      "name" : "nvme0n1",
      "read_ios" : 520071,
      "write_ios" : 66,
      "read_merges" : 0,
      "write_merges" : 121,
      "read_ticks" : 22747,
      "write_ticks" : 101,
      "in_queue" : 22874,
      "util" : 86.199632
    }
  ]
}
