{
  "fio version" : "fio-3.28",
  "timestamp" : 1758036811,
  "timestamp_ms" : 1758036811300,
  "time" : "Tue Sep 16 11:33:31 2025",
  "jobs" : [
    {
      "jobname" : "rand_write_degraded",
      "groupid" : 0,
      "error" : 0,
      "eta" : 0,
      "elapsed" : 31,
      "job options" : {
        "name" : "rand_write_degraded",
        "filename" : "./rand_write_degraded_test",
        "size" : "1G",
        "rw" : "randwrite",
        "bs" : "4k",
        "direct" : "1",
        "runtime" : "30",
        "time_based" : "1",
        "ioengine" : "libaio",
        "iodepth" : "1",
        "numjobs" : "1"
      },
      "read" : {
        "io_bytes" : 0,
        "io_kbytes" : 0,
        "bw_bytes" : 0,
        "bw" : 0,
        "iops" : 0.000000,
        "runtime" : 0,
        "total_ios" : 0,
        "short_ios" : 0,
        "drop_ios" : 0,
        "slat_ns" : {
          "min" : 0,
          "max" : 0,
          "mean" : 0.000000,
          "stddev" : 0.000000,
          "N" : 0
        },
        "clat_ns" : {
          "min" : 0,
          "max" : 0,
          "mean" : 0.000000,
          "stddev" : 0.000000,
          "N" : 0
        },
        "lat_ns" : {
          "min" : 0,
          "max" : 0,
          "mean" : 0.000000,
          "stddev" : 0.000000,
          "N" : 0
        },
        "bw_min" : 0,
        "bw_max" : 0,
        "bw_agg" : 0.000000,
        "bw_mean" : 0.000000,
        "bw_dev" : 0.000000,
        "bw_samples" : 0,
        "iops_min" : 0,
        "iops_max" : 0,
        "iops_mean" : 0.000000,
        "iops_stddev" : 0.000000,
        "iops_samples" : 0
      },
      "write" : {
        "io_bytes" : 6855020544,
        "io_kbytes" : 6694356,
        "bw_bytes" : 228493068,
        "bw" : 223137,
        "iops" : 55784.440519,
        "runtime" : 30001,
        "total_ios" : 1673589,
        "short_ios" : 0,
        "drop_ios" : 0,
        "slat_ns" : {
          "min" : 2687,
          "max" : 732378,
          "mean" : 3807.364477,
          "stddev" : 2537.317971,
          "N" : 1673589
        },
        "clat_ns" : {
          "min" : 5334,
          "max" : 8449880,
          "mean" : 13435.549607,
          "stddev" : 7050.566672,
          "N" : 1673589,
          "percentile" : {
            "1.000000" : 12352,
            "5.000000" : 12352,
            "10.000000" : 12352,
            "20.000000" : 12480,
            "30.000000" : 12480,
            "40.000000" : 12480,
            "50.000000" : 12480,
            "60.000000" : 12608,
            "70.000000" : 12736,
            "80.000000" : 12864,
            "90.000000" : 17280,
            "95.000000" : 17792,
            "99.000000" : 19840,
            "99.500000" : 21632,
            "99.900000" : 34560,
            "99.950000" : 51968,
            "99.990000" : 93696
          }
        },
        "lat_ns" : {
          "min" : 14016,
          "max" : 8494311,
          "mean" : 17359.509158,
          "stddev" : 8111.990276,
          "N" : 1673589
        },
        "bw_min" : 118674,
        "bw_max" : 249224,
        "bw_agg" : 99.914958,
        "bw_mean" : 222948.372881,
        "bw_dev" : 45002.401645,
        "bw_samples" : 59,
        "iops_min" : 29668,
        "iops_max" : 62306,
        "iops_mean" : 55737.118644,
        "iops_stddev" : 11250.639511,
        "iops_samples" : 59
      },
      "trim" : {
        "io_bytes" : 0,
        "io_kbytes" : 0,
        "bw_bytes" : 0,
        "bw" : 0,
        "iops" : 0.000000,
        "runtime" : 0,
        "total_ios" : 0,
        "short_ios" : 0,
        "drop_ios" : 0,
        "slat_ns" : {
          "min" : 0,
          "max" : 0,
          "mean" : 0.000000,
          "stddev" : 0.000000,
          "N" : 0
        },
        "clat_ns" : {
          "min" : 0,
          "max" : 0,
          "mean" : 0.000000,
          "stddev" : 0.000000,
          "N" : 0
        },
        "lat_ns" : {
          "min" : 0,
          "max" : 0,
          "mean" : 0.000000,
          "stddev" : 0.000000,
          "N" : 0
        },
        "bw_min" : 0,
        "bw_max" : 0,
        "bw_agg" : 0.000000,
        "bw_mean" : 0.000000,
        "bw_dev" : 0.000000,
        "bw_samples" : 0,
        "iops_min" : 0,
        "iops_max" : 0,
        "iops_mean" : 0.000000,
        "iops_stddev" : 0.000000,
        "iops_samples" : 0
      },
      "sync" : {
        "total_ios" : 0,
        "lat_ns" : {
          "min" : 0,
          "max" : 0,
          "mean" : 0.000000,
          "stddev" : 0.000000,
          "N" : 0
        }
      },
      "job_runtime" : 30000,
      "usr_cpu" : 7.520000,
      "sys_cpu" : 27.640000,
      "ctx" : 1673599,
      "majf" : 0,
      "minf" : 16,
      "iodepth_level" : {
        "1" : 100.000000,
        "2" : 0.000000,
        "4" : 0.000000,
        "8" : 0.000000,
        "16" : 0.000000,
        "32" : 0.000000,
        ">=64" : 0.000000
      },
      "iodepth_submit" : {
        "0" : 0.000000,
        "4" : 100.000000,
        "8" : 0.000000,
        "16" : 0.000000,
        "32" : 0.000000,
        "64" : 0.000000,
        ">=64" : 0.000000
      },
      "iodepth_complete" : {
        "0" : 0.000000,
        "4" : 100.000000,
        "8" : 0.000000,
        "16" : 0.000000,
        "32" : 0.000000,
        "64" : 0.000000,
        ">=64" : 0.000000
      },
      "latency_ns" : {
        "2" : 0.000000,
        "4" : 0.000000,
        "10" : 0.000000,
        "20" : 0.000000,
        "50" : 0.000000,
        "100" : 0.000000,
        "250" : 0.000000,
        "500" : 0.000000,
        "750" : 0.000000,
        "1000" : 0.000000
      },
      "latency_us" : {
        "2" : 0.000000,
        "4" : 0.000000,
        "10" : 0.010000,
        "20" : 99.039788,
        "50" : 0.901297,
        "100" : 0.051267,
        "250" : 0.010000,
        "500" : 0.000000,
        "750" : 0.000000,
        "1000" : 0.010000
      },
      "latency_ms" : {
        "2" : 0.000000,
        "4" : 0.000000,
        "10" : 0.010000,
        "20" : 0.000000,
        "50" : 0.000000,
        "100" : 0.000000,
        "250" : 0.000000,
        "500" : 0.000000,
        "750" : 0.000000,
        "1000" : 0.000000,
        "2000" : 0.000000,
        ">=2000" : 0.000000
      },
      "latency_depth" : 1,
      "latency_target" : 0,
      "latency_percentile" : 100.000000,
      "latency_window" : 0
    }
  ],
  "disk_util" : [
    {
      "name" : "nvme0n1",
      "read_ios" : 1,
      "write_ios" : 1667287,
      "read_merges" : 0,
      "write_merges" : 1825,
      "read_ticks" : 0,
      "write_ticks" : 17209,
      "in_queue" : 17220,
      "util" : 50.825798
    }
  ]
}
