{
  "fio version" : "fio-3.28",
  "timestamp" : 1757680218,
  "timestamp_ms" : 1757680218884,
  "time" : "Fri Sep 12 08:30:18 2025",
  "jobs" : [
    {
      "jobname" : "rand_read_initial",
      "groupid" : 0,
      "error" : 0,
      "eta" : 0,
      "elapsed" : 61,
      "job options" : {
        "name" : "rand_read_initial",
        "filename" : "/dev/nvme1n1",
        "rw" : "randread",
        "bs" : "4k",
        "iodepth" : "16",
        "runtime" : "60",
        "time_based" : "1",
        "ioengine" : "libaio",
        "direct" : "1",
        "group_reporting" : "1"
      },
      "read" : {
        "io_bytes" : 25149661184,
        "io_kbytes" : 24560216,
        "bw_bytes" : 419154033,
        "bw" : 409330,
        "iops" : 102332.527791,
        "runtime" : 60001,
        "total_ios" : 6140054,
        "short_ios" : 0,
        "drop_ios" : 0,
        "slat_ns" : {
          "min" : 2362,
          "max" : 744337,
          "mean" : 3114.759317,
          "stddev" : 1197.502044,
          "N" : 6140054
        },
        "clat_ns" : {
          "min" : 10282,
          "max" : 2215315,
          "mean" : 152388.484320,
          "stddev" : 59385.931003,
          "N" : 6140054,
          "percentile" : {
            "1.000000" : 66048,
            "5.000000" : 70144,
            "10.000000" : 73216,
            "20.000000" : 85504,
            "30.000000" : 116224,
            "40.000000" : 127488,
            "50.000000" : 152576,
            "60.000000" : 164864,
            "70.000000" : 195584,
            "80.000000" : 205824,
            "90.000000" : 226304,
            "95.000000" : 261120,
            "99.000000" : 272384,
            "99.500000" : 276480,
            "99.900000" : 288768,
            "99.950000" : 309248,
            "99.990000" : 391168
          }
        },
        "lat_ns" : {
          "min" : 15169,
          "max" : 2220201,
          "mean" : 155639.548986,
          "stddev" : 59291.196380,
          "N" : 6140054
        },
        "bw_min" : 394976,
        "bw_max" : 422224,
        "bw_agg" : 100.000000,
        "bw_mean" : 409714.084034,
        "bw_dev" : 2957.641105,
        "bw_samples" : 119,
        "iops_min" : 98744,
        "iops_max" : 105556,
        "iops_mean" : 102428.487395,
        "iops_stddev" : 739.414746,
        "iops_samples" : 119
      },
      "write" : {
        "io_bytes" : 0,
        "io_kbytes" : 0,
        "bw_bytes" : 0,
        "bw" : 0,
        "iops" : 0.000000,
        "runtime" : 0,
        "total_ios" : 0,
        "short_ios" : 0,
        "drop_ios" : 0,
        "slat_ns" : {
          "min" : 0,
          "max" : 0,
          "mean" : 0.000000,
          "stddev" : 0.000000,
          "N" : 0
        },
        "clat_ns" : {
          "min" : 0,
          "max" : 0,
          "mean" : 0.000000,
          "stddev" : 0.000000,
          "N" : 0
        },
        "lat_ns" : {
          "min" : 0,
          "max" : 0,
          "mean" : 0.000000,
          "stddev" : 0.000000,
          "N" : 0
        },
        "bw_min" : 0,
        "bw_max" : 0,
        "bw_agg" : 0.000000,
        "bw_mean" : 0.000000,
        "bw_dev" : 0.000000,
        "bw_samples" : 0,
        "iops_min" : 0,
        "iops_max" : 0,
        "iops_mean" : 0.000000,
        "iops_stddev" : 0.000000,
        "iops_samples" : 0
      },
      "trim" : {
        "io_bytes" : 0,
        "io_kbytes" : 0,
        "bw_bytes" : 0,
        "bw" : 0,
        "iops" : 0.000000,
        "runtime" : 0,
        "total_ios" : 0,
        "short_ios" : 0,
        "drop_ios" : 0,
        "slat_ns" : {
          "min" : 0,
          "max" : 0,
          "mean" : 0.000000,
          "stddev" : 0.000000,
          "N" : 0
        },
        "clat_ns" : {
          "min" : 0,
          "max" : 0,
          "mean" : 0.000000,
          "stddev" : 0.000000,
          "N" : 0
        },
        "lat_ns" : {
          "min" : 0,
          "max" : 0,
          "mean" : 0.000000,
          "stddev" : 0.000000,
          "N" : 0
        },
        "bw_min" : 0,
        "bw_max" : 0,
        "bw_agg" : 0.000000,
        "bw_mean" : 0.000000,
        "bw_dev" : 0.000000,
        "bw_samples" : 0,
        "iops_min" : 0,
        "iops_max" : 0,
        "iops_mean" : 0.000000,
        "iops_stddev" : 0.000000,
        "iops_samples" : 0
      },
      "sync" : {
        "total_ios" : 0,
        "lat_ns" : {
          "min" : 0,
          "max" : 0,
          "mean" : 0.000000,
          "stddev" : 0.000000,
          "N" : 0
        }
      },
      "job_runtime" : 60000,
      "usr_cpu" : 17.618333,
      "sys_cpu" : 45.850000,
      "ctx" : 2525569,
      "majf" : 0,
      "minf" : 38,
      "iodepth_level" : {
        "1" : 0.100000,
        "2" : 0.100000,
        "4" : 0.100000,
        "8" : 0.100000,
        "16" : 99.999756,
        "32" : 0.000000,
        ">=64" : 0.000000
      },
      "iodepth_submit" : {
        "0" : 0.000000,
        "4" : 100.000000,
        "8" : 0.000000,
        "16" : 0.000000,
        "32" : 0.000000,
        "64" : 0.000000,
        ">=64" : 0.000000
      },
      "iodepth_complete" : {
        "0" : 0.000000,
        "4" : 99.999984,
        "8" : 0.000000,
        "16" : 0.100000,
        "32" : 0.000000,
        "64" : 0.000000,
        ">=64" : 0.000000
      },
      "latency_ns" : {
        "2" : 0.000000,
        "4" : 0.000000,
        "10" : 0.000000,
        "20" : 0.000000,
        "50" : 0.000000,
        "100" : 0.000000,
        "250" : 0.000000,
        "500" : 0.000000,
        "750" : 0.000000,
        "1000" : 0.000000
      },
      "latency_us" : {
        "2" : 0.000000,
        "4" : 0.000000,
        "10" : 0.000000,
        "20" : 0.010000,
        "50" : 0.012915,
        "100" : 25.321797,
        "250" : 66.829608,
        "500" : 7.832798,
        "750" : 0.010000,
        "1000" : 0.010000
      },
      "latency_ms" : {
        "2" : 0.010000,
        "4" : 0.010000,
        "10" : 0.000000,
        "20" : 0.000000,
        "50" : 0.000000,
        "100" : 0.000000,
        "250" : 0.000000,
        "500" : 0.000000,
        "750" : 0.000000,
        "1000" : 0.000000,
        "2000" : 0.000000,
        ">=2000" : 0.000000
      },
      "latency_depth" : 16,
      "latency_target" : 0,
      "latency_percentile" : 100.000000,
      "latency_window" : 0
    }
  ],
  "disk_util" : [
    {
      "name" : "nvme1n1",
      "read_ios" : 6123744,
      "write_ios" : 0,
      "read_merges" : 0,
      "write_merges" : 0,
      "read_ticks" : 907236,
      "write_ticks" : 0,
      "in_queue" : 907236,
      "util" : 99.833136
    }
  ]
}
