{
  "fio version": "fio-3.28",
  "timestamp": 1757683700,
  "timestamp_ms": 1757683700384,
  "time": "Fri Sep 12 09:28:20 2025",
  "jobs": [
    {
      "jobname": "range_scan",
      "groupid": 0,
      "error": 0,
      "eta": 0,
      "elapsed": 31,
      "job options": {
        "name": "range_scan",
        "filename": "/dev/nvme1n1",
        "rw": "read",
        "bs": "4k",
        "iodepth": "16",
        "runtime": "30",
        "numjobs": "1",
        "time_based": "1",
        "ioengine": "libaio",
        "direct": "1",
        "group_reporting": "1"
      },
      "read": {
        "io_bytes": 37232394240,
        "io_kbytes": 36359760,
        "bw_bytes": 1241038440,
        "bw": 1211951,
        "iops": 302987.900403,
        "runtime": 30001,
        "total_ios": 9089940,
        "short_ios": 0,
        "drop_ios": 0,
        "slat_ns": {
          "min": 1502,
          "max": 126328,
          "mean": 2474.891659,
          "stddev": 825.861942,
          "N": 9089940
        },
        "clat_ns": {
          "min": 7979,
          "max": 982249,
          "mean": 49960.538645,
          "stddev": 6586.234894,
          "N": 9089940,
          "percentile": {
            "1.000000": 46848,
            "5.000000": 47360,
            "10.000000": 47360,
            "20.000000": 47872,
            "30.000000": 47872,
            "40.000000": 47872,
            "50.000000": 48384,
            "60.000000": 48384,
            "70.000000": 48896,
            "80.000000": 49408,
            "90.000000": 52992,
            "95.000000": 56576,
            "99.000000": 76288,
            "99.500000": 79360,
            "99.900000": 88576,
            "99.950000": 93696,
            "99.990000": 105984
          }
        },
        "lat_ns": {
          "min": 10886,
          "max": 985365,
          "mean": 52552.971854,
          "stddev": 6906.298076,
          "N": 9089940
        },
        "bw_min": 766640,
        "bw_max": 1246320,
        "bw_agg": 100.0,
        "bw_mean": 1212343.728814,
        "bw_dev": 117599.077603,
        "bw_samples": 59,
        "iops_min": 191660,
        "iops_max": 311582,
        "iops_mean": 303086.033898,
        "iops_stddev": 29399.797896,
        "iops_samples": 59
      },
      "write": {
        "io_bytes": 0,
        "io_kbytes": 0,
        "bw_bytes": 0,
        "bw": 0,
        "iops": 0.0,
        "runtime": 0,
        "total_ios": 0,
        "short_ios": 0,
        "drop_ios": 0,
        "slat_ns": {
          "min": 0,
          "max": 0,
          "mean": 0.0,
          "stddev": 0.0,
          "N": 0
        },
        "clat_ns": {
          "min": 0,
          "max": 0,
          "mean": 0.0,
          "stddev": 0.0,
          "N": 0
        },
        "lat_ns": {
          "min": 0,
          "max": 0,
          "mean": 0.0,
          "stddev": 0.0,
          "N": 0
        },
        "bw_min": 0,
        "bw_max": 0,
        "bw_agg": 0.0,
        "bw_mean": 0.0,
        "bw_dev": 0.0,
        "bw_samples": 0,
        "iops_min": 0,
        "iops_max": 0,
        "iops_mean": 0.0,
        "iops_stddev": 0.0,
        "iops_samples": 0
      },
      "trim": {
        "io_bytes": 0,
        "io_kbytes": 0,
        "bw_bytes": 0,
        "bw": 0,
        "iops": 0.0,
        "runtime": 0,
        "total_ios": 0,
        "short_ios": 0,
        "drop_ios": 0,
        "slat_ns": {
          "min": 0,
          "max": 0,
          "mean": 0.0,
          "stddev": 0.0,
          "N": 0
        },
        "clat_ns": {
          "min": 0,
          "max": 0,
          "mean": 0.0,
          "stddev": 0.0,
          "N": 0
        },
        "lat_ns": {
          "min": 0,
          "max": 0,
          "mean": 0.0,
          "stddev": 0.0,
          "N": 0
        },
        "bw_min": 0,
        "bw_max": 0,
        "bw_agg": 0.0,
        "bw_mean": 0.0,
        "bw_dev": 0.0,
        "bw_samples": 0,
        "iops_min": 0,
        "iops_max": 0,
        "iops_mean": 0.0,
        "iops_stddev": 0.0,
        "iops_samples": 0
      },
      "sync": {
        "total_ios": 0,
        "lat_ns": {
          "min": 0,
          "max": 0,
          "mean": 0.0,
          "stddev": 0.0,
          "N": 0
        }
      },
      "job_runtime": 30000,
      "usr_cpu": 27.073333,
      "sys_cpu": 72.893333,
      "ctx": 633,
      "majf": 0,
      "minf": 32,
      "iodepth_level": {
        "1": 0.1,
        "2": 0.1,
        "4": 0.1,
        "8": 0.1,
        "16": 99.999835,
        "32": 0.0,
        ">=64": 0.0
      },
      "iodepth_submit": {
        "0": 0.0,
        "4": 100.0,
        "8": 0.0,
        "16": 0.0,
        "32": 0.0,
        "64": 0.0,
        ">=64": 0.0
      },
      "iodepth_complete": {
        "0": 0.0,
        "4": 99.999989,
        "8": 0.0,
        "16": 0.1,
        "32": 0.0,
        "64": 0.0,
        ">=64": 0.0
      },
      "latency_ns": {
        "2": 0.0,
        "4": 0.0,
        "10": 0.0,
        "20": 0.0,
        "50": 0.0,
        "100": 0.0,
        "250": 0.0,
        "500": 0.0,
        "750": 0.0,
        "1000": 0.0
      },
      "latency_us": {
        "2": 0.0,
        "4": 0.0,
        "10": 0.01,
        "20": 0.01,
        "50": 87.478663,
        "100": 12.508355,
        "250": 0.01,
        "500": 0.01,
        "750": 0.01,
        "1000": 0.01
      },
      "latency_ms": {
        "2": 0.0,
        "4": 0.0,
        "10": 0.0,
        "20": 0.0,
        "50": 0.0,
        "100": 0.0,
        "250": 0.0,
        "500": 0.0,
        "750": 0.0,
        "1000": 0.0,
        "2000": 0.0,
        ">=2000": 0.0
      },
      "latency_depth": 16,
      "latency_target": 0,
      "latency_percentile": 100.0,
      "latency_window": 0
    }
  ],
  "disk_util": [
    {
      "name": "nvme1n1",
      "read_ios": 9053477,
      "write_ios": 0,
      "read_merges": 0,
      "write_merges": 0,
      "read_ticks": 71343,
      "write_ticks": 0,
      "in_queue": 71343,
      "util": 99.272412
    }
  ]
}