{
  "fio version" : "fio-3.28",
  "timestamp" : 1757680037,
  "timestamp_ms" : 1757680037719,
  "time" : "Fri Sep 12 08:27:17 2025",
  "jobs" : [
    {
      "jobname" : "seq_write_initial",
      "groupid" : 0,
      "error" : 0,
      "eta" : 0,
      "elapsed" : 61,
      "job options" : {
        "name" : "seq_write_initial",
        "filename" : "/dev/nvme1n1",
        "rw" : "write",
        "bs" : "128k",
        "iodepth" : "32",
        "runtime" : "60",
        "time_based" : "1",
        "ioengine" : "libaio",
        "direct" : "1",
        "group_reporting" : "1"
      },
      "read" : {
        "io_bytes" : 0,
        "io_kbytes" : 0,
        "bw_bytes" : 0,
        "bw" : 0,
        "iops" : 0.000000,
        "runtime" : 0,
        "total_ios" : 0,
        "short_ios" : 0,
        "drop_ios" : 0,
        "slat_ns" : {
          "min" : 0,
          "max" : 0,
          "mean" : 0.000000,
          "stddev" : 0.000000,
          "N" : 0
        },
        "clat_ns" : {
          "min" : 0,
          "max" : 0,
          "mean" : 0.000000,
          "stddev" : 0.000000,
          "N" : 0
        },
        "lat_ns" : {
          "min" : 0,
          "max" : 0,
          "mean" : 0.000000,
          "stddev" : 0.000000,
          "N" : 0
        },
        "bw_min" : 0,
        "bw_max" : 0,
        "bw_agg" : 0.000000,
        "bw_mean" : 0.000000,
        "bw_dev" : 0.000000,
        "bw_samples" : 0,
        "iops_min" : 0,
        "iops_max" : 0,
        "iops_mean" : 0.000000,
        "iops_stddev" : 0.000000,
        "iops_samples" : 0
      },
      "write" : {
        "io_bytes" : 259009937408,
        "io_kbytes" : 252939392,
        "bw_bytes" : 4316616459,
        "bw" : 4215445,
        "iops" : 32933.170008,
        "runtime" : 60003,
        "total_ios" : 1976089,
        "short_ios" : 0,
        "drop_ios" : 0,
        "slat_ns" : {
          "min" : 7938,
          "max" : 258285,
          "mean" : 12889.136764,
          "stddev" : 6139.307341,
          "N" : 1976089
        },
        "clat_ns" : {
          "min" : 377481,
          "max" : 24935581,
          "mean" : 958047.538898,
          "stddev" : 644781.181217,
          "N" : 1976089,
          "percentile" : {
            "1.000000" : 765952,
            "5.000000" : 774144,
            "10.000000" : 774144,
            "20.000000" : 774144,
            "30.000000" : 782336,
            "40.000000" : 782336,
            "50.000000" : 782336,
            "60.000000" : 782336,
            "70.000000" : 782336,
            "80.000000" : 790528,
            "90.000000" : 806912,
            "95.000000" : 2408448,
            "99.000000" : 3457024,
            "99.500000" : 4046848,
            "99.900000" : 5144576,
            "99.950000" : 5734400,
            "99.990000" : 22151168
          }
        },
        "lat_ns" : {
          "min" : 390675,
          "max" : 24962558,
          "mean" : 971063.315580,
          "stddev" : 649079.803058,
          "N" : 1976089
        },
        "bw_min" : 1483520,
        "bw_max" : 5098240,
        "bw_agg" : 100.000000,
        "bw_mean" : 4239304.067227,
        "bw_dev" : 1482397.903279,
        "bw_samples" : 119,
        "iops_min" : 11590,
        "iops_max" : 39830,
        "iops_mean" : 33119.579832,
        "iops_stddev" : 11581.241776,
        "iops_samples" : 119
      },
      "trim" : {
        "io_bytes" : 0,
        "io_kbytes" : 0,
        "bw_bytes" : 0,
        "bw" : 0,
        "iops" : 0.000000,
        "runtime" : 0,
        "total_ios" : 0,
        "short_ios" : 0,
        "drop_ios" : 0,
        "slat_ns" : {
          "min" : 0,
          "max" : 0,
          "mean" : 0.000000,
          "stddev" : 0.000000,
          "N" : 0
        },
        "clat_ns" : {
          "min" : 0,
          "max" : 0,
          "mean" : 0.000000,
          "stddev" : 0.000000,
          "N" : 0
        },
        "lat_ns" : {
          "min" : 0,
          "max" : 0,
          "mean" : 0.000000,
          "stddev" : 0.000000,
          "N" : 0
        },
        "bw_min" : 0,
        "bw_max" : 0,
        "bw_agg" : 0.000000,
        "bw_mean" : 0.000000,
        "bw_dev" : 0.000000,
        "bw_samples" : 0,
        "iops_min" : 0,
        "iops_max" : 0,
        "iops_mean" : 0.000000,
        "iops_stddev" : 0.000000,
        "iops_samples" : 0
      },
      "sync" : {
        "total_ios" : 0,
        "lat_ns" : {
          "min" : 0,
          "max" : 0,
          "mean" : 0.000000,
          "stddev" : 0.000000,
          "N" : 0
        }
      },
      "job_runtime" : 60002,
      "usr_cpu" : 18.664378,
      "sys_cpu" : 42.561915,
      "ctx" : 1850283,
      "majf" : 0,
      "minf" : 15,
      "iodepth_level" : {
        "1" : 0.100000,
        "2" : 0.100000,
        "4" : 0.100000,
        "8" : 0.100000,
        "16" : 0.100000,
        "32" : 99.998431,
        ">=64" : 0.000000
      },
      "iodepth_submit" : {
        "0" : 0.000000,
        "4" : 100.000000,
        "8" : 0.000000,
        "16" : 0.000000,
        "32" : 0.000000,
        "64" : 0.000000,
        ">=64" : 0.000000
      },
      "iodepth_complete" : {
        "0" : 0.000000,
        "4" : 99.999949,
        "8" : 0.000000,
        "16" : 0.000000,
        "32" : 0.100000,
        "64" : 0.000000,
        ">=64" : 0.000000
      },
      "latency_ns" : {
        "2" : 0.000000,
        "4" : 0.000000,
        "10" : 0.000000,
        "20" : 0.000000,
        "50" : 0.000000,
        "100" : 0.000000,
        "250" : 0.000000,
        "500" : 0.000000,
        "750" : 0.000000,
        "1000" : 0.000000
      },
      "latency_us" : {
        "2" : 0.000000,
        "4" : 0.000000,
        "10" : 0.000000,
        "20" : 0.000000,
        "50" : 0.000000,
        "100" : 0.000000,
        "250" : 0.000000,
        "500" : 0.010000,
        "750" : 0.433432,
        "1000" : 90.218052
      },
      "latency_ms" : {
        "2" : 1.432375,
        "4" : 7.402551,
        "10" : 0.496385,
        "20" : 0.010000,
        "50" : 0.011538,
        "100" : 0.000000,
        "250" : 0.000000,
        "500" : 0.000000,
        "750" : 0.000000,
        "1000" : 0.000000,
        "2000" : 0.000000,
        ">=2000" : 0.000000
      },
      "latency_depth" : 32,
      "latency_target" : 0,
      "latency_percentile" : 100.000000,
      "latency_window" : 0
    }
  ],
  "disk_util" : [
    {
      "name" : "nvme1n1",
      "read_ios" : 98,
      "write_ios" : 1974644,
      "read_merges" : 0,
      "write_merges" : 0,
      "read_ticks" : 5,
      "write_ticks" : 1883845,
      "in_queue" : 1883849,
      "util" : 99.914906
    }
  ]
}
