{
  "fio version" : "fio-3.28",
  "timestamp" : 1758036842,
  "timestamp_ms" : 1758036842577,
  "time" : "Tue Sep 16 11:34:02 2025",
  "jobs" : [
    {
      "jobname" : "seq_read_degraded",
      "groupid" : 0,
      "error" : 0,
      "eta" : 0,
      "elapsed" : 31,
      "job options" : {
        "name" : "seq_read_degraded",
        "filename" : "./seq_read_degraded_test",
        "size" : "1G",
        "rw" : "read",
        "bs" : "64k",
        "direct" : "1",
        "runtime" : "30",
        "time_based" : "1",
        "ioengine" : "libaio",
        "iodepth" : "1",
        "numjobs" : "1"
      },
      "read" : {
        "io_bytes" : 36682268672,
        "io_kbytes" : 35822528,
        "bw_bytes" : 1222701532,
        "bw" : 1194044,
        "iops" : 18656.944769,
        "runtime" : 30001,
        "total_ios" : 559727,
        "short_ios" : 0,
        "drop_ios" : 0,
        "slat_ns" : {
          "min" : 7936,
          "max" : 215370,
          "mean" : 17698.231420,
          "stddev" : 2204.095350,
          "N" : 559727
        },
        "clat_ns" : {
          "min" : 1628,
          "max" : 8455646,
          "mean" : 34207.087150,
          "stddev" : 13586.558445,
          "N" : 559727,
          "percentile" : {
            "1.000000" : 32384,
            "5.000000" : 32640,
            "10.000000" : 33024,
            "20.000000" : 33024,
            "30.000000" : 33024,
            "40.000000" : 33024,
            "50.000000" : 33024,
            "60.000000" : 33024,
            "70.000000" : 33536,
            "80.000000" : 33536,
            "90.000000" : 33536,
            "95.000000" : 34560,
            "99.000000" : 87552,
            "99.500000" : 88576,
            "99.900000" : 111104,
            "99.950000" : 179200,
            "99.990000" : 197632
          }
        },
        "lat_ns" : {
          "min" : 41712,
          "max" : 8530855,
          "mean" : 52208.592285,
          "stddev" : 14019.788902,
          "N" : 559727
        },
        "bw_min" : 1162752,
        "bw_max" : 1227008,
        "bw_agg" : 100.000000,
        "bw_mean" : 1195591.593220,
        "bw_dev" : 16709.326501,
        "bw_samples" : 59,
        "iops_min" : 18168,
        "iops_max" : 19172,
        "iops_mean" : 18681.084746,
        "iops_stddev" : 261.077164,
        "iops_samples" : 59
      },
      "write" : {
        "io_bytes" : 0,
        "io_kbytes" : 0,
        "bw_bytes" : 0,
        "bw" : 0,
        "iops" : 0.000000,
        "runtime" : 0,
        "total_ios" : 0,
        "short_ios" : 0,
        "drop_ios" : 0,
        "slat_ns" : {
          "min" : 0,
          "max" : 0,
          "mean" : 0.000000,
          "stddev" : 0.000000,
          "N" : 0
        },
        "clat_ns" : {
          "min" : 0,
          "max" : 0,
          "mean" : 0.000000,
          "stddev" : 0.000000,
          "N" : 0
        },
        "lat_ns" : {
          "min" : 0,
          "max" : 0,
          "mean" : 0.000000,
          "stddev" : 0.000000,
          "N" : 0
        },
        "bw_min" : 0,
        "bw_max" : 0,
        "bw_agg" : 0.000000,
        "bw_mean" : 0.000000,
        "bw_dev" : 0.000000,
        "bw_samples" : 0,
        "iops_min" : 0,
        "iops_max" : 0,
        "iops_mean" : 0.000000,
        "iops_stddev" : 0.000000,
        "iops_samples" : 0
      },
      "trim" : {
        "io_bytes" : 0,
        "io_kbytes" : 0,
        "bw_bytes" : 0,
        "bw" : 0,
        "iops" : 0.000000,
        "runtime" : 0,
        "total_ios" : 0,
        "short_ios" : 0,
        "drop_ios" : 0,
        "slat_ns" : {
          "min" : 0,
          "max" : 0,
          "mean" : 0.000000,
          "stddev" : 0.000000,
          "N" : 0
        },
        "clat_ns" : {
          "min" : 0,
          "max" : 0,
          "mean" : 0.000000,
          "stddev" : 0.000000,
          "N" : 0
        },
        "lat_ns" : {
          "min" : 0,
          "max" : 0,
          "mean" : 0.000000,
          "stddev" : 0.000000,
          "N" : 0
        },
        "bw_min" : 0,
        "bw_max" : 0,
        "bw_agg" : 0.000000,
        "bw_mean" : 0.000000,
        "bw_dev" : 0.000000,
        "bw_samples" : 0,
        "iops_min" : 0,
        "iops_max" : 0,
        "iops_mean" : 0.000000,
        "iops_stddev" : 0.000000,
        "iops_samples" : 0
      },
      "sync" : {
        "total_ios" : 0,
        "lat_ns" : {
          "min" : 0,
          "max" : 0,
          "mean" : 0.000000,
          "stddev" : 0.000000,
          "N" : 0
        }
      },
      "job_runtime" : 30000,
      "usr_cpu" : 7.696667,
      "sys_cpu" : 48.586667,
      "ctx" : 559557,
      "majf" : 0,
      "minf" : 33,
      "iodepth_level" : {
        "1" : 100.000000,
        "2" : 0.000000,
        "4" : 0.000000,
        "8" : 0.000000,
        "16" : 0.000000,
        "32" : 0.000000,
        ">=64" : 0.000000
      },
      "iodepth_submit" : {
        "0" : 0.000000,
        "4" : 100.000000,
        "8" : 0.000000,
        "16" : 0.000000,
        "32" : 0.000000,
        "64" : 0.000000,
        ">=64" : 0.000000
      },
      "iodepth_complete" : {
        "0" : 0.000000,
        "4" : 100.000000,
        "8" : 0.000000,
        "16" : 0.000000,
        "32" : 0.000000,
        "64" : 0.000000,
        ">=64" : 0.000000
      },
      "latency_ns" : {
        "2" : 0.000000,
        "4" : 0.000000,
        "10" : 0.000000,
        "20" : 0.000000,
        "50" : 0.000000,
        "100" : 0.000000,
        "250" : 0.000000,
        "500" : 0.000000,
        "750" : 0.000000,
        "1000" : 0.000000
      },
      "latency_us" : {
        "2" : 0.014293,
        "4" : 0.010000,
        "10" : 0.000000,
        "20" : 0.010000,
        "50" : 98.333295,
        "100" : 1.533069,
        "250" : 0.115056,
        "500" : 0.010000,
        "750" : 0.000000,
        "1000" : 0.000000
      },
      "latency_ms" : {
        "2" : 0.000000,
        "4" : 0.000000,
        "10" : 0.010000,
        "20" : 0.000000,
        "50" : 0.000000,
        "100" : 0.000000,
        "250" : 0.000000,
        "500" : 0.000000,
        "750" : 0.000000,
        "1000" : 0.000000,
        "2000" : 0.000000,
        ">=2000" : 0.000000
      },
      "latency_depth" : 1,
      "latency_target" : 0,
      "latency_percentile" : 100.000000,
      "latency_window" : 0
    }
  ],
  "disk_util" : [
    {
      "name" : "nvme0n1",
      "read_ios" : 558867,
      "write_ios" : 34,
      "read_merges" : 0,
      "write_merges" : 30,
      "read_ticks" : 18280,
      "write_ticks" : 36,
      "in_queue" : 18324,
      "util" : 53.361974
    }
  ]
}
