{
  "fio version" : "fio-3.28",
  "timestamp" : 1757680158,
  "timestamp_ms" : 1757680158484,
  "time" : "Fri Sep 12 08:29:18 2025",
  "jobs" : [
    {
      "jobname" : "seq_read_initial",
      "groupid" : 0,
      "error" : 0,
      "eta" : 0,
      "elapsed" : 61,
      "job options" : {
        "name" : "seq_read_initial",
        "filename" : "/dev/nvme1n1",
        "rw" : "read",
        "bs" : "128k",
        "iodepth" : "32",
        "runtime" : "60",
        "time_based" : "1",
        "ioengine" : "libaio",
        "direct" : "1",
        "group_reporting" : "1"
      },
      "read" : {
        "io_bytes" : 345229885440,
        "io_kbytes" : 337138560,
        "bw_bytes" : 5753735528,
        "bw" : 5618882,
        "iops" : 43897.518375,
        "runtime" : 60001,
        "total_ios" : 2633895,
        "short_ios" : 0,
        "drop_ios" : 0,
        "slat_ns" : {
          "min" : 5720,
          "max" : 377955,
          "mean" : 11227.997140,
          "stddev" : 5034.134544,
          "N" : 2633895
        },
        "clat_ns" : {
          "min" : 102620,
          "max" : 17454331,
          "mean" : 717059.409335,
          "stddev" : 354050.649624,
          "N" : 2633895,
          "percentile" : {
            "1.000000" : 346112,
            "5.000000" : 452608,
            "10.000000" : 485376,
            "20.000000" : 522240,
            "30.000000" : 552960,
            "40.000000" : 585728,
            "50.000000" : 618496,
            "60.000000" : 659456,
            "70.000000" : 724992,
            "80.000000" : 823296,
            "90.000000" : 1011712,
            "95.000000" : 1302528,
            "99.000000" : 2342912,
            "99.500000" : 2801664,
            "99.900000" : 3194880,
            "99.950000" : 3325952,
            "99.990000" : 3620864
          }
        },
        "lat_ns" : {
          "min" : 110495,
          "max" : 17489753,
          "mean" : 728431.400270,
          "stddev" : 356504.414533,
          "N" : 2633895
        },
        "bw_min" : 2177024,
        "bw_max" : 7065344,
        "bw_agg" : 99.891164,
        "bw_mean" : 5612767.731092,
        "bw_dev" : 1332908.472399,
        "bw_samples" : 119,
        "iops_min" : 17008,
        "iops_max" : 55198,
        "iops_mean" : 43849.764706,
        "iops_stddev" : 10413.356284,
        "iops_samples" : 119
      },
      "write" : {
        "io_bytes" : 0,
        "io_kbytes" : 0,
        "bw_bytes" : 0,
        "bw" : 0,
        "iops" : 0.000000,
        "runtime" : 0,
        "total_ios" : 0,
        "short_ios" : 0,
        "drop_ios" : 0,
        "slat_ns" : {
          "min" : 0,
          "max" : 0,
          "mean" : 0.000000,
          "stddev" : 0.000000,
          "N" : 0
        },
        "clat_ns" : {
          "min" : 0,
          "max" : 0,
          "mean" : 0.000000,
          "stddev" : 0.000000,
          "N" : 0
        },
        "lat_ns" : {
          "min" : 0,
          "max" : 0,
          "mean" : 0.000000,
          "stddev" : 0.000000,
          "N" : 0
        },
        "bw_min" : 0,
        "bw_max" : 0,
        "bw_agg" : 0.000000,
        "bw_mean" : 0.000000,
        "bw_dev" : 0.000000,
        "bw_samples" : 0,
        "iops_min" : 0,
        "iops_max" : 0,
        "iops_mean" : 0.000000,
        "iops_stddev" : 0.000000,
        "iops_samples" : 0
      },
      "trim" : {
        "io_bytes" : 0,
        "io_kbytes" : 0,
        "bw_bytes" : 0,
        "bw" : 0,
        "iops" : 0.000000,
        "runtime" : 0,
        "total_ios" : 0,
        "short_ios" : 0,
        "drop_ios" : 0,
        "slat_ns" : {
          "min" : 0,
          "max" : 0,
          "mean" : 0.000000,
          "stddev" : 0.000000,
          "N" : 0
        },
        "clat_ns" : {
          "min" : 0,
          "max" : 0,
          "mean" : 0.000000,
          "stddev" : 0.000000,
          "N" : 0
        },
        "lat_ns" : {
          "min" : 0,
          "max" : 0,
          "mean" : 0.000000,
          "stddev" : 0.000000,
          "N" : 0
        },
        "bw_min" : 0,
        "bw_max" : 0,
        "bw_agg" : 0.000000,
        "bw_mean" : 0.000000,
        "bw_dev" : 0.000000,
        "bw_samples" : 0,
        "iops_min" : 0,
        "iops_max" : 0,
        "iops_mean" : 0.000000,
        "iops_stddev" : 0.000000,
        "iops_samples" : 0
      },
      "sync" : {
        "total_ios" : 0,
        "lat_ns" : {
          "min" : 0,
          "max" : 0,
          "mean" : 0.000000,
          "stddev" : 0.000000,
          "N" : 0
        }
      },
      "job_runtime" : 60000,
      "usr_cpu" : 6.245000,
      "sys_cpu" : 57.711667,
      "ctx" : 965748,
      "majf" : 0,
      "minf" : 1041,
      "iodepth_level" : {
        "1" : 0.100000,
        "2" : 0.100000,
        "4" : 0.100000,
        "8" : 0.100000,
        "16" : 0.100000,
        "32" : 99.998823,
        ">=64" : 0.000000
      },
      "iodepth_submit" : {
        "0" : 0.000000,
        "4" : 100.000000,
        "8" : 0.000000,
        "16" : 0.000000,
        "32" : 0.000000,
        "64" : 0.000000,
        ">=64" : 0.000000
      },
      "iodepth_complete" : {
        "0" : 0.000000,
        "4" : 99.999962,
        "8" : 0.000000,
        "16" : 0.000000,
        "32" : 0.100000,
        "64" : 0.000000,
        ">=64" : 0.000000
      },
      "latency_ns" : {
        "2" : 0.000000,
        "4" : 0.000000,
        "10" : 0.000000,
        "20" : 0.000000,
        "50" : 0.000000,
        "100" : 0.000000,
        "250" : 0.000000,
        "500" : 0.000000,
        "750" : 0.000000,
        "1000" : 0.000000
      },
      "latency_us" : {
        "2" : 0.000000,
        "4" : 0.000000,
        "10" : 0.000000,
        "20" : 0.000000,
        "50" : 0.000000,
        "100" : 0.000000,
        "250" : 0.171799,
        "500" : 13.656353,
        "750" : 59.512243,
        "1000" : 16.144683
      },
      "latency_ms" : {
        "2" : 8.834597,
        "4" : 1.673947,
        "10" : 0.010000,
        "20" : 0.010000,
        "50" : 0.000000,
        "100" : 0.000000,
        "250" : 0.000000,
        "500" : 0.000000,
        "750" : 0.000000,
        "1000" : 0.000000,
        "2000" : 0.000000,
        ">=2000" : 0.000000
      },
      "latency_depth" : 32,
      "latency_target" : 0,
      "latency_percentile" : 100.000000,
      "latency_window" : 0
    }
  ],
  "disk_util" : [
    {
      "name" : "nvme1n1",
      "read_ios" : 2627299,
      "write_ios" : 0,
      "read_merges" : 0,
      "write_merges" : 0,
      "read_ticks" : 1847397,
      "write_ticks" : 0,
      "in_queue" : 1847398,
      "util" : 99.911566
    }
  ]
}
