minute,hour,level,seconds
0,0.0000,L1,36.592949
0,0.0000,L2,22.221236
0,0.0000,L3,0.000000
0,0.0000,L4,0.000000
0,0.0000,L5,0.000000
1,0.0167,L1,32.658001
1,0.0167,L2,23.665318
1,0.0167,L3,0.000000
1,0.0167,L4,0.000000
1,0.0167,L5,0.000000
2,0.0333,L1,36.563902
2,0.0333,L2,24.909282
2,0.0333,L3,0.000000
2,0.0333,L4,0.000000
2,0.0333,L5,0.000000
3,0.0500,L1,19.673713
3,0.0500,L2,29.853148
3,0.0500,L3,0.000000
3,0.0500,L4,0.000000
3,0.0500,L5,0.000000
4,0.0667,L1,35.368860
4,0.0667,L2,30.776022
4,0.0667,L3,0.000000
4,0.0667,L4,0.000000
4,0.0667,L5,0.000000
5,0.0833,L1,25.784134
5,0.0833,L2,33.164051
5,0.0833,L3,0.000000
5,0.0833,L4,0.000000
5,0.0833,L5,0.000000
6,0.1000,L1,25.518393
6,0.1000,L2,33.910654
6,0.1000,L3,0.000000
6,0.1000,L4,0.000000
6,0.1000,L5,0.000000
7,0.1167,L1,12.699017
7,0.1167,L2,35.095326
7,0.1167,L3,0.000000
7,0.1167,L4,0.000000
7,0.1167,L5,0.000000
8,0.1333,L1,25.893848
8,0.1333,L2,39.566363
8,0.1333,L3,0.000000
8,0.1333,L4,0.000000
8,0.1333,L5,0.000000
9,0.1500,L1,26.726070
9,0.1500,L2,33.969547
9,0.1500,L3,0.000000
9,0.1500,L4,0.000000
9,0.1500,L5,0.000000
10,0.1667,L1,13.156483
10,0.1667,L2,44.167982
10,0.1667,L3,0.000000
10,0.1667,L4,0.000000
10,0.1667,L5,0.000000
11,0.1833,L1,26.403041
11,0.1833,L2,34.425394
11,0.1833,L3,0.000000
11,0.1833,L4,0.000000
11,0.1833,L5,0.000000
12,0.2000,L1,13.034306
12,0.2000,L2,43.440080
12,0.2000,L3,0.000000
12,0.2000,L4,0.000000
12,0.2000,L5,0.000000
13,0.2167,L1,26.202847
13,0.2167,L2,34.034977
13,0.2167,L3,0.000000
13,0.2167,L4,0.000000
13,0.2167,L5,0.000000
14,0.2333,L1,25.524924
14,0.2333,L2,32.443260
14,0.2333,L3,0.000000
14,0.2333,L4,0.000000
14,0.2333,L5,0.000000
15,0.2500,L1,13.242091
15,0.2500,L2,39.083404
15,0.2500,L3,0.000000
15,0.2500,L4,0.000000
15,0.2500,L5,0.000000
16,0.2667,L1,25.899531
16,0.2667,L2,39.574842
16,0.2667,L3,0.000000
16,0.2667,L4,0.000000
16,0.2667,L5,0.000000
17,0.2833,L1,28.072993
17,0.2833,L2,29.092532
17,0.2833,L3,0.000000
17,0.2833,L4,0.000000
17,0.2833,L5,0.000000
18,0.3000,L1,12.958800
18,0.3000,L2,35.387089
18,0.3000,L3,0.000000
18,0.3000,L4,0.000000
18,0.3000,L5,0.000000
19,0.3167,L1,26.252001
19,0.3167,L2,43.253524
19,0.3167,L3,0.000000
19,0.3167,L4,0.000000
19,0.3167,L5,0.000000
20,0.3333,L1,26.769116
20,0.3333,L2,32.602587
20,0.3333,L3,0.000000
20,0.3333,L4,0.000000
20,0.3333,L5,0.000000
21,0.3500,L1,12.910743
21,0.3500,L2,43.136541
21,0.3500,L3,0.000000
21,0.3500,L4,0.000000
21,0.3500,L5,0.000000
22,0.3667,L1,26.074868
22,0.3667,L2,34.257513
22,0.3667,L3,0.000000
22,0.3667,L4,0.000000
22,0.3667,L5,0.000000
23,0.3833,L1,26.280279
23,0.3833,L2,31.009920
23,0.3833,L3,0.000000
23,0.3833,L4,0.000000
23,0.3833,L5,0.000000
24,0.4000,L1,14.005172
24,0.4000,L2,43.649049
24,0.4000,L3,0.000000
24,0.4000,L4,0.000000
24,0.4000,L5,0.000000
25,0.4167,L1,27.082324
25,0.4167,L2,33.761649
25,0.4167,L3,0.000000
25,0.4167,L4,0.000000
25,0.4167,L5,0.000000
26,0.4333,L1,12.806880
26,0.4333,L2,40.061748
26,0.4333,L3,0.000000
26,0.4333,L4,0.000000
26,0.4333,L5,0.000000
27,0.4500,L1,26.019156
27,0.4500,L2,36.702401
27,0.4500,L3,0.000000
27,0.4500,L4,0.000000
27,0.4500,L5,0.000000
28,0.4667,L1,26.820348
28,0.4667,L2,29.667781
28,0.4667,L3,2.226654
28,0.4667,L4,0.000000
28,0.4667,L5,0.000000
29,0.4833,L1,13.861925
29,0.4833,L2,43.531875
29,0.4833,L3,1.941544
29,0.4833,L4,0.000000
29,0.4833,L5,0.000000
30,0.5000,L1,14.108864
30,0.5000,L2,32.192380
30,0.5000,L3,12.389841
30,0.5000,L4,0.000000
30,0.5000,L5,0.000000
31,0.5167,L1,14.013863
31,0.5167,L2,27.464832
31,0.5167,L3,8.623523
31,0.5167,L4,0.000000
31,0.5167,L5,0.000000
32,0.5333,L1,28.198320
32,0.5333,L2,28.154483
32,0.5333,L3,9.150577
32,0.5333,L4,0.000000
32,0.5333,L5,0.000000
33,0.5500,L1,14.388497
33,0.5500,L2,37.604401
33,0.5500,L3,6.942779
33,0.5500,L4,0.000000
33,0.5500,L5,0.000000
34,0.5667,L1,13.984902
34,0.5667,L2,32.673121
34,0.5667,L3,11.460207
34,0.5667,L4,0.000000
34,0.5667,L5,0.000000
35,0.5833,L1,14.119624
35,0.5833,L2,28.617721
35,0.5833,L3,8.106116
35,0.5833,L4,0.000000
35,0.5833,L5,0.000000
36,0.6000,L1,29.264932
36,0.6000,L2,29.425011
36,0.6000,L3,7.579841
36,0.6000,L4,0.000000
36,0.6000,L5,0.000000
37,0.6167,L1,14.660800
37,0.6167,L2,34.407677
37,0.6167,L3,8.597239
37,0.6167,L4,0.000000
37,0.6167,L5,0.000000
38,0.6333,L1,15.234183
38,0.6333,L2,36.384722
38,0.6333,L3,7.660703
38,0.6333,L4,0.000000
38,0.6333,L5,0.000000
39,0.6500,L1,14.776060
39,0.6500,L2,25.903379
39,0.6500,L3,17.084867
39,0.6500,L4,0.000000
39,0.6500,L5,0.000000
40,0.6667,L1,14.266216
40,0.6667,L2,28.943906
40,0.6667,L3,8.168403
40,0.6667,L4,0.000000
40,0.6667,L5,0.000000
41,0.6833,L1,29.041878
41,0.6833,L2,28.306325
41,0.6833,L3,7.591433
41,0.6833,L4,0.000000
41,0.6833,L5,0.000000
42,0.7000,L1,14.607939
42,0.7000,L2,34.437673
42,0.7000,L3,8.680608
42,0.7000,L4,0.000000
42,0.7000,L5,0.000000
43,0.7167,L1,14.880615
43,0.7167,L2,34.794799
43,0.7167,L3,9.056531
43,0.7167,L4,0.000000
43,0.7167,L5,0.000000
44,0.7333,L1,14.870787
44,0.7333,L2,33.449957
44,0.7333,L3,12.765399
44,0.7333,L4,0.000000
44,0.7333,L5,0.000000
45,0.7500,L1,14.579479
45,0.7500,L2,25.918887
45,0.7500,L3,13.136454
45,0.7500,L4,0.000000
45,0.7500,L5,0.000000
46,0.7667,L1,14.921211
46,0.7667,L2,26.843274
46,0.7667,L3,10.679948
46,0.7667,L4,0.000000
46,0.7667,L5,0.000000
47,0.7833,L1,30.026386
47,0.7833,L2,30.555380
47,0.7833,L3,8.173845
47,0.7833,L4,0.000000
47,0.7833,L5,0.000000
48,0.8000,L1,14.281687
48,0.8000,L2,33.898767
48,0.8000,L3,9.375555
48,0.8000,L4,0.000000
48,0.8000,L5,0.000000
49,0.8167,L1,14.612674
49,0.8167,L2,36.169334
49,0.8167,L3,8.276616
49,0.8167,L4,0.000000
49,0.8167,L5,0.000000
50,0.8333,L1,14.781238
50,0.8333,L2,30.221663
50,0.8333,L3,12.835019
50,0.8333,L4,0.000000
50,0.8333,L5,0.000000
51,0.8500,L1,14.268047
51,0.8500,L2,31.111248
51,0.8500,L3,13.456609
51,0.8500,L4,0.000000
51,0.8500,L5,0.000000
52,0.8667,L1,14.886342
52,0.8667,L2,28.585200
52,0.8667,L3,14.996370
52,0.8667,L4,0.000000
52,0.8667,L5,0.000000
53,0.8833,L1,14.157389
53,0.8833,L2,27.534998
53,0.8833,L3,13.066258
53,0.8833,L4,0.000000
53,0.8833,L5,0.000000
54,0.9000,L1,14.378306
54,0.9000,L2,28.085472
54,0.9000,L3,10.995381
54,0.9000,L4,0.000000
54,0.9000,L5,0.000000
55,0.9167,L1,27.545143
55,0.9167,L2,28.316599
55,0.9167,L3,10.750700
55,0.9167,L4,0.000000
55,0.9167,L5,0.000000
56,0.9333,L1,13.946724
56,0.9333,L2,27.695346
56,0.9333,L3,15.231487
56,0.9333,L4,0.000000
56,0.9333,L5,0.000000
57,0.9500,L1,12.938922
57,0.9500,L2,31.495336
57,0.9500,L3,13.842186
57,0.9500,L4,0.000000
57,0.9500,L5,0.000000
58,0.9667,L1,13.145002
58,0.9667,L2,31.839641
58,0.9667,L3,14.792018
58,0.9667,L4,0.000000
58,0.9667,L5,0.000000
59,0.9833,L1,13.361395
59,0.9833,L2,29.025554
59,0.9833,L3,15.407541
59,0.9833,L4,0.000000
59,0.9833,L5,0.000000
60,1.0000,L1,13.104215
60,1.0000,L2,26.069391
60,1.0000,L3,19.285577
60,1.0000,L4,0.000000
60,1.0000,L5,0.000000
61,1.0167,L1,12.470593
61,1.0167,L2,22.126972
61,1.0167,L3,18.914447
61,1.0167,L4,0.000000
61,1.0167,L5,0.000000
62,1.0333,L1,25.137233
62,1.0333,L2,21.377259
62,1.0333,L3,16.013713
62,1.0333,L4,0.000000
62,1.0333,L5,0.000000
63,1.0500,L1,12.540725
63,1.0500,L2,31.648051
63,1.0500,L3,13.079908
63,1.0500,L4,0.000000
63,1.0500,L5,0.000000
64,1.0667,L1,11.654684
64,1.0667,L2,30.391231
64,1.0667,L3,15.329744
64,1.0667,L4,0.000000
64,1.0667,L5,0.000000
65,1.0833,L1,11.650663
65,1.0833,L2,27.518421
65,1.0833,L3,20.605510
65,1.0833,L4,0.000000
65,1.0833,L5,0.000000
66,1.1000,L1,11.634856
66,1.1000,L2,22.814312
66,1.1000,L3,23.728714
66,1.1000,L4,0.000000
66,1.1000,L5,0.000000
67,1.1167,L1,22.206647
67,1.1167,L2,20.596841
67,1.1167,L3,16.025062
67,1.1167,L4,0.000000
67,1.1167,L5,0.000000
68,1.1333,L1,11.109347
68,1.1333,L2,32.549261
68,1.1333,L3,14.426627
68,1.1333,L4,0.000000
68,1.1333,L5,0.000000
69,1.1500,L1,11.271173
69,1.1500,L2,27.502568
69,1.1500,L3,19.550900
69,1.1500,L4,0.000000
69,1.1500,L5,0.000000
70,1.1667,L1,10.391772
70,1.1667,L2,23.204746
70,1.1667,L3,24.943740
70,1.1667,L4,0.000000
70,1.1667,L5,0.000000
71,1.1833,L1,20.630196
71,1.1833,L2,19.723501
71,1.1833,L3,18.286717
71,1.1833,L4,0.000000
71,1.1833,L5,0.000000
72,1.2000,L1,10.232027
72,1.2000,L2,30.538987
72,1.2000,L3,15.877698
72,1.2000,L4,0.000000
72,1.2000,L5,0.000000
73,1.2167,L1,10.265550
73,1.2167,L2,26.790088
73,1.2167,L3,21.529417
73,1.2167,L4,0.000000
73,1.2167,L5,0.000000
74,1.2333,L1,10.076289
74,1.2333,L2,18.878029
74,1.2333,L3,29.219166
74,1.2333,L4,0.000000
74,1.2333,L5,0.000000
75,1.2500,L1,20.591031
75,1.2500,L2,20.960195
75,1.2500,L3,17.542323
75,1.2500,L4,0.000000
75,1.2500,L5,0.000000
76,1.2667,L1,9.620079
76,1.2667,L2,31.758690
76,1.2667,L3,16.912520
76,1.2667,L4,0.000000
76,1.2667,L5,0.000000
77,1.2833,L1,9.600868
77,1.2833,L2,21.339148
77,1.2833,L3,26.603407
77,1.2833,L4,0.000000
77,1.2833,L5,0.000000
78,1.3000,L1,9.777121
78,1.3000,L2,22.188443
78,1.3000,L3,21.985324
78,1.3000,L4,0.000000
78,1.3000,L5,0.000000
79,1.3167,L1,18.554371
79,1.3167,L2,28.320682
79,1.3167,L3,15.112945
79,1.3167,L4,0.000000
79,1.3167,L5,0.000000
80,1.3333,L1,9.146974
80,1.3333,L2,22.418363
80,1.3333,L3,28.164741
80,1.3333,L4,0.000000
80,1.3333,L5,0.000000
81,1.3500,L1,18.483376
81,1.3500,L2,22.533792
81,1.3500,L3,17.038663
81,1.3500,L4,0.000000
81,1.3500,L5,0.000000
82,1.3667,L1,9.599523
82,1.3667,L2,29.231634
82,1.3667,L3,18.551837
82,1.3667,L4,0.000000
82,1.3667,L5,0.000000
83,1.3833,L1,8.581352
83,1.3833,L2,21.255058
83,1.3833,L3,28.172531
83,1.3833,L4,0.000000
83,1.3833,L5,0.000000
84,1.4000,L1,16.934544
84,1.4000,L2,21.231461
84,1.4000,L3,20.142467
84,1.4000,L4,0.000000
84,1.4000,L5,0.000000
85,1.4167,L1,8.504785
85,1.4167,L2,28.687584
85,1.4167,L3,22.608240
85,1.4167,L4,0.000000
85,1.4167,L5,0.000000
86,1.4333,L1,8.691552
86,1.4333,L2,19.050536
86,1.4333,L3,26.426077
86,1.4333,L4,0.000000
86,1.4333,L5,0.000000
87,1.4500,L1,16.520117
87,1.4500,L2,24.406516
87,1.4500,L3,19.789309
87,1.4500,L4,0.000000
87,1.4500,L5,0.000000
88,1.4667,L1,8.568667
88,1.4667,L2,25.431013
88,1.4667,L3,26.399709
88,1.4667,L4,0.000000
88,1.4667,L5,0.000000
89,1.4833,L1,8.251496
89,1.4833,L2,17.189557
89,1.4833,L3,32.705005
89,1.4833,L4,0.000000
89,1.4833,L5,0.000000
90,1.5000,L1,16.380979
90,1.5000,L2,24.648808
90,1.5000,L3,16.875769
90,1.5000,L4,0.000000
90,1.5000,L5,0.000000
91,1.5167,L1,7.804024
91,1.5167,L2,19.461772
91,1.5167,L3,30.069825
91,1.5167,L4,0.000000
91,1.5167,L5,0.000000
92,1.5333,L1,15.996822
92,1.5333,L2,23.135779
92,1.5333,L3,19.283193
92,1.5333,L4,0.000000
92,1.5333,L5,0.000000
93,1.5500,L1,7.626496
93,1.5500,L2,22.580100
93,1.5500,L3,27.187229
93,1.5500,L4,0.000000
93,1.5500,L5,0.000000
94,1.5667,L1,14.073377
94,1.5667,L2,24.645639
94,1.5667,L3,20.578183
94,1.5667,L4,0.000000
94,1.5667,L5,0.000000
95,1.5833,L1,9.261402
95,1.5833,L2,16.325736
95,1.5833,L3,31.143645
95,1.5833,L4,0.000000
95,1.5833,L5,0.000000
96,1.6000,L1,10.854860
96,1.6000,L2,26.892665
96,1.6000,L3,21.523010
96,1.6000,L4,0.000000
96,1.6000,L5,0.000000
97,1.6167,L1,9.496916
97,1.6167,L2,20.824624
97,1.6167,L3,26.790258
97,1.6167,L4,0.000000
97,1.6167,L5,0.000000
98,1.6333,L1,14.361222
98,1.6333,L2,29.768999
98,1.6333,L3,15.351949
98,1.6333,L4,0.000000
98,1.6333,L5,0.000000
99,1.6500,L1,10.012249
99,1.6500,L2,19.229718
99,1.6500,L3,27.554288
99,1.6500,L4,0.000000
99,1.6500,L5,0.000000
100,1.6667,L1,16.088477
100,1.6667,L2,26.072627
100,1.6667,L3,18.025471
100,1.6667,L4,0.000000
100,1.6667,L5,0.000000
101,1.6833,L1,9.385471
101,1.6833,L2,20.918931
101,1.6833,L3,26.802463
101,1.6833,L4,0.000000
101,1.6833,L5,0.000000
102,1.7000,L1,13.420176
102,1.7000,L2,22.428706
102,1.7000,L3,23.730117
102,1.7000,L4,0.000000
102,1.7000,L5,0.000000
103,1.7167,L1,9.519005
103,1.7167,L2,19.994604
103,1.7167,L3,27.429171
103,1.7167,L4,0.000000
103,1.7167,L5,0.000000
104,1.7333,L1,12.899233
104,1.7333,L2,22.903106
104,1.7333,L3,23.116638
104,1.7333,L4,0.000000
104,1.7333,L5,0.000000
105,1.7500,L1,13.191917
105,1.7500,L2,26.982247
105,1.7500,L3,16.099879
105,1.7500,L4,0.000000
105,1.7500,L5,0.000000
106,1.7667,L1,29.767997
106,1.7667,L2,30.772303
106,1.7667,L3,0.000000
106,1.7667,L4,0.000000
106,1.7667,L5,0.000000
107,1.7833,L1,11.296753
107,1.7833,L2,28.591552
107,1.7833,L3,18.824489
107,1.7833,L4,0.000000
107,1.7833,L5,0.000000
108,1.8000,L1,10.189864
108,1.8000,L2,21.726910
108,1.8000,L3,25.496646
108,1.8000,L4,0.000000
108,1.8000,L5,0.000000
109,1.8167,L1,9.622772
109,1.8167,L2,23.337150
109,1.8167,L3,25.809524
109,1.8167,L4,0.000000
109,1.8167,L5,0.000000
110,1.8333,L1,9.534062
110,1.8333,L2,17.195877
110,1.8333,L3,31.519535
110,1.8333,L4,0.000000
110,1.8333,L5,0.000000
111,1.8500,L1,8.839717
111,1.8500,L2,20.233027
111,1.8500,L3,27.214566
111,1.8500,L4,0.000000
111,1.8500,L5,0.000000
112,1.8667,L1,12.895888
112,1.8667,L2,22.376817
112,1.8667,L3,25.750177
112,1.8667,L4,0.000000
112,1.8667,L5,0.000000
113,1.8833,L1,8.292650
113,1.8833,L2,21.805014
113,1.8833,L3,28.341801
113,1.8833,L4,0.000000
113,1.8833,L5,0.000000
114,1.9000,L1,12.850693
114,1.9000,L2,25.301646
114,1.9000,L3,17.916648
114,1.9000,L4,0.000000
114,1.9000,L5,0.000000
115,1.9167,L1,12.882686
115,1.9167,L2,29.284908
115,1.9167,L3,17.139032
115,1.9167,L4,0.000000
115,1.9167,L5,0.000000
116,1.9333,L1,9.225300
116,1.9333,L2,18.066298
116,1.9333,L3,30.655538
116,1.9333,L4,0.000000
116,1.9333,L5,0.000000
117,1.9500,L1,8.510887
117,1.9500,L2,18.943920
117,1.9500,L3,28.301401
117,1.9500,L4,0.000000
117,1.9500,L5,0.000000
118,1.9667,L1,13.232837
118,1.9667,L2,26.940420
118,1.9667,L3,22.151944
118,1.9667,L4,0.000000
118,1.9667,L5,0.000000
119,1.9833,L1,13.391132
119,1.9833,L2,26.606892
119,1.9833,L3,17.461787
119,1.9833,L4,0.000000
119,1.9833,L5,0.000000
120,2.0000,L1,9.164170
120,2.0000,L2,19.662834
120,2.0000,L3,29.896952
120,2.0000,L4,0.000000
120,2.0000,L5,0.000000
121,2.0167,L1,13.332943
121,2.0167,L2,23.106473
121,2.0167,L3,19.915061
121,2.0167,L4,0.000000
121,2.0167,L5,0.000000
122,2.0333,L1,8.747027
122,2.0333,L2,24.386281
122,2.0333,L3,26.424633
122,2.0333,L4,0.000000
122,2.0333,L5,0.000000
123,2.0500,L1,14.190443
123,2.0500,L2,16.133173
123,2.0500,L3,28.499309
123,2.0500,L4,0.000000
123,2.0500,L5,0.000000
124,2.0667,L1,14.273922
124,2.0667,L2,29.619555
124,2.0667,L3,14.936394
124,2.0667,L4,0.000000
124,2.0667,L5,0.000000
125,2.0833,L1,9.167747
125,2.0833,L2,21.003983
125,2.0833,L3,27.058868
125,2.0833,L4,0.000000
125,2.0833,L5,0.000000
126,2.1000,L1,8.156775
126,2.1000,L2,20.236927
126,2.1000,L3,30.378308
126,2.1000,L4,0.000000
126,2.1000,L5,0.000000
127,2.1167,L1,13.717348
127,2.1167,L2,26.605970
127,2.1167,L3,18.022952
127,2.1167,L4,0.000000
127,2.1167,L5,0.000000
128,2.1333,L1,9.299057
128,2.1333,L2,21.116721
128,2.1333,L3,25.922921
128,2.1333,L4,0.000000
128,2.1333,L5,0.000000
129,2.1500,L1,13.407409
129,2.1500,L2,24.167437
129,2.1500,L3,22.085162
129,2.1500,L4,0.000000
129,2.1500,L5,0.000000
130,2.1667,L1,8.713204
130,2.1667,L2,23.983348
130,2.1667,L3,24.929721
130,2.1667,L4,0.000000
130,2.1667,L5,0.000000
131,2.1833,L1,15.052692
131,2.1833,L2,23.291234
131,2.1833,L3,18.988899
131,2.1833,L4,0.000000
131,2.1833,L5,0.000000
132,2.2000,L1,14.877678
132,2.2000,L2,24.810374
132,2.2000,L3,20.520272
132,2.2000,L4,0.000000
132,2.2000,L5,0.000000
133,2.2167,L1,8.585183
133,2.2167,L2,21.036850
133,2.2167,L3,28.012163
133,2.2167,L4,0.000000
133,2.2167,L5,0.000000
134,2.2333,L1,8.431136
134,2.2333,L2,23.174302
134,2.2333,L3,27.118077
134,2.2333,L4,0.000000
134,2.2333,L5,0.000000
135,2.2500,L1,9.295415
135,2.2500,L2,19.936238
135,2.2500,L3,26.530930
135,2.2500,L4,0.000000
135,2.2500,L5,0.000000
136,2.2667,L1,12.509425
136,2.2667,L2,28.168021
136,2.2667,L3,18.876189
136,2.2667,L4,0.000000
136,2.2667,L5,0.000000
137,2.2833,L1,12.762919
137,2.2833,L2,22.744539
137,2.2833,L3,23.697589
137,2.2833,L4,0.000000
137,2.2833,L5,0.000000
138,2.3000,L1,8.156127
138,2.3000,L2,23.900360
138,2.3000,L3,25.744639
138,2.3000,L4,0.000000
138,2.3000,L5,0.000000
139,2.3167,L1,19.109428
139,2.3167,L2,30.375368
139,2.3167,L3,8.937134
139,2.3167,L4,0.000000
139,2.3167,L5,0.000000
140,2.3333,L1,9.703660
140,2.3333,L2,21.016076
140,2.3333,L3,28.849262
140,2.3333,L4,0.000000
140,2.3333,L5,0.000000
141,2.3500,L1,8.522658
141,2.3500,L2,21.405559
141,2.3500,L3,28.433438
141,2.3500,L4,0.000000
141,2.3500,L5,0.000000
142,2.3667,L1,12.922975
142,2.3667,L2,19.294562
142,2.3667,L3,25.355579
142,2.3667,L4,0.000000
142,2.3667,L5,0.000000
143,2.3833,L1,9.183810
143,2.3833,L2,24.450015
143,2.3833,L3,24.821639
143,2.3833,L4,0.000000
143,2.3833,L5,0.000000
144,2.4000,L1,18.676881
144,2.4000,L2,28.098171
144,2.4000,L3,9.902586
144,2.4000,L4,0.000000
144,2.4000,L5,0.000000
145,2.4167,L1,8.829237
145,2.4167,L2,24.523333
145,2.4167,L3,26.956724
145,2.4167,L4,0.000000
145,2.4167,L5,0.000000
146,2.4333,L1,9.262158
146,2.4333,L2,20.387909
146,2.4333,L3,27.058619
146,2.4333,L4,0.000000
146,2.4333,L5,0.000000
147,2.4500,L1,8.388778
147,2.4500,L2,20.644132
147,2.4500,L3,29.906402
147,2.4500,L4,0.000000
147,2.4500,L5,0.000000
148,2.4667,L1,12.734954
148,2.4667,L2,25.829704
148,2.4667,L3,20.491633
148,2.4667,L4,0.000000
148,2.4667,L5,0.000000
149,2.4833,L1,10.730215
149,2.4833,L2,18.325516
149,2.4833,L3,25.918813
149,2.4833,L4,0.000000
149,2.4833,L5,0.000000
150,2.5000,L1,17.466601
150,2.5000,L2,26.285693
150,2.5000,L3,17.716831
150,2.5000,L4,0.000000
150,2.5000,L5,0.000000
151,2.5167,L1,8.434175
151,2.5167,L2,25.299362
151,2.5167,L3,23.361669
151,2.5167,L4,0.000000
151,2.5167,L5,0.000000
152,2.5333,L1,7.867952
152,2.5333,L2,24.252378
152,2.5333,L3,27.543709
152,2.5333,L4,0.000000
152,2.5333,L5,0.000000
153,2.5500,L1,13.384029
153,2.5500,L2,24.443611
153,2.5500,L3,20.530376
153,2.5500,L4,0.000000
153,2.5500,L5,0.000000
154,2.5667,L1,15.614909
154,2.5667,L2,20.647496
154,2.5667,L3,21.992694
154,2.5667,L4,0.000000
154,2.5667,L5,0.000000
155,2.5833,L1,9.410315
155,2.5833,L2,31.179877
155,2.5833,L3,16.048066
155,2.5833,L4,0.000000
155,2.5833,L5,0.000000
156,2.6000,L1,9.032869
156,2.6000,L2,18.809083
156,2.6000,L3,30.551063
156,2.6000,L4,0.000000
156,2.6000,L5,0.000000
157,2.6167,L1,14.025036
157,2.6167,L2,24.925001
157,2.6167,L3,19.018864
157,2.6167,L4,0.000000
157,2.6167,L5,0.000000
158,2.6333,L1,8.102465
158,2.6333,L2,19.411462
158,2.6333,L3,29.010477
158,2.6333,L4,0.000000
158,2.6333,L5,0.000000
159,2.6500,L1,14.100972
159,2.6500,L2,28.059835
159,2.6500,L3,18.812065
159,2.6500,L4,0.000000
159,2.6500,L5,0.000000
160,2.6667,L1,8.762672
160,2.6667,L2,20.942843
160,2.6667,L3,26.924319
160,2.6667,L4,0.000000
160,2.6667,L5,0.000000
161,2.6833,L1,13.434224
161,2.6833,L2,24.019068
161,2.6833,L3,21.663249
161,2.6833,L4,0.000000
161,2.6833,L5,0.000000
162,2.7000,L1,8.214039
162,2.7000,L2,24.727780
162,2.7000,L3,26.094219
162,2.7000,L4,0.000000
162,2.7000,L5,0.000000
163,2.7167,L1,9.652153
163,2.7167,L2,21.429490
163,2.7167,L3,24.226289
163,2.7167,L4,3.536415
163,2.7167,L5,0.000000
164,2.7333,L1,13.119363
164,2.7333,L2,22.709801
164,2.7333,L3,17.527446
164,2.7333,L4,4.343278
164,2.7333,L5,0.000000
165,2.7500,L1,8.388009
165,2.7500,L2,18.763603
165,2.7500,L3,25.648765
165,2.7500,L4,4.753629
165,2.7500,L5,0.000000
166,2.7667,L1,8.008633
166,2.7667,L2,16.779648
166,2.7667,L3,22.623956
166,2.7667,L4,11.874074
166,2.7667,L5,0.000000
167,2.7833,L1,12.316981
167,2.7833,L2,21.708473
167,2.7833,L3,19.366039
167,2.7833,L4,4.946874
167,2.7833,L5,0.000000
168,2.8000,L1,8.228922
168,2.8000,L2,20.617294
168,2.8000,L3,23.015414
168,2.8000,L4,6.414349
168,2.8000,L5,0.000000
169,2.8167,L1,8.612143
169,2.8167,L2,18.528431
169,2.8167,L3,24.275850
169,2.8167,L4,6.796959
169,2.8167,L5,0.000000
170,2.8333,L1,12.231656
170,2.8333,L2,18.851778
170,2.8333,L3,15.954255
170,2.8333,L4,11.177359
170,2.8333,L5,0.000000
171,2.8500,L1,8.365721
171,2.8500,L2,21.889494
171,2.8500,L3,21.179332
171,2.8500,L4,6.461390
171,2.8500,L5,0.000000
172,2.8667,L1,8.061041
172,2.8667,L2,15.659375
172,2.8667,L3,26.786159
172,2.8667,L4,7.781036
172,2.8667,L5,0.000000
173,2.8833,L1,12.272580
173,2.8833,L2,19.891285
173,2.8833,L3,16.459611
173,2.8833,L4,7.342061
173,2.8833,L5,0.000000
174,2.9000,L1,7.642491
174,2.9000,L2,24.070033
174,2.9000,L3,20.966148
174,2.9000,L4,5.803589
174,2.9000,L5,0.000000
175,2.9167,L1,11.275080
175,2.9167,L2,19.432690
175,2.9167,L3,22.351341
175,2.9167,L4,7.471882
175,2.9167,L5,0.000000
176,2.9333,L1,7.624073
176,2.9333,L2,23.828686
176,2.9333,L3,18.871953
176,2.9333,L4,6.392079
176,2.9333,L5,0.000000
177,2.9500,L1,10.919066
177,2.9500,L2,21.622404
177,2.9500,L3,19.426870
177,2.9500,L4,7.790050
177,2.9500,L5,0.000000
178,2.9667,L1,7.640014
178,2.9667,L2,19.043292
178,2.9667,L3,23.647982
178,2.9667,L4,7.033525
178,2.9667,L5,0.000000
179,2.9833,L1,11.132418
179,2.9833,L2,21.726296
179,2.9833,L3,17.984552
179,2.9833,L4,6.304855
179,2.9833,L5,0.000000
180,3.0000,L1,11.347712
180,3.0000,L2,17.496898
180,3.0000,L3,21.295013
180,3.0000,L4,9.517621
180,3.0000,L5,0.000000
181,3.0167,L1,7.741903
181,3.0167,L2,22.574783
181,3.0167,L3,19.907399
181,3.0167,L4,6.781061
181,3.0167,L5,0.000000
182,3.0333,L1,7.637935
182,3.0333,L2,16.422681
182,3.0333,L3,25.612663
182,3.0333,L4,8.252225
182,3.0333,L5,0.000000
183,3.0500,L1,10.964901
183,3.0500,L2,21.957119
183,3.0500,L3,21.890196
183,3.0500,L4,5.078094
183,3.0500,L5,0.000000
184,3.0667,L1,7.427652
184,3.0667,L2,15.733404
184,3.0667,L3,22.865926
184,3.0667,L4,8.830573
184,3.0667,L5,0.000000
185,3.0833,L1,11.469026
185,3.0833,L2,24.326382
185,3.0833,L3,21.327245
185,3.0833,L4,3.685150
185,3.0833,L5,0.000000
186,3.1000,L1,11.278366
186,3.1000,L2,14.428625
186,3.1000,L3,18.853181
186,3.1000,L4,13.515058
186,3.1000,L5,0.000000
187,3.1167,L1,7.211571
187,3.1167,L2,24.450129
187,3.1167,L3,20.309905
187,3.1167,L4,4.604887
187,3.1167,L5,0.000000
188,3.1333,L1,11.370721
188,3.1333,L2,23.150277
188,3.1333,L3,18.349643
188,3.1333,L4,7.360574
188,3.1333,L5,0.000000
189,3.1500,L1,7.337422
189,3.1500,L2,17.120817
189,3.1500,L3,26.687620
189,3.1500,L4,7.015005
189,3.1500,L5,0.000000
190,3.1667,L1,11.377629
190,3.1667,L2,22.983899
190,3.1667,L3,13.430221
190,3.1667,L4,10.006267
190,3.1667,L5,0.000000
191,3.1833,L1,7.527909
191,3.1833,L2,15.884282
191,3.1833,L3,24.903431
191,3.1833,L4,7.298963
191,3.1833,L5,0.000000
192,3.2000,L1,11.116777
192,3.2000,L2,22.851775
192,3.2000,L3,19.753642
192,3.2000,L4,6.295641
192,3.2000,L5,0.000000
193,3.2167,L1,11.379165
193,3.2167,L2,16.043585
193,3.2167,L3,26.139527
193,3.2167,L4,5.239366
193,3.2167,L5,0.000000
194,3.2333,L1,7.387059
194,3.2333,L2,21.530495
194,3.2333,L3,22.133702
194,3.2333,L4,6.069456
194,3.2333,L5,0.000000
195,3.2500,L1,11.185281
195,3.2500,L2,16.743202
195,3.2500,L3,18.709738
195,3.2500,L4,13.347384
195,3.2500,L5,0.000000
196,3.2667,L1,7.327154
196,3.2667,L2,25.089511
196,3.2667,L3,21.745008
196,3.2667,L4,3.812114
196,3.2667,L5,0.000000
197,3.2833,L1,11.275294
197,3.2833,L2,15.193275
197,3.2833,L3,21.057454
197,3.2833,L4,10.369890
197,3.2833,L5,0.000000
198,3.3000,L1,7.574559
198,3.3000,L2,25.834271
198,3.3000,L3,20.990582
198,3.3000,L4,2.233237
198,3.3000,L5,0.000000
199,3.3167,L1,10.748937
199,3.3167,L2,17.791225
199,3.3167,L3,18.553148
199,3.3167,L4,11.675856
199,3.3167,L5,0.000000
200,3.3333,L1,7.373202
200,3.3333,L2,23.317084
200,3.3333,L3,24.557632
200,3.3333,L4,3.791050
200,3.3333,L5,0.000000
201,3.3500,L1,11.575236
201,3.3500,L2,22.412915
201,3.3500,L3,15.899393
201,3.3500,L4,7.160521
201,3.3500,L5,0.000000
202,3.3667,L1,7.766472
202,3.3667,L2,14.418335
202,3.3667,L3,24.123541
202,3.3667,L4,12.017136
202,3.3667,L5,0.000000
203,3.3833,L1,11.001984
203,3.3833,L2,24.395708
203,3.3833,L3,19.104603
203,3.3833,L4,4.468906
203,3.3833,L5,0.000000
204,3.4000,L1,7.460182
204,3.4000,L2,19.449767
204,3.4000,L3,23.811705
204,3.4000,L4,7.760045
204,3.4000,L5,0.000000
205,3.4167,L1,11.129501
205,3.4167,L2,22.688796
205,3.4167,L3,20.193137
205,3.4167,L4,3.449166
205,3.4167,L5,0.000000
206,3.4333,L1,10.676875
206,3.4333,L2,17.422837
206,3.4333,L3,20.891240
206,3.4333,L4,10.352512
206,3.4333,L5,0.000000
207,3.4500,L1,7.046378
207,3.4500,L2,21.151977
207,3.4500,L3,23.211407
207,3.4500,L4,6.094915
207,3.4500,L5,0.000000
208,3.4667,L1,10.780264
208,3.4667,L2,21.271234
208,3.4667,L3,19.413251
208,3.4667,L4,6.589359
208,3.4667,L5,0.000000
209,3.4833,L1,7.518649
209,3.4833,L2,20.756826
209,3.4833,L3,20.648381
209,3.4833,L4,8.288133
209,3.4833,L5,0.000000
210,3.5000,L1,11.053337
210,3.5000,L2,16.206565
210,3.5000,L3,21.379598
210,3.5000,L4,9.116408
210,3.5000,L5,0.000000
211,3.5167,L1,7.451398
211,3.5167,L2,25.508326
211,3.5167,L3,20.360280
211,3.5167,L4,4.847269
211,3.5167,L5,0.000000
212,3.5333,L1,11.044644
212,3.5333,L2,20.869967
212,3.5333,L3,20.313459
212,3.5333,L4,8.083083
212,3.5333,L5,0.000000
213,3.5500,L1,7.340779
213,3.5500,L2,17.523860
213,3.5500,L3,26.179739
213,3.5500,L4,7.107869
213,3.5500,L5,0.000000
214,3.5667,L1,10.982836
214,3.5667,L2,23.583890
214,3.5667,L3,17.256738
214,3.5667,L4,5.979061
214,3.5667,L5,0.000000
215,3.5833,L1,7.261580
215,3.5833,L2,19.450819
215,3.5833,L3,24.386131
215,3.5833,L4,7.267983
215,3.5833,L5,0.000000
216,3.6000,L1,11.357091
216,3.6000,L2,22.467471
216,3.6000,L3,16.338050
216,3.6000,L4,7.637608
216,3.6000,L5,0.000000
217,3.6167,L1,7.289231
217,3.6167,L2,15.897473
217,3.6167,L3,25.459558
217,3.6167,L4,9.022872
217,3.6167,L5,0.000000
218,3.6333,L1,11.261431
218,3.6333,L2,24.424002
218,3.6333,L3,15.604992
218,3.6333,L4,6.374803
218,3.6333,L5,0.000000
219,3.6500,L1,6.896262
219,3.6500,L2,18.555658
219,3.6500,L3,28.262384
219,3.6500,L4,5.211153
219,3.6500,L5,0.000000
220,3.6667,L1,11.230001
220,3.6667,L2,23.614106
220,3.6667,L3,17.000830
220,3.6667,L4,6.856644
220,3.6667,L5,0.000000
221,3.6833,L1,7.192132
221,3.6833,L2,15.444506
221,3.6833,L3,24.019358
221,3.6833,L4,8.804096
221,3.6833,L5,0.000000
222,3.7000,L1,11.267507
222,3.7000,L2,24.404830
222,3.7000,L3,19.291310
222,3.7000,L4,4.664459
222,3.7000,L5,0.000000
223,3.7167,L1,11.519335
223,3.7167,L2,17.512317
223,3.7167,L3,22.055636
223,3.7167,L4,7.216531
223,3.7167,L5,0.000000
224,3.7333,L1,7.569831
224,3.7333,L2,23.425992
224,3.7333,L3,21.436361
224,3.7333,L4,6.961729
224,3.7333,L5,0.000000
225,3.7500,L1,11.477686
225,3.7500,L2,17.577391
225,3.7500,L3,18.657489
225,3.7500,L4,9.597156
225,3.7500,L5,0.000000
226,3.7667,L1,7.331678
226,3.7667,L2,26.103025
226,3.7667,L3,19.451021
226,3.7667,L4,4.852057
226,3.7667,L5,0.000000
227,3.7833,L1,11.090386
227,3.7833,L2,16.827114
227,3.7833,L3,22.391082
227,3.7833,L4,7.016562
227,3.7833,L5,0.000000
228,3.8000,L1,7.372703
228,3.8000,L2,20.669732
228,3.8000,L3,23.691556
228,3.8000,L4,8.392283
228,3.8000,L5,0.000000
229,3.8167,L1,11.189394
229,3.8167,L2,22.644104
229,3.8167,L3,19.418569
229,3.8167,L4,4.746780
229,3.8167,L5,0.000000
230,3.8333,L1,7.541832
230,3.8333,L2,16.197651
230,3.8333,L3,23.865658
230,3.8333,L4,8.011183
230,3.8333,L5,0.000000
231,3.8500,L1,10.889397
231,3.8500,L2,23.066460
231,3.8500,L3,20.943812
231,3.8500,L4,6.302675
231,3.8500,L5,0.000000
232,3.8667,L1,7.225020
232,3.8667,L2,16.602560
232,3.8667,L3,23.223548
232,3.8667,L4,9.116301
232,3.8667,L5,0.000000
233,3.8833,L1,11.531296
233,3.8833,L2,23.771411
233,3.8833,L3,15.679970
233,3.8833,L4,7.243289
233,3.8833,L5,0.000000
234,3.9000,L1,10.891006
234,3.9000,L2,17.382330
234,3.9000,L3,26.367798
234,3.9000,L4,5.241508
234,3.9000,L5,0.000000
235,3.9167,L1,7.494056
235,3.9167,L2,21.812269
235,3.9167,L3,20.828794
235,3.9167,L4,7.727618
235,3.9167,L5,0.000000
236,3.9333,L1,10.721938
236,3.9333,L2,22.588517
236,3.9333,L3,16.833565
236,3.9333,L4,8.056700
236,3.9333,L5,0.000000
237,3.9500,L1,10.680974
237,3.9500,L2,15.563095
237,3.9500,L3,23.047962
237,3.9500,L4,7.849524
237,3.9500,L5,0.000000
238,3.9667,L1,7.369649
238,3.9667,L2,22.103258
238,3.9667,L3,23.567170
238,3.9667,L4,6.385826
238,3.9667,L5,0.000000
239,3.9833,L1,11.175490
239,3.9833,L2,20.481277
239,3.9833,L3,16.319561
239,3.9833,L4,9.880695
239,3.9833,L5,0.000000
240,4.0000,L1,7.489558
240,4.0000,L2,20.495489
240,4.0000,L3,25.198124
240,4.0000,L4,3.748760
240,4.0000,L5,0.000000
241,4.0167,L1,10.817071
241,4.0167,L2,22.493138
241,4.0167,L3,17.068569
241,4.0167,L4,8.464329
241,4.0167,L5,0.000000
242,4.0333,L1,10.843177
242,4.0333,L2,19.495785
242,4.0333,L3,22.260573
242,4.0333,L4,5.833123
242,4.0333,L5,0.000000
243,4.0500,L1,7.711428
243,4.0500,L2,19.647649
243,4.0500,L3,18.564911
243,4.0500,L4,12.052452
243,4.0500,L5,0.000000
244,4.0667,L1,11.259192
244,4.0667,L2,19.903705
244,4.0667,L3,19.029181
244,4.0667,L4,6.756789
244,4.0667,L5,0.000000
245,4.0833,L1,7.208368
245,4.0833,L2,20.443399
245,4.0833,L3,24.533864
245,4.0833,L4,7.960656
245,4.0833,L5,0.000000
246,4.1000,L1,10.763485
246,4.1000,L2,22.003526
246,4.1000,L3,19.720949
246,4.1000,L4,6.095313
246,4.1000,L5,0.000000
247,4.1167,L1,7.429079
247,4.1167,L2,17.976002
247,4.1167,L3,24.515874
247,4.1167,L4,7.721526
247,4.1167,L5,0.000000
248,4.1333,L1,10.991717
248,4.1333,L2,20.846627
248,4.1333,L3,19.660712
248,4.1333,L4,6.818246
248,4.1333,L5,0.000000
249,4.1500,L1,6.904727
249,4.1500,L2,18.659808
249,4.1500,L3,24.203102
249,4.1500,L4,7.874153
249,4.1500,L5,0.000000
250,4.1667,L1,10.744411
250,4.1667,L2,23.908778
250,4.1667,L3,19.185238
250,4.1667,L4,3.564295
250,4.1667,L5,0.000000
251,4.1833,L1,7.333842
251,4.1833,L2,17.551088
251,4.1833,L3,24.197560
251,4.1833,L4,10.260342
251,4.1833,L5,0.000000
252,4.2000,L1,10.662265
252,4.2000,L2,25.332171
252,4.2000,L3,15.840342
252,4.2000,L4,4.355349
252,4.2000,L5,0.000000
253,4.2167,L1,7.805874
253,4.2167,L2,16.573241
253,4.2167,L3,26.444835
253,4.2167,L4,9.753513
253,4.2167,L5,0.000000
254,4.2333,L1,11.529042
254,4.2333,L2,18.942224
254,4.2333,L3,18.160726
254,4.2333,L4,8.251981
254,4.2333,L5,0.000000
255,4.2500,L1,7.238178
255,4.2500,L2,19.145960
255,4.2500,L3,23.883978
255,4.2500,L4,8.944019
255,4.2500,L5,0.000000
256,4.2667,L1,10.912115
256,4.2667,L2,24.253791
256,4.2667,L3,18.301713
256,4.2667,L4,3.072184
256,4.2667,L5,0.000000
257,4.2833,L1,12.095345
257,4.2833,L2,15.959118
257,4.2833,L3,20.740267
257,4.2833,L4,11.296113
257,4.2833,L5,0.000000
258,4.3000,L1,7.416783
258,4.3000,L2,22.970435
258,4.3000,L3,21.019521
258,4.3000,L4,4.525826
258,4.3000,L5,0.000000
259,4.3167,L1,10.758222
259,4.3167,L2,21.168612
259,4.3167,L3,21.297964
259,4.3167,L4,7.328299
259,4.3167,L5,0.000000
260,4.3333,L1,6.985520
260,4.3333,L2,17.706271
260,4.3333,L3,22.318778
260,4.3333,L4,10.453476
260,4.3333,L5,0.000000
261,4.3500,L1,10.639026
261,4.3500,L2,23.143768
261,4.3500,L3,18.594240
261,4.3500,L4,4.721669
261,4.3500,L5,0.000000
262,4.3667,L1,7.024935
262,4.3667,L2,16.998136
262,4.3667,L3,20.356190
262,4.3667,L4,13.752978
262,4.3667,L5,0.000000
263,4.3833,L1,10.904224
263,4.3833,L2,24.931517
263,4.3833,L3,18.178531
263,4.3833,L4,5.360424
263,4.3833,L5,0.000000
264,4.4000,L1,7.175090
264,4.4000,L2,15.240191
264,4.4000,L3,23.245458
264,4.4000,L4,9.850281
264,4.4000,L5,0.000000
265,4.4167,L1,11.262975
265,4.4167,L2,22.823227
265,4.4167,L3,21.282465
265,4.4167,L4,4.505684
265,4.4167,L5,0.000000
266,4.4333,L1,11.078332
266,4.4333,L2,17.701626
266,4.4333,L3,18.079816
266,4.4333,L4,12.108001
266,4.4333,L5,0.000000
267,4.4500,L1,7.038360
267,4.4500,L2,20.998013
267,4.4500,L3,25.898167
267,4.4500,L4,3.994705
267,4.4500,L5,0.000000
268,4.4667,L1,10.964953
268,4.4667,L2,21.705570
268,4.4667,L3,15.469948
268,4.4667,L4,10.092136
268,4.4667,L5,0.000000
269,4.4833,L1,6.871801
269,4.4833,L2,17.205009
269,4.4833,L3,25.554798
269,4.4833,L4,7.714425
269,4.4833,L5,0.000000
270,4.5000,L1,11.014434
270,4.5000,L2,23.248245
270,4.5000,L3,17.049451
270,4.5000,L4,6.861133
270,4.5000,L5,0.000000
271,4.5167,L1,7.604981
271,4.5167,L2,19.626439
271,4.5167,L3,25.951564
271,4.5167,L4,4.807821
271,4.5167,L5,0.000000
272,4.5333,L1,10.523953
272,4.5333,L2,22.097875
272,4.5333,L3,17.063310
272,4.5333,L4,9.588221
272,4.5333,L5,0.000000
273,4.5500,L1,7.325787
273,4.5500,L2,20.474036
273,4.5500,L3,23.634393
273,4.5500,L4,6.726954
273,4.5500,L5,0.000000
274,4.5667,L1,10.517838
274,4.5667,L2,19.666192
274,4.5667,L3,17.583256
274,4.5667,L4,9.999288
274,4.5667,L5,0.000000
275,4.5833,L1,7.010925
275,4.5833,L2,17.717199
275,4.5833,L3,22.472791
275,4.5833,L4,9.345962
275,4.5833,L5,0.000000
276,4.6000,L1,10.919147
276,4.6000,L2,25.116290
276,4.6000,L3,18.040963
276,4.6000,L4,4.736929
276,4.6000,L5,0.000000
277,4.6167,L1,7.395347
277,4.6167,L2,19.753181
277,4.6167,L3,24.403615
277,4.6167,L4,6.837505
277,4.6167,L5,0.000000
278,4.6333,L1,10.569783
278,4.6333,L2,24.006240
278,4.6333,L3,16.624940
278,4.6333,L4,8.600918
278,4.6333,L5,0.000000
279,4.6500,L1,6.986981
279,4.6500,L2,17.489888
279,4.6500,L3,21.261119
279,4.6500,L4,11.595873
279,4.6500,L5,0.000000
280,4.6667,L1,10.942975
280,4.6667,L2,23.929541
280,4.6667,L3,17.401799
280,4.6667,L4,5.541395
280,4.6667,L5,0.000000
281,4.6833,L1,7.143942
281,4.6833,L2,16.032190
281,4.6833,L3,25.353585
281,4.6833,L4,8.031537
281,4.6833,L5,0.000000
282,4.7000,L1,10.619614
282,4.7000,L2,19.962954
282,4.7000,L3,19.861165
282,4.7000,L4,8.431325
282,4.7000,L5,0.000000
283,4.7167,L1,7.149877
283,4.7167,L2,16.315465
283,4.7167,L3,24.629960
283,4.7167,L4,10.263488
283,4.7167,L5,0.000000
284,4.7333,L1,10.945741
284,4.7333,L2,24.961010
284,4.7333,L3,13.943171
284,4.7333,L4,9.841925
284,4.7333,L5,0.000000
285,4.7500,L1,10.575340
285,4.7500,L2,18.144320
285,4.7500,L3,24.216540
285,4.7500,L4,4.488480
285,4.7500,L5,0.000000
286,4.7667,L1,6.813337
286,4.7667,L2,22.547884
286,4.7667,L3,19.927352
286,4.7667,L4,8.879966
286,4.7667,L5,0.000000
287,4.7833,L1,10.787281
287,4.7833,L2,16.544904
287,4.7833,L3,18.677185
287,4.7833,L4,12.490597
287,4.7833,L5,0.000000
288,4.8000,L1,7.752524
288,4.8000,L2,21.457950
288,4.8000,L3,23.390112
288,4.8000,L4,6.186739
288,4.8000,L5,0.000000
289,4.8167,L1,10.834263
289,4.8167,L2,17.827363
289,4.8167,L3,15.691894
289,4.8167,L4,12.298714
289,4.8167,L5,0.000000
290,4.8333,L1,7.257198
290,4.8333,L2,22.846000
290,4.8333,L3,23.624920
290,4.8333,L4,5.558817
290,4.8333,L5,0.000000
291,4.8500,L1,10.677593
291,4.8500,L2,16.271089
291,4.8500,L3,17.642752
291,4.8500,L4,12.302607
291,4.8500,L5,0.000000
292,4.8667,L1,6.888163
292,4.8667,L2,22.798730
292,4.8667,L3,25.346910
292,4.8667,L4,4.660290
292,4.8667,L5,0.000000
293,4.8833,L1,11.065877
293,4.8833,L2,14.048940
293,4.8833,L3,18.596855
293,4.8833,L4,14.582112
293,4.8833,L5,0.000000
294,4.9000,L1,7.456765
294,4.9000,L2,24.766888
294,4.9000,L3,16.640612
294,4.9000,L4,8.140727
294,4.9000,L5,0.000000
295,4.9167,L1,8.190572
295,4.9167,L2,16.306663
295,4.9167,L3,26.421148
295,4.9167,L4,7.586590
295,4.9167,L5,0.000000
296,4.9333,L1,11.464737
296,4.9333,L2,19.415098
296,4.9333,L3,19.637362
296,4.9333,L4,8.192414
296,4.9333,L5,0.000000
297,4.9500,L1,7.045362
297,4.9500,L2,18.252082
297,4.9500,L3,23.861597
297,4.9500,L4,8.732077
297,4.9500,L5,0.000000
298,4.9667,L1,10.863455
298,4.9667,L2,16.405998
298,4.9667,L3,16.861707
298,4.9667,L4,14.251523
298,4.9667,L5,0.000000
299,4.9833,L1,7.975621
299,4.9833,L2,24.175087
299,4.9833,L3,20.791719
299,4.9833,L4,5.808680
299,4.9833,L5,0.000000
300,5.0000,L1,10.324556
300,5.0000,L2,20.077787
300,5.0000,L3,19.305351
300,5.0000,L4,7.223990
300,5.0000,L5,0.000000
301,5.0167,L1,7.192947
301,5.0167,L2,21.105501
301,5.0167,L3,19.706708
301,5.0167,L4,10.042920
301,5.0167,L5,0.000000
302,5.0333,L1,11.118070
302,5.0333,L2,18.677404
302,5.0333,L3,20.615514
302,5.0333,L4,8.985050
302,5.0333,L5,0.000000
303,5.0500,L1,6.914523
303,5.0500,L2,22.424629
303,5.0500,L3,20.618866
303,5.0500,L4,8.061518
303,5.0500,L5,0.000000
304,5.0667,L1,7.464844
304,5.0667,L2,16.137536
304,5.0667,L3,20.997443
304,5.0667,L4,13.255490
304,5.0667,L5,0.000000
305,5.0833,L1,11.146253
305,5.0833,L2,20.306352
305,5.0833,L3,20.449985
305,5.0833,L4,5.390818
305,5.0833,L5,0.000000
306,5.1000,L1,7.260393
306,5.1000,L2,19.461719
306,5.1000,L3,25.928094
306,5.1000,L4,7.379503
306,5.1000,L5,0.000000
307,5.1167,L1,7.734597
307,5.1167,L2,16.797164
307,5.1167,L3,19.006559
307,5.1167,L4,10.124979
307,5.1167,L5,0.000000
308,5.1333,L1,11.977410
308,5.1333,L2,22.326307
308,5.1333,L3,18.505680
308,5.1333,L4,8.815468
308,5.1333,L5,0.000000
309,5.1500,L1,7.073777
309,5.1500,L2,17.350394
309,5.1500,L3,26.342731
309,5.1500,L4,8.366654
309,5.1500,L5,0.000000
310,5.1667,L1,11.114661
310,5.1667,L2,14.893161
310,5.1667,L3,17.220724
310,5.1667,L4,13.965028
310,5.1667,L5,0.000000
311,5.1833,L1,7.829396
311,5.1833,L2,23.135919
311,5.1833,L3,17.275651
311,5.1833,L4,9.920846
311,5.1833,L5,0.000000
312,5.2000,L1,7.266551
312,5.2000,L2,18.175338
312,5.2000,L3,24.896025
312,5.2000,L4,8.668794
312,5.2000,L5,0.000000
313,5.2167,L1,10.798525
313,5.2167,L2,23.277535
313,5.2167,L3,14.976283
313,5.2167,L4,7.438427
313,5.2167,L5,0.000000
314,5.2333,L1,7.088939
314,5.2333,L2,18.199499
314,5.2333,L3,23.812168
314,5.2333,L4,10.976871
314,5.2333,L5,0.000000
315,5.2500,L1,10.881833
315,5.2500,L2,17.807364
315,5.2500,L3,17.677706
315,5.2500,L4,11.401416
315,5.2500,L5,0.000000
316,5.2667,L1,7.235719
316,5.2667,L2,21.847672
316,5.2667,L3,23.213588
316,5.2667,L4,3.751849
316,5.2667,L5,0.000000
317,5.2833,L1,11.052020
317,5.2833,L2,15.436127
317,5.2833,L3,17.828816
317,5.2833,L4,14.705494
317,5.2833,L5,0.000000
318,5.3000,L1,6.813494
318,5.3000,L2,23.505384
318,5.3000,L3,20.259876
318,5.3000,L4,7.948555
318,5.3000,L5,0.000000
319,5.3167,L1,7.545837
319,5.3167,L2,21.254043
319,5.3167,L3,25.572574
319,5.3167,L4,4.721293
319,5.3167,L5,0.000000
320,5.3333,L1,8.320414
320,5.3333,L2,15.683938
320,5.3333,L3,19.794519
320,5.3333,L4,13.542903
320,5.3333,L5,0.000000
321,5.3500,L1,10.333062
321,5.3500,L2,21.731304
321,5.3500,L3,18.765445
321,5.3500,L4,7.715429
321,5.3500,L5,0.000000
322,5.3667,L1,6.960011
322,5.3667,L2,18.202900
322,5.3667,L3,22.678456
322,5.3667,L4,10.538420
322,5.3667,L5,0.000000
323,5.3833,L1,10.928174
323,5.3833,L2,18.758767
323,5.3833,L3,15.040334
323,5.3833,L4,11.401443
323,5.3833,L5,0.000000
324,5.4000,L1,7.561706
324,5.4000,L2,22.611533
324,5.4000,L3,18.293701
324,5.4000,L4,10.453941
324,5.4000,L5,0.000000
325,5.4167,L1,7.449823
325,5.4167,L2,17.462992
325,5.4167,L3,27.939460
325,5.4167,L4,5.805703
325,5.4167,L5,0.000000
326,5.4333,L1,10.748891
326,5.4333,L2,19.579104
326,5.4333,L3,20.471531
326,5.4333,L4,7.931483
326,5.4333,L5,0.000000
327,5.4500,L1,6.982798
327,5.4500,L2,22.244963
327,5.4500,L3,20.750900
327,5.4500,L4,8.390047
327,5.4500,L5,0.000000
328,5.4667,L1,8.656866
328,5.4667,L2,15.151540
328,5.4667,L3,23.050627
328,5.4667,L4,12.087273
328,5.4667,L5,0.000000
329,5.4833,L1,11.074304
329,5.4833,L2,16.389073
329,5.4833,L3,21.637841
329,5.4833,L4,8.378184
329,5.4833,L5,0.000000
330,5.5000,L1,7.165645
330,5.5000,L2,22.611704
330,5.5000,L3,18.393806
330,5.5000,L4,9.912384
330,5.5000,L5,0.000000
331,5.5167,L1,7.019793
331,5.5167,L2,15.458728
331,5.5167,L3,24.472743
331,5.5167,L4,11.890923
331,5.5167,L5,0.000000
332,5.5333,L1,11.937065
332,5.5333,L2,19.181474
332,5.5333,L3,15.274280
332,5.5333,L4,10.708030
332,5.5333,L5,0.000000
333,5.5500,L1,7.355980
333,5.5500,L2,21.784130
333,5.5500,L3,23.129358
333,5.5500,L4,6.112354
333,5.5500,L5,0.000000
334,5.5667,L1,7.481980
334,5.5667,L2,19.434685
334,5.5667,L3,18.404755
334,5.5667,L4,12.935930
334,5.5667,L5,0.000000
335,5.5833,L1,10.618867
335,5.5833,L2,17.174872
335,5.5833,L3,25.847910
335,5.5833,L4,5.304401
335,5.5833,L5,0.000000
336,5.6000,L1,8.455272
336,5.6000,L2,21.824607
336,5.6000,L3,15.922388
336,5.6000,L4,10.467560
336,5.6000,L5,0.000000
337,5.6167,L1,7.009660
337,5.6167,L2,21.015778
337,5.6167,L3,24.474195
337,5.6167,L4,6.742796
337,5.6167,L5,0.000000
338,5.6333,L1,8.483035
338,5.6333,L2,15.038327
338,5.6333,L3,17.493174
338,5.6333,L4,14.795589
338,5.6333,L5,0.000000
339,5.6500,L1,10.890686
339,5.6500,L2,23.382289
339,5.6500,L3,18.250915
339,5.6500,L4,7.166518
339,5.6500,L5,0.000000
340,5.6667,L1,7.809232
340,5.6667,L2,18.331514
340,5.6667,L3,19.397895
340,5.6667,L4,11.991669
340,5.6667,L5,0.000000
341,5.6833,L1,7.392864
341,5.6833,L2,16.764825
341,5.6833,L3,24.181744
341,5.6833,L4,9.101342
341,5.6833,L5,0.000000
342,5.7000,L1,11.482392
342,5.7000,L2,21.700938
342,5.7000,L3,18.443239
342,5.7000,L4,9.046863
342,5.7000,L5,0.000000
343,5.7167,L1,6.877086
343,5.7167,L2,18.216895
343,5.7167,L3,23.263524
343,5.7167,L4,10.407781
343,5.7167,L5,0.000000
344,5.7333,L1,8.013818
344,5.7333,L2,17.537029
344,5.7333,L3,17.124601
344,5.7333,L4,13.863427
344,5.7333,L5,0.000000
345,5.7500,L1,10.408166
345,5.7500,L2,23.565415
345,5.7500,L3,20.745102
345,5.7500,L4,5.064897
345,5.7500,L5,0.000000
346,5.7667,L1,6.911650
346,5.7667,L2,15.811663
346,5.7667,L3,21.724310
346,5.7667,L4,12.967309
346,5.7667,L5,0.000000
347,5.7833,L1,10.675600
347,5.7833,L2,18.115906
347,5.7833,L3,19.603884
347,5.7833,L4,8.595052
347,5.7833,L5,0.000000
348,5.8000,L1,8.155803
348,5.8000,L2,24.255298
348,5.8000,L3,18.178808
348,5.8000,L4,9.855123
348,5.8000,L5,0.000000
349,5.8167,L1,7.042504
349,5.8167,L2,14.713352
349,5.8167,L3,22.111262
349,5.8167,L4,13.228116
349,5.8167,L5,0.000000
350,5.8333,L1,10.736416
350,5.8333,L2,20.079395
350,5.8333,L3,18.248909
350,5.8333,L4,9.959671
350,5.8333,L5,0.000000
351,5.8500,L1,7.742482
351,5.8500,L2,19.182712
351,5.8500,L3,17.757084
351,5.8500,L4,11.320219
351,5.8500,L5,0.000000
352,5.8667,L1,7.883160
352,5.8667,L2,21.738913
352,5.8667,L3,27.003460
352,5.8667,L4,3.110161
352,5.8667,L5,0.000000
353,5.8833,L1,7.067023
353,5.8833,L2,16.422736
353,5.8833,L3,21.565663
353,5.8833,L4,13.897560
353,5.8833,L5,0.000000
354,5.9000,L1,6.933796
354,5.9000,L2,17.542518
354,5.9000,L3,18.385615
354,5.9000,L4,13.766168
354,5.9000,L5,0.000000
355,5.9167,L1,10.742670
355,5.9167,L2,23.348756
355,5.9167,L3,18.521140
355,5.9167,L4,6.282280
355,5.9167,L5,0.000000
356,5.9333,L1,6.999821
356,5.9333,L2,17.521726
356,5.9333,L3,22.842081
356,5.9333,L4,11.187633
356,5.9333,L5,0.000000
357,5.9500,L1,8.619312
357,5.9500,L2,17.835415
357,5.9500,L3,20.927248
357,5.9500,L4,8.332492
357,5.9500,L5,0.000000
358,5.9667,L1,11.536730
358,5.9667,L2,20.533491
358,5.9667,L3,19.495241
358,5.9667,L4,9.087367
358,5.9667,L5,0.000000
359,5.9833,L1,6.999357
359,5.9833,L2,20.877745
359,5.9833,L3,20.689841
359,5.9833,L4,7.215348
359,5.9833,L5,0.000000
360,6.0000,L1,7.076677
360,6.0000,L2,20.628625
360,6.0000,L3,23.039847
360,6.0000,L4,9.328882
360,6.0000,L5,0.000000
361,6.0167,L1,7.309201
361,6.0167,L2,20.028983
361,6.0167,L3,16.309358
361,6.0167,L4,12.958865
361,6.0167,L5,0.000000
362,6.0333,L1,10.676140
362,6.0333,L2,21.512174
362,6.0333,L3,20.074011
362,6.0333,L4,7.401946
362,6.0333,L5,0.000000
363,6.0500,L1,8.464494
363,6.0500,L2,18.576183
363,6.0500,L3,19.255514
363,6.0500,L4,11.682609
363,6.0500,L5,0.000000
364,6.0667,L1,7.126972
364,6.0667,L2,17.097165
364,6.0667,L3,22.628823
364,6.0667,L4,9.189203
364,6.0667,L5,0.000000
365,6.0833,L1,7.643732
365,6.0833,L2,14.551642
365,6.0833,L3,25.252805
365,6.0833,L4,13.874814
365,6.0833,L5,0.000000
366,6.1000,L1,10.328861
366,6.1000,L2,21.732825
366,6.1000,L3,18.242388
366,6.1000,L4,6.578490
366,6.1000,L5,0.000000
367,6.1167,L1,6.909568
367,6.1167,L2,19.726517
367,6.1167,L3,22.711959
367,6.1167,L4,6.914356
367,6.1167,L5,0.000000
368,6.1333,L1,7.079821
368,6.1333,L2,15.829558
368,6.1333,L3,19.868597
368,6.1333,L4,16.795070
368,6.1333,L5,0.000000
369,6.1500,L1,11.682464
369,6.1500,L2,23.875240
369,6.1500,L3,16.276328
369,6.1500,L4,6.814333
369,6.1500,L5,0.000000
370,6.1667,L1,6.972274
370,6.1667,L2,15.479638
370,6.1667,L3,24.849220
370,6.1667,L4,11.396043
370,6.1667,L5,0.000000
371,6.1833,L1,7.087166
371,6.1833,L2,17.106026
371,6.1833,L3,17.584316
371,6.1833,L4,14.621149
371,6.1833,L5,0.000000
372,6.2000,L1,10.129020
372,6.2000,L2,23.787378
372,6.2000,L3,20.277383
372,6.2000,L4,6.673743
372,6.2000,L5,0.000000
373,6.2167,L1,7.461653
373,6.2167,L2,17.987228
373,6.2167,L3,21.019758
373,6.2167,L4,11.055961
373,6.2167,L5,0.000000
374,6.2333,L1,8.343270
374,6.2333,L2,16.563492
374,6.2333,L3,19.098874
374,6.2333,L4,13.842786
374,6.2333,L5,0.000000
375,6.2500,L1,11.220438
375,6.2500,L2,21.821318
375,6.2500,L3,17.891482
375,6.2500,L4,7.176546
375,6.2500,L5,0.000000
376,6.2667,L1,8.200258
376,6.2667,L2,17.523361
376,6.2667,L3,20.695990
376,6.2667,L4,12.789300
376,6.2667,L5,0.000000
377,6.2833,L1,7.007257
377,6.2833,L2,20.293123
377,6.2833,L3,22.324714
377,6.2833,L4,6.554042
377,6.2833,L5,0.000000
378,6.3000,L1,8.059170
378,6.3000,L2,15.800573
378,6.3000,L3,18.971026
378,6.3000,L4,14.305249
378,6.3000,L5,0.000000
379,6.3167,L1,10.356350
379,6.3167,L2,23.380397
379,6.3167,L3,19.009186
379,6.3167,L4,7.410125
379,6.3167,L5,0.000000
380,6.3333,L1,7.398194
380,6.3333,L2,15.464419
380,6.3333,L3,23.607655
380,6.3333,L4,12.338510
380,6.3333,L5,0.000000
381,6.3500,L1,7.613838
381,6.3500,L2,16.308186
381,6.3500,L3,21.728894
381,6.3500,L4,10.942548
381,6.3500,L5,0.000000
382,6.3667,L1,10.816352
382,6.3667,L2,19.150537
382,6.3667,L3,17.388148
382,6.3667,L4,11.733422
382,6.3667,L5,0.000000
383,6.3833,L1,7.214689
383,6.3833,L2,24.052155
383,6.3833,L3,18.005439
383,6.3833,L4,8.633152
383,6.3833,L5,0.000000
384,6.4000,L1,6.726866
384,6.4000,L2,15.124919
384,6.4000,L3,25.898870
384,6.4000,L4,11.544110
384,6.4000,L5,0.000000
385,6.4167,L1,10.613869
385,6.4167,L2,16.717288
385,6.4167,L3,19.413001
385,6.4167,L4,11.292484
385,6.4167,L5,0.000000
386,6.4333,L1,7.007790
386,6.4333,L2,20.262335
386,6.4333,L3,21.814848
386,6.4333,L4,8.126784
386,6.4333,L5,0.000000
387,6.4500,L1,8.744036
387,6.4500,L2,18.293814
387,6.4500,L3,17.279769
387,6.4500,L4,15.107706
387,6.4500,L5,0.000000
388,6.4667,L1,7.136923
388,6.4667,L2,20.167835
388,6.4667,L3,22.539911
388,6.4667,L4,7.290241
388,6.4667,L5,0.000000
389,6.4833,L1,11.758427
389,6.4833,L2,13.202917
389,6.4833,L3,21.177841
389,6.4833,L4,13.017180
389,6.4833,L5,0.000000
390,6.5000,L1,6.909959
390,6.5000,L2,24.284125
390,6.5000,L3,17.304756
390,6.5000,L4,9.785412
390,6.5000,L5,0.000000
391,6.5167,L1,7.887545
391,6.5167,L2,22.377833
391,6.5167,L3,23.189228
391,6.5167,L4,3.676031
391,6.5167,L5,0.000000
392,6.5333,L1,7.206144
392,6.5333,L2,15.342669
392,6.5333,L3,24.050656
392,6.5333,L4,12.731067
392,6.5333,L5,0.000000
393,6.5500,L1,12.077866
393,6.5500,L2,14.794810
393,6.5500,L3,16.114495
393,6.5500,L4,15.449100
393,6.5500,L5,0.000000
394,6.5667,L1,6.920642
394,6.5667,L2,20.887308
394,6.5667,L3,19.054453
394,6.5667,L4,9.489889
394,6.5667,L5,0.000000
395,6.5833,L1,8.022439
395,6.5833,L2,20.273387
395,6.5833,L3,24.087300
395,6.5833,L4,6.255695
395,6.5833,L5,0.000000
396,6.6000,L1,7.041520
396,6.6000,L2,13.350386
396,6.6000,L3,19.649454
396,6.6000,L4,16.244582
396,6.6000,L5,0.000000
397,6.6167,L1,11.143462
397,6.6167,L2,24.147803
397,6.6167,L3,20.075221
397,6.6167,L4,5.227929
397,6.6167,L5,0.000000
398,6.6333,L1,7.939290
398,6.6333,L2,18.295313
398,6.6333,L3,16.757215
398,6.6333,L4,14.017207
398,6.6333,L5,0.000000
399,6.6500,L1,8.515681
399,6.6500,L2,16.597412
399,6.6500,L3,21.003157
399,6.6500,L4,11.228432
399,6.6500,L5,0.000000
400,6.6667,L1,10.250219
400,6.6667,L2,21.059727
400,6.6667,L3,17.937492
400,6.6667,L4,8.797066
400,6.6667,L5,0.000000
401,6.6833,L1,8.975496
401,6.6833,L2,18.489848
401,6.6833,L3,19.000284
401,6.6833,L4,12.492126
401,6.6833,L5,0.000000
402,6.7000,L1,6.834420
402,6.7000,L2,14.909425
402,6.7000,L3,25.772298
402,6.7000,L4,12.325092
402,6.7000,L5,0.000000
403,6.7167,L1,12.482444
403,6.7167,L2,20.644643
403,6.7167,L3,14.214874
403,6.7167,L4,9.808607
403,6.7167,L5,0.000000
404,6.7333,L1,7.160739
404,6.7333,L2,18.015975
404,6.7333,L3,20.743582
404,6.7333,L4,11.640249
404,6.7333,L5,0.000000
405,6.7500,L1,7.127695
405,6.7500,L2,20.567736
405,6.7500,L3,26.596390
405,6.7500,L4,5.283041
405,6.7500,L5,0.000000
406,6.7667,L1,6.926002
406,6.7667,L2,16.091450
406,6.7667,L3,19.978035
406,6.7667,L4,15.189982
406,6.7667,L5,0.000000
407,6.7833,L1,10.634777
407,6.7833,L2,18.934516
407,6.7833,L3,18.701567
407,6.7833,L4,7.462655
407,6.7833,L5,0.000000
408,6.8000,L1,7.142159
408,6.8000,L2,21.012259
408,6.8000,L3,16.559266
408,6.8000,L4,13.045723
408,6.8000,L5,0.000000
409,6.8167,L1,6.374303
409,6.8167,L2,21.022695
409,6.8167,L3,24.866624
409,6.8167,L4,7.282022
409,6.8167,L5,0.000000
410,6.8333,L1,7.019094
410,6.8333,L2,19.380262
410,6.8333,L3,20.345186
410,6.8333,L4,12.202350
410,6.8333,L5,0.000000
411,6.8500,L1,8.146630
411,6.8500,L2,13.967909
411,6.8500,L3,21.945054
411,6.8500,L4,12.263213
411,6.8500,L5,0.000000
412,6.8667,L1,10.359290
412,6.8667,L2,20.211897
412,6.8667,L3,21.727390
412,6.8667,L4,7.029404
412,6.8667,L5,0.000000
413,6.8833,L1,7.615590
413,6.8833,L2,19.875665
413,6.8833,L3,19.974621
413,6.8833,L4,11.016153
413,6.8833,L5,0.000000
414,6.9000,L1,7.051263
414,6.9000,L2,20.196766
414,6.9000,L3,20.633127
414,6.9000,L4,10.048497
414,6.9000,L5,0.000000
415,6.9167,L1,6.470091
415,6.9167,L2,20.260966
415,6.9167,L3,21.858658
415,6.9167,L4,10.263741
415,6.9167,L5,0.000000
416,6.9333,L1,7.779005
416,6.9333,L2,18.354148
416,6.9333,L3,22.290043
416,6.9333,L4,10.606980
416,6.9333,L5,0.000000
417,6.9500,L1,7.037925
417,6.9500,L2,17.446626
417,6.9500,L3,18.989158
417,6.9500,L4,13.024729
417,6.9500,L5,0.000000
418,6.9667,L1,11.137453
418,6.9667,L2,18.854844
418,6.9667,L3,18.381209
418,6.9667,L4,9.641707
418,6.9667,L5,0.000000
419,6.9833,L1,7.273758
419,6.9833,L2,24.800742
419,6.9833,L3,15.454638
419,6.9833,L4,12.205575
419,6.9833,L5,0.000000
420,7.0000,L1,8.156534
420,7.0000,L2,16.688922
420,7.0000,L3,24.572669
420,7.0000,L4,9.253803
420,7.0000,L5,0.000000
421,7.0167,L1,7.287116
421,7.0167,L2,19.127458
421,7.0167,L3,17.726532
421,7.0167,L4,11.453494
421,7.0167,L5,0.000000
422,7.0333,L1,11.281193
422,7.0333,L2,13.209412
422,7.0333,L3,23.326811
422,7.0333,L4,12.117719
422,7.0333,L5,0.000000
423,7.0500,L1,7.480188
423,7.0500,L2,23.444526
423,7.0500,L3,18.669611
423,7.0500,L4,9.228676
423,7.0500,L5,0.000000
424,7.0667,L1,6.870736
424,7.0667,L2,16.701911
424,7.0667,L3,23.279414
424,7.0667,L4,9.814444
424,7.0667,L5,0.000000
425,7.0833,L1,7.364112
425,7.0833,L2,19.509722
425,7.0833,L3,19.441493
425,7.0833,L4,12.524446
425,7.0833,L5,0.000000
426,7.1000,L1,8.984647
426,7.1000,L2,16.207307
426,7.1000,L3,21.390292
426,7.1000,L4,12.179402
426,7.1000,L5,0.000000
427,7.1167,L1,6.958650
427,7.1167,L2,14.959680
427,7.1167,L3,19.433608
427,7.1167,L4,16.463903
427,7.1167,L5,0.000000
428,7.1333,L1,12.311344
428,7.1333,L2,19.761033
428,7.1333,L3,21.969185
428,7.1333,L4,4.597600
428,7.1333,L5,0.000000
429,7.1500,L1,7.260496
429,7.1500,L2,23.030724
429,7.1500,L3,16.186451
429,7.1500,L4,10.600499
429,7.1500,L5,0.000000
430,7.1667,L1,6.839881
430,7.1667,L2,13.951545
430,7.1667,L3,23.594238
430,7.1667,L4,11.562668
430,7.1667,L5,0.000000
431,7.1833,L1,7.845195
431,7.1833,L2,16.149559
431,7.1833,L3,23.554960
431,7.1833,L4,12.252146
431,7.1833,L5,0.000000
432,7.2000,L1,7.590691
432,7.2000,L2,15.604136
432,7.2000,L3,23.330178
432,7.2000,L4,13.120551
432,7.2000,L5,0.000000
433,7.2167,L1,7.488239
433,7.2167,L2,19.352955
433,7.2167,L3,17.174371
433,7.2167,L4,11.370204
433,7.2167,L5,0.000000
434,7.2333,L1,11.510970
434,7.2333,L2,15.655439
434,7.2333,L3,22.296391
434,7.2333,L4,11.871173
434,7.2333,L5,0.000000
435,7.2500,L1,7.759800
435,7.2500,L2,21.979719
435,7.2500,L3,18.952964
435,7.2500,L4,9.292563
435,7.2500,L5,0.000000
436,7.2667,L1,7.000195
436,7.2667,L2,17.234204
436,7.2667,L3,18.026823
436,7.2667,L4,13.778412
436,7.2667,L5,0.000000
437,7.2833,L1,8.793009
437,7.2833,L2,13.267933
437,7.2833,L3,25.761123
437,7.2833,L4,12.096836
437,7.2833,L5,0.000000
438,7.3000,L1,10.856701
438,7.3000,L2,19.372002
438,7.3000,L3,14.670946
438,7.3000,L4,13.158980
438,7.3000,L5,0.000000
439,7.3167,L1,3.535264
439,7.3167,L2,18.251739
439,7.3167,L3,25.912677
439,7.3167,L4,9.062669
439,7.3167,L5,0.000000
440,7.3333,L1,11.274936
440,7.3333,L2,15.584807
440,7.3333,L3,16.071360
440,7.3333,L4,14.794256
440,7.3333,L5,0.000000
441,7.3500,L1,6.791564
441,7.3500,L2,21.203180
441,7.3500,L3,23.531398
441,7.3500,L4,7.445548
441,7.3500,L5,0.000000
442,7.3667,L1,7.428577
442,7.3667,L2,20.492703
442,7.3667,L3,21.721040
442,7.3667,L4,9.442044
442,7.3667,L5,0.000000
443,7.3833,L1,6.517185
443,7.3833,L2,15.970138
443,7.3833,L3,22.428517
443,7.3833,L4,13.950289
443,7.3833,L5,0.000000
444,7.4000,L1,7.535475
444,7.4000,L2,15.937049
444,7.4000,L3,20.784394
444,7.4000,L4,11.324032
444,7.4000,L5,0.000000
445,7.4167,L1,10.321985
445,7.4167,L2,21.822490
445,7.4167,L3,15.826925
445,7.4167,L4,11.764222
445,7.4167,L5,0.000000
446,7.4333,L1,8.308359
446,7.4333,L2,15.023692
446,7.4333,L3,20.798102
446,7.4333,L4,14.928516
446,7.4333,L5,0.000000
447,7.4500,L1,10.168672
447,7.4500,L2,17.841078
447,7.4500,L3,18.654451
447,7.4500,L4,11.780886
447,7.4500,L5,0.000000
448,7.4667,L1,3.961135
448,7.4667,L2,19.204227
448,7.4667,L3,22.309691
448,7.4667,L4,10.142805
448,7.4667,L5,0.000000
449,7.4833,L1,12.736303
449,7.4833,L2,16.217063
449,7.4833,L3,15.258943
449,7.4833,L4,14.401320
449,7.4833,L5,0.000000
450,7.5000,L1,6.680291
450,7.5000,L2,22.591197
450,7.5000,L3,22.301764
450,7.5000,L4,8.196858
450,7.5000,L5,0.000000
451,7.5167,L1,6.785118
451,7.5167,L2,17.336634
451,7.5167,L3,21.301358
451,7.5167,L4,12.928007
451,7.5167,L5,0.000000
452,7.5333,L1,6.971398
452,7.5333,L2,17.228504
452,7.5333,L3,19.208218
452,7.5333,L4,13.409543
452,7.5333,L5,0.000000
453,7.5500,L1,9.978906
453,7.5500,L2,21.334757
453,7.5500,L3,20.379083
453,7.5500,L4,7.331260
453,7.5500,L5,0.000000
454,7.5667,L1,6.634094
454,7.5667,L2,17.151227
454,7.5667,L3,24.854498
454,7.5667,L4,10.020931
454,7.5667,L5,0.000000
455,7.5833,L1,7.360432
455,7.5833,L2,15.457341
455,7.5833,L3,21.291327
455,7.5833,L4,13.652440
455,7.5833,L5,0.000000
456,7.6000,L1,11.739903
456,7.6000,L2,14.575821
456,7.6000,L3,22.401241
456,7.6000,L4,9.567008
456,7.6000,L5,0.000000
457,7.6167,L1,6.744826
457,7.6167,L2,21.603837
457,7.6167,L3,19.612678
457,7.6167,L4,10.537580
457,7.6167,L5,0.000000
458,7.6333,L1,8.755676
458,7.6333,L2,15.928136
458,7.6333,L3,16.338925
458,7.6333,L4,14.406212
458,7.6333,L5,0.000000
459,7.6500,L1,7.359050
459,7.6500,L2,17.866534
459,7.6500,L3,29.656024
459,7.6500,L4,5.714301
459,7.6500,L5,0.000000
460,7.6667,L1,8.725800
460,7.6667,L2,18.185699
460,7.6667,L3,16.791837
460,7.6667,L4,12.508429
460,7.6667,L5,0.000000
461,7.6833,L1,7.979174
461,7.6833,L2,15.220405
461,7.6833,L3,20.722773
461,7.6833,L4,14.325656
461,7.6833,L5,0.000000
462,7.7000,L1,10.942609
462,7.7000,L2,20.161695
462,7.7000,L3,16.446980
462,7.7000,L4,12.396699
462,7.7000,L5,0.000000
463,7.7167,L1,6.409193
463,7.7167,L2,21.214965
463,7.7167,L3,20.878190
463,7.7167,L4,9.634500
463,7.7167,L5,0.000000
464,7.7333,L1,7.803905
464,7.7333,L2,15.739958
464,7.7333,L3,17.458680
464,7.7333,L4,15.287644
464,7.7333,L5,0.000000
465,7.7500,L1,7.525492
465,7.7500,L2,19.149171
465,7.7500,L3,21.026235
465,7.7500,L4,12.291559
465,7.7500,L5,0.000000
466,7.7667,L1,7.480353
466,7.7667,L2,14.616765
466,7.7667,L3,22.506809
466,7.7667,L4,12.761655
466,7.7667,L5,0.000000
467,7.7833,L1,11.427024
467,7.7833,L2,16.629447
467,7.7833,L3,15.480702
467,7.7833,L4,14.014329
467,7.7833,L5,0.000000
468,7.8000,L1,6.409840
468,7.8000,L2,23.622218
468,7.8000,L3,20.346765
468,7.8000,L4,8.905271
468,7.8000,L5,0.000000
469,7.8167,L1,7.894530
469,7.8167,L2,17.884028
469,7.8167,L3,16.119785
469,7.8167,L4,15.711681
469,7.8167,L5,0.000000
470,7.8333,L1,8.312760
470,7.8333,L2,15.630828
470,7.8333,L3,22.797871
470,7.8333,L4,10.128396
470,7.8333,L5,0.000000
471,7.8500,L1,12.544792
471,7.8500,L2,15.357949
471,7.8500,L3,18.638686
471,7.8500,L4,14.237176
471,7.8500,L5,0.000000
472,7.8667,L1,6.895598
472,7.8667,L2,23.673730
472,7.8667,L3,17.641564
472,7.8667,L4,8.102685
472,7.8667,L5,0.000000
473,7.8833,L1,8.543956
473,7.8833,L2,14.045014
473,7.8833,L3,22.969734
473,7.8833,L4,12.667406
473,7.8833,L5,0.000000
474,7.9000,L1,6.513859
474,7.9000,L2,16.550849
474,7.9000,L3,24.291532
474,7.9000,L4,11.141889
474,7.9000,L5,0.000000
475,7.9167,L1,9.247555
475,7.9167,L2,18.742961
475,7.9167,L3,14.896017
475,7.9167,L4,15.369599
475,7.9167,L5,0.000000
476,7.9333,L1,6.830712
476,7.9333,L2,16.075472
476,7.9333,L3,21.138926
476,7.9333,L4,13.266844
476,7.9333,L5,0.000000
477,7.9500,L1,10.879604
477,7.9500,L2,18.725714
477,7.9500,L3,16.665073
477,7.9500,L4,13.520128
477,7.9500,L5,0.000000
478,7.9667,L1,7.493010
478,7.9667,L2,19.131931
478,7.9667,L3,19.184859
478,7.9667,L4,9.383862
478,7.9667,L5,0.000000
479,7.9833,L1,6.826651
479,7.9833,L2,14.818588
479,7.9833,L3,23.126209
479,7.9833,L4,13.832365
479,7.9833,L5,0.000000
480,8.0000,L1,6.654970
480,8.0000,L2,17.281163
480,8.0000,L3,22.149477
480,8.0000,L4,13.626652
480,8.0000,L5,0.000000
481,8.0167,L1,9.637846
481,8.0167,L2,19.075513
481,8.0167,L3,20.020243
481,8.0167,L4,10.301263
481,8.0167,L5,0.000000
482,8.0333,L1,7.279827
482,8.0333,L2,14.729698
482,8.0333,L3,15.992170
482,8.0333,L4,16.332172
482,8.0333,L5,0.000000
483,8.0500,L1,12.166801
483,8.0500,L2,21.056019
483,8.0500,L3,21.837067
483,8.0500,L4,5.589847
483,8.0500,L5,0.000000
484,8.0667,L1,6.711890
484,8.0667,L2,16.246311
484,8.0667,L3,20.720218
484,8.0667,L4,16.389928
484,8.0667,L5,0.000000
485,8.0833,L1,6.099691
485,8.0833,L2,23.968138
485,8.0833,L3,21.616862
485,8.0833,L4,5.645047
485,8.0833,L5,0.000000
486,8.1000,L1,7.417129
486,8.1000,L2,14.004516
486,8.1000,L3,17.762722
486,8.1000,L4,18.905748
486,8.1000,L5,0.000000
487,8.1167,L1,6.426898
487,8.1167,L2,15.849063
487,8.1167,L3,23.632144
487,8.1167,L4,11.415570
487,8.1167,L5,0.000000
488,8.1333,L1,7.703128
488,8.1333,L2,15.072420
488,8.1333,L3,20.376867
488,8.1333,L4,15.815228
488,8.1333,L5,0.000000
489,8.1500,L1,8.408485
489,8.1500,L2,15.846939
489,8.1500,L3,20.414814
489,8.1500,L4,12.730958
489,8.1500,L5,0.000000
490,8.1667,L1,10.770528
490,8.1667,L2,15.427155
490,8.1667,L3,17.526545
490,8.1667,L4,14.137373
490,8.1667,L5,0.000000
491,8.1833,L1,6.701726
491,8.1833,L2,23.055166
491,8.1833,L3,18.559276
491,8.1833,L4,9.280961
491,8.1833,L5,0.000000
492,8.2000,L1,7.753998
492,8.2000,L2,15.796797
492,8.2000,L3,17.796488
492,8.2000,L4,18.851026
492,8.2000,L5,0.000000
493,8.2167,L1,6.683426
493,8.2167,L2,18.476528
493,8.2167,L3,23.825443
493,8.2167,L4,7.736987
493,8.2167,L5,0.000000
494,8.2333,L1,7.729858
494,8.2333,L2,14.178887
494,8.2333,L3,23.303769
494,8.2333,L4,14.379989
494,8.2333,L5,0.000000
495,8.2500,L1,10.392157
495,8.2500,L2,18.583802
495,8.2500,L3,15.106014
495,8.2500,L4,12.734580
495,8.2500,L5,0.000000
496,8.2667,L1,6.518610
496,8.2667,L2,20.019661
496,8.2667,L3,22.311064
496,8.2667,L4,8.558041
496,8.2667,L5,0.000000
497,8.2833,L1,7.050277
497,8.2833,L2,14.203678
497,8.2833,L3,19.113885
497,8.2833,L4,19.094913
497,8.2833,L5,0.000000
498,8.3000,L1,9.763097
498,8.3000,L2,22.314177
498,8.3000,L3,16.573186
498,8.3000,L4,9.718950
498,8.3000,L5,0.000000
499,8.3167,L1,6.669371
499,8.3167,L2,17.499445
499,8.3167,L3,19.691056
499,8.3167,L4,12.006769
499,8.3167,L5,0.000000
500,8.3333,L1,7.005396
500,8.3333,L2,13.923062
500,8.3333,L3,23.102459
500,8.3333,L4,16.390387
500,8.3333,L5,0.000000
501,8.3500,L1,6.961101
501,8.3500,L2,18.528331
501,8.3500,L3,20.150006
501,8.3500,L4,12.244244
501,8.3500,L5,0.000000
502,8.3667,L1,9.395673
502,8.3667,L2,21.704595
502,8.3667,L3,17.670337
502,8.3667,L4,10.429479
502,8.3667,L5,0.000000
503,8.3833,L1,7.294257
503,8.3833,L2,13.246038
503,8.3833,L3,21.849779
503,8.3833,L4,13.939600
503,8.3833,L5,0.000000
504,8.4000,L1,6.505262
504,8.4000,L2,18.638295
504,8.4000,L3,24.011201
504,8.4000,L4,9.650723
504,8.4000,L5,0.000000
505,8.4167,L1,6.396246
505,8.4167,L2,15.871687
505,8.4167,L3,16.217906
505,8.4167,L4,19.209861
505,8.4167,L5,0.000000
506,8.4333,L1,10.000432
506,8.4333,L2,19.985699
506,8.4333,L3,20.465284
506,8.4333,L4,9.281060
506,8.4333,L5,0.000000
507,8.4500,L1,6.774791
507,8.4500,L2,18.072523
507,8.4500,L3,17.474759
507,8.4500,L4,13.854540
507,8.4500,L5,0.000000
508,8.4667,L1,7.176695
508,8.4667,L2,14.745764
508,8.4667,L3,21.292729
508,8.4667,L4,16.205499
508,8.4667,L5,0.000000
509,8.4833,L1,11.364450
509,8.4833,L2,17.578690
509,8.4833,L3,15.785021
509,8.4833,L4,12.872201
509,8.4833,L5,0.000000
510,8.5000,L1,6.974057
510,8.5000,L2,17.349155
510,8.5000,L3,22.101173
510,8.5000,L4,13.303333
510,8.5000,L5,0.000000
511,8.5167,L1,10.002225
511,8.5167,L2,15.079380
511,8.5167,L3,19.057130
511,8.5167,L4,12.021900
511,8.5167,L5,0.000000
512,8.5333,L1,6.820643
512,8.5333,L2,21.795132
512,8.5333,L3,20.109241
512,8.5333,L4,9.545426
512,8.5333,L5,0.000000
513,8.5500,L1,10.138547
513,8.5500,L2,13.318465
513,8.5500,L3,19.001205
513,8.5500,L4,16.985726
513,8.5500,L5,0.000000
514,8.5667,L1,6.456548
514,8.5667,L2,21.787516
514,8.5667,L3,19.061380
514,8.5667,L4,10.870133
514,8.5667,L5,0.000000
515,8.5833,L1,6.741550
515,8.5833,L2,14.546057
515,8.5833,L3,21.097389
515,8.5833,L4,16.497967
515,8.5833,L5,0.000000
516,8.6000,L1,9.948277
516,8.6000,L2,18.346895
516,8.6000,L3,17.185945
516,8.6000,L4,11.263299
516,8.6000,L5,0.000000
517,8.6167,L1,6.983540
517,8.6167,L2,23.993661
517,8.6167,L3,21.536289
517,8.6167,L4,6.054570
517,8.6167,L5,0.000000
518,8.6333,L1,7.839811
518,8.6333,L2,15.212798
518,8.6333,L3,16.981579
518,8.6333,L4,17.654318
518,8.6333,L5,0.000000
519,8.6500,L1,6.468108
519,8.6500,L2,13.981248
519,8.6500,L3,24.915110
519,8.6500,L4,14.123284
519,8.6500,L5,0.000000
520,8.6667,L1,9.617827
520,8.6667,L2,18.417274
520,8.6667,L3,16.778863
520,8.6667,L4,12.488157
520,8.6667,L5,0.000000
521,8.6833,L1,9.526672
521,8.6833,L2,14.894629
521,8.6833,L3,21.345246
521,8.6833,L4,11.756500
521,8.6833,L5,0.000000
522,8.7000,L1,6.449050
522,8.7000,L2,24.540012
522,8.7000,L3,19.172900
522,8.7000,L4,9.564723
522,8.7000,L5,0.000000
523,8.7167,L1,6.435633
523,8.7167,L2,19.553026
523,8.7167,L3,18.283307
523,8.7167,L4,13.218334
523,8.7167,L5,0.000000
524,8.7333,L1,9.813828
524,8.7333,L2,16.943054
524,8.7333,L3,17.324271
524,8.7333,L4,13.571565
524,8.7333,L5,0.000000
525,8.7500,L1,6.323214
525,8.7500,L2,14.952100
525,8.7500,L3,21.970243
525,8.7500,L4,15.157502
525,8.7500,L5,0.000000
526,8.7667,L1,9.324391
526,8.7667,L2,21.655326
526,8.7667,L3,16.645279
526,8.7667,L4,10.911601
526,8.7667,L5,0.000000
527,8.7833,L1,9.768639
527,8.7833,L2,15.435229
527,8.7833,L3,19.414451
527,8.7833,L4,13.024921
527,8.7833,L5,0.000000
528,8.8000,L1,6.552760
528,8.8000,L2,22.457234
528,8.8000,L3,18.632292
528,8.8000,L4,8.944167
528,8.8000,L5,0.000000
529,8.8167,L1,8.305264
529,8.8167,L2,12.786022
529,8.8167,L3,22.657144
529,8.8167,L4,16.918175
529,8.8167,L5,0.000000
530,8.8333,L1,9.212871
530,8.8333,L2,21.152144
530,8.8333,L3,13.095315
530,8.8333,L4,13.043307
530,8.8333,L5,0.000000
531,8.8500,L1,7.264056
531,8.8500,L2,16.350154
531,8.8500,L3,22.138390
531,8.8500,L4,13.522291
531,8.8500,L5,0.000000
532,8.8667,L1,14.027582
532,8.8667,L2,14.671704
532,8.8667,L3,16.142718
532,8.8667,L4,12.486065
532,8.8667,L5,0.000000
533,8.8833,L1,7.428104
533,8.8833,L2,17.493947
533,8.8833,L3,19.675246
533,8.8833,L4,13.885830
533,8.8833,L5,0.000000
534,8.9000,L1,9.476998
534,8.9000,L2,16.090936
534,8.9000,L3,15.454569
534,8.9000,L4,15.962608
534,8.9000,L5,0.000000
535,8.9167,L1,7.757826
535,8.9167,L2,17.260223
535,8.9167,L3,18.260004
535,8.9167,L4,15.048856
535,8.9167,L5,0.000000
536,8.9333,L1,10.321677
536,8.9333,L2,19.779906
536,8.9333,L3,18.530895
536,8.9333,L4,11.118445
536,8.9333,L5,0.000000
537,8.9500,L1,5.918571
537,8.9500,L2,20.090388
537,8.9500,L3,21.164454
537,8.9500,L4,9.924609
537,8.9500,L5,0.000000
538,8.9667,L1,9.439613
538,8.9667,L2,13.034469
538,8.9667,L3,18.442883
538,8.9667,L4,17.262138
538,8.9667,L5,0.000000
539,8.9833,L1,6.356387
539,8.9833,L2,20.137791
539,8.9833,L3,19.950328
539,8.9833,L4,12.850863
539,8.9833,L5,0.000000
540,9.0000,L1,10.770463
540,9.0000,L2,19.427722
540,9.0000,L3,16.560463
540,9.0000,L4,10.326094
540,9.0000,L5,0.000000
541,9.0167,L1,5.999870
541,9.0167,L2,14.241488
541,9.0167,L3,22.299152
541,9.0167,L4,16.121407
541,9.0167,L5,0.000000
542,9.0333,L1,8.644782
542,9.0333,L2,18.058252
542,9.0333,L3,19.832391
542,9.0333,L4,12.355296
542,9.0333,L5,0.000000
543,9.0500,L1,11.960765
543,9.0500,L2,17.975876
543,9.0500,L3,14.991182
543,9.0500,L4,13.317236
543,9.0500,L5,0.000000
544,9.0667,L1,7.032970
544,9.0667,L2,15.627031
544,9.0667,L3,19.652652
544,9.0667,L4,14.728743
544,9.0667,L5,0.000000
545,9.0833,L1,12.054332
545,9.0833,L2,22.142520
545,9.0833,L3,14.124066
545,9.0833,L4,9.645752
545,9.0833,L5,0.000000
546,9.1000,L1,7.128128
546,9.1000,L2,14.643891
546,9.1000,L3,18.560182
546,9.1000,L4,17.582246
546,9.1000,L5,0.000000
547,9.1167,L1,6.541625
547,9.1167,L2,17.401123
547,9.1167,L3,18.053577
547,9.1167,L4,14.380651
547,9.1167,L5,0.000000
548,9.1333,L1,10.444623
548,9.1333,L2,17.454487
548,9.1333,L3,20.215364
548,9.1333,L4,12.738157
548,9.1333,L5,0.000000
549,9.1500,L1,8.601626
549,9.1500,L2,14.391746
549,9.1500,L3,19.012708
549,9.1500,L4,14.417406
549,9.1500,L5,0.000000
550,9.1667,L1,10.774688
550,9.1667,L2,22.236604
550,9.1667,L3,13.533023
550,9.1667,L4,13.458797
550,9.1667,L5,0.000000
551,9.1833,L1,8.700805
551,9.1833,L2,14.915529
551,9.1833,L3,20.714966
551,9.1833,L4,10.605949
551,9.1833,L5,0.000000
552,9.2000,L1,9.402896
552,9.2000,L2,19.064971
552,9.2000,L3,17.889782
552,9.2000,L4,15.500580
552,9.2000,L5,0.000000
553,9.2167,L1,6.399751
553,9.2167,L2,12.468881
553,9.2167,L3,22.016771
553,9.2167,L4,16.353126
553,9.2167,L5,0.000000
554,9.2333,L1,9.644427
554,9.2333,L2,18.442521
554,9.2333,L3,16.606645
554,9.2333,L4,11.746772
554,9.2333,L5,0.000000
555,9.2500,L1,9.602590
555,9.2500,L2,20.964045
555,9.2500,L3,18.022170
555,9.2500,L4,11.788196
555,9.2500,L5,0.000000
556,9.2667,L1,6.223089
556,9.2667,L2,15.695156
556,9.2667,L3,21.543495
556,9.2667,L4,13.858498
556,9.2667,L5,0.000000
557,9.2833,L1,8.690993
557,9.2833,L2,21.138279
557,9.2833,L3,17.950683
557,9.2833,L4,11.247052
557,9.2833,L5,0.000000
558,9.3000,L1,6.442014
558,9.3000,L2,15.531727
558,9.3000,L3,20.790296
558,9.3000,L4,15.663610
558,9.3000,L5,0.000000
559,9.3167,L1,9.058049
559,9.3167,L2,17.339844
559,9.3167,L3,20.894855
559,9.3167,L4,10.413311
559,9.3167,L5,0.000000
560,9.3333,L1,10.670419
560,9.3333,L2,14.600657
560,9.3333,L3,16.232417
560,9.3333,L4,16.781452
560,9.3333,L5,0.000000
561,9.3500,L1,6.562611
561,9.3500,L2,19.409230
561,9.3500,L3,17.339827
561,9.3500,L4,12.581316
561,9.3500,L5,0.000000
562,9.3667,L1,10.678360
562,9.3667,L2,20.423888
562,9.3667,L3,17.702135
562,9.3667,L4,10.956484
562,9.3667,L5,0.000000
563,9.3833,L1,7.344346
563,9.3833,L2,19.449736
563,9.3833,L3,18.785240
563,9.3833,L4,13.524971
563,9.3833,L5,0.000000
564,9.4000,L1,9.172841
564,9.4000,L2,18.884845
564,9.4000,L3,13.514232
564,9.4000,L4,16.256825
564,9.4000,L5,0.000000
565,9.4167,L1,8.437627
565,9.4167,L2,14.819605
565,9.4167,L3,21.088680
565,9.4167,L4,13.321378
565,9.4167,L5,0.000000
566,9.4333,L1,9.608078
566,9.4333,L2,19.277066
566,9.4333,L3,15.768759
566,9.4333,L4,13.938276
566,9.4333,L5,0.000000
567,9.4500,L1,6.803472
567,9.4500,L2,14.200861
567,9.4500,L3,21.392472
567,9.4500,L4,15.438587
567,9.4500,L5,0.000000
568,9.4667,L1,10.923095
568,9.4667,L2,15.877747
568,9.4667,L3,17.698532
568,9.4667,L4,13.268704
568,9.4667,L5,0.000000
569,9.4833,L1,9.470067
569,9.4833,L2,19.048091
569,9.4833,L3,19.019091
569,9.4833,L4,10.973966
569,9.4833,L5,0.000000
570,9.5000,L1,11.911586
570,9.5000,L2,15.486481
570,9.5000,L3,19.443664
570,9.5000,L4,11.730723
570,9.5000,L5,0.000000
571,9.5167,L1,6.243540
571,9.5167,L2,19.259005
571,9.5167,L3,14.782787
571,9.5167,L4,16.531380
571,9.5167,L5,0.000000
572,9.5333,L1,9.386081
572,9.5333,L2,14.544339
572,9.5333,L3,16.572787
572,9.5333,L4,17.184808
572,9.5333,L5,0.000000
573,9.5500,L1,8.048587
573,9.5500,L2,19.652591
573,9.5500,L3,18.712538
573,9.5500,L4,12.373193
573,9.5500,L5,0.000000
574,9.5667,L1,9.997873
574,9.5667,L2,17.466561
574,9.5667,L3,12.748446
574,9.5667,L4,19.159497
574,9.5667,L5,0.000000
575,9.5833,L1,6.153504
575,9.5833,L2,14.932116
575,9.5833,L3,21.486791
575,9.5833,L4,14.234823
575,9.5833,L5,0.000000
576,9.6000,L1,9.970813
576,9.6000,L2,23.981249
576,9.6000,L3,16.416348
576,9.6000,L4,8.899334
576,9.6000,L5,0.000000
577,9.6167,L1,7.566835
577,9.6167,L2,12.758402
577,9.6167,L3,20.141937
577,9.6167,L4,16.994637
577,9.6167,L5,0.000000
578,9.6333,L1,10.219453
578,9.6333,L2,19.501304
578,9.6333,L3,13.560159
578,9.6333,L4,14.148889
578,9.6333,L5,0.000000
579,9.6500,L1,7.578292
579,9.6500,L2,16.806573
579,9.6500,L3,20.516822
579,9.6500,L4,12.751242
579,9.6500,L5,0.000000
580,9.6667,L1,14.076987
580,9.6667,L2,17.344076
580,9.6667,L3,16.373021
580,9.6667,L4,11.253097
580,9.6667,L5,0.000000
581,9.6833,L1,8.977983
581,9.6833,L2,19.485775
581,9.6833,L3,21.085960
581,9.6833,L4,9.927098
581,9.6833,L5,0.000000
582,9.7000,L1,7.197646
582,9.7000,L2,15.129564
582,9.7000,L3,17.977133
582,9.7000,L4,16.156155
582,9.7000,L5,0.000000
583,9.7167,L1,9.993392
583,9.7167,L2,23.865037
583,9.7167,L3,14.235865
583,9.7167,L4,11.584588
583,9.7167,L5,0.000000
584,9.7333,L1,7.636101
584,9.7333,L2,14.870010
584,9.7333,L3,20.572630
584,9.7333,L4,15.269983
584,9.7333,L5,0.000000
585,9.7500,L1,10.696817
585,9.7500,L2,16.429024
585,9.7500,L3,14.918496
585,9.7500,L4,15.189491
585,9.7500,L5,0.000000
586,9.7667,L1,5.993788
586,9.7667,L2,14.975001
586,9.7667,L3,25.399287
586,9.7667,L4,13.409541
586,9.7667,L5,0.000000
587,9.7833,L1,7.816558
587,9.7833,L2,13.566943
587,9.7833,L3,18.174132
587,9.7833,L4,15.558912
587,9.7833,L5,0.000000
588,9.8000,L1,13.802483
588,9.8000,L2,18.481457
588,9.8000,L3,18.037428
588,9.8000,L4,10.963329
588,9.8000,L5,0.000000
589,9.8167,L1,8.530964
589,9.8167,L2,13.474761
589,9.8167,L3,20.388506
589,9.8167,L4,14.444740
589,9.8167,L5,0.000000
590,9.8333,L1,6.365095
590,9.8333,L2,14.597609
590,9.8333,L3,15.499958
590,9.8333,L4,20.875216
590,9.8333,L5,0.000000
591,9.8500,L1,11.124933
591,9.8500,L2,22.653810
591,9.8500,L3,12.497009
591,9.8500,L4,12.410948
591,9.8500,L5,0.000000
592,9.8667,L1,10.483824
592,9.8667,L2,15.376486
592,9.8667,L3,20.317845
592,9.8667,L4,8.939980
592,9.8667,L5,0.000000
593,9.8833,L1,8.359268
593,9.8833,L2,11.257528
593,9.8833,L3,22.780899
593,9.8833,L4,17.852263
593,9.8833,L5,0.000000
594,9.9000,L1,10.512612
594,9.9000,L2,22.846662
594,9.9000,L3,17.481462
594,9.9000,L4,8.736164
594,9.9000,L5,0.000000
595,9.9167,L1,6.229926
595,9.9167,L2,14.398180
595,9.9167,L3,20.440252
595,9.9167,L4,18.694635
595,9.9167,L5,0.000000
596,9.9333,L1,11.656309
596,9.9333,L2,15.121139
596,9.9333,L3,18.596934
596,9.9333,L4,12.551174
596,9.9333,L5,0.000000
597,9.9500,L1,6.377572
597,9.9500,L2,19.040521
597,9.9500,L3,20.191296
597,9.9500,L4,12.735971
597,9.9500,L5,0.000000
598,9.9667,L1,8.031602
598,9.9667,L2,13.778519
598,9.9667,L3,17.738690
598,9.9667,L4,18.047239
598,9.9667,L5,0.000000
599,9.9833,L1,11.176014
599,9.9833,L2,13.654852
599,9.9833,L3,15.519385
599,9.9833,L4,18.093850
599,9.9833,L5,0.000000
600,10.0000,L1,9.282627
600,10.0000,L2,19.550299
600,10.0000,L3,20.099634
600,10.0000,L4,7.510121
600,10.0000,L5,0.000000
601,10.0167,L1,8.075557
601,10.0167,L2,13.508613
601,10.0167,L3,21.899285
601,10.0167,L4,15.047619
601,10.0167,L5,0.000000
602,10.0333,L1,9.646057
602,10.0333,L2,18.176509
602,10.0333,L3,15.865924
602,10.0333,L4,16.287422
602,10.0333,L5,0.000000
603,10.0500,L1,6.057246
603,10.0500,L2,14.980825
603,10.0500,L3,23.267356
603,10.0500,L4,13.544631
603,10.0500,L5,0.000000
604,10.0667,L1,11.087432
604,10.0667,L2,19.650472
604,10.0667,L3,12.263010
604,10.0667,L4,15.391136
604,10.0667,L5,0.000000
605,10.0833,L1,6.313260
605,10.0833,L2,12.930199
605,10.0833,L3,20.038009
605,10.0833,L4,17.070080
605,10.0833,L5,0.000000
606,10.1000,L1,9.341660
606,10.1000,L2,21.967822
606,10.1000,L3,16.590074
606,10.1000,L4,11.809817
606,10.1000,L5,0.000000
607,10.1167,L1,6.139292
607,10.1167,L2,10.619560
607,10.1167,L3,21.018599
607,10.1167,L4,18.174838
607,10.1167,L5,0.000000
608,10.1333,L1,9.296127
608,10.1333,L2,19.168707
608,10.1333,L3,21.949221
608,10.1333,L4,9.513639
608,10.1333,L5,0.000000
609,10.1500,L1,9.082677
609,10.1500,L2,15.018516
609,10.1500,L3,15.551339
609,10.1500,L4,18.096502
609,10.1500,L5,0.000000
610,10.1667,L1,6.551746
610,10.1667,L2,18.907887
610,10.1667,L3,22.280305
610,10.1667,L4,10.123670
610,10.1667,L5,0.000000
611,10.1833,L1,8.852709
611,10.1833,L2,19.264428
611,10.1833,L3,14.008509
611,10.1833,L4,16.231000
611,10.1833,L5,0.000000
612,10.2000,L1,8.618131
612,10.2000,L2,15.669532
612,10.2000,L3,17.704625
612,10.2000,L4,15.755384
612,10.2000,L5,0.000000
613,10.2167,L1,9.474010
613,10.2167,L2,14.329521
613,10.2167,L3,19.305175
613,10.2167,L4,16.300995
613,10.2167,L5,0.000000
614,10.2333,L1,5.894270
614,10.2333,L2,21.069520
614,10.2333,L3,21.233239
614,10.2333,L4,10.446937
614,10.2333,L5,0.000000
615,10.2500,L1,9.236435
615,10.2500,L2,16.782339
615,10.2500,L3,14.259825
615,10.2500,L4,17.198926
615,10.2500,L5,0.000000
616,10.2667,L1,6.248965
616,10.2667,L2,14.975159
616,10.2667,L3,21.928487
616,10.2667,L4,15.469658
616,10.2667,L5,0.000000
617,10.2833,L1,9.302991
617,10.2833,L2,19.102484
617,10.2833,L3,14.989581
617,10.2833,L4,15.098738
617,10.2833,L5,0.000000
618,10.3000,L1,10.161277
618,10.3000,L2,13.627474
618,10.3000,L3,18.131695
618,10.3000,L4,16.072462
618,10.3000,L5,0.000000
619,10.3167,L1,6.234339
619,10.3167,L2,17.107956
619,10.3167,L3,18.917291
619,10.3167,L4,15.572867
619,10.3167,L5,0.000000
620,10.3333,L1,9.859992
620,10.3333,L2,15.668371
620,10.3333,L3,15.840160
620,10.3333,L4,16.386915
620,10.3333,L5,0.000000
621,10.3500,L1,10.792119
621,10.3500,L2,18.285638
621,10.3500,L3,11.917014
621,10.3500,L4,16.789391
621,10.3500,L5,0.000000
622,10.3667,L1,5.979965
622,10.3667,L2,19.449465
622,10.3667,L3,21.668624
622,10.3667,L4,11.326323
622,10.3667,L5,0.000000
623,10.3833,L1,9.174017
623,10.3833,L2,16.426283
623,10.3833,L3,14.897574
623,10.3833,L4,16.154417
623,10.3833,L5,0.000000
624,10.4000,L1,6.210523
624,10.4000,L2,15.070912
624,10.4000,L3,20.763466
624,10.4000,L4,16.372276
624,10.4000,L5,0.000000
625,10.4167,L1,10.003536
625,10.4167,L2,18.989237
625,10.4167,L3,16.830774
625,10.4167,L4,13.749736
625,10.4167,L5,0.000000
626,10.4333,L1,8.694353
626,10.4333,L2,18.522719
626,10.4333,L3,18.788871
626,10.4333,L4,12.116941
626,10.4333,L5,0.000000
627,10.4500,L1,5.812943
627,10.4500,L2,18.291696
627,10.4500,L3,17.373511
627,10.4500,L4,15.975286
627,10.4500,L5,0.000000
628,10.4667,L1,9.606058
628,10.4667,L2,18.793635
628,10.4667,L3,16.475176
628,10.4667,L4,14.776100
628,10.4667,L5,0.000000
629,10.4833,L1,5.691225
629,10.4833,L2,16.107874
629,10.4833,L3,21.820632
629,10.4833,L4,13.797656
629,10.4833,L5,0.000000
630,10.5000,L1,9.016150
630,10.5000,L2,16.654100
630,10.5000,L3,19.065799
630,10.5000,L4,11.772299
630,10.5000,L5,0.000000
631,10.5167,L1,9.352011
631,10.5167,L2,13.728149
631,10.5167,L3,16.938041
631,10.5167,L4,18.698354
631,10.5167,L5,0.000000
632,10.5333,L1,8.914139
632,10.5333,L2,19.740656
632,10.5333,L3,20.481929
632,10.5333,L4,10.217529
632,10.5333,L5,0.000000
633,10.5500,L1,9.070192
633,10.5500,L2,15.527453
633,10.5500,L3,18.349787
633,10.5500,L4,15.284420
633,10.5500,L5,0.000000
634,10.5667,L1,8.911472
634,10.5667,L2,17.461645
634,10.5667,L3,15.682705
634,10.5667,L4,14.690856
634,10.5667,L5,0.000000
635,10.5833,L1,6.668818
635,10.5833,L2,17.846980
635,10.5833,L3,22.650862
635,10.5833,L4,12.296625
635,10.5833,L5,0.000000
636,10.6000,L1,11.068544
636,10.6000,L2,12.769759
636,10.6000,L3,12.766875
636,10.6000,L4,21.287317
636,10.6000,L5,0.000000
637,10.6167,L1,6.096673
637,10.6167,L2,21.113387
637,10.6167,L3,18.059187
637,10.6167,L4,13.089073
637,10.6167,L5,0.000000
638,10.6333,L1,10.617016
638,10.6333,L2,17.611413
638,10.6333,L3,16.647240
638,10.6333,L4,12.560411
638,10.6333,L5,0.000000
639,10.6500,L1,6.848931
639,10.6500,L2,15.572556
639,10.6500,L3,20.893833
639,10.6500,L4,16.300268
639,10.6500,L5,0.000000
640,10.6667,L1,9.025435
640,10.6667,L2,18.160255
640,10.6667,L3,16.151390
640,10.6667,L4,13.923171
640,10.6667,L5,0.000000
641,10.6833,L1,9.100322
641,10.6833,L2,16.997526
641,10.6833,L3,18.981459
641,10.6833,L4,14.239231
641,10.6833,L5,0.000000
642,10.7000,L1,5.900410
642,10.7000,L2,17.348654
642,10.7000,L3,18.659911
642,10.7000,L4,14.688857
642,10.7000,L5,0.000000
643,10.7167,L1,9.565311
643,10.7167,L2,15.173576
643,10.7167,L3,14.128506
643,10.7167,L4,19.357666
643,10.7167,L5,0.000000
644,10.7333,L1,6.309935
644,10.7333,L2,18.662350
644,10.7333,L3,20.753767
644,10.7333,L4,12.973058
644,10.7333,L5,0.000000
645,10.7500,L1,9.427057
645,10.7500,L2,17.568643
645,10.7500,L3,18.573652
645,10.7500,L4,13.447583
645,10.7500,L5,0.000000
646,10.7667,L1,7.319519
646,10.7667,L2,14.623783
646,10.7667,L3,17.609694
646,10.7667,L4,18.926035
646,10.7667,L5,0.000000
647,10.7833,L1,10.689864
647,10.7833,L2,17.860080
647,10.7833,L3,15.891145
647,10.7833,L4,11.274339
647,10.7833,L5,0.000000
648,10.8000,L1,6.383440
648,10.8000,L2,15.905970
648,10.8000,L3,18.611367
648,10.8000,L4,19.302034
648,10.8000,L5,0.000000
649,10.8167,L1,9.674469
649,10.8167,L2,16.732647
649,10.8167,L3,14.517608
649,10.8167,L4,16.022538
649,10.8167,L5,0.000000
650,10.8333,L1,5.931627
650,10.8333,L2,15.819948
650,10.8333,L3,20.768444
650,10.8333,L4,14.201538
650,10.8333,L5,0.000000
651,10.8500,L1,9.813926
651,10.8500,L2,16.918104
651,10.8500,L3,22.906244
651,10.8500,L4,9.903635
651,10.8500,L5,0.000000
652,10.8667,L1,7.054968
652,10.8667,L2,14.688932
652,10.8667,L3,16.514810
652,10.8667,L4,19.054563
652,10.8667,L5,0.000000
653,10.8833,L1,9.795141
653,10.8833,L2,18.629953
653,10.8833,L3,14.959196
653,10.8833,L4,15.759667
653,10.8833,L5,0.000000
654,10.9000,L1,6.547241
654,10.9000,L2,12.602177
654,10.9000,L3,21.604353
654,10.9000,L4,17.637057
654,10.9000,L5,0.000000
655,10.9167,L1,10.034809
655,10.9167,L2,21.956257
655,10.9167,L3,16.125447
655,10.9167,L4,9.093781
655,10.9167,L5,0.000000
656,10.9333,L1,5.880706
656,10.9333,L2,15.921488
656,10.9333,L3,20.061763
656,10.9333,L4,15.480811
656,10.9333,L5,0.000000
657,10.9500,L1,10.036817
657,10.9500,L2,18.357946
657,10.9500,L3,20.550682
657,10.9500,L4,11.875785
657,10.9500,L5,0.000000
658,10.9667,L1,6.547280
658,10.9667,L2,15.762875
658,10.9667,L3,15.323713
658,10.9667,L4,19.014622
658,10.9667,L5,0.000000
659,10.9833,L1,10.766350
659,10.9833,L2,19.072913
659,10.9833,L3,11.900161
659,10.9833,L4,16.112454
659,10.9833,L5,0.000000
660,11.0000,L1,5.961170
660,11.0000,L2,16.371534
660,11.0000,L3,21.873906
660,11.0000,L4,13.419022
660,11.0000,L5,0.000000
661,11.0167,L1,9.724023
661,11.0167,L2,18.388025
661,11.0167,L3,13.049108
661,11.0167,L4,18.435083
661,11.0167,L5,0.000000
662,11.0333,L1,6.044306
662,11.0333,L2,19.766888
662,11.0333,L3,19.232181
662,11.0333,L4,11.984062
662,11.0333,L5,0.000000
663,11.0500,L1,8.968045
663,11.0500,L2,17.988884
663,11.0500,L3,18.559619
663,11.0500,L4,14.137503
663,11.0500,L5,0.000000
664,11.0667,L1,6.088535
664,11.0667,L2,14.418623
664,11.0667,L3,16.584414
664,11.0667,L4,20.642681
664,11.0667,L5,0.000000
665,11.0833,L1,8.996678
665,11.0833,L2,23.842493
665,11.0833,L3,19.616501
665,11.0833,L4,5.598410
665,11.0833,L5,0.000000
666,11.1000,L1,6.913149
666,11.1000,L2,12.569991
666,11.1000,L3,15.428759
666,11.1000,L4,22.163417
666,11.1000,L5,0.000000
667,11.1167,L1,9.529931
667,11.1167,L2,16.174246
667,11.1167,L3,14.577981
667,11.1167,L4,19.010927
667,11.1167,L5,0.000000
668,11.1333,L1,6.420052
668,11.1333,L2,17.190068
668,11.1333,L3,21.192869
668,11.1333,L4,12.864545
668,11.1333,L5,0.000000
669,11.1500,L1,9.014202
669,11.1500,L2,17.026540
669,11.1500,L3,14.687704
669,11.1500,L4,18.591636
669,11.1500,L5,0.000000
670,11.1667,L1,5.891452
670,11.1667,L2,18.529866
670,11.1667,L3,19.160007
670,11.1667,L4,14.531654
670,11.1667,L5,0.000000
671,11.1833,L1,9.427502
671,11.1833,L2,14.126117
671,11.1833,L3,12.740573
671,11.1833,L4,18.278716
671,11.1833,L5,0.000000
672,11.2000,L1,7.075028
672,11.2000,L2,20.709879
672,11.2000,L3,21.098946
672,11.2000,L4,11.861078
672,11.2000,L5,0.000000
673,11.2167,L1,9.773021
673,11.2167,L2,16.666679
673,11.2167,L3,16.053200
673,11.2167,L4,16.777569
673,11.2167,L5,0.000000
674,11.2333,L1,5.621413
674,11.2333,L2,14.479130
674,11.2333,L3,17.773965
674,11.2333,L4,20.101167
674,11.2333,L5,0.000000
675,11.2500,L1,9.772891
675,11.2500,L2,19.363956
675,11.2500,L3,16.112097
675,11.2500,L4,12.399586
675,11.2500,L5,0.000000
676,11.2667,L1,5.982192
676,11.2667,L2,12.988608
676,11.2667,L3,21.238177
676,11.2667,L4,16.957662
676,11.2667,L5,0.000000
677,11.2833,L1,9.705859
677,11.2833,L2,22.099958
677,11.2833,L3,16.465568
677,11.2833,L4,9.838371
677,11.2833,L5,0.000000
678,11.3000,L1,6.565940
678,11.3000,L2,13.514123
678,11.3000,L3,22.170736
678,11.3000,L4,15.243552
678,11.3000,L5,0.000000
679,11.3167,L1,9.904541
679,11.3167,L2,19.420240
679,11.3167,L3,12.954698
679,11.3167,L4,14.813742
679,11.3167,L5,0.000000
680,11.3333,L1,6.170066
680,11.3333,L2,13.838020
680,11.3333,L3,23.989589
680,11.3333,L4,17.706530
680,11.3333,L5,0.000000
681,11.3500,L1,8.808493
681,11.3500,L2,19.901462
681,11.3500,L3,16.315978
681,11.3500,L4,12.428864
681,11.3500,L5,0.000000
682,11.3667,L1,7.615150
682,11.3667,L2,15.128302
682,11.3667,L3,20.696464
682,11.3667,L4,14.079693
682,11.3667,L5,0.000000
683,11.3833,L1,6.013018
683,11.3833,L2,11.836691
683,11.3833,L3,14.279785
683,11.3833,L4,25.644748
683,11.3833,L5,0.000000
684,11.4000,L1,9.556621
684,11.4000,L2,19.594852
684,11.4000,L3,19.049090
684,11.4000,L4,10.764844
684,11.4000,L5,0.000000
685,11.4167,L1,9.499567
685,11.4167,L2,13.539034
685,11.4167,L3,15.515018
685,11.4167,L4,19.468057
685,11.4167,L5,0.000000
686,11.4333,L1,5.723072
686,11.4333,L2,19.737852
686,11.4333,L3,21.023939
686,11.4333,L4,12.958430
686,11.4333,L5,0.000000
687,11.4500,L1,9.129941
687,11.4500,L2,20.402176
687,11.4500,L3,14.861798
687,11.4500,L4,13.196201
687,11.4500,L5,0.000000
688,11.4667,L1,5.815118
688,11.4667,L2,10.906385
688,11.4667,L3,19.556524
688,11.4667,L4,20.315413
688,11.4667,L5,0.000000
689,11.4833,L1,9.852688
689,11.4833,L2,15.693731
689,11.4833,L3,14.545464
689,11.4833,L4,17.269048
689,11.4833,L5,0.000000
690,11.5000,L1,6.636915
690,11.5000,L2,24.324588
690,11.5000,L3,16.105691
690,11.5000,L4,11.948205
690,11.5000,L5,0.000000
691,11.5167,L1,6.548860
691,11.5167,L2,15.623172
691,11.5167,L3,23.378127
691,11.5167,L4,13.952207
691,11.5167,L5,0.000000
692,11.5333,L1,10.357221
692,11.5333,L2,18.302474
692,11.5333,L3,11.773305
692,11.5333,L4,18.347290
692,11.5333,L5,0.000000
693,11.5500,L1,7.039416
693,11.5500,L2,12.581517
693,11.5500,L3,22.069437
693,11.5500,L4,15.428936
693,11.5500,L5,0.000000
694,11.5667,L1,6.101971
694,11.5667,L2,15.747097
694,11.5667,L3,19.778348
694,11.5667,L4,16.453877
694,11.5667,L5,0.000000
695,11.5833,L1,9.833149
695,11.5833,L2,16.344421
695,11.5833,L3,11.039020
695,11.5833,L4,21.633684
695,11.5833,L5,0.000000
696,11.6000,L1,7.661745
696,11.6000,L2,16.800324
696,11.6000,L3,17.690049
696,11.6000,L4,15.880925
696,11.6000,L5,0.000000
697,11.6167,L1,8.933695
697,11.6167,L2,16.914166
697,11.6167,L3,21.351868
697,11.6167,L4,11.765616
697,11.6167,L5,0.000000
698,11.6333,L1,6.171021
698,11.6333,L2,17.732842
698,11.6333,L3,15.099267
698,11.6333,L4,18.561307
698,11.6333,L5,0.000000
699,11.6500,L1,6.708488
699,11.6500,L2,14.295603
699,11.6500,L3,19.935851
699,11.6500,L4,17.304703
699,11.6500,L5,0.000000
700,11.6667,L1,10.783918
700,11.6667,L2,16.929841
700,11.6667,L3,15.702149
700,11.6667,L4,15.494439
700,11.6667,L5,0.000000
701,11.6833,L1,5.942670
701,11.6833,L2,20.015920
701,11.6833,L3,20.178862
701,11.6833,L4,8.797617
701,11.6833,L5,0.000000
702,11.7000,L1,7.967733
702,11.7000,L2,14.275012
702,11.7000,L3,17.521189
702,11.7000,L4,21.051836
702,11.7000,L5,0.000000
703,11.7167,L1,6.360429
703,11.7167,L2,15.834197
703,11.7167,L3,15.147787
703,11.7167,L4,18.761982
703,11.7167,L5,0.000000
704,11.7333,L1,10.391325
704,11.7333,L2,17.713182
704,11.7333,L3,16.865029
704,11.7333,L4,14.692904
704,11.7333,L5,0.000000
705,11.7500,L1,7.337772
705,11.7500,L2,18.319642
705,11.7500,L3,18.592835
705,11.7500,L4,14.017372
705,11.7500,L5,0.000000
706,11.7667,L1,6.671487
706,11.7667,L2,12.869534
706,11.7667,L3,20.437062
706,11.7667,L4,17.546914
706,11.7667,L5,0.000000
707,11.7833,L1,9.843913
707,11.7833,L2,19.964634
707,11.7833,L3,15.721607
707,11.7833,L4,14.570573
707,11.7833,L5,0.000000
708,11.8000,L1,6.342937
708,11.8000,L2,16.505060
708,11.8000,L3,20.031681
708,11.8000,L4,15.153770
708,11.8000,L5,0.000000
709,11.8167,L1,9.491258
709,11.8167,L2,17.609704
709,11.8167,L3,16.545794
709,11.8167,L4,12.986689
709,11.8167,L5,0.000000
710,11.8333,L1,9.140752
710,11.8333,L2,15.991908
710,11.8333,L3,16.801892
710,11.8333,L4,18.095024
710,11.8333,L5,0.000000
711,11.8500,L1,6.887668
711,11.8500,L2,21.259604
711,11.8500,L3,19.713809
711,11.8500,L4,9.231167
711,11.8500,L5,0.000000
712,11.8667,L1,6.698990
712,11.8667,L2,15.002830
712,11.8667,L3,20.385372
712,11.8667,L4,16.678365
712,11.8667,L5,0.000000
713,11.8833,L1,7.076983
713,11.8833,L2,14.544050
713,11.8833,L3,20.871305
713,11.8833,L4,15.090953
713,11.8833,L5,0.000000
714,11.9000,L1,6.248106
714,11.9000,L2,13.003435
714,11.9000,L3,17.968256
714,11.9000,L4,21.063500
714,11.9000,L5,0.000000
715,11.9167,L1,10.619254
715,11.9167,L2,16.118782
715,11.9167,L3,13.640202
715,11.9167,L4,17.044296
715,11.9167,L5,0.000000
716,11.9333,L1,6.145092
716,11.9333,L2,17.464902
716,11.9333,L3,24.449610
716,11.9333,L4,10.686514
716,11.9333,L5,0.000000
717,11.9500,L1,7.984136
717,11.9500,L2,15.332201
717,11.9500,L3,15.925009
717,11.9500,L4,19.151293
717,11.9500,L5,0.000000
718,11.9667,L1,9.364627
718,11.9667,L2,17.675515
718,11.9667,L3,15.929383
718,11.9667,L4,16.035571
718,11.9667,L5,0.000000
719,11.9833,L1,8.421581
719,11.9833,L2,20.159501
719,11.9833,L3,20.587841
719,11.9833,L4,8.197095
719,11.9833,L5,0.000000
720,12.0000,L1,7.728922
720,12.0000,L2,10.235282
720,12.0000,L3,15.197581
720,12.0000,L4,25.201049
720,12.0000,L5,0.000000
721,12.0167,L1,9.171840
721,12.0167,L2,22.035157
721,12.0167,L3,19.472459
721,12.0167,L4,8.751385
721,12.0167,L5,0.000000
722,12.0333,L1,6.518945
722,12.0333,L2,17.159661
722,12.0333,L3,17.662616
722,12.0333,L4,14.674317
722,12.0333,L5,0.000000
723,12.0500,L1,6.384865
723,12.0500,L2,14.702286
723,12.0500,L3,20.164892
723,12.0500,L4,17.819559
723,12.0500,L5,0.000000
724,12.0667,L1,11.409600
724,12.0667,L2,18.901215
724,12.0667,L3,15.852841
724,12.0667,L4,12.682755
724,12.0667,L5,0.000000
725,12.0833,L1,8.221207
725,12.0833,L2,11.994659
725,12.0833,L3,19.253190
725,12.0833,L4,17.560381
725,12.0833,L5,0.000000
726,12.1000,L1,8.208465
726,12.1000,L2,15.601090
726,12.1000,L3,21.600088
726,12.1000,L4,12.324605
726,12.1000,L5,0.000000
727,12.1167,L1,9.500326
727,12.1167,L2,22.505885
727,12.1167,L3,14.311699
727,12.1167,L4,13.658311
727,12.1167,L5,0.000000
728,12.1333,L1,7.571778
728,12.1333,L2,14.231500
728,12.1333,L3,21.786938
728,12.1333,L4,13.442167
728,12.1333,L5,0.000000
729,12.1500,L1,8.606403
729,12.1500,L2,11.346052
729,12.1500,L3,16.749115
729,12.1500,L4,19.449208
729,12.1500,L5,0.000000
730,12.1667,L1,10.627018
730,12.1667,L2,18.940958
730,12.1667,L3,15.829969
730,12.1667,L4,16.240435
730,12.1667,L5,0.000000
731,12.1833,L1,6.367001
731,12.1833,L2,16.642199
731,12.1833,L3,22.047973
731,12.1833,L4,11.720660
731,12.1833,L5,0.000000
732,12.2000,L1,10.180952
732,12.2000,L2,15.252689
732,12.2000,L3,12.935598
732,12.2000,L4,20.307589
732,12.2000,L5,0.000000
733,12.2167,L1,8.367609
733,12.2167,L2,16.470872
733,12.2167,L3,15.049098
733,12.2167,L4,16.547375
733,12.2167,L5,0.000000
734,12.2333,L1,6.845637
734,12.2333,L2,14.313184
734,12.2333,L3,20.004097
734,12.2333,L4,18.032092
734,12.2333,L5,0.000000
735,12.2500,L1,9.591612
735,12.2500,L2,20.953194
735,12.2500,L3,17.896396
735,12.2500,L4,9.457186
735,12.2500,L5,0.000000
736,12.2667,L1,9.029667
736,12.2667,L2,13.031465
736,12.2667,L3,18.028361
736,12.2667,L4,17.434191
736,12.2667,L5,0.000000
737,12.2833,L1,10.999968
737,12.2833,L2,13.167858
737,12.2833,L3,15.535348
737,12.2833,L4,19.384169
737,12.2833,L5,0.000000
738,12.3000,L1,6.426619
738,12.3000,L2,13.767291
738,12.3000,L3,21.726357
738,12.3000,L4,15.110428
738,12.3000,L5,0.000000
739,12.3167,L1,6.146460
739,12.3167,L2,18.928845
739,12.3167,L3,20.455355
739,12.3167,L4,13.246452
739,12.3167,L5,0.000000
740,12.3333,L1,6.732817
740,12.3333,L2,13.279172
740,12.3333,L3,18.995787
740,12.3333,L4,19.208942
740,12.3333,L5,0.000000
741,12.3500,L1,9.741934
741,12.3500,L2,17.916452
741,12.3500,L3,13.498634
741,12.3500,L4,17.781831
741,12.3500,L5,0.000000
742,12.3667,L1,7.917370
742,12.3667,L2,14.581818
742,12.3667,L3,21.910610
742,12.3667,L4,13.730841
742,12.3667,L5,0.000000
743,12.3833,L1,9.080855
743,12.3833,L2,16.355468
743,12.3833,L3,14.406858
743,12.3833,L4,17.730710
743,12.3833,L5,0.000000
744,12.4000,L1,5.827260
744,12.4000,L2,18.249678
744,12.4000,L3,20.125642
744,12.4000,L4,13.370824
744,12.4000,L5,0.000000
745,12.4167,L1,10.676276
745,12.4167,L2,13.919926
745,12.4167,L3,16.247444
745,12.4167,L4,18.759639
745,12.4167,L5,0.000000
746,12.4333,L1,6.784150
746,12.4333,L2,19.443979
746,12.4333,L3,14.456377
746,12.4333,L4,17.067027
746,12.4333,L5,0.000000
747,12.4500,L1,5.517063
747,12.4500,L2,17.194699
747,12.4500,L3,20.867537
747,12.4500,L4,13.457848
747,12.4500,L5,0.000000
748,12.4667,L1,5.696323
748,12.4667,L2,12.412453
748,12.4667,L3,18.495014
748,12.4667,L4,20.007167
748,12.4667,L5,0.000000
749,12.4833,L1,11.009961
749,12.4833,L2,19.367163
749,12.4833,L3,13.851408
749,12.4833,L4,16.049185
749,12.4833,L5,0.000000
750,12.5000,L1,5.945560
750,12.5000,L2,12.392749
750,12.5000,L3,18.841807
750,12.5000,L4,20.954484
750,12.5000,L5,0.000000
751,12.5167,L1,9.038197
751,12.5167,L2,19.914055
751,12.5167,L3,17.095082
751,12.5167,L4,13.837386
751,12.5167,L5,0.000000
752,12.5333,L1,6.498833
752,12.5333,L2,17.756672
752,12.5333,L3,19.073861
752,12.5333,L4,12.873377
752,12.5333,L5,0.000000
753,12.5500,L1,10.099658
753,12.5500,L2,14.832856
753,12.5500,L3,16.315119
753,12.5500,L4,17.400656
753,12.5500,L5,0.000000
754,12.5667,L1,5.623608
754,12.5667,L2,20.767840
754,12.5667,L3,18.089753
754,12.5667,L4,14.978321
754,12.5667,L5,0.000000
755,12.5833,L1,6.361229
755,12.5833,L2,15.441366
755,12.5833,L3,17.146176
755,12.5833,L4,18.476355
755,12.5833,L5,0.000000
756,12.6000,L1,11.139059
756,12.6000,L2,12.531910
756,12.6000,L3,12.771959
756,12.6000,L4,20.459672
756,12.6000,L5,0.000000
757,12.6167,L1,5.984336
757,12.6167,L2,18.943270
757,12.6167,L3,28.053390
757,12.6167,L4,7.349722
757,12.6167,L5,0.000000
758,12.6333,L1,8.825632
758,12.6333,L2,14.483560
758,12.6333,L3,11.175011
758,12.6333,L4,22.983362
758,12.6333,L5,0.000000
759,12.6500,L1,7.391711
759,12.6500,L2,21.715307
759,12.6500,L3,19.078974
759,12.6500,L4,9.690678
759,12.6500,L5,0.000000
760,12.6667,L1,6.860118
760,12.6667,L2,13.038637
760,12.6667,L3,16.261006
760,12.6667,L4,21.355548
760,12.6667,L5,0.000000
761,12.6833,L1,10.277392
761,12.6833,L2,17.020562
761,12.6833,L3,19.250144
761,12.6833,L4,11.884906
761,12.6833,L5,0.000000
762,12.7000,L1,5.768082
762,12.7000,L2,14.861678
762,12.7000,L3,19.593689
762,12.7000,L4,18.777961
762,12.7000,L5,0.000000
763,12.7167,L1,10.360948
763,12.7167,L2,17.516435
763,12.7167,L3,15.714078
763,12.7167,L4,14.185203
763,12.7167,L5,0.000000
764,12.7333,L1,6.943058
764,12.7333,L2,17.028884
764,12.7333,L3,15.430623
764,12.7333,L4,18.947453
764,12.7333,L5,0.000000
765,12.7500,L1,5.994082
765,12.7500,L2,15.480813
765,12.7500,L3,20.484709
765,12.7500,L4,16.014412
765,12.7500,L5,0.000000
766,12.7667,L1,8.946761
766,12.7667,L2,17.784193
766,12.7667,L3,15.687745
766,12.7667,L4,15.532654
766,12.7667,L5,0.000000
767,12.7833,L1,6.431870
767,12.7833,L2,15.928296
767,12.7833,L3,19.084901
767,12.7833,L4,15.295574
767,12.7833,L5,0.000000
768,12.8000,L1,9.151434
768,12.8000,L2,18.348937
768,12.8000,L3,18.107053
768,12.8000,L4,15.163968
768,12.8000,L5,0.000000
769,12.8167,L1,7.022266
769,12.8167,L2,14.740425
769,12.8167,L3,17.302192
769,12.8167,L4,17.158124
769,12.8167,L5,0.000000
770,12.8333,L1,7.997993
770,12.8333,L2,13.302945
770,12.8333,L3,16.233407
770,12.8333,L4,20.411274
770,12.8333,L5,0.000000
771,12.8500,L1,9.939067
771,12.8500,L2,20.301869
771,12.8500,L3,12.889400
771,12.8500,L4,17.208505
771,12.8500,L5,0.000000
772,12.8667,L1,6.439922
772,12.8667,L2,11.457941
772,12.8667,L3,21.387965
772,12.8667,L4,18.050746
772,12.8667,L5,0.000000
773,12.8833,L1,9.927548
773,12.8833,L2,18.171489
773,12.8833,L3,16.127976
773,12.8833,L4,13.860156
773,12.8833,L5,0.000000
774,12.9000,L1,6.243241
774,12.9000,L2,14.190444
774,12.9000,L3,20.312937
774,12.9000,L4,17.686273
774,12.9000,L5,0.000000
775,12.9167,L1,10.019979
775,12.9167,L2,16.711085
775,12.9167,L3,13.968755
775,12.9167,L4,17.240119
775,12.9167,L5,0.000000
776,12.9333,L1,6.895932
776,12.9333,L2,14.778455
776,12.9333,L3,21.100827
776,12.9333,L4,15.140960
776,12.9333,L5,0.000000
777,12.9500,L1,6.359486
777,12.9500,L2,13.699677
777,12.9500,L3,17.123742
777,12.9500,L4,21.534500
777,12.9500,L5,0.000000
778,12.9667,L1,11.142655
778,12.9667,L2,19.376328
778,12.9667,L3,18.036351
778,12.9667,L4,8.422192
778,12.9667,L5,0.000000
779,12.9833,L1,6.097545
779,12.9833,L2,14.818737
779,12.9833,L3,25.210866
779,12.9833,L4,12.812347
779,12.9833,L5,0.000000
780,13.0000,L1,5.959276
780,13.0000,L2,11.420580
780,13.0000,L3,14.120907
780,13.0000,L4,25.576287
780,13.0000,L5,0.000000
781,13.0167,L1,10.474138
781,13.0167,L2,20.558710
781,13.0167,L3,18.522736
781,13.0167,L4,9.536962
781,13.0167,L5,0.000000
782,13.0333,L1,9.154314
782,13.0333,L2,15.375266
782,13.0333,L3,16.442603
782,13.0333,L4,17.780047
782,13.0333,L5,0.000000
783,13.0500,L1,6.236398
783,13.0500,L2,17.899493
783,13.0500,L3,15.594977
783,13.0500,L4,17.809123
783,13.0500,L5,0.000000
784,13.0667,L1,5.788814
784,13.0667,L2,14.047139
784,13.0667,L3,22.211358
784,13.0667,L4,15.515491
784,13.0667,L5,0.000000
785,13.0833,L1,9.003694
785,13.0833,L2,19.944707
785,13.0833,L3,14.456221
785,13.0833,L4,16.236736
785,13.0833,L5,0.000000
786,13.1000,L1,6.309056
786,13.1000,L2,13.812108
786,13.1000,L3,18.881972
786,13.1000,L4,17.319125
786,13.1000,L5,0.000000
787,13.1167,L1,9.490654
787,13.1167,L2,20.706958
787,13.1167,L3,16.265700
787,13.1167,L4,12.615902
787,13.1167,L5,0.000000
788,13.1333,L1,6.616568
788,13.1333,L2,14.228871
788,13.1333,L3,21.421139
788,13.1333,L4,16.383043
788,13.1333,L5,0.000000
789,13.1500,L1,8.948105
789,13.1500,L2,14.395098
789,13.1500,L3,15.269087
789,13.1500,L4,19.168270
789,13.1500,L5,0.000000
790,13.1667,L1,6.153822
790,13.1667,L2,15.680268
790,13.1667,L3,14.031087
790,13.1667,L4,20.802149
790,13.1667,L5,0.000000
791,13.1833,L1,5.814243
791,13.1833,L2,13.317134
791,13.1833,L3,20.427960
791,13.1833,L4,19.891176
791,13.1833,L5,0.000000
792,13.2000,L1,9.617186
792,13.2000,L2,20.273905
792,13.2000,L3,18.089653
792,13.2000,L4,10.191944
792,13.2000,L5,0.000000
793,13.2167,L1,5.555679
793,13.2167,L2,15.154547
793,13.2167,L3,17.741452
793,13.2167,L4,18.977317
793,13.2167,L5,0.000000
794,13.2333,L1,9.644376
794,13.2333,L2,20.090379
794,13.2333,L3,12.079113
794,13.2333,L4,17.640341
794,13.2333,L5,0.000000
795,13.2500,L1,6.338275
795,13.2500,L2,14.745518
795,13.2500,L3,24.635953
795,13.2500,L4,12.120610
795,13.2500,L5,0.000000
796,13.2667,L1,6.525759
796,13.2667,L2,10.395498
796,13.2667,L3,12.325928
796,13.2667,L4,27.143617
796,13.2667,L5,0.000000
797,13.2833,L1,9.690098
797,13.2833,L2,22.336023
797,13.2833,L3,15.673119
797,13.2833,L4,11.802924
797,13.2833,L5,0.000000
798,13.3000,L1,8.168965
798,13.3000,L2,11.509679
798,13.3000,L3,16.918997
798,13.3000,L4,19.227201
798,13.3000,L5,0.000000
799,13.3167,L1,11.243482
799,13.3167,L2,17.140416
799,13.3167,L3,13.454148
799,13.3167,L4,17.007296
799,13.3167,L5,0.000000
800,13.3333,L1,6.803221
800,13.3333,L2,16.443573
800,13.3333,L3,23.088770
800,13.3333,L4,13.029242
800,13.3333,L5,0.000000
801,13.3500,L1,9.668721
801,13.3500,L2,15.628490
801,13.3500,L3,14.290357
801,13.3500,L4,19.251244
801,13.3500,L5,0.000000
802,13.3667,L1,6.919255
802,13.3667,L2,15.338244
802,13.3667,L3,19.995797
802,13.3667,L4,14.413249
802,13.3667,L5,0.000000
803,13.3833,L1,10.692006
803,13.3833,L2,15.597922
803,13.3833,L3,15.584349
803,13.3833,L4,18.651000
803,13.3833,L5,0.000000
804,13.4000,L1,5.717652
804,13.4000,L2,19.083146
804,13.4000,L3,14.427125
804,13.4000,L4,17.561887
804,13.4000,L5,0.000000
805,13.4167,L1,6.361658
805,13.4167,L2,12.934696
805,13.4167,L3,23.199244
805,13.4167,L4,15.747775
805,13.4167,L5,0.000000
806,13.4333,L1,9.091953
806,13.4333,L2,15.706146
806,13.4333,L3,16.403630
806,13.4333,L4,17.883865
806,13.4333,L5,0.000000
807,13.4500,L1,6.119659
807,13.4500,L2,16.226762
807,13.4500,L3,21.780997
807,13.4500,L4,14.373581
807,13.4500,L5,0.000000
808,13.4667,L1,9.542216
808,13.4667,L2,14.145970
808,13.4667,L3,14.709867
808,13.4667,L4,19.708021
808,13.4667,L5,0.000000
809,13.4833,L1,6.007903
809,13.4833,L2,19.358078
809,13.4833,L3,17.322025
809,13.4833,L4,13.977701
809,13.4833,L5,0.000000
810,13.5000,L1,5.570215
810,13.5000,L2,18.018793
810,13.5000,L3,14.935092
810,13.5000,L4,19.945005
810,13.5000,L5,0.000000
811,13.5167,L1,9.171001
811,13.5167,L2,17.407439
811,13.5167,L3,14.547570
811,13.5167,L4,16.846049
811,13.5167,L5,0.000000
812,13.5333,L1,6.949854
812,13.5333,L2,16.067116
812,13.5333,L3,18.768221
812,13.5333,L4,17.542168
812,13.5333,L5,0.000000
813,13.5500,L1,9.112021
813,13.5500,L2,16.041646
813,13.5500,L3,14.390219
813,13.5500,L4,18.431355
813,13.5500,L5,0.000000
814,13.5667,L1,6.087867
814,13.5667,L2,20.088663
814,13.5667,L3,19.313661
814,13.5667,L4,12.342020
814,13.5667,L5,0.000000
815,13.5833,L1,7.110420
815,13.5833,L2,12.195763
815,13.5833,L3,17.620449
815,13.5833,L4,18.933483
815,13.5833,L5,0.000000
816,13.6000,L1,9.125991
816,13.6000,L2,16.263093
816,13.6000,L3,17.556194
816,13.6000,L4,17.391429
816,13.6000,L5,0.000000
817,13.6167,L1,6.404724
817,13.6167,L2,19.069518
817,13.6167,L3,16.180770
817,13.6167,L4,17.034065
817,13.6167,L5,0.000000
818,13.6333,L1,7.237087
818,13.6333,L2,13.139198
818,13.6333,L3,17.439042
818,13.6333,L4,18.763516
818,13.6333,L5,0.000000
819,13.6500,L1,9.727728
819,13.6500,L2,14.077103
819,13.6500,L3,14.272580
819,13.6500,L4,20.649151
819,13.6500,L5,0.000000
820,13.6667,L1,5.997716
820,13.6667,L2,18.746574
820,13.6667,L3,15.798503
820,13.6667,L4,17.246976
820,13.6667,L5,0.000000
821,13.6833,L1,7.581249
821,13.6833,L2,15.468719
821,13.6833,L3,21.308589
821,13.6833,L4,13.266517
821,13.6833,L5,0.000000
822,13.7000,L1,9.143551
822,13.7000,L2,15.027298
822,13.7000,L3,13.509064
822,13.7000,L4,20.760106
822,13.7000,L5,0.000000
823,13.7167,L1,6.035781
823,13.7167,L2,17.663840
823,13.7167,L3,22.928874
823,13.7167,L4,13.205556
823,13.7167,L5,0.000000
824,13.7333,L1,8.938581
824,13.7333,L2,17.877889
824,13.7333,L3,14.168916
824,13.7333,L4,16.779783
824,13.7333,L5,0.000000
825,13.7500,L1,5.912618
825,13.7500,L2,13.667391
825,13.7500,L3,22.006282
825,13.7500,L4,15.550915
825,13.7500,L5,0.000000
826,13.7667,L1,9.292955
826,13.7667,L2,17.211769
826,13.7667,L3,14.048832
826,13.7667,L4,17.631180
826,13.7667,L5,0.000000
827,13.7833,L1,6.027607
827,13.7833,L2,14.652429
827,13.7833,L3,19.324052
827,13.7833,L4,16.933507
827,13.7833,L5,0.000000
828,13.8000,L1,8.965652
828,13.8000,L2,14.826997
828,13.8000,L3,15.453027
828,13.8000,L4,19.878226
828,13.8000,L5,0.000000
829,13.8167,L1,5.536955
829,13.8167,L2,14.128162
829,13.8167,L3,21.253766
829,13.8167,L4,18.159280
829,13.8167,L5,0.000000
830,13.8333,L1,9.502503
830,13.8333,L2,19.309978
830,13.8333,L3,14.854657
830,13.8333,L4,13.657862
830,13.8333,L5,0.000000
831,13.8500,L1,5.799561
831,13.8500,L2,15.155516
831,13.8500,L3,20.529308
831,13.8500,L4,14.568718
831,13.8500,L5,0.000000
832,13.8667,L1,9.253457
832,13.8667,L2,16.731622
832,13.8667,L3,11.987362
832,13.8667,L4,21.682848
832,13.8667,L5,0.000000
833,13.8833,L1,6.490924
833,13.8833,L2,13.502196
833,13.8833,L3,20.891643
833,13.8833,L4,18.497330
833,13.8833,L5,0.000000
834,13.9000,L1,8.939360
834,13.9000,L2,19.350809
834,13.9000,L3,17.004340
834,13.9000,L4,11.899653
834,13.9000,L5,0.000000
835,13.9167,L1,5.895505
835,13.9167,L2,13.648619
835,13.9167,L3,16.473412
835,13.9167,L4,21.791503
835,13.9167,L5,0.000000
836,13.9333,L1,8.478010
836,13.9333,L2,20.791713
836,13.9333,L3,20.585665
836,13.9333,L4,9.670780
836,13.9333,L5,0.000000
837,13.9500,L1,6.583934
837,13.9500,L2,14.217799
837,13.9500,L3,15.111906
837,13.9500,L4,21.449646
837,13.9500,L5,0.000000
838,13.9667,L1,8.840615
838,13.9667,L2,19.697190
838,13.9667,L3,17.099562
838,13.9667,L4,13.271726
838,13.9667,L5,0.000000
839,13.9833,L1,8.481538
839,13.9833,L2,10.820944
839,13.9833,L3,16.607194
839,13.9833,L4,21.562789
839,13.9833,L5,0.000000
840,14.0000,L1,5.666457
840,14.0000,L2,20.257207
840,14.0000,L3,23.208092
840,14.0000,L4,8.757091
840,14.0000,L5,0.000000
841,14.0167,L1,8.985777
841,14.0167,L2,13.024964
841,14.0167,L3,13.214071
841,14.0167,L4,23.279893
841,14.0167,L5,0.000000
842,14.0333,L1,6.577095
842,14.0333,L2,20.645780
842,14.0333,L3,20.699876
842,14.0333,L4,8.464770
842,14.0333,L5,0.000000
843,14.0500,L1,5.860114
843,14.0500,L2,14.066363
843,14.0500,L3,16.124258
843,14.0500,L4,22.257463
843,14.0500,L5,0.000000
844,14.0667,L1,9.636235
844,14.0667,L2,17.739564
844,14.0667,L3,14.482915
844,14.0667,L4,16.852164
844,14.0667,L5,0.000000
845,14.0833,L1,9.245344
845,14.0833,L2,12.046837
845,14.0833,L3,21.143171
845,14.0833,L4,16.900453
845,14.0833,L5,0.000000
846,14.1000,L1,5.945966
846,14.1000,L2,21.479421
846,14.1000,L3,20.167819
846,14.1000,L4,10.494558
846,14.1000,L5,0.000000
847,14.1167,L1,9.452151
847,14.1167,L2,11.439201
847,14.1167,L3,13.928154
847,14.1167,L4,23.287783
847,14.1167,L5,0.000000
848,14.1333,L1,6.488311
848,14.1333,L2,19.344656
848,14.1333,L3,19.985504
848,14.1333,L4,12.264971
848,14.1333,L5,0.000000
849,14.1500,L1,5.769716
849,14.1500,L2,15.351778
849,14.1500,L3,16.292091
849,14.1500,L4,18.399207
849,14.1500,L5,0.000000
850,14.1667,L1,9.076890
850,14.1667,L2,19.481244
850,14.1667,L3,17.085515
850,14.1667,L4,14.877272
850,14.1667,L5,0.000000
851,14.1833,L1,5.866448
851,14.1833,L2,13.943811
851,14.1833,L3,20.326304
851,14.1833,L4,16.344254
851,14.1833,L5,0.000000
852,14.2000,L1,9.144264
852,14.2000,L2,17.184940
852,14.2000,L3,11.934248
852,14.2000,L4,20.664862
852,14.2000,L5,0.000000
853,14.2167,L1,6.011892
853,14.2167,L2,12.676197
853,14.2167,L3,21.465247
853,14.2167,L4,17.290921
853,14.2167,L5,0.000000
854,14.2333,L1,9.098341
854,14.2333,L2,18.014394
854,14.2333,L3,18.870344
854,14.2333,L4,12.843516
854,14.2333,L5,0.000000
855,14.2500,L1,6.075269
855,14.2500,L2,14.408716
855,14.2500,L3,18.033714
855,14.2500,L4,17.430946
855,14.2500,L5,0.000000
856,14.2667,L1,9.204348
856,14.2667,L2,18.540162
856,14.2667,L3,15.400173
856,14.2667,L4,15.200287
856,14.2667,L5,0.000000
857,14.2833,L1,9.034628
857,14.2833,L2,15.356865
857,14.2833,L3,19.733942
857,14.2833,L4,14.491712
857,14.2833,L5,0.000000
858,14.3000,L1,6.278617
858,14.3000,L2,19.805782
858,14.3000,L3,20.015130
858,14.3000,L4,13.779206
858,14.3000,L5,0.000000
859,14.3167,L1,8.780927
859,14.3167,L2,14.066725
859,14.3167,L3,13.440155
859,14.3167,L4,20.651665
859,14.3167,L5,0.000000
860,14.3333,L1,5.982905
860,14.3333,L2,17.813098
860,14.3333,L3,16.778543
860,14.3333,L4,17.957653
860,14.3333,L5,0.000000
861,14.3500,L1,9.407790
861,14.3500,L2,14.693865
861,14.3500,L3,17.824148
861,14.3500,L4,15.227713
861,14.3500,L5,0.000000
862,14.3667,L1,6.580909
862,14.3667,L2,16.704316
862,14.3667,L3,17.433879
862,14.3667,L4,16.781558
862,14.3667,L5,0.000000
863,14.3833,L1,9.037421
863,14.3833,L2,12.653450
863,14.3833,L3,15.860943
863,14.3833,L4,21.938659
863,14.3833,L5,0.000000
864,14.4000,L1,5.855018
864,14.4000,L2,23.725728
864,14.4000,L3,17.298724
864,14.4000,L4,11.580193
864,14.4000,L5,0.000000
865,14.4167,L1,5.470821
865,14.4167,L2,10.894226
865,14.4167,L3,17.731990
865,14.4167,L4,24.544795
865,14.4167,L5,0.000000
866,14.4333,L1,9.149027
866,14.4333,L2,17.919146
866,14.4333,L3,15.217586
866,14.4333,L4,14.887316
866,14.4333,L5,0.000000
867,14.4500,L1,5.395801
867,14.4500,L2,14.145777
867,14.4500,L3,18.404045
867,14.4500,L4,19.310211
867,14.4500,L5,0.000000
868,14.4667,L1,9.033271
868,14.4667,L2,20.387409
868,14.4667,L3,15.235034
868,14.4667,L4,15.035683
868,14.4667,L5,0.000000
869,14.4833,L1,5.533510
869,14.4833,L2,12.020364
869,14.4833,L3,19.895827
869,14.4833,L4,17.870474
869,14.4833,L5,0.000000
870,14.5000,L1,9.274190
870,14.5000,L2,17.207210
870,14.5000,L3,11.883356
870,14.5000,L4,20.264284
870,14.5000,L5,0.000000
871,14.5167,L1,5.781997
871,14.5167,L2,14.690867
871,14.5167,L3,22.684862
871,14.5167,L4,16.824198
871,14.5167,L5,0.000000
872,14.5333,L1,8.703618
872,14.5333,L2,15.058834
872,14.5333,L3,15.631551
872,14.5333,L4,18.108225
872,14.5333,L5,0.000000
873,14.5500,L1,5.573317
873,14.5500,L2,18.029211
873,14.5500,L3,21.854104
873,14.5500,L4,12.841104
873,14.5500,L5,0.000000
874,14.5667,L1,5.341513
874,14.5667,L2,11.896328
874,14.5667,L3,14.985587
874,14.5667,L4,25.212037
874,14.5667,L5,0.000000
875,14.5833,L1,11.069533
875,14.5833,L2,17.070669
875,14.5833,L3,16.588435
875,14.5833,L4,12.507139
875,14.5833,L5,0.000000
876,14.6000,L1,5.658405
876,14.6000,L2,17.932318
876,14.6000,L3,16.552771
876,14.6000,L4,17.080423
876,14.6000,L5,0.000000
877,14.6167,L1,8.604495
877,14.6167,L2,12.658517
877,14.6167,L3,16.942636
877,14.6167,L4,19.969427
877,14.6167,L5,0.000000
878,14.6333,L1,5.691113
878,14.6333,L2,17.059452
878,14.6333,L3,11.452825
878,14.6333,L4,23.142636
878,14.6333,L5,0.000000
879,14.6500,L1,5.522838
879,14.6500,L2,16.596719
879,14.6500,L3,21.980482
879,14.6500,L4,15.533641
879,14.6500,L5,0.000000
880,14.6667,L1,8.353144
880,14.6667,L2,15.171107
880,14.6667,L3,14.227411
880,14.6667,L4,19.262461
880,14.6667,L5,0.000000
881,14.6833,L1,5.855258
881,14.6833,L2,14.368174
881,14.6833,L3,19.607279
881,14.6833,L4,19.726355
881,14.6833,L5,0.000000
882,14.7000,L1,6.028101
882,14.7000,L2,11.957690
882,14.7000,L3,17.308151
882,14.7000,L4,20.972129
882,14.7000,L5,0.000000
883,14.7167,L1,8.173489
883,14.7167,L2,19.720938
883,14.7167,L3,21.782777
883,14.7167,L4,8.399549
883,14.7167,L5,0.000000
884,14.7333,L1,6.111037
884,14.7333,L2,13.751769
884,14.7333,L3,13.592350
884,14.7333,L4,25.606861
884,14.7333,L5,0.000000
885,14.7500,L1,11.977458
885,14.7500,L2,21.126679
885,14.7500,L3,23.145011
885,14.7500,L4,1.884846
885,14.7500,L5,0.000000
886,14.7667,L1,5.700638
886,14.7667,L2,14.978557
886,14.7667,L3,19.555450
886,14.7667,L4,18.282361
886,14.7667,L5,0.000000
887,14.7833,L1,8.522860
887,14.7833,L2,18.882324
887,14.7833,L3,15.529241
887,14.7833,L4,14.195428
887,14.7833,L5,0.000000
888,14.8000,L1,5.611319
888,14.8000,L2,11.973910
888,14.8000,L3,18.677546
888,14.8000,L4,20.954279
888,14.8000,L5,0.000000
889,14.8167,L1,9.632664
889,14.8167,L2,16.549031
889,14.8167,L3,16.119324
889,14.8167,L4,18.318619
889,14.8167,L5,0.000000
890,14.8333,L1,6.370158
890,14.8333,L2,12.319096
890,14.8333,L3,19.411399
890,14.8333,L4,19.725536
890,14.8333,L5,0.000000
891,14.8500,L1,9.745379
891,14.8500,L2,14.697325
891,14.8500,L3,11.978634
891,14.8500,L4,20.406389
891,14.8500,L5,0.000000
892,14.8667,L1,5.405239
892,14.8667,L2,17.988430
892,14.8667,L3,19.890850
892,14.8667,L4,15.886733
892,14.8667,L5,0.000000
893,14.8833,L1,9.238016
893,14.8833,L2,14.651526
893,14.8833,L3,13.883731
893,14.8833,L4,19.320485
893,14.8833,L5,0.000000
894,14.9000,L1,5.832859
894,14.9000,L2,13.639005
894,14.9000,L3,20.151560
894,14.9000,L4,19.136247
894,14.9000,L5,0.000000
895,14.9167,L1,8.974125
895,14.9167,L2,15.978299
895,14.9167,L3,16.292527
895,14.9167,L4,15.322269
895,14.9167,L5,0.000000
896,14.9333,L1,5.629221
896,14.9333,L2,17.001900
896,14.9333,L3,20.516676
896,14.9333,L4,14.962250
896,14.9333,L5,0.000000
897,14.9500,L1,8.914010
897,14.9500,L2,19.423041
897,14.9500,L3,14.360909
897,14.9500,L4,17.297620
897,14.9500,L5,0.000000
898,14.9667,L1,5.911784
898,14.9667,L2,14.050679
898,14.9667,L3,19.127156
898,14.9667,L4,17.272202
898,14.9667,L5,0.000000
899,14.9833,L1,8.446050
899,14.9833,L2,15.245208
899,14.9833,L3,13.534566
899,14.9833,L4,22.163760
899,14.9833,L5,0.000000
900,15.0000,L1,5.504724
900,15.0000,L2,14.399057
900,15.0000,L3,20.150976
900,15.0000,L4,16.189597
900,15.0000,L5,0.000000
901,15.0167,L1,8.719676
901,15.0167,L2,18.386920
901,15.0167,L3,15.420196
901,15.0167,L4,17.116941
901,15.0167,L5,0.000000
902,15.0333,L1,5.451253
902,15.0333,L2,10.965823
902,15.0333,L3,19.584405
902,15.0333,L4,21.753843
902,15.0333,L5,0.000000
903,15.0500,L1,9.009856
903,15.0500,L2,18.658618
903,15.0500,L3,19.446923
903,15.0500,L4,11.173122
903,15.0500,L5,0.000000
904,15.0667,L1,8.887318
904,15.0667,L2,17.165848
904,15.0667,L3,14.379396
904,15.0667,L4,17.936694
904,15.0667,L5,0.000000
905,15.0833,L1,5.707229
905,15.0833,L2,14.372665
905,15.0833,L3,21.262938
905,15.0833,L4,16.228985
905,15.0833,L5,0.000000
906,15.1000,L1,9.332918
906,15.1000,L2,16.930904
906,15.1000,L3,12.024579
906,15.1000,L4,18.753203
906,15.1000,L5,0.000000
907,15.1167,L1,5.662794
907,15.1167,L2,13.329644
907,15.1167,L3,21.739471
907,15.1167,L4,16.222467
907,15.1167,L5,0.000000
908,15.1333,L1,8.720408
908,15.1333,L2,17.120070
908,15.1333,L3,19.184784
908,15.1333,L4,15.857261
908,15.1333,L5,0.000000
909,15.1500,L1,6.326993
909,15.1500,L2,13.606523
909,15.1500,L3,16.599693
909,15.1500,L4,21.574873
909,15.1500,L5,0.000000
910,15.1667,L1,8.356956
910,15.1667,L2,17.613652
910,15.1667,L3,17.620370
910,15.1667,L4,12.879552
910,15.1667,L5,0.000000
911,15.1833,L1,8.807214
911,15.1833,L2,12.369532
911,15.1833,L3,18.386772
911,15.1833,L4,18.864482
911,15.1833,L5,0.000000
912,15.2000,L1,5.780234
912,15.2000,L2,18.683695
912,15.2000,L3,16.930292
912,15.2000,L4,16.595932
912,15.2000,L5,0.000000
913,15.2167,L1,8.329706
913,15.2167,L2,16.619587
913,15.2167,L3,15.441923
913,15.2167,L4,18.541683
913,15.2167,L5,0.000000
914,15.2333,L1,5.450021
914,15.2333,L2,13.764230
914,15.2333,L3,20.672124
914,15.2333,L4,16.863071
914,15.2333,L5,0.000000
915,15.2500,L1,8.585562
915,15.2500,L2,16.505248
915,15.2500,L3,17.351464
915,15.2500,L4,16.960240
915,15.2500,L5,0.000000
916,15.2667,L1,9.255742
916,15.2667,L2,13.176380
916,15.2667,L3,15.130075
916,15.2667,L4,20.198739
916,15.2667,L5,0.000000
917,15.2833,L1,5.876748
917,15.2833,L2,16.934505
917,15.2833,L3,22.499444
917,15.2833,L4,12.905260
917,15.2833,L5,0.000000
918,15.3000,L1,8.871241
918,15.3000,L2,13.510873
918,15.3000,L3,13.198463
918,15.3000,L4,22.869967
918,15.3000,L5,0.000000
919,15.3167,L1,6.289241
919,15.3167,L2,17.987821
919,15.3167,L3,16.209939
919,15.3167,L4,16.464735
919,15.3167,L5,0.000000
920,15.3333,L1,5.894294
920,15.3333,L2,13.566040
920,15.3333,L3,19.457533
920,15.3333,L4,18.500967
920,15.3333,L5,0.000000
921,15.3500,L1,8.414893
921,15.3500,L2,17.525424
921,15.3500,L3,18.590689
921,15.3500,L4,13.567953
921,15.3500,L5,0.000000
922,15.3667,L1,8.321661
922,15.3667,L2,13.511116
922,15.3667,L3,17.578830
922,15.3667,L4,20.197887
922,15.3667,L5,0.000000
923,15.3833,L1,5.656845
923,15.3833,L2,17.684788
923,15.3833,L3,21.033125
923,15.3833,L4,12.161742
923,15.3833,L5,0.000000
924,15.4000,L1,8.276895
924,15.4000,L2,17.531968
924,15.4000,L3,14.325605
924,15.4000,L4,19.472925
924,15.4000,L5,0.000000
925,15.4167,L1,5.924322
925,15.4167,L2,13.776384
925,15.4167,L3,19.019248
925,15.4167,L4,19.470027
925,15.4167,L5,0.000000
926,15.4333,L1,8.059699
926,15.4333,L2,18.172292
926,15.4333,L3,15.000075
926,15.4333,L4,15.735586
926,15.4333,L5,0.000000
927,15.4500,L1,5.648873
927,15.4500,L2,12.942624
927,15.4500,L3,19.235643
927,15.4500,L4,19.572101
927,15.4500,L5,0.000000
928,15.4667,L1,8.786150
928,15.4667,L2,18.708259
928,15.4667,L3,16.036483
928,15.4667,L4,16.033361
928,15.4667,L5,0.000000
929,15.4833,L1,6.190182
929,15.4833,L2,12.358780
929,15.4833,L3,17.742794
929,15.4833,L4,19.801115
929,15.4833,L5,0.000000
930,15.5000,L1,9.237173
930,15.5000,L2,20.726086
930,15.5000,L3,13.419098
930,15.5000,L4,16.883935
930,15.5000,L5,0.000000
931,15.5167,L1,5.526737
931,15.5167,L2,11.392675
931,15.5167,L3,20.585120
931,15.5167,L4,19.276959
931,15.5167,L5,0.000000
932,15.5333,L1,8.668428
932,15.5333,L2,16.877015
932,15.5333,L3,14.658796
932,15.5333,L4,16.698261
932,15.5333,L5,0.000000
933,15.5500,L1,5.751915
933,15.5500,L2,17.376258
933,15.5500,L3,18.576289
933,15.5500,L4,18.878227
933,15.5500,L5,0.000000
934,15.5667,L1,8.481104
934,15.5667,L2,18.076666
934,15.5667,L3,16.345420
934,15.5667,L4,15.044677
934,15.5667,L5,0.000000
935,15.5833,L1,5.918831
935,15.5833,L2,12.949563
935,15.5833,L3,20.063660
935,15.5833,L4,19.007096
935,15.5833,L5,0.000000
936,15.6000,L1,5.632773
936,15.6000,L2,15.149693
936,15.6000,L3,15.980536
936,15.6000,L4,21.077265
936,15.6000,L5,0.000000
937,15.6167,L1,8.835277
937,15.6167,L2,16.575487
937,15.6167,L3,18.017332
937,15.6167,L4,14.709825
937,15.6167,L5,0.000000
938,15.6333,L1,8.784342
938,15.6333,L2,16.364164
938,15.6333,L3,14.976600
938,15.6333,L4,17.897654
938,15.6333,L5,0.000000
939,15.6500,L1,5.558324
939,15.6500,L2,14.707151
939,15.6500,L3,20.974752
939,15.6500,L4,16.017857
939,15.6500,L5,0.000000
940,15.6667,L1,9.213420
940,15.6667,L2,13.221136
940,15.6667,L3,15.206692
940,15.6667,L4,21.181927
940,15.6667,L5,0.000000
941,15.6833,L1,5.672691
941,15.6833,L2,19.291630
941,15.6833,L3,18.232515
941,15.6833,L4,14.793453
941,15.6833,L5,0.000000
942,15.7000,L1,8.739561
942,15.7000,L2,16.454958
942,15.7000,L3,16.244564
942,15.7000,L4,17.114671
942,15.7000,L5,0.000000
943,15.7167,L1,5.793860
943,15.7167,L2,13.379219
943,15.7167,L3,20.849098
943,15.7167,L4,16.501136
943,15.7167,L5,0.000000
944,15.7333,L1,8.145025
944,15.7333,L2,16.701885
944,15.7333,L3,12.797461
944,15.7333,L4,21.050888
944,15.7333,L5,0.000000
945,15.7500,L1,5.782361
945,15.7500,L2,13.189203
945,15.7500,L3,17.858647
945,15.7500,L4,21.535562
945,15.7500,L5,0.000000
946,15.7667,L1,8.306234
946,15.7667,L2,17.325706
946,15.7667,L3,20.056783
946,15.7667,L4,11.835308
946,15.7667,L5,0.000000
947,15.7833,L1,8.887911
947,15.7833,L2,18.801487
947,15.7833,L3,16.021642
947,15.7833,L4,14.043231
947,15.7833,L5,0.000000
948,15.8000,L1,5.706307
948,15.8000,L2,8.972140
948,15.8000,L3,24.000534
948,15.8000,L4,18.979299
948,15.8000,L5,0.000000
949,15.8167,L1,6.514035
949,15.8167,L2,14.529128
949,15.8167,L3,15.817326
949,15.8167,L4,21.558159
949,15.8167,L5,0.000000
950,15.8333,L1,8.564059
950,15.8333,L2,19.932580
950,15.8333,L3,12.498567
950,15.8333,L4,17.732780
950,15.8333,L5,0.000000
951,15.8500,L1,5.822141
951,15.8500,L2,12.946919
951,15.8500,L3,20.524150
951,15.8500,L4,18.593428
951,15.8500,L5,0.000000
952,15.8667,L1,8.440951
952,15.8667,L2,15.539246
952,15.8667,L3,14.732403
952,15.8667,L4,19.752449
952,15.8667,L5,0.000000
953,15.8833,L1,5.632136
953,15.8833,L2,14.352740
953,15.8833,L3,19.669854
953,15.8833,L4,17.875668
953,15.8833,L5,0.000000
954,15.9000,L1,8.352940
954,15.9000,L2,15.355149
954,15.9000,L3,14.126255
954,15.9000,L4,19.901588
954,15.9000,L5,0.000000
955,15.9167,L1,5.662124
955,15.9167,L2,16.942522
955,15.9167,L3,20.510522
955,15.9167,L4,15.118613
955,15.9167,L5,0.000000
956,15.9333,L1,9.257295
956,15.9333,L2,15.888744
956,15.9333,L3,15.713824
956,15.9333,L4,17.113405
956,15.9333,L5,0.000000
957,15.9500,L1,5.615814
957,15.9500,L2,15.480679
957,15.9500,L3,18.824894
957,15.9500,L4,17.772517
957,15.9500,L5,0.000000
958,15.9667,L1,8.015863
958,15.9667,L2,19.320376
958,15.9667,L3,16.083947
958,15.9667,L4,14.056033
958,15.9667,L5,0.000000
959,15.9833,L1,5.549548
959,15.9833,L2,14.019254
959,15.9833,L3,21.213149
959,15.9833,L4,19.548674
959,15.9833,L5,0.000000
960,16.0000,L1,7.925528
960,16.0000,L2,18.654741
960,16.0000,L3,18.575545
960,16.0000,L4,12.547151
960,16.0000,L5,0.000000
961,16.0167,L1,8.613296
961,16.0167,L2,11.503098
961,16.0167,L3,14.010573
961,16.0167,L4,24.284834
961,16.0167,L5,0.000000
962,16.0333,L1,5.850556
962,16.0333,L2,16.707817
962,16.0333,L3,21.471632
962,16.0333,L4,13.487875
962,16.0333,L5,0.000000
963,16.0500,L1,8.720890
963,16.0500,L2,19.085174
963,16.0500,L3,14.874363
963,16.0500,L4,15.631533
963,16.0500,L5,0.000000
964,16.0667,L1,5.697990
964,16.0667,L2,11.050947
964,16.0667,L3,20.557090
964,16.0667,L4,19.052481
964,16.0667,L5,0.000000
965,16.0833,L1,8.325342
965,16.0833,L2,14.489466
965,16.0833,L3,12.772569
965,16.0833,L4,23.930006
965,16.0833,L5,0.000000
966,16.1000,L1,5.520232
966,16.1000,L2,17.202694
966,16.1000,L3,19.043595
966,16.1000,L4,16.630021
966,16.1000,L5,0.000000
967,16.1167,L1,9.149835
967,16.1167,L2,13.741160
967,16.1167,L3,15.209301
967,16.1167,L4,19.801558
967,16.1167,L5,0.000000
968,16.1333,L1,5.933287
968,16.1333,L2,16.667671
968,16.1333,L3,19.359766
968,16.1333,L4,15.142170
968,16.1333,L5,0.000000
969,16.1500,L1,9.022665
969,16.1500,L2,13.895697
969,16.1500,L3,14.746288
969,16.1500,L4,19.758865
969,16.1500,L5,0.000000
970,16.1667,L1,5.620988
970,16.1667,L2,16.085110
970,16.1667,L3,20.009686
970,16.1667,L4,18.183743
970,16.1667,L5,0.000000
971,16.1833,L1,9.118219
971,16.1833,L2,18.203133
971,16.1833,L3,12.649049
971,16.1833,L4,18.458096
971,16.1833,L5,0.000000
972,16.2000,L1,5.543617
972,16.2000,L2,11.433223
972,16.2000,L3,18.747675
972,16.2000,L4,20.280021
972,16.2000,L5,0.000000
973,16.2167,L1,8.297075
973,16.2167,L2,17.967014
973,16.2167,L3,18.510414
973,16.2167,L4,14.168247
973,16.2167,L5,0.000000
974,16.2333,L1,8.781382
974,16.2333,L2,12.010106
974,16.2333,L3,16.127289
974,16.2333,L4,21.570832
974,16.2333,L5,0.000000
975,16.2500,L1,5.758780
975,16.2500,L2,17.175105
975,16.2500,L3,16.836595
975,16.2500,L4,18.127945
975,16.2500,L5,0.000000
976,16.2667,L1,8.569134
976,16.2667,L2,14.949760
976,16.2667,L3,18.465473
976,16.2667,L4,16.047336
976,16.2667,L5,0.000000
977,16.2833,L1,5.460722
977,16.2833,L2,17.132684
977,16.2833,L3,18.621702
977,16.2833,L4,16.644274
977,16.2833,L5,0.000000
978,16.3000,L1,5.182560
978,16.3000,L2,11.710599
978,16.3000,L3,17.318750
978,16.3000,L4,22.881709
978,16.3000,L5,0.000000
979,16.3167,L1,8.850321
979,16.3167,L2,20.002193
979,16.3167,L3,15.189736
979,16.3167,L4,13.942192
979,16.3167,L5,0.000000
980,16.3333,L1,8.401191
980,16.3333,L2,12.972353
980,16.3333,L3,17.975090
980,16.3333,L4,20.217914
980,16.3333,L5,0.000000
981,16.3500,L1,5.627319
981,16.3500,L2,16.729617
981,16.3500,L3,17.189951
981,16.3500,L4,16.547741
981,16.3500,L5,0.000000
982,16.3667,L1,8.486694
982,16.3667,L2,14.818972
982,16.3667,L3,20.718330
982,16.3667,L4,14.509199
982,16.3667,L5,0.000000
983,16.3833,L1,5.698726
983,16.3833,L2,14.172660
983,16.3833,L3,20.110398
983,16.3833,L4,19.216172
983,16.3833,L5,0.000000
984,16.4000,L1,8.253261
984,16.4000,L2,16.531508
984,16.4000,L3,15.452871
984,16.4000,L4,17.594533
984,16.4000,L5,0.000000
985,16.4167,L1,5.401185
985,16.4167,L2,14.494422
985,16.4167,L3,19.499803
985,16.4167,L4,18.232943
985,16.4167,L5,0.000000
986,16.4333,L1,8.779159
986,16.4333,L2,18.120727
986,16.4333,L3,14.520245
986,16.4333,L4,17.765206
986,16.4333,L5,0.000000
987,16.4500,L1,5.673933
987,16.4500,L2,12.463059
987,16.4500,L3,20.953531
987,16.4500,L4,17.357854
987,16.4500,L5,0.000000
988,16.4667,L1,9.029790
988,16.4667,L2,18.312664
988,16.4667,L3,15.693029
988,16.4667,L4,15.040135
988,16.4667,L5,0.000000
989,16.4833,L1,5.656421
989,16.4833,L2,14.238887
989,16.4833,L3,20.377268
989,16.4833,L4,19.356286
989,16.4833,L5,0.000000
990,16.5000,L1,9.886651
990,16.5000,L2,12.243365
990,16.5000,L3,12.229291
990,16.5000,L4,22.652213
990,16.5000,L5,0.000000
991,16.5167,L1,5.781251
991,16.5167,L2,16.892890
991,16.5167,L3,20.590455
991,16.5167,L4,14.791257
991,16.5167,L5,0.000000
992,16.5333,L1,8.537333
992,16.5333,L2,18.909490
992,16.5333,L3,16.034683
992,16.5333,L4,15.090453
992,16.5333,L5,0.000000
993,16.5500,L1,8.842486
993,16.5500,L2,11.277195
993,16.5500,L3,17.722863
993,16.5500,L4,20.500240
993,16.5500,L5,0.000000
994,16.5667,L1,5.764748
994,16.5667,L2,17.989418
994,16.5667,L3,18.179004
994,16.5667,L4,14.629067
994,16.5667,L5,0.000000
995,16.5833,L1,5.779443
995,16.5833,L2,13.410451
995,16.5833,L3,17.980351
995,16.5833,L4,21.152279
995,16.5833,L5,0.000000
996,16.6000,L1,8.757396
996,16.6000,L2,13.310722
996,16.6000,L3,16.607128
996,16.6000,L4,20.455464
996,16.6000,L5,0.000000
997,16.6167,L1,5.552144
997,16.6167,L2,17.081578
997,16.6167,L3,19.839020
997,16.6167,L4,15.066622
997,16.6167,L5,0.000000
998,16.6333,L1,8.864026
998,16.6333,L2,15.393972
998,16.6333,L3,14.538522
998,16.6333,L4,18.427002
998,16.6333,L5,0.000000
999,16.6500,L1,5.855996
999,16.6500,L2,16.123004
999,16.6500,L3,21.827694
999,16.6500,L4,15.882753
999,16.6500,L5,0.000000
1000,16.6667,L1,13.082198
1000,16.6667,L2,19.204691
1000,16.6667,L3,8.934345
1000,16.6667,L4,13.607260
1000,16.6667,L5,0.000000
1001,16.6833,L1,5.841095
1001,16.6833,L2,17.256639
1001,16.6833,L3,33.104329
1001,16.6833,L4,2.451267
1001,16.6833,L5,0.000000
1002,16.7000,L1,8.640717
1002,16.7000,L2,17.296339
1002,16.7000,L3,18.856830
1002,16.7000,L4,15.329884
1002,16.7000,L5,0.000000
1003,16.7167,L1,6.143996
1003,16.7167,L2,14.041972
1003,16.7167,L3,13.759837
1003,16.7167,L4,24.358924
1003,16.7167,L5,0.000000
1004,16.7333,L1,8.651096
1004,16.7333,L2,16.010838
1004,16.7333,L3,18.332914
1004,16.7333,L4,14.166488
1004,16.7333,L5,0.000000
1005,16.7500,L1,6.287760
1005,16.7500,L2,13.578209
1005,16.7500,L3,16.200387
1005,16.7500,L4,19.944919
1005,16.7500,L5,0.000000
1006,16.7667,L1,9.437238
1006,16.7667,L2,19.455283
1006,16.7667,L3,14.130812
1006,16.7667,L4,15.895391
1006,16.7667,L5,0.000000
1007,16.7833,L1,5.800815
1007,16.7833,L2,12.202887
1007,16.7833,L3,19.654052
1007,16.7833,L4,21.933408
1007,16.7833,L5,0.000000
1008,16.8000,L1,8.188807
1008,16.8000,L2,19.231448
1008,16.8000,L3,15.407593
1008,16.8000,L4,15.518289
1008,16.8000,L5,0.000000
1009,16.8167,L1,5.668662
1009,16.8167,L2,11.498435
1009,16.8167,L3,21.404142
1009,16.8167,L4,19.392684
1009,16.8167,L5,0.000000
1010,16.8333,L1,8.870147
1010,16.8333,L2,18.060520
1010,16.8333,L3,14.889070
1010,16.8333,L4,16.163603
1010,16.8333,L5,0.000000
1011,16.8500,L1,5.409401
1011,16.8500,L2,13.026974
1011,16.8500,L3,21.608737
1011,16.8500,L4,16.228211
1011,16.8500,L5,0.000000
1012,16.8667,L1,8.248266
1012,16.8667,L2,18.194352
1012,16.8667,L3,13.788179
1012,16.8667,L4,18.551756
1012,16.8667,L5,0.000000
1013,16.8833,L1,5.716738
1013,16.8833,L2,12.168085
1013,16.8833,L3,19.517096
1013,16.8833,L4,21.032261
1013,16.8833,L5,0.000000
1014,16.9000,L1,9.059179
1014,16.9000,L2,18.407961
1014,16.9000,L3,13.556159
1014,16.9000,L4,17.615662
1014,16.9000,L5,0.000000
1015,16.9167,L1,5.922887
1015,16.9167,L2,13.396886
1015,16.9167,L3,25.209365
1015,16.9167,L4,12.964304
1015,16.9167,L5,0.000000
1016,16.9333,L1,8.225288
1016,16.9333,L2,19.639515
1016,16.9333,L3,11.809271
1016,16.9333,L4,18.991616
1016,16.9333,L5,0.000000
1017,16.9500,L1,6.238960
1017,16.9500,L2,11.217445
1017,16.9500,L3,20.344197
1017,16.9500,L4,18.657677
1017,16.9500,L5,0.000000
1018,16.9667,L1,8.267640
1018,16.9667,L2,17.933170
1018,16.9667,L3,13.826359
1018,16.9667,L4,18.737789
1018,16.9667,L5,0.000000
1019,16.9833,L1,5.806480
1019,16.9833,L2,10.976114
1019,16.9833,L3,19.384238
1019,16.9833,L4,19.953169
1019,16.9833,L5,0.000000
1020,17.0000,L1,9.517008
1020,17.0000,L2,15.559237
1020,17.0000,L3,16.929527
1020,17.0000,L4,18.824893
1020,17.0000,L5,0.000000
1021,17.0167,L1,5.476149
1021,17.0167,L2,16.557856
1021,17.0167,L3,18.694232
1021,17.0167,L4,16.267499
1021,17.0167,L5,0.000000
1022,17.0333,L1,8.643226
1022,17.0333,L2,20.558540
1022,17.0333,L3,14.799610
1022,17.0333,L4,15.054828
1022,17.0333,L5,0.000000
1023,17.0500,L1,5.635422
1023,17.0500,L2,10.171974
1023,17.0500,L3,20.701242
1023,17.0500,L4,18.376913
1023,17.0500,L5,0.000000
1024,17.0667,L1,8.976256
1024,17.0667,L2,18.934154
1024,17.0667,L3,13.576446
1024,17.0667,L4,19.158613
1024,17.0667,L5,0.000000
1025,17.0833,L1,5.648041
1025,17.0833,L2,13.558339
1025,17.0833,L3,19.540725
1025,17.0833,L4,18.016122
1025,17.0833,L5,0.000000
1026,17.1000,L1,8.093309
1026,17.1000,L2,20.328623
1026,17.1000,L3,17.587370
1026,17.1000,L4,11.706802
1026,17.1000,L5,0.000000
1027,17.1167,L1,8.818826
1027,17.1167,L2,16.634988
1027,17.1167,L3,17.127497
1027,17.1167,L4,16.226147
1027,17.1167,L5,0.000000
1028,17.1333,L1,5.599786
1028,17.1333,L2,14.359699
1028,17.1333,L3,18.480014
1028,17.1333,L4,21.040311
1028,17.1333,L5,0.000000
1029,17.1500,L1,8.536735
1029,17.1500,L2,18.045700
1029,17.1500,L3,15.358804
1029,17.1500,L4,14.984757
1029,17.1500,L5,0.000000
1030,17.1667,L1,5.529339
1030,17.1667,L2,13.201534
1030,17.1667,L3,18.807893
1030,17.1667,L4,19.659163
1030,17.1667,L5,0.000000
1031,17.1833,L1,8.783120
1031,17.1833,L2,19.051429
1031,17.1833,L3,15.327451
1031,17.1833,L4,15.685597
1031,17.1833,L5,0.000000
1032,17.2000,L1,8.443461
1032,17.2000,L2,11.761454
1032,17.2000,L3,18.589926
1032,17.2000,L4,19.995909
1032,17.2000,L5,0.000000
1033,17.2167,L1,5.545718
1033,17.2167,L2,19.567000
1033,17.2167,L3,22.273863
1033,17.2167,L4,8.496369
1033,17.2167,L5,0.000000
1034,17.2333,L1,8.107856
1034,17.2333,L2,18.012123
1034,17.2333,L3,13.222618
1034,17.2333,L4,19.115205
1034,17.2333,L5,0.000000
1035,17.2500,L1,5.459839
1035,17.2500,L2,10.785506
1035,17.2500,L3,22.857998
1035,17.2500,L4,20.859077
1035,17.2500,L5,0.000000
1036,17.2667,L1,8.552630
1036,17.2667,L2,17.157989
1036,17.2667,L3,16.088903
1036,17.2667,L4,15.623566
1036,17.2667,L5,0.000000
1037,17.2833,L1,5.599658
1037,17.2833,L2,14.589816
1037,17.2833,L3,17.075633
1037,17.2833,L4,19.240207
1037,17.2833,L5,0.000000
1038,17.3000,L1,8.965180
1038,17.3000,L2,18.398686
1038,17.3000,L3,16.707962
1038,17.3000,L4,16.095696
1038,17.3000,L5,0.000000
1039,17.3167,L1,5.982260
1039,17.3167,L2,12.443383
1039,17.3167,L3,21.000741
1039,17.3167,L4,16.329208
1039,17.3167,L5,0.000000
1040,17.3333,L1,8.862214
1040,17.3333,L2,16.846910
1040,17.3333,L3,16.491057
1040,17.3333,L4,16.900666
1040,17.3333,L5,0.000000
1041,17.3500,L1,6.128237
1041,17.3500,L2,13.557442
1041,17.3500,L3,18.061409
1041,17.3500,L4,20.670100
1041,17.3500,L5,0.000000
1042,17.3667,L1,8.386692
1042,17.3667,L2,16.323552
1042,17.3667,L3,17.711628
1042,17.3667,L4,15.291715
1042,17.3667,L5,0.000000
1043,17.3833,L1,8.572591
1043,17.3833,L2,15.507723
1043,17.3833,L3,16.327221
1043,17.3833,L4,18.966646
1043,17.3833,L5,0.000000
1044,17.4000,L1,5.982859
1044,17.4000,L2,15.726679
1044,17.4000,L3,23.060993
1044,17.4000,L4,13.348077
1044,17.4000,L5,0.000000
1045,17.4167,L1,8.484443
1045,17.4167,L2,12.096115
1045,17.4167,L3,15.467904
1045,17.4167,L4,21.041867
1045,17.4167,L5,0.000000
1046,17.4333,L1,6.125304
1046,17.4333,L2,18.345588
1046,17.4333,L3,23.395807
1046,17.4333,L4,10.994464
1046,17.4333,L5,0.000000
1047,17.4500,L1,8.373169
1047,17.4500,L2,18.612207
1047,17.4500,L3,11.799394
1047,17.4500,L4,18.472370
1047,17.4500,L5,0.000000
1048,17.4667,L1,5.392784
1048,17.4667,L2,12.139622
1048,17.4667,L3,21.366607
1048,17.4667,L4,19.731328
1048,17.4667,L5,0.000000
1049,17.4833,L1,8.211682
1049,17.4833,L2,16.634627
1049,17.4833,L3,15.415680
1049,17.4833,L4,14.655816
1049,17.4833,L5,0.000000
1050,17.5000,L1,8.678066
1050,17.5000,L2,16.176507
1050,17.5000,L3,19.054214
1050,17.5000,L4,16.625466
1050,17.5000,L5,0.000000
1051,17.5167,L1,5.281081
1051,17.5167,L2,16.714560
1051,17.5167,L3,15.555852
1051,17.5167,L4,19.564467
1051,17.5167,L5,0.000000
1052,17.5333,L1,8.947881
1052,17.5333,L2,20.493595
1052,17.5333,L3,18.197910
1052,17.5333,L4,11.947885
1052,17.5333,L5,0.000000
1053,17.5500,L1,8.312731
1053,17.5500,L2,14.345546
1053,17.5500,L3,21.955730
1053,17.5500,L4,11.330568
1053,17.5500,L5,0.000000
1054,17.5667,L1,5.813822
1054,17.5667,L2,14.580782
1054,17.5667,L3,21.171322
1054,17.5667,L4,16.012537
1054,17.5667,L5,0.000000
1055,17.5833,L1,8.275082
1055,17.5833,L2,15.859501
1055,17.5833,L3,13.538743
1055,17.5833,L4,22.306962
1055,17.5833,L5,0.000000
1056,17.6000,L1,6.079213
1056,17.6000,L2,17.450800
1056,17.6000,L3,20.738231
1056,17.6000,L4,13.401072
1056,17.6000,L5,0.000000
1057,17.6167,L1,8.518121
1057,17.6167,L2,15.605825
1057,17.6167,L3,13.623103
1057,17.6167,L4,19.766603
1057,17.6167,L5,0.000000
1058,17.6333,L1,5.652843
1058,17.6333,L2,15.113965
1058,17.6333,L3,20.166513
1058,17.6333,L4,17.953941
1058,17.6333,L5,0.000000
1059,17.6500,L1,8.532669
1059,17.6500,L2,12.897033
1059,17.6500,L3,14.967391
1059,17.6500,L4,21.412820
1059,17.6500,L5,0.000000
1060,17.6667,L1,5.575945
1060,17.6667,L2,16.900094
1060,17.6667,L3,19.384963
1060,17.6667,L4,17.010061
1060,17.6667,L5,0.000000
1061,17.6833,L1,8.745191
1061,17.6833,L2,14.475893
1061,17.6833,L3,15.278309
1061,17.6833,L4,19.124487
1061,17.6833,L5,0.000000
1062,17.7000,L1,5.733545
1062,17.7000,L2,18.023223
1062,17.7000,L3,16.624369
1062,17.7000,L4,17.992010
1062,17.7000,L5,0.000000
1063,17.7167,L1,8.509907
1063,17.7167,L2,16.803238
1063,17.7167,L3,12.930639
1063,17.7167,L4,19.696245
1063,17.7167,L5,0.000000
1064,17.7333,L1,5.464445
1064,17.7333,L2,13.239632
1064,17.7333,L3,20.934295
1064,17.7333,L4,17.889905
1064,17.7333,L5,0.000000
1065,17.7500,L1,8.625460
1065,17.7500,L2,19.680013
1065,17.7500,L3,16.270446
1065,17.7500,L4,13.034485
1065,17.7500,L5,0.000000
1066,17.7667,L1,8.439435
1066,17.7667,L2,9.686680
1066,17.7667,L3,17.111973
1066,17.7667,L4,22.802846
1066,17.7667,L5,0.000000
1067,17.7833,L1,5.291649
1067,17.7833,L2,20.387700
1067,17.7833,L3,15.359347
1067,17.7833,L4,16.914142
1067,17.7833,L5,0.000000
1068,17.8000,L1,5.893549
1068,17.8000,L2,12.210932
1068,17.8000,L3,20.454966
1068,17.8000,L4,18.278944
1068,17.8000,L5,0.000000
1069,17.8167,L1,9.347455
1069,17.8167,L2,15.876437
1069,17.8167,L3,14.114740
1069,17.8167,L4,18.649461
1069,17.8167,L5,0.000000
1070,17.8333,L1,5.429613
1070,17.8333,L2,14.600951
1070,17.8333,L3,19.756558
1070,17.8333,L4,18.516373
1070,17.8333,L5,0.000000
1071,17.8500,L1,8.278691
1071,17.8500,L2,18.944426
1071,17.8500,L3,21.660730
1071,17.8500,L4,11.381425
1071,17.8500,L5,0.000000
1072,17.8667,L1,8.052734
1072,17.8667,L2,15.242255
1072,17.8667,L3,13.404094
1072,17.8667,L4,20.737624
1072,17.8667,L5,0.000000
1073,17.8833,L1,8.448975
1073,17.8833,L2,15.766288
1073,17.8833,L3,16.919771
1073,17.8833,L4,15.377965
1073,17.8833,L5,0.000000
1074,17.9000,L1,5.331492
1074,17.9000,L2,15.698923
1074,17.9000,L3,24.693978
1074,17.9000,L4,13.129229
1074,17.9000,L5,0.000000
1075,17.9167,L1,9.013124
1075,17.9167,L2,15.582437
1075,17.9167,L3,16.212509
1075,17.9167,L4,16.409517
1075,17.9167,L5,0.000000
1076,17.9333,L1,7.025408
1076,17.9333,L2,15.969777
1076,17.9333,L3,18.298895
1076,17.9333,L4,17.877644
1076,17.9333,L5,0.000000
1077,17.9500,L1,6.826065
1077,17.9500,L2,16.522075
1077,17.9500,L3,16.066008
1077,17.9500,L4,17.901273
1077,17.9500,L5,0.000000
1078,17.9667,L1,9.918351
1078,17.9667,L2,18.193106
1078,17.9667,L3,14.257500
1078,17.9667,L4,16.959588
1078,17.9667,L5,0.000000
1079,17.9833,L1,5.918960
1079,17.9833,L2,12.189292
1079,17.9833,L3,20.063053
1079,17.9833,L4,18.502869
1079,17.9833,L5,0.000000
1080,18.0000,L1,8.618014
1080,18.0000,L2,14.286509
1080,18.0000,L3,13.988228
1080,18.0000,L4,20.485663
1080,18.0000,L5,0.000000
1081,18.0167,L1,5.863766
1081,18.0167,L2,16.243807
1081,18.0167,L3,20.189185
1081,18.0167,L4,16.001163
1081,18.0167,L5,0.000000
1082,18.0333,L1,9.369656
1082,18.0333,L2,19.428877
1082,18.0333,L3,25.007877
1082,18.0333,L4,5.155662
1082,18.0333,L5,0.000000
1083,18.0500,L1,9.109346
1083,18.0500,L2,15.997252
1083,18.0500,L3,15.681224
1083,18.0500,L4,17.458315
1083,18.0500,L5,0.000000
1084,18.0667,L1,6.018595
1084,18.0667,L2,13.458401
1084,18.0667,L3,17.107624
1084,18.0667,L4,21.870942
1084,18.0667,L5,0.000000
1085,18.0833,L1,5.713630
1085,18.0833,L2,14.214895
1085,18.0833,L3,17.665160
1085,18.0833,L4,18.332889
1085,18.0833,L5,0.000000
1086,18.1000,L1,8.221480
1086,18.1000,L2,19.401184
1086,18.1000,L3,13.975113
1086,18.1000,L4,16.644076
1086,18.1000,L5,0.000000
1087,18.1167,L1,8.708702
1087,18.1167,L2,9.381475
1087,18.1167,L3,19.144860
1087,18.1167,L4,23.044076
1087,18.1167,L5,0.000000
1088,18.1333,L1,5.803824
1088,18.1333,L2,19.895861
1088,18.1333,L3,17.078258
1088,18.1333,L4,14.837975
1088,18.1333,L5,0.000000
1089,18.1500,L1,5.544364
1089,18.1500,L2,10.244518
1089,18.1500,L3,16.650855
1089,18.1500,L4,24.591914
1089,18.1500,L5,0.000000
1090,18.1667,L1,8.767545
1090,18.1667,L2,17.684391
1090,18.1667,L3,18.667921
1090,18.1667,L4,13.299843
1090,18.1667,L5,0.000000
1091,18.1833,L1,6.489892
1091,18.1833,L2,14.083280
1091,18.1833,L3,20.078333
1091,18.1833,L4,16.519064
1091,18.1833,L5,0.000000
1092,18.2000,L1,8.311623
1092,18.2000,L2,16.230274
1092,18.2000,L3,17.936999
1092,18.2000,L4,15.955742
1092,18.2000,L5,0.000000
1093,18.2167,L1,9.039056
1093,18.2167,L2,21.843149
1093,18.2167,L3,12.707452
1093,18.2167,L4,15.316941
1093,18.2167,L5,0.000000
1094,18.2333,L1,6.508701
1094,18.2333,L2,12.994599
1094,18.2333,L3,28.804772
1094,18.2333,L4,8.653153
1094,18.2333,L5,0.000000
1095,18.2500,L1,8.192617
1095,18.2500,L2,15.086215
1095,18.2500,L3,14.331631
1095,18.2500,L4,20.620241
1095,18.2500,L5,0.000000
1096,18.2667,L1,5.710006
1096,18.2667,L2,15.567941
1096,18.2667,L3,19.887079
1096,18.2667,L4,17.544292
1096,18.2667,L5,0.000000
1097,18.2833,L1,8.589848
1097,18.2833,L2,16.875028
1097,18.2833,L3,12.230504
1097,18.2833,L4,17.884307
1097,18.2833,L5,0.000000
1098,18.3000,L1,5.811540
1098,18.3000,L2,15.240046
1098,18.3000,L3,19.861898
1098,18.3000,L4,19.948941
1098,18.3000,L5,0.000000
1099,18.3167,L1,8.493921
1099,18.3167,L2,16.774233
1099,18.3167,L3,13.908807
1099,18.3167,L4,17.923944
1099,18.3167,L5,0.000000
1100,18.3333,L1,5.497979
1100,18.3333,L2,15.081545
1100,18.3333,L3,23.035506
1100,18.3333,L4,15.091095
1100,18.3333,L5,0.000000
1101,18.3500,L1,9.021096
1101,18.3500,L2,18.074295
1101,18.3500,L3,15.008292
1101,18.3500,L4,15.785657
1101,18.3500,L5,0.000000
1102,18.3667,L1,5.746299
1102,18.3667,L2,12.201613
1102,18.3667,L3,20.955539
1102,18.3667,L4,17.756993
1102,18.3667,L5,0.000000
1103,18.3833,L1,5.456402
1103,18.3833,L2,13.006033
1103,18.3833,L3,13.457948
1103,18.3833,L4,26.781216
1103,18.3833,L5,0.000000
1104,18.4000,L1,8.383348
1104,18.4000,L2,19.511545
1104,18.4000,L3,17.496536
1104,18.4000,L4,13.383523
1104,18.4000,L5,0.000000
1105,18.4167,L1,8.729850
1105,18.4167,L2,18.695568
1105,18.4167,L3,18.217382
1105,18.4167,L4,10.679820
1105,18.4167,L5,0.000000
1106,18.4333,L1,5.500053
1106,18.4333,L2,14.871292
1106,18.4333,L3,21.213144
1106,18.4333,L4,17.218806
1106,18.4333,L5,0.000000
1107,18.4500,L1,8.724011
1107,18.4500,L2,15.026110
1107,18.4500,L3,13.058759
1107,18.4500,L4,22.454328
1107,18.4500,L5,0.000000
1108,18.4667,L1,5.687963
1108,18.4667,L2,16.487601
1108,18.4667,L3,21.941096
1108,18.4667,L4,11.614156
1108,18.4667,L5,0.000000
1109,18.4833,L1,8.366313
1109,18.4833,L2,18.199065
1109,18.4833,L3,12.487829
1109,18.4833,L4,20.780028
1109,18.4833,L5,0.000000
1110,18.5000,L1,5.734516
1110,18.5000,L2,13.463256
1110,18.5000,L3,19.966474
1110,18.5000,L4,16.994847
1110,18.5000,L5,0.000000
1111,18.5167,L1,9.164932
1111,18.5167,L2,17.804230
1111,18.5167,L3,13.358722
1111,18.5167,L4,19.158398
1111,18.5167,L5,0.000000
1112,18.5333,L1,5.803869
1112,18.5333,L2,12.139732
1112,18.5333,L3,19.324651
1112,18.5333,L4,19.748080
1112,18.5333,L5,0.000000
1113,18.5500,L1,8.148670
1113,18.5500,L2,19.033862
1113,18.5500,L3,15.251317
1113,18.5500,L4,16.805096
1113,18.5500,L5,0.000000
1114,18.5667,L1,6.085567
1114,18.5667,L2,11.988042
1114,18.5667,L3,21.973686
1114,18.5667,L4,17.764200
1114,18.5667,L5,0.000000
1115,18.5833,L1,8.055623
1115,18.5833,L2,17.054806
1115,18.5833,L3,18.950215
1115,18.5833,L4,14.242374
1115,18.5833,L5,0.000000
1116,18.6000,L1,5.875144
1116,18.6000,L2,14.084607
1116,18.6000,L3,12.800627
1116,18.6000,L4,23.559975
1116,18.6000,L5,0.000000
1117,18.6167,L1,8.933186
1117,18.6167,L2,16.630991
1117,18.6167,L3,18.161130
1117,18.6167,L4,15.519822
1117,18.6167,L5,0.000000
1118,18.6333,L1,8.276661
1118,18.6333,L2,14.429424
1118,18.6333,L3,16.065134
1118,18.6333,L4,18.792764
1118,18.6333,L5,0.000000
1119,18.6500,L1,8.222698
1119,18.6500,L2,21.080216
1119,18.6500,L3,16.463117
1119,18.6500,L4,12.984995
1119,18.6500,L5,0.000000
1120,18.6667,L1,5.262974
1120,18.6667,L2,13.227817
1120,18.6667,L3,23.000481
1120,18.6667,L4,14.512606
1120,18.6667,L5,0.000000
1121,18.6833,L1,8.338007
1121,18.6833,L2,19.210356
1121,18.6833,L3,15.634651
1121,18.6833,L4,17.109207
1121,18.6833,L5,0.000000
1122,18.7000,L1,8.956284
1122,18.7000,L2,12.669511
1122,18.7000,L3,19.184400
1122,18.7000,L4,16.754885
1122,18.7000,L5,0.000000
1123,18.7167,L1,5.731470
1123,18.7167,L2,17.435537
1123,18.7167,L3,18.142764
1123,18.7167,L4,16.296355
1123,18.7167,L5,0.000000
1124,18.7333,L1,5.355502
1124,18.7333,L2,11.208034
1124,18.7333,L3,15.880741
1124,18.7333,L4,24.689858
1124,18.7333,L5,0.000000
1125,18.7500,L1,8.802165
1125,18.7500,L2,18.140073
1125,18.7500,L3,19.561415
1125,18.7500,L4,12.779645
1125,18.7500,L5,0.000000
1126,18.7667,L1,8.412854
1126,18.7667,L2,16.744056
1126,18.7667,L3,15.317867
1126,18.7667,L4,17.056037
1126,18.7667,L5,0.000000
1127,18.7833,L1,8.610341
1127,18.7833,L2,16.178500
1127,18.7833,L3,18.762989
1127,18.7833,L4,14.644209
1127,18.7833,L5,0.000000
1128,18.8000,L1,5.801678
1128,18.8000,L2,17.946523
1128,18.8000,L3,19.136818
1128,18.8000,L4,14.726697
1128,18.8000,L5,0.000000
1129,18.8167,L1,5.745640
1129,18.8167,L2,12.606748
1129,18.8167,L3,15.143724
1129,18.8167,L4,23.409181
1129,18.8167,L5,0.000000
1130,18.8333,L1,9.037069
1130,18.8333,L2,16.869034
1130,18.8333,L3,16.385850
1130,18.8333,L4,16.773138
1130,18.8333,L5,0.000000
1131,18.8500,L1,9.272933
1131,18.8500,L2,14.252992
1131,18.8500,L3,16.026504
1131,18.8500,L4,18.157358
1131,18.8500,L5,0.000000
1132,18.8667,L1,5.617927
1132,18.8667,L2,15.360257
1132,18.8667,L3,19.691496
1132,18.8667,L4,17.585335
1132,18.8667,L5,0.000000
1133,18.8833,L1,5.819528
1133,18.8833,L2,12.851245
1133,18.8833,L3,19.552010
1133,18.8833,L4,18.268070
1133,18.8833,L5,0.000000
1134,18.9000,L1,9.275052
1134,18.9000,L2,16.280106
1134,18.9000,L3,14.897684
1134,18.9000,L4,18.887977
1134,18.9000,L5,0.000000
1135,18.9167,L1,5.678524
1135,18.9167,L2,15.686875
1135,18.9167,L3,18.250995
1135,18.9167,L4,18.613518
1135,18.9167,L5,0.000000
1136,18.9333,L1,8.615731
1136,18.9333,L2,15.768621
1136,18.9333,L3,16.621813
1136,18.9333,L4,16.262627
1136,18.9333,L5,0.000000
1137,18.9500,L1,5.776376
1137,18.9500,L2,16.289117
1137,18.9500,L3,19.084083
1137,18.9500,L4,16.090672
1137,18.9500,L5,0.000000
1138,18.9667,L1,8.358254
1138,18.9667,L2,17.811063
1138,18.9667,L3,20.039115
1138,18.9667,L4,14.141744
1138,18.9667,L5,0.000000
1139,18.9833,L1,5.440808
1139,18.9833,L2,12.070576
1139,18.9833,L3,16.790948
1139,18.9833,L4,22.563268
1139,18.9833,L5,0.000000
1140,19.0000,L1,9.100021
1140,19.0000,L2,18.428121
1140,19.0000,L3,18.155515
1140,19.0000,L4,11.280735
1140,19.0000,L5,0.000000
1141,19.0167,L1,8.690398
1141,19.0167,L2,11.769401
1141,19.0167,L3,15.507710
1141,19.0167,L4,23.242287
1141,19.0167,L5,0.000000
1142,19.0333,L1,5.770400
1142,19.0333,L2,18.562322
1142,19.0333,L3,18.417134
1142,19.0333,L4,14.768008
1142,19.0333,L5,0.000000
1143,19.0500,L1,5.703099
1143,19.0500,L2,15.074066
1143,19.0500,L3,16.175307
1143,19.0500,L4,20.599860
1143,19.0500,L5,0.000000
1144,19.0667,L1,8.557796
1144,19.0667,L2,16.642619
1144,19.0667,L3,18.994528
1144,19.0667,L4,15.490764
1144,19.0667,L5,0.000000
1145,19.0833,L1,8.553944
1145,19.0833,L2,12.095911
1145,19.0833,L3,14.395358
1145,19.0833,L4,23.074796
1145,19.0833,L5,0.000000
1146,19.1000,L1,6.338538
1146,19.1000,L2,18.856413
1146,19.1000,L3,17.958268
1146,19.1000,L4,15.052749
1146,19.1000,L5,0.000000
1147,19.1167,L1,10.339539
1147,19.1167,L2,19.309055
1147,19.1167,L3,13.179115
1147,19.1167,L4,12.664566
1147,19.1167,L5,0.000000
1148,19.1333,L1,8.720479
1148,19.1333,L2,20.495425
1148,19.1333,L3,28.774058
1148,19.1333,L4,0.000000
1148,19.1333,L5,0.000000
1149,19.1500,L1,5.264335
1149,19.1500,L2,15.220925
1149,19.1500,L3,21.311339
1149,19.1500,L4,16.888684
1149,19.1500,L5,0.000000
1150,19.1667,L1,8.928506
1150,19.1667,L2,14.496935
1150,19.1667,L3,15.874440
1150,19.1667,L4,18.680483
1150,19.1667,L5,0.000000
1151,19.1833,L1,8.662100
1151,19.1833,L2,16.477323
1151,19.1833,L3,18.071549
1151,19.1833,L4,15.496618
1151,19.1833,L5,0.000000
1152,19.2000,L1,5.952539
1152,19.2000,L2,19.016367
1152,19.2000,L3,17.083070
1152,19.2000,L4,17.209548
1152,19.2000,L5,0.000000
1153,19.2167,L1,5.601377
1153,19.2167,L2,10.220652
1153,19.2167,L3,13.306755
1153,19.2167,L4,26.448388
1153,19.2167,L5,0.000000
1154,19.2333,L1,8.607281
1154,19.2333,L2,21.779389
1154,19.2333,L3,19.297671
1154,19.2333,L4,10.669335
1154,19.2333,L5,0.000000
1155,19.2500,L1,8.353528
1155,19.2500,L2,12.364002
1155,19.2500,L3,14.244698
1155,19.2500,L4,23.120906
1155,19.2500,L5,0.000000
1156,19.2667,L1,5.425413
1156,19.2667,L2,17.930711
1156,19.2667,L3,20.193768
1156,19.2667,L4,13.917707
1156,19.2667,L5,0.000000
1157,19.2833,L1,6.223616
1157,19.2833,L2,12.984049
1157,19.2833,L3,13.716177
1157,19.2833,L4,23.490724
1157,19.2833,L5,0.000000
1158,19.3000,L1,9.038285
1158,19.3000,L2,21.348417
1158,19.3000,L3,16.082224
1158,19.3000,L4,11.881251
1158,19.3000,L5,0.000000
1159,19.3167,L1,5.747339
1159,19.3167,L2,12.387354
1159,19.3167,L3,18.723218
1159,19.3167,L4,22.274485
1159,19.3167,L5,0.000000
1160,19.3333,L1,9.003920
1160,19.3333,L2,11.167769
1160,19.3333,L3,15.209804
1160,19.3333,L4,21.045830
1160,19.3333,L5,0.000000
1161,19.3500,L1,5.624225
1161,19.3500,L2,18.428371
1161,19.3500,L3,18.850377
1161,19.3500,L4,14.621830
1161,19.3500,L5,0.000000
1162,19.3667,L1,5.674768
1162,19.3667,L2,13.054414
1162,19.3667,L3,20.222896
1162,19.3667,L4,20.240988
1162,19.3667,L5,0.000000
1163,19.3833,L1,8.483360
1163,19.3833,L2,16.398243
1163,19.3833,L3,14.435506
1163,19.3833,L4,17.931477
1163,19.3833,L5,0.000000
1164,19.4000,L1,8.545312
1164,19.4000,L2,15.126017
1164,19.4000,L3,17.122866
1164,19.4000,L4,19.341673
1164,19.4000,L5,0.000000
1165,19.4167,L1,5.438214
1165,19.4167,L2,18.033649
1165,19.4167,L3,17.484260
1165,19.4167,L4,17.016904
1165,19.4167,L5,0.000000
1166,19.4333,L1,8.365744
1166,19.4333,L2,16.765513
1166,19.4333,L3,17.907412
1166,19.4333,L4,13.217183
1166,19.4333,L5,0.000000
1167,19.4500,L1,5.455039
1167,19.4500,L2,13.750640
1167,19.4500,L3,18.021282
1167,19.4500,L4,20.552936
1167,19.4500,L5,0.000000
1168,19.4667,L1,8.460725
1168,19.4667,L2,13.458347
1168,19.4667,L3,15.928768
1168,19.4667,L4,20.748827
1168,19.4667,L5,0.000000
1169,19.4833,L1,5.900779
1169,19.4833,L2,16.609441
1169,19.4833,L3,21.046663
1169,19.4833,L4,15.839355
1169,19.4833,L5,0.000000
1170,19.5000,L1,8.498451
1170,19.5000,L2,16.920568
1170,19.5000,L3,13.251213
1170,19.5000,L4,17.673919
1170,19.5000,L5,0.000000
1171,19.5167,L1,5.510423
1171,19.5167,L2,11.977557
1171,19.5167,L3,20.326986
1171,19.5167,L4,21.700542
1171,19.5167,L5,0.000000
1172,19.5333,L1,8.903744
1172,19.5333,L2,15.734376
1172,19.5333,L3,14.273620
1172,19.5333,L4,19.539700
1172,19.5333,L5,0.000000
1173,19.5500,L1,5.697207
1173,19.5500,L2,13.764050
1173,19.5500,L3,17.637031
1173,19.5500,L4,18.936723
1173,19.5500,L5,0.000000
1174,19.5667,L1,8.506006
1174,19.5667,L2,16.837552
1174,19.5667,L3,20.615344
1174,19.5667,L4,13.387011
1174,19.5667,L5,0.000000
1175,19.5833,L1,8.224388
1175,19.5833,L2,14.766162
1175,19.5833,L3,16.521367
1175,19.5833,L4,17.248160
1175,19.5833,L5,0.000000
1176,19.6000,L1,6.023633
1176,19.6000,L2,15.265918
1176,19.6000,L3,18.938827
1176,19.6000,L4,18.820041
1176,19.6000,L5,0.000000
1177,19.6167,L1,8.322915
1177,19.6167,L2,17.775953
1177,19.6167,L3,14.528350
1177,19.6167,L4,17.143531
1177,19.6167,L5,0.000000
1178,19.6333,L1,6.399230
1178,19.6333,L2,13.572247
1178,19.6333,L3,18.661362
1178,19.6333,L4,19.424757
1178,19.6333,L5,0.000000
1179,19.6500,L1,8.529091
1179,19.6500,L2,19.409420
1179,19.6500,L3,14.131654
1179,19.6500,L4,17.116266
1179,19.6500,L5,0.000000
1180,19.6667,L1,6.153434
1180,19.6667,L2,12.009984
1180,19.6667,L3,21.400360
1180,19.6667,L4,15.634987
1180,19.6667,L5,0.000000
1181,19.6833,L1,8.584643
1181,19.6833,L2,18.668279
1181,19.6833,L3,17.983131
1181,19.6833,L4,13.778880
1181,19.6833,L5,0.000000
1182,19.7000,L1,8.869965
1182,19.7000,L2,13.114223
1182,19.7000,L3,15.986485
1182,19.7000,L4,21.982267
1182,19.7000,L5,0.000000
1183,19.7167,L1,5.542910
1183,19.7167,L2,14.887486
1183,19.7167,L3,20.774464
1183,19.7167,L4,16.156106
1183,19.7167,L5,0.000000
1184,19.7333,L1,8.783994
1184,19.7333,L2,14.649029
1184,19.7333,L3,16.046036
1184,19.7333,L4,18.558027
1184,19.7333,L5,0.000000
1185,19.7500,L1,5.463795
1185,19.7500,L2,19.710692
1185,19.7500,L3,17.521942
1185,19.7500,L4,15.211481
1185,19.7500,L5,0.000000
1186,19.7667,L1,5.418321
1186,19.7667,L2,11.099748
1186,19.7667,L3,18.389006
1186,19.7667,L4,23.329460
1186,19.7667,L5,0.000000
1187,19.7833,L1,8.229870
1187,19.7833,L2,19.738780
1187,19.7833,L3,15.749006
1187,19.7833,L4,14.267691
1187,19.7833,L5,0.000000
1188,19.8000,L1,5.391359
1188,19.8000,L2,12.980220
1188,19.8000,L3,20.237878
1188,19.8000,L4,19.135795
1188,19.8000,L5,0.000000
1189,19.8167,L1,8.273376
1189,19.8167,L2,18.956040
1189,19.8167,L3,13.723664
1189,19.8167,L4,16.687057
1189,19.8167,L5,0.000000
1190,19.8333,L1,5.554316
1190,19.8333,L2,16.608565
1190,19.8333,L3,22.235085
1190,19.8333,L4,14.002642
1190,19.8333,L5,0.000000
1191,19.8500,L1,8.030062
1191,19.8500,L2,15.637030
1191,19.8500,L3,13.504439
1191,19.8500,L4,19.428126
1191,19.8500,L5,0.000000
1192,19.8667,L1,5.518270
1192,19.8667,L2,16.408431
1192,19.8667,L3,21.424540
1192,19.8667,L4,17.260179
1192,19.8667,L5,0.000000
1193,19.8833,L1,8.546179
1193,19.8833,L2,15.078061
1193,19.8833,L3,14.543190
1193,19.8833,L4,19.027501
1193,19.8833,L5,0.000000
1194,19.9000,L1,5.559157
1194,19.9000,L2,13.170595
1194,19.9000,L3,18.694567
1194,19.9000,L4,18.877123
1194,19.9000,L5,0.000000
1195,19.9167,L1,9.043674
1195,19.9167,L2,19.034010
1195,19.9167,L3,18.804452
1195,19.9167,L4,12.080685
1195,19.9167,L5,0.000000
1196,19.9333,L1,8.338436
1196,19.9333,L2,12.336571
1196,19.9333,L3,15.103669
1196,19.9333,L4,21.950563
1196,19.9333,L5,0.000000
1197,19.9500,L1,5.650782
1197,19.9500,L2,19.511528
1197,19.9500,L3,17.937409
1197,19.9500,L4,16.076258
1197,19.9500,L5,0.000000
1198,19.9667,L1,9.017541
1198,19.9667,L2,10.742941
1198,19.9667,L3,20.286093
1198,19.9667,L4,18.331894
1198,19.9667,L5,0.000000
1199,19.9833,L1,5.559094
1199,19.9833,L2,19.424169
1199,19.9833,L3,14.763406
1199,19.9833,L4,18.461940
1199,19.9833,L5,0.000000
1200,20.0000,L1,5.545347
1200,20.0000,L2,13.032470
1200,20.0000,L3,20.081855
1200,20.0000,L4,18.214095
1200,20.0000,L5,0.000000
1201,20.0167,L1,8.350250
1201,20.0167,L2,19.540566
1201,20.0167,L3,16.302127
1201,20.0167,L4,12.969968
1201,20.0167,L5,0.000000
1202,20.0333,L1,8.805468
1202,20.0333,L2,16.559907
1202,20.0333,L3,15.308967
1202,20.0333,L4,18.313330
1202,20.0333,L5,0.000000
1203,20.0500,L1,5.966181
1203,20.0500,L2,12.919267
1203,20.0500,L3,20.417631
1203,20.0500,L4,18.664160
1203,20.0500,L5,0.000000
1204,20.0667,L1,8.424893
1204,20.0667,L2,16.072301
1204,20.0667,L3,15.104062
1204,20.0667,L4,19.621926
1204,20.0667,L5,0.000000
1205,20.0833,L1,6.084507
1205,20.0833,L2,17.362989
1205,20.0833,L3,18.428299
1205,20.0833,L4,15.744472
1205,20.0833,L5,0.000000
1206,20.1000,L1,8.006362
1206,20.1000,L2,17.441834
1206,20.1000,L3,15.705543
1206,20.1000,L4,16.329720
1206,20.1000,L5,0.000000
1207,20.1167,L1,5.557669
1207,20.1167,L2,14.425600
1207,20.1167,L3,16.815803
1207,20.1167,L4,21.152803
1207,20.1167,L5,0.000000
1208,20.1333,L1,8.279758
1208,20.1333,L2,18.294911
1208,20.1333,L3,18.404111
1208,20.1333,L4,12.903005
1208,20.1333,L5,0.000000
1209,20.1500,L1,8.660057
1209,20.1500,L2,15.684397
1209,20.1500,L3,12.869814
1209,20.1500,L4,21.601144
1209,20.1500,L5,0.000000
1210,20.1667,L1,5.787731
1210,20.1667,L2,13.672561
1210,20.1667,L3,19.714743
1210,20.1667,L4,16.656453
1210,20.1667,L5,0.000000
1211,20.1833,L1,9.081937
1211,20.1833,L2,15.137653
1211,20.1833,L3,14.933227
1211,20.1833,L4,20.335399
1211,20.1833,L5,0.000000
1212,20.2000,L1,5.700423
1212,20.2000,L2,18.306268
1212,20.2000,L3,21.957060
1212,20.2000,L4,11.031914
1212,20.2000,L5,0.000000
1213,20.2167,L1,7.906792
1213,20.2167,L2,12.868099
1213,20.2167,L3,15.955399
1213,20.2167,L4,23.178660
1213,20.2167,L5,0.000000
1214,20.2333,L1,5.668671
1214,20.2333,L2,18.078107
1214,20.2333,L3,14.598717
1214,20.2333,L4,18.545317
1214,20.2333,L5,0.000000
1215,20.2500,L1,5.591151
1215,20.2500,L2,11.218815
1215,20.2500,L3,18.288019
1215,20.2500,L4,22.107718
1215,20.2500,L5,0.000000
1216,20.2667,L1,8.517749
1216,20.2667,L2,20.203952
1216,20.2667,L3,17.677974
1216,20.2667,L4,12.783366
1216,20.2667,L5,0.000000
1217,20.2833,L1,8.226063
1217,20.2833,L2,14.903365
1217,20.2833,L3,15.766869
1217,20.2833,L4,18.346511
1217,20.2833,L5,0.000000
1218,20.3000,L1,5.602274
1218,20.3000,L2,15.405150
1218,20.3000,L3,22.944395
1218,20.3000,L4,14.670091
1218,20.3000,L5,0.000000
1219,20.3167,L1,8.631312
1219,20.3167,L2,14.428854
1219,20.3167,L3,14.471997
1219,20.3167,L4,21.125653
1219,20.3167,L5,0.000000
1220,20.3333,L1,5.655789
1220,20.3333,L2,15.679594
1220,20.3333,L3,19.900772
1220,20.3333,L4,15.962192
1220,20.3333,L5,0.000000
1221,20.3500,L1,8.731977
1221,20.3500,L2,13.250121
1221,20.3500,L3,15.350532
1221,20.3500,L4,20.951612
1221,20.3500,L5,0.000000
1222,20.3667,L1,9.090527
1222,20.3667,L2,19.670397
1222,20.3667,L3,20.972154
1222,20.3667,L4,8.169287
1222,20.3667,L5,0.000000
1223,20.3833,L1,5.904118
1223,20.3833,L2,18.401337
1223,20.3833,L3,18.261267
1223,20.3833,L4,16.528271
1223,20.3833,L5,0.000000
1224,20.4000,L1,6.588643
1224,20.4000,L2,10.577740
1224,20.4000,L3,16.987541
1224,20.4000,L4,21.219425
1224,20.4000,L5,0.000000
1225,20.4167,L1,9.454689
1225,20.4167,L2,17.645512
1225,20.4167,L3,19.199537
1225,20.4167,L4,12.884751
1225,20.4167,L5,0.000000
1226,20.4333,L1,5.690069
1226,20.4333,L2,12.703422
1226,20.4333,L3,15.323163
1226,20.4333,L4,24.543845
1226,20.4333,L5,0.000000
1227,20.4500,L1,8.766119
1227,20.4500,L2,18.664878
1227,20.4500,L3,15.221938
1227,20.4500,L4,15.161266
1227,20.4500,L5,0.000000
1228,20.4667,L1,5.615594
1228,20.4667,L2,12.660079
1228,20.4667,L3,21.023046
1228,20.4667,L4,18.315932
1228,20.4667,L5,0.000000
1229,20.4833,L1,8.652994
1229,20.4833,L2,17.154787
1229,20.4833,L3,13.827056
1229,20.4833,L4,17.620589
1229,20.4833,L5,0.000000
1230,20.5000,L1,5.796294
1230,20.5000,L2,14.873359
1230,20.5000,L3,24.226334
1230,20.5000,L4,14.189564
1230,20.5000,L5,0.000000
1231,20.5167,L1,8.484679
1231,20.5167,L2,15.330540
1231,20.5167,L3,12.540501
1231,20.5167,L4,21.429301
1231,20.5167,L5,0.000000
1232,20.5333,L1,5.794909
1232,20.5333,L2,14.282052
1232,20.5333,L3,23.797970
1232,20.5333,L4,14.674259
1232,20.5333,L5,0.000000
1233,20.5500,L1,5.580946
1233,20.5500,L2,15.464058
1233,20.5500,L3,17.812426
1233,20.5500,L4,19.576192
1233,20.5500,L5,0.000000
1234,20.5667,L1,9.065325
1234,20.5667,L2,17.428274
1234,20.5667,L3,15.880830
1234,20.5667,L4,15.499317
1234,20.5667,L5,0.000000
1235,20.5833,L1,9.605301
1235,20.5833,L2,14.025729
1235,20.5833,L3,16.065433
1235,20.5833,L4,18.193245
1235,20.5833,L5,0.000000
1236,20.6000,L1,5.934862
1236,20.6000,L2,17.902975
1236,20.6000,L3,20.022708
1236,20.6000,L4,14.555733
1236,20.6000,L5,0.000000
1237,20.6167,L1,5.749207
1237,20.6167,L2,14.193373
1237,20.6167,L3,16.157092
1237,20.6167,L4,21.820353
1237,20.6167,L5,0.000000
1238,20.6333,L1,8.224594
1238,20.6333,L2,20.171599
1238,20.6333,L3,14.751841
1238,20.6333,L4,15.162807
1238,20.6333,L5,0.000000
1239,20.6500,L1,5.562215
1239,20.6500,L2,11.864818
1239,20.6500,L3,20.351453
1239,20.6500,L4,18.760053
1239,20.6500,L5,0.000000
1240,20.6667,L1,8.506102
1240,20.6667,L2,19.776852
1240,20.6667,L3,16.355639
1240,20.6667,L4,15.272625
1240,20.6667,L5,0.000000
1241,20.6833,L1,5.941395
1241,20.6833,L2,12.418420
1241,20.6833,L3,19.761601
1241,20.6833,L4,16.773284
1241,20.6833,L5,0.000000
1242,20.7000,L1,9.218195
1242,20.7000,L2,17.516470
1242,20.7000,L3,16.964679
1242,20.7000,L4,16.697707
1242,20.7000,L5,0.000000
1243,20.7167,L1,5.774292
1243,20.7167,L2,12.334194
1243,20.7167,L3,19.239088
1243,20.7167,L4,19.377185
1243,20.7167,L5,0.000000
1244,20.7333,L1,8.527317
1244,20.7333,L2,18.882581
1244,20.7333,L3,14.313076
1244,20.7333,L4,18.426022
1244,20.7333,L5,0.000000
1245,20.7500,L1,5.546974
1245,20.7500,L2,13.603043
1245,20.7500,L3,17.349525
1245,20.7500,L4,18.218413
1245,20.7500,L5,0.000000
1246,20.7667,L1,12.776495
1246,20.7667,L2,24.389750
1246,20.7667,L3,16.862111
1246,20.7667,L4,3.776911
1246,20.7667,L5,0.000000
1247,20.7833,L1,8.433545
1247,20.7833,L2,17.192741
1247,20.7833,L3,24.755837
1247,20.7833,L4,10.657340
1247,20.7833,L5,0.000000
1248,20.8000,L1,5.532419
1248,20.8000,L2,17.278081
1248,20.8000,L3,19.968193
1248,20.8000,L4,12.994978
1248,20.8000,L5,0.000000
1249,20.8167,L1,5.909506
1249,20.8167,L2,13.815063
1249,20.8167,L3,18.749118
1249,20.8167,L4,20.386789
1249,20.8167,L5,0.000000
1250,20.8333,L1,8.382376
1250,20.8333,L2,18.592966
1250,20.8333,L3,13.812286
1250,20.8333,L4,17.918788
1250,20.8333,L5,0.000000
1251,20.8500,L1,5.741218
1251,20.8500,L2,11.693465
1251,20.8500,L3,19.689520
1251,20.8500,L4,20.226000
1251,20.8500,L5,0.000000
1252,20.8667,L1,8.200738
1252,20.8667,L2,16.632230
1252,20.8667,L3,15.265839
1252,20.8667,L4,19.280519
1252,20.8667,L5,0.000000
1253,20.8833,L1,6.113144
1253,20.8833,L2,15.349055
1253,20.8833,L3,17.563620
1253,20.8833,L4,17.836133
1253,20.8833,L5,0.000000
1254,20.9000,L1,5.514239
1254,20.9000,L2,12.642512
1254,20.9000,L3,17.156895
1254,20.9000,L4,22.784394
1254,20.9000,L5,0.000000
1255,20.9167,L1,8.473930
1255,20.9167,L2,17.534973
1255,20.9167,L3,14.916223
1255,20.9167,L4,16.852174
1255,20.9167,L5,0.000000
1256,20.9333,L1,8.535231
1256,20.9333,L2,12.962625
1256,20.9333,L3,19.250645
1256,20.9333,L4,17.870306
1256,20.9333,L5,0.000000
1257,20.9500,L1,5.409401
1257,20.9500,L2,20.015552
1257,20.9500,L3,13.969394
1257,20.9500,L4,19.483402
1257,20.9500,L5,0.000000
1258,20.9667,L1,5.563962
1258,20.9667,L2,13.851049
1258,20.9667,L3,19.988902
1258,20.9667,L4,18.313715
1258,20.9667,L5,0.000000
1259,20.9833,L1,8.753884
1259,20.9833,L2,13.631073
1259,20.9833,L3,13.756894
1259,20.9833,L4,20.982927
1259,20.9833,L5,0.000000
1260,21.0000,L1,6.195435
1260,21.0000,L2,18.168374
1260,21.0000,L3,18.526405
1260,21.0000,L4,16.582640
1260,21.0000,L5,0.000000
1261,21.0167,L1,6.353227
1261,21.0167,L2,13.581653
1261,21.0167,L3,15.593885
1261,21.0167,L4,21.102488
1261,21.0167,L5,0.000000
1262,21.0333,L1,8.728633
1262,21.0333,L2,18.848369
1262,21.0333,L3,20.872956
1262,21.0333,L4,10.168224
1262,21.0333,L5,0.000000
1263,21.0500,L1,5.960121
1263,21.0500,L2,12.427638
1263,21.0500,L3,13.544749
1263,21.0500,L4,25.315919
1263,21.0500,L5,0.000000
1264,21.0667,L1,8.867046
1264,21.0667,L2,15.470139
1264,21.0667,L3,17.401052
1264,21.0667,L4,17.219600
1264,21.0667,L5,0.000000
1265,21.0833,L1,6.228844
1265,21.0833,L2,16.596863
1265,21.0833,L3,18.817710
1265,21.0833,L4,16.503596
1265,21.0833,L5,0.000000
1266,21.1000,L1,8.794201
1266,21.1000,L2,12.624933
1266,21.1000,L3,16.633068
1266,21.1000,L4,19.807731
1266,21.1000,L5,0.000000
1267,21.1167,L1,7.668939
1267,21.1167,L2,19.130072
1267,21.1167,L3,17.479771
1267,21.1167,L4,13.152671
1267,21.1167,L5,0.000000
1268,21.1333,L1,6.007912
1268,21.1333,L2,13.051994
1268,21.1333,L3,19.085437
1268,21.1333,L4,20.763470
1268,21.1333,L5,0.000000
1269,21.1500,L1,8.597966
1269,21.1500,L2,18.131796
1269,21.1500,L3,12.426685
1269,21.1500,L4,18.336981
1269,21.1500,L5,0.000000
1270,21.1667,L1,5.901412
1270,21.1667,L2,14.545219
1270,21.1667,L3,23.533831
1270,21.1667,L4,14.526694
1270,21.1667,L5,0.000000
1271,21.1833,L1,8.262970
1271,21.1833,L2,19.000784
1271,21.1833,L3,13.903706
1271,21.1833,L4,14.517742
1271,21.1833,L5,0.000000
1272,21.2000,L1,8.462087
1272,21.2000,L2,13.527595
1272,21.2000,L3,19.285662
1272,21.2000,L4,17.732397
1272,21.2000,L5,0.000000
1273,21.2167,L1,5.632969
1273,21.2167,L2,17.669001
1273,21.2167,L3,14.351127
1273,21.2167,L4,19.576133
1273,21.2167,L5,0.000000
1274,21.2333,L1,5.820978
1274,21.2333,L2,13.472140
1274,21.2333,L3,21.534933
1274,21.2333,L4,17.834854
1274,21.2333,L5,0.000000
1275,21.2500,L1,8.356571
1275,21.2500,L2,17.632217
1275,21.2500,L3,18.986114
1275,21.2500,L4,14.136850
1275,21.2500,L5,0.000000
1276,21.2667,L1,5.620895
1276,21.2667,L2,14.696328
1276,21.2667,L3,15.668798
1276,21.2667,L4,19.385622
1276,21.2667,L5,0.000000
1277,21.2833,L1,9.216542
1277,21.2833,L2,15.729844
1277,21.2833,L3,12.800656
1277,21.2833,L4,21.820502
1277,21.2833,L5,0.000000
1278,21.3000,L1,5.639940
1278,21.3000,L2,14.134568
1278,21.3000,L3,23.544643
1278,21.3000,L4,15.005857
1278,21.3000,L5,0.000000
1279,21.3167,L1,8.325090
1279,21.3167,L2,19.172545
1279,21.3167,L3,10.942061
1279,21.3167,L4,18.545563
1279,21.3167,L5,0.000000
1280,21.3333,L1,8.990036
1280,21.3333,L2,10.900567
1280,21.3333,L3,21.227741
1280,21.3333,L4,18.574264
1280,21.3333,L5,0.000000
1281,21.3500,L1,5.592448
1281,21.3500,L2,17.732672
1281,21.3500,L3,18.402952
1281,21.3500,L4,14.096194
1281,21.3500,L5,0.000000
1282,21.3667,L1,5.964964
1282,21.3667,L2,13.473251
1282,21.3667,L3,18.950570
1282,21.3667,L4,19.951065
1282,21.3667,L5,0.000000
1283,21.3833,L1,16.342550
1283,21.3833,L2,28.274245
1283,21.3833,L3,14.664370
1283,21.3833,L4,0.000000
1283,21.3833,L5,0.000000
1284,21.4000,L1,5.345982
1284,21.4000,L2,17.944358
1284,21.4000,L3,26.801106
1284,21.4000,L4,6.436168
1284,21.4000,L5,0.000000
1285,21.4167,L1,8.996248
1285,21.4167,L2,14.829658
1285,21.4167,L3,14.852189
1285,21.4167,L4,20.732974
1285,21.4167,L5,0.000000
1286,21.4333,L1,5.465253
1286,21.4333,L2,16.548139
1286,21.4333,L3,21.962612
1286,21.4333,L4,14.052299
1286,21.4333,L5,0.000000
1287,21.4500,L1,8.256906
1287,21.4500,L2,13.916513
1287,21.4500,L3,14.724734
1287,21.4500,L4,21.561573
1287,21.4500,L5,0.000000
1288,21.4667,L1,5.900758
1288,21.4667,L2,17.202163
1288,21.4667,L3,19.108253
1288,21.4667,L4,15.215222
1288,21.4667,L5,0.000000
1289,21.4833,L1,8.883020
1289,21.4833,L2,12.697573
1289,21.4833,L3,15.999407
1289,21.4833,L4,19.007657
1289,21.4833,L5,0.000000
1290,21.5000,L1,5.267077
1290,21.5000,L2,20.278688
1290,21.5000,L3,17.321946
1290,21.5000,L4,16.336649
1290,21.5000,L5,0.000000
1291,21.5167,L1,8.416682
1291,21.5167,L2,14.407951
1291,21.5167,L3,13.930369
1291,21.5167,L4,22.132091
1291,21.5167,L5,0.000000
1292,21.5333,L1,5.738205
1292,21.5333,L2,16.929073
1292,21.5333,L3,17.693965
1292,21.5333,L4,16.426483
1292,21.5333,L5,0.000000
1293,21.5500,L1,8.438468
1293,21.5500,L2,13.897991
1293,21.5500,L3,17.130490
1293,21.5500,L4,17.997472
1293,21.5500,L5,0.000000
1294,21.5667,L1,5.957976
1294,21.5667,L2,16.985484
1294,21.5667,L3,18.222730
1294,21.5667,L4,16.619351
1294,21.5667,L5,0.000000
1295,21.5833,L1,8.519343
1295,21.5833,L2,17.790693
1295,21.5833,L3,13.081144
1295,21.5833,L4,20.263907
1295,21.5833,L5,0.000000
1296,21.6000,L1,5.718715
1296,21.6000,L2,11.724250
1296,21.6000,L3,23.846184
1296,21.6000,L4,15.796670
1296,21.6000,L5,0.000000
1297,21.6167,L1,5.997278
1297,21.6167,L2,12.663440
1297,21.6167,L3,17.068889
1297,21.6167,L4,23.496248
1297,21.6167,L5,0.000000
1298,21.6333,L1,8.742231
1298,21.6333,L2,19.646235
1298,21.6333,L3,12.069075
1298,21.6333,L4,17.238671
1298,21.6333,L5,0.000000
1299,21.6500,L1,5.544807
1299,21.6500,L2,13.383033
1299,21.6500,L3,20.166210
1299,21.6500,L4,17.017007
1299,21.6500,L5,0.000000
1300,21.6667,L1,8.839248
1300,21.6667,L2,11.634364
1300,21.6667,L3,16.462142
1300,21.6667,L4,23.359311
1300,21.6667,L5,0.000000
1301,21.6833,L1,5.371127
1301,21.6833,L2,20.353173
1301,21.6833,L3,16.545374
1301,21.6833,L4,15.666008
1301,21.6833,L5,0.000000
1302,21.7000,L1,8.760722
1302,21.7000,L2,13.815040
1302,21.7000,L3,19.798161
1302,21.7000,L4,15.743925
1302,21.7000,L5,0.000000
1303,21.7167,L1,5.734818
1303,21.7167,L2,15.600049
1303,21.7167,L3,20.583814
1303,21.7167,L4,14.939134
1303,21.7167,L5,0.000000
1304,21.7333,L1,8.863762
1304,21.7333,L2,12.643190
1304,21.7333,L3,17.489173
1304,21.7333,L4,18.957699
1304,21.7333,L5,0.000000
1305,21.7500,L1,5.567276
1305,21.7500,L2,20.802329
1305,21.7500,L3,18.628289
1305,21.7500,L4,13.971189
1305,21.7500,L5,0.000000
1306,21.7667,L1,8.085887
1306,21.7667,L2,15.802482
1306,21.7667,L3,13.978368
1306,21.7667,L4,20.212313
1306,21.7667,L5,0.000000
1307,21.7833,L1,5.766625
1307,21.7833,L2,17.321585
1307,21.7833,L3,18.449678
1307,21.7833,L4,16.510016
1307,21.7833,L5,0.000000
1308,21.8000,L1,8.414654
1308,21.8000,L2,11.001895
1308,21.8000,L3,19.432740
1308,21.8000,L4,18.994442
1308,21.8000,L5,0.000000
1309,21.8167,L1,5.556381
1309,21.8167,L2,17.236591
1309,21.8167,L3,18.009208
1309,21.8167,L4,16.332771
1309,21.8167,L5,0.000000
1310,21.8333,L1,5.864520
1310,21.8333,L2,13.081521
1310,21.8333,L3,14.442306
1310,21.8333,L4,23.895491
1310,21.8333,L5,0.000000
1311,21.8500,L1,8.494003
1311,21.8500,L2,17.175408
1311,21.8500,L3,20.053879
1311,21.8500,L4,12.902898
1311,21.8500,L5,0.000000
1312,21.8667,L1,8.784931
1312,21.8667,L2,19.317601
1312,21.8667,L3,13.035042
1312,21.8667,L4,15.946632
1312,21.8667,L5,0.000000
1313,21.8833,L1,5.413041
1313,21.8833,L2,13.927375
1313,21.8833,L3,22.304676
1313,21.8833,L4,17.473531
1313,21.8833,L5,0.000000
1314,21.9000,L1,8.248796
1314,21.9000,L2,11.872186
1314,21.9000,L3,15.810189
1314,21.9000,L4,21.359649
1314,21.9000,L5,0.000000
1315,21.9167,L1,5.762362
1315,21.9167,L2,18.631500
1315,21.9167,L3,19.360693
1315,21.9167,L4,14.840494
1315,21.9167,L5,0.000000
1316,21.9333,L1,8.727097
1316,21.9333,L2,19.024245
1316,21.9333,L3,11.822662
1316,21.9333,L4,19.489606
1316,21.9333,L5,0.000000
1317,21.9500,L1,6.194471
1317,21.9500,L2,12.812329
1317,21.9500,L3,20.025246
1317,21.9500,L4,17.490338
1317,21.9500,L5,0.000000
1318,21.9667,L1,9.894374
1318,21.9667,L2,12.360971
1318,21.9667,L3,15.407705
1318,21.9667,L4,21.553178
1318,21.9667,L5,0.000000
1319,21.9833,L1,6.020044
1319,21.9833,L2,16.517298
1319,21.9833,L3,18.699785
1319,21.9833,L4,17.000810
1319,21.9833,L5,0.000000
1320,22.0000,L1,8.647317
1320,22.0000,L2,20.290135
1320,22.0000,L3,18.049568
1320,22.0000,L4,10.007859
1320,22.0000,L5,0.000000
1321,22.0167,L1,8.659227
1321,22.0167,L2,16.261837
1321,22.0167,L3,16.851074
1321,22.0167,L4,14.886581
1321,22.0167,L5,0.000000
1322,22.0333,L1,5.917881
1322,22.0333,L2,15.084588
1322,22.0333,L3,21.436088
1322,22.0333,L4,17.713688
1322,22.0333,L5,0.000000
1323,22.0500,L1,8.366757
1323,22.0500,L2,12.932709
1323,22.0500,L3,14.825631
1323,22.0500,L4,20.765759
1323,22.0500,L5,0.000000
1324,22.0667,L1,6.073335
1324,22.0667,L2,18.248184
1324,22.0667,L3,17.308826
1324,22.0667,L4,16.927075
1324,22.0667,L5,0.000000
1325,22.0833,L1,5.638624
1325,22.0833,L2,12.864812
1325,22.0833,L3,17.322206
1325,22.0833,L4,22.619986
1325,22.0833,L5,0.000000
1326,22.1000,L1,8.557070
1326,22.1000,L2,16.185765
1326,22.1000,L3,11.761853
1326,22.1000,L4,19.282128
1326,22.1000,L5,0.000000
1327,22.1167,L1,5.820379
1327,22.1167,L2,15.906206
1327,22.1167,L3,23.417216
1327,22.1167,L4,13.164748
1327,22.1167,L5,0.000000
1328,22.1333,L1,8.847047
1328,22.1333,L2,15.298699
1328,22.1333,L3,13.407792
1328,22.1333,L4,20.361191
1328,22.1333,L5,0.000000
1329,22.1500,L1,5.870545
1329,22.1500,L2,18.743682
1329,22.1500,L3,21.063688
1329,22.1500,L4,12.134898
1329,22.1500,L5,0.000000
1330,22.1667,L1,8.657014
1330,22.1667,L2,12.991648
1330,22.1667,L3,16.206738
1330,22.1667,L4,22.463837
1330,22.1667,L5,0.000000
1331,22.1833,L1,5.640489
1331,22.1833,L2,18.462378
1331,22.1833,L3,22.643092
1331,22.1833,L4,10.638632
1331,22.1833,L5,0.000000
1332,22.2000,L1,5.455866
1332,22.2000,L2,14.069653
1332,22.2000,L3,15.727493
1332,22.2000,L4,23.421019
1332,22.2000,L5,0.000000
1333,22.2167,L1,7.753277
1333,22.2167,L2,17.746354
1333,22.2167,L3,19.855948
1333,22.2167,L4,12.816788
1333,22.2167,L5,0.000000
1334,22.2333,L1,8.922297
1334,22.2333,L2,11.737136
1334,22.2333,L3,11.459998
1334,22.2333,L4,24.313750
1334,22.2333,L5,0.000000
1335,22.2500,L1,5.526699
1335,22.2500,L2,18.129266
1335,22.2500,L3,21.118750
1335,22.2500,L4,12.795180
1335,22.2500,L5,0.000000
1336,22.2667,L1,15.709575
1336,22.2667,L2,22.738085
1336,22.2667,L3,7.128865
1336,22.2667,L4,13.461769
1336,22.2667,L5,0.000000
1337,22.2833,L1,5.550063
1337,22.2833,L2,16.337411
1337,22.2833,L3,33.062984
1337,22.2833,L4,1.470506
1337,22.2833,L5,0.000000
1338,22.3000,L1,9.111750
1338,22.3000,L2,18.697963
1338,22.3000,L3,14.891010
1338,22.3000,L4,15.878322
1338,22.3000,L5,0.000000
1339,22.3167,L1,6.301880
1339,22.3167,L2,11.887064
1339,22.3167,L3,18.060848
1339,22.3167,L4,21.487620
1339,22.3167,L5,0.000000
1340,22.3333,L1,8.844547
1340,22.3333,L2,15.040019
1340,22.3333,L3,15.904615
1340,22.3333,L4,19.445574
1340,22.3333,L5,0.000000
1341,22.3500,L1,5.782821
1341,22.3500,L2,14.808400
1341,22.3500,L3,23.745914
1341,22.3500,L4,13.557914
1341,22.3500,L5,0.000000
1342,22.3667,L1,8.930170
1342,22.3667,L2,14.348717
1342,22.3667,L3,12.010547
1342,22.3667,L4,23.021236
1342,22.3667,L5,0.000000
1343,22.3833,L1,5.543799
1343,22.3833,L2,13.204421
1343,22.3833,L3,22.370101
1343,22.3833,L4,16.006878
1343,22.3833,L5,0.000000
1344,22.4000,L1,9.181232
1344,22.4000,L2,15.171377
1344,22.4000,L3,14.108516
1344,22.4000,L4,20.268961
1344,22.4000,L5,0.000000
1345,22.4167,L1,5.644535
1345,22.4167,L2,15.985414
1345,22.4167,L3,20.115704
1345,22.4167,L4,16.658734
1345,22.4167,L5,0.000000
1346,22.4333,L1,8.594947
1346,22.4333,L2,13.765180
1346,22.4333,L3,16.682586
1346,22.4333,L4,18.672101
1346,22.4333,L5,0.000000
1347,22.4500,L1,5.903878
1347,22.4500,L2,16.044078
1347,22.4500,L3,17.996774
1347,22.4500,L4,16.995721
1347,22.4500,L5,0.000000
1348,22.4667,L1,6.245560
1348,22.4667,L2,12.319963
1348,22.4667,L3,17.527360
1348,22.4667,L4,23.237550
1348,22.4667,L5,0.000000
1349,22.4833,L1,8.693268
1349,22.4833,L2,17.532473
1349,22.4833,L3,11.991467
1349,22.4833,L4,18.797616
1349,22.4833,L5,0.000000
1350,22.5000,L1,5.480487
1350,22.5000,L2,13.641670
1350,22.5000,L3,24.065759
1350,22.5000,L4,13.378799
1350,22.5000,L5,0.000000
1351,22.5167,L1,8.291794
1351,22.5167,L2,17.510689
1351,22.5167,L3,12.060057
1351,22.5167,L4,22.043274
1351,22.5167,L5,0.000000
1352,22.5333,L1,5.257235
1352,22.5333,L2,14.398905
1352,22.5333,L3,18.916743
1352,22.5333,L4,17.453329
1352,22.5333,L5,0.000000
1353,22.5500,L1,9.146531
1353,22.5500,L2,13.540185
1353,22.5500,L3,15.568803
1353,22.5500,L4,21.777036
1353,22.5500,L5,0.000000
1354,22.5667,L1,8.395531
1354,22.5667,L2,18.452722
1354,22.5667,L3,21.237101
1354,22.5667,L4,8.969458
1354,22.5667,L5,0.000000
1355,22.5833,L1,5.291552
1355,22.5833,L2,18.297219
1355,22.5833,L3,21.058804
1355,22.5833,L4,14.624285
1355,22.5833,L5,0.000000
1356,22.6000,L1,8.630305
1356,22.6000,L2,13.976325
1356,22.6000,L3,14.928394
1356,22.6000,L4,20.102048
1356,22.6000,L5,0.000000
1357,22.6167,L1,5.731184
1357,22.6167,L2,16.769477
1357,22.6167,L3,19.580573
1357,22.6167,L4,16.317391
1357,22.6167,L5,0.000000
1358,22.6333,L1,6.642524
1358,22.6333,L2,14.468367
1358,22.6333,L3,14.896301
1358,22.6333,L4,20.918039
1358,22.6333,L5,0.000000
1359,22.6500,L1,8.007152
1359,22.6500,L2,19.291240
1359,22.6500,L3,15.195071
1359,22.6500,L4,16.739513
1359,22.6500,L5,0.000000
1360,22.6667,L1,5.713563
1360,22.6667,L2,10.164543
1360,22.6667,L3,19.421333
1360,22.6667,L4,22.170100
1360,22.6667,L5,0.000000
1361,22.6833,L1,8.585015
1361,22.6833,L2,19.197473
1361,22.6833,L3,19.011129
1361,22.6833,L4,11.371969
1361,22.6833,L5,0.000000
1362,22.7000,L1,8.435233
1362,22.7000,L2,13.333177
1362,22.7000,L3,14.300789
1362,22.7000,L4,22.373912
1362,22.7000,L5,0.000000
1363,22.7167,L1,5.357005
1363,22.7167,L2,15.217694
1363,22.7167,L3,19.132460
1363,22.7167,L4,18.007659
1363,22.7167,L5,0.000000
1364,22.7333,L1,8.977660
1364,22.7333,L2,12.958945
1364,22.7333,L3,13.627238
1364,22.7333,L4,21.685815
1364,22.7333,L5,0.000000
1365,22.7500,L1,5.788121
1365,22.7500,L2,18.222300
1365,22.7500,L3,19.379734
1365,22.7500,L4,14.787366
1365,22.7500,L5,0.000000
1366,22.7667,L1,9.294586
1366,22.7667,L2,11.180861
1366,22.7667,L3,16.844484
1366,22.7667,L4,20.410475
1366,22.7667,L5,0.000000
1367,22.7833,L1,5.714988
1367,22.7833,L2,18.283962
1367,22.7833,L3,15.863164
1367,22.7833,L4,16.827817
1367,22.7833,L5,0.000000
1368,22.8000,L1,9.586016
1368,22.8000,L2,13.239204
1368,22.8000,L3,20.903160
1368,22.8000,L4,15.712620
1368,22.8000,L5,0.000000
1369,22.8167,L1,7.045391
1369,22.8167,L2,18.648295
1369,22.8167,L3,15.352151
1369,22.8167,L4,17.269962
1369,22.8167,L5,0.000000
1370,22.8333,L1,5.620012
1370,22.8333,L2,14.867410
1370,22.8333,L3,20.529472
1370,22.8333,L4,17.156343
1370,22.8333,L5,0.000000
1371,22.8500,L1,8.253588
1371,22.8500,L2,15.421397
1371,22.8500,L3,14.932189
1371,22.8500,L4,19.609860
1371,22.8500,L5,0.000000
1372,22.8667,L1,5.518960
1372,22.8667,L2,14.452165
1372,22.8667,L3,20.354347
1372,22.8667,L4,17.217517
1372,22.8667,L5,0.000000
1373,22.8833,L1,8.931236
1373,22.8833,L2,16.249596
1373,22.8833,L3,14.305204
1373,22.8833,L4,18.309596
1373,22.8833,L5,0.000000
1374,22.9000,L1,5.659071
1374,22.9000,L2,16.431633
1374,22.9000,L3,19.695196
1374,22.9000,L4,15.936386
1374,22.9000,L5,0.000000
1375,22.9167,L1,9.106797
1375,22.9167,L2,12.197464
1375,22.9167,L3,13.146088
1375,22.9167,L4,22.743689
1375,22.9167,L5,0.000000
1376,22.9333,L1,5.782038
1376,22.9333,L2,17.054290
1376,22.9333,L3,18.722956
1376,22.9333,L4,15.799989
1376,22.9333,L5,0.000000
1377,22.9500,L1,8.448734
1377,22.9500,L2,18.733714
1377,22.9500,L3,17.560139
1377,22.9500,L4,14.928508
1377,22.9500,L5,0.000000
1378,22.9667,L1,5.662310
1378,22.9667,L2,12.151741
1378,22.9667,L3,18.962325
1378,22.9667,L4,19.292173
1378,22.9667,L5,0.000000
1379,22.9833,L1,8.667450
1379,22.9833,L2,14.422271
1379,22.9833,L3,12.942320
1379,22.9833,L4,23.245859
1379,22.9833,L5,0.000000
1380,23.0000,L1,5.603129
1380,23.0000,L2,17.889111
1380,23.0000,L3,19.419474
1380,23.0000,L4,15.052810
1380,23.0000,L5,0.000000
1381,23.0167,L1,9.465389
1381,23.0167,L2,14.312139
1381,23.0167,L3,15.756620
1381,23.0167,L4,19.831498
1381,23.0167,L5,0.000000
1382,23.0333,L1,5.829169
1382,23.0333,L2,16.596060
1382,23.0333,L3,18.849985
1382,23.0333,L4,14.922529
1382,23.0333,L5,0.000000
1383,23.0500,L1,5.879064
1383,23.0500,L2,13.606027
1383,23.0500,L3,21.184773
1383,23.0500,L4,16.850091
1383,23.0500,L5,0.000000
1384,23.0667,L1,8.282221
1384,23.0667,L2,20.338530
1384,23.0667,L3,13.194317
1384,23.0667,L4,17.164447
1384,23.0667,L5,0.000000
1385,23.0833,L1,5.614387
1385,23.0833,L2,11.898372
1385,23.0833,L3,21.104630
1385,23.0833,L4,19.679497
1385,23.0833,L5,0.000000
1386,23.1000,L1,8.903425
1386,23.1000,L2,16.142063
1386,23.1000,L3,13.456366
1386,23.1000,L4,18.240068
1386,23.1000,L5,0.000000
1387,23.1167,L1,5.501197
1387,23.1167,L2,17.022060
1387,23.1167,L3,18.868318
1387,23.1167,L4,17.024224
1387,23.1167,L5,0.000000
1388,23.1333,L1,8.679732
1388,23.1333,L2,17.313311
1388,23.1333,L3,15.603034
1388,23.1333,L4,17.731279
1388,23.1333,L5,0.000000
1389,23.1500,L1,5.687318
1389,23.1500,L2,13.119160
1389,23.1500,L3,21.689213
1389,23.1500,L4,16.466674
1389,23.1500,L5,0.000000
1390,23.1667,L1,8.086544
1390,23.1667,L2,17.228906
1390,23.1667,L3,12.232749
1390,23.1667,L4,21.332425
1390,23.1667,L5,0.000000
1391,23.1833,L1,5.825989
1391,23.1833,L2,13.781593
1391,23.1833,L3,22.919057
1391,23.1833,L4,13.540067
1391,23.1833,L5,0.000000
1392,23.2000,L1,8.450961
1392,23.2000,L2,16.498444
1392,23.2000,L3,19.875026
1392,23.2000,L4,15.506209
1392,23.2000,L5,0.000000
1393,23.2167,L1,6.336834
1393,23.2167,L2,15.382983
1393,23.2167,L3,17.002685
1393,23.2167,L4,18.078947
1393,23.2167,L5,0.000000
1394,23.2333,L1,9.266201
1394,23.2333,L2,17.115867
1394,23.2333,L3,11.419711
1394,23.2333,L4,20.719606
1394,23.2333,L5,0.000000
1395,23.2500,L1,5.711512
1395,23.2500,L2,14.793718
1395,23.2500,L3,24.028743
1395,23.2500,L4,12.763722
1395,23.2500,L5,0.000000
1396,23.2667,L1,8.308350
1396,23.2667,L2,13.865132
1396,23.2667,L3,15.206809
1396,23.2667,L4,20.336864
1396,23.2667,L5,0.000000
1397,23.2833,L1,5.837778
1397,23.2833,L2,16.947958
1397,23.2833,L3,17.792144
1397,23.2833,L4,19.262517
1397,23.2833,L5,0.000000
1398,23.3000,L1,8.856065
1398,23.3000,L2,19.318470
1398,23.3000,L3,17.950084
1398,23.3000,L4,10.985391
1398,23.3000,L5,0.000000
1399,23.3167,L1,5.394050
1399,23.3167,L2,12.002906
1399,23.3167,L3,17.807818
1399,23.3167,L4,22.015508
1399,23.3167,L5,0.000000
1400,23.3333,L1,8.399976
1400,23.3333,L2,15.296675
1400,23.3333,L3,14.251500
1400,23.3333,L4,20.496877
1400,23.3333,L5,0.000000
1401,23.3500,L1,10.005072
1401,23.3500,L2,18.698268
1401,23.3500,L3,14.481062
1401,23.3500,L4,15.399960
1401,23.3500,L5,0.000000
1402,23.3667,L1,5.822793
1402,23.3667,L2,14.297535
1402,23.3667,L3,28.652394
1402,23.3667,L4,8.250537
1402,23.3667,L5,0.000000
1403,23.3833,L1,8.563108
1403,23.3833,L2,19.197360
1403,23.3833,L3,15.177773
1403,23.3833,L4,15.770427
1403,23.3833,L5,0.000000
1404,23.4000,L1,5.648107
1404,23.4000,L2,11.290504
1404,23.4000,L3,17.132429
1404,23.4000,L4,24.398158
1404,23.4000,L5,0.000000
1405,23.4167,L1,8.840218
1405,23.4167,L2,17.161070
1405,23.4167,L3,13.256246
1405,23.4167,L4,16.619564
1405,23.4167,L5,0.000000
1406,23.4333,L1,5.766748
1406,23.4333,L2,13.824214
1406,23.4333,L3,20.897999
1406,23.4333,L4,18.368369
1406,23.4333,L5,0.000000
1407,23.4500,L1,8.343175
1407,23.4500,L2,16.315825
1407,23.4500,L3,16.191950
1407,23.4500,L4,16.951493
1407,23.4500,L5,0.000000
1408,23.4667,L1,5.747169
1408,23.4667,L2,14.956009
1408,23.4667,L3,21.876937
1408,23.4667,L4,16.919613
1408,23.4667,L5,0.000000
1409,23.4833,L1,8.239376
1409,23.4833,L2,13.062262
1409,23.4833,L3,12.329411
1409,23.4833,L4,22.848669
1409,23.4833,L5,0.000000
1410,23.5000,L1,6.130264
1410,23.5000,L2,16.618897
1410,23.5000,L3,19.389722
1410,23.5000,L4,15.321345
1410,23.5000,L5,0.000000
1411,23.5167,L1,8.871197
1411,23.5167,L2,14.480085
1411,23.5167,L3,15.395981
1411,23.5167,L4,20.221921
1411,23.5167,L5,0.000000
1412,23.5333,L1,5.667056
1412,23.5333,L2,16.323273
1412,23.5333,L3,21.125852
1412,23.5333,L4,14.956755
1412,23.5333,L5,0.000000
1413,23.5500,L1,8.556709
1413,23.5500,L2,18.842076
1413,23.5500,L3,12.823992
1413,23.5500,L4,16.963564
1413,23.5500,L5,0.000000
1414,23.5667,L1,5.921498
1414,23.5667,L2,12.530956
1414,23.5667,L3,19.206608
1414,23.5667,L4,21.850352
1414,23.5667,L5,0.000000
1415,23.5833,L1,8.484025
1415,23.5833,L2,14.369603
1415,23.5833,L3,13.505895
1415,23.5833,L4,19.803224
1415,23.5833,L5,0.000000
1416,23.6000,L1,5.689759
1416,23.6000,L2,18.835839
1416,23.6000,L3,23.646354
1416,23.6000,L4,9.375304
1416,23.6000,L5,0.000000
1417,23.6167,L1,8.544337
1417,23.6167,L2,20.178422
1417,23.6167,L3,13.681856
1417,23.6167,L4,17.044978
1417,23.6167,L5,0.000000
1418,23.6333,L1,5.802957
1418,23.6333,L2,11.549665
1418,23.6333,L3,20.459851
1418,23.6333,L4,20.220505
1418,23.6333,L5,0.000000
1419,23.6500,L1,8.648433
1419,23.6500,L2,15.640569
1419,23.6500,L3,13.697424
1419,23.6500,L4,19.468088
1419,23.6500,L5,0.000000
1420,23.6667,L1,6.477895
1420,23.6667,L2,14.283530
1420,23.6667,L3,21.245090
1420,23.6667,L4,15.797780
1420,23.6667,L5,0.000000
1421,23.6833,L1,8.707707
1421,23.6833,L2,12.281829
1421,23.6833,L3,16.503084
1421,23.6833,L4,20.669520
1421,23.6833,L5,0.000000
1422,23.7000,L1,6.115844
1422,23.7000,L2,18.745266
1422,23.7000,L3,19.149849
1422,23.7000,L4,14.726242
1422,23.7000,L5,0.000000
1423,23.7167,L1,8.722343
1423,23.7167,L2,13.916561
1423,23.7167,L3,15.272406
1423,23.7167,L4,20.454125
1423,23.7167,L5,0.000000
1424,23.7333,L1,5.836757
1424,23.7333,L2,18.213178
1424,23.7333,L3,17.235506
1424,23.7333,L4,16.765606
1424,23.7333,L5,0.000000
1425,23.7500,L1,5.556646
1425,23.7500,L2,12.352490
1425,23.7500,L3,16.436971
1425,23.7500,L4,19.638296
1425,23.7500,L5,0.000000
1426,23.7667,L1,8.853394
1426,23.7667,L2,15.267005
1426,23.7667,L3,16.549561
1426,23.7667,L4,20.074636
1426,23.7667,L5,0.000000
1427,23.7833,L1,5.637109
1427,23.7833,L2,16.429707
1427,23.7833,L3,22.306371
1427,23.7833,L4,13.236584
1427,23.7833,L5,0.000000
1428,23.8000,L1,8.834519
1428,23.8000,L2,14.321679
1428,23.8000,L3,15.630777
1428,23.8000,L4,19.715520
1428,23.8000,L5,0.000000
1429,23.8167,L1,8.992683
1429,23.8167,L2,16.363755
1429,23.8167,L3,18.539423
1429,23.8167,L4,14.156995
1429,23.8167,L5,0.000000
1430,23.8333,L1,5.799679
1430,23.8333,L2,19.409265
1430,23.8333,L3,16.200413
1430,23.8333,L4,15.213561
1430,23.8333,L5,0.000000
1431,23.8500,L1,5.689472
1431,23.8500,L2,15.032275
1431,23.8500,L3,19.175398
1431,23.8500,L4,18.084763
1431,23.8500,L5,0.000000
1432,23.8667,L1,5.688781
1432,23.8667,L2,14.127868
1432,23.8667,L3,18.274590
1432,23.8667,L4,20.397312
1432,23.8667,L5,0.000000
1433,23.8833,L1,9.133525
1433,23.8833,L2,18.139621
1433,23.8833,L3,12.812065
1433,23.8833,L4,17.380704
1433,23.8833,L5,0.000000
1434,23.9000,L1,5.829807
1434,23.9000,L2,13.128740
1434,23.9000,L3,21.618845
1434,23.9000,L4,19.267402
1434,23.9000,L5,0.000000
1435,23.9167,L1,8.965760
1435,23.9167,L2,14.938321
1435,23.9167,L3,14.106397
1435,23.9167,L4,19.791877
1435,23.9167,L5,0.000000
1436,23.9333,L1,5.754735
1436,23.9333,L2,19.353166
1436,23.9333,L3,22.401555
1436,23.9333,L4,10.259309
1436,23.9333,L5,0.000000
1437,23.9500,L1,8.787085
1437,23.9500,L2,14.141837
1437,23.9500,L3,16.084390
1437,23.9500,L4,19.052944
1437,23.9500,L5,0.000000
1438,23.9667,L1,6.006069
1438,23.9667,L2,17.343339
1438,23.9667,L3,17.199415
1438,23.9667,L4,17.104097
1438,23.9667,L5,0.000000
1439,23.9833,L1,5.348760
1439,23.9833,L2,12.810694
1439,23.9833,L3,17.842156
1439,23.9833,L4,20.762321
1439,23.9833,L5,0.000000
1440,24.0000,L1,8.431767
1440,24.0000,L2,16.823454
1440,24.0000,L3,14.737940
1440,24.0000,L4,19.112597
1440,24.0000,L5,0.000000
1441,24.0167,L1,5.337990
1441,24.0167,L2,15.817867
1441,24.0167,L3,21.760698
1441,24.0167,L4,14.599190
1441,24.0167,L5,0.000000
1442,24.0333,L1,8.357393
1442,24.0333,L2,17.730332
1442,24.0333,L3,16.020871
1442,24.0333,L4,16.788437
1442,24.0333,L5,0.000000
1443,24.0500,L1,6.150038
1443,24.0500,L2,12.543530
1443,24.0500,L3,16.219495
1443,24.0500,L4,22.900365
1443,24.0500,L5,0.000000
1444,24.0667,L1,9.087794
1444,24.0667,L2,19.530076
1444,24.0667,L3,16.032752
1444,24.0667,L4,12.168138
1444,24.0667,L5,0.000000
1445,24.0833,L1,6.066013
1445,24.0833,L2,12.315200
1445,24.0833,L3,22.042674
1445,24.0833,L4,18.516281
1445,24.0833,L5,0.000000
1446,24.1000,L1,8.311481
1446,24.1000,L2,13.242638
1446,24.1000,L3,12.198760
1446,24.1000,L4,23.155510
1446,24.1000,L5,0.000000
1447,24.1167,L1,8.875165
1447,24.1167,L2,20.449306
1447,24.1167,L3,16.848618
1447,24.1167,L4,12.697906
1447,24.1167,L5,0.000000
1448,24.1333,L1,5.401808
1448,24.1333,L2,18.728804
1448,24.1333,L3,23.144278
1448,24.1333,L4,11.016075
1448,24.1333,L5,0.000000
1449,24.1500,L1,6.033311
1449,24.1500,L2,12.885868
1449,24.1500,L3,15.393108
1449,24.1500,L4,22.519832
1449,24.1500,L5,0.000000
1450,24.1667,L1,9.479536
1450,24.1667,L2,15.565173
1450,24.1667,L3,15.522164
1450,24.1667,L4,17.272890
1450,24.1667,L5,0.000000
1451,24.1833,L1,5.538213
1451,24.1833,L2,17.502009
1451,24.1833,L3,18.957025
1451,24.1833,L4,16.144001
1451,24.1833,L5,0.000000
1452,24.2000,L1,5.584355
1452,24.2000,L2,12.415628
1452,24.2000,L3,20.561259
1452,24.2000,L4,18.493350
1452,24.2000,L5,0.000000
1453,24.2167,L1,8.315409
1453,24.2167,L2,17.982370
1453,24.2167,L3,14.144890
1453,24.2167,L4,17.275779
1453,24.2167,L5,0.000000
1454,24.2333,L1,5.966349
1454,24.2333,L2,14.931857
1454,24.2333,L3,18.697020
1454,24.2333,L4,18.674878
1454,24.2333,L5,0.000000
1455,24.2500,L1,8.879404
1455,24.2500,L2,19.735892
1455,24.2500,L3,14.799076
1455,24.2500,L4,16.640890
1455,24.2500,L5,0.000000
1456,24.2667,L1,6.043754
1456,24.2667,L2,12.980749
1456,24.2667,L3,20.853695
1456,24.2667,L4,17.406816
1456,24.2667,L5,0.000000
1457,24.2833,L1,8.482414
1457,24.2833,L2,18.084261
1457,24.2833,L3,13.401451
1457,24.2833,L4,18.977658
1457,24.2833,L5,0.000000
1458,24.3000,L1,5.684689
1458,24.3000,L2,14.922195
1458,24.3000,L3,23.812714
1458,24.3000,L4,12.439394
1458,24.3000,L5,0.000000
1459,24.3167,L1,6.168379
1459,24.3167,L2,14.195722
1459,24.3167,L3,11.122926
1459,24.3167,L4,26.425634
1459,24.3167,L5,0.000000
1460,24.3333,L1,9.119452
1460,24.3333,L2,17.731649
1460,24.3333,L3,17.669603
1460,24.3333,L4,13.707767
1460,24.3333,L5,0.000000
1461,24.3500,L1,9.203327
1461,24.3500,L2,20.258371
1461,24.3500,L3,14.418342
1461,24.3500,L4,14.668776
1461,24.3500,L5,0.000000
1462,24.3667,L1,5.792046
1462,24.3667,L2,11.535435
1462,24.3667,L3,22.126720
1462,24.3667,L4,17.454423
1462,24.3667,L5,0.000000
1463,24.3833,L1,8.513006
1463,24.3833,L2,19.565929
1463,24.3833,L3,14.851648
1463,24.3833,L4,15.371211
1463,24.3833,L5,0.000000
1464,24.4000,L1,5.482934
1464,24.4000,L2,9.805818
1464,24.4000,L3,19.209816
1464,24.4000,L4,23.887964
1464,24.4000,L5,0.000000
1465,24.4167,L1,9.278764
1465,24.4167,L2,18.053891
1465,24.4167,L3,14.956059
1465,24.4167,L4,15.827369
1465,24.4167,L5,0.000000
1466,24.4333,L1,5.936813
1466,24.4333,L2,13.258129
1466,24.4333,L3,22.399785
1466,24.4333,L4,16.862829
1466,24.4333,L5,0.000000
1467,24.4500,L1,8.380241
1467,24.4500,L2,16.636925
1467,24.4500,L3,13.355967
1467,24.4500,L4,18.069272
1467,24.4500,L5,0.000000
1468,24.4667,L1,5.726129
1468,24.4667,L2,14.301672
1468,24.4667,L3,20.452078
1468,24.4667,L4,16.770519
1468,24.4667,L5,0.000000
1469,24.4833,L1,8.372530
1469,24.4833,L2,20.591567
1469,24.4833,L3,12.908343
1469,24.4833,L4,16.564707
1469,24.4833,L5,0.000000
1470,24.5000,L1,5.540209
1470,24.5000,L2,9.960998
1470,24.5000,L3,19.725502
1470,24.5000,L4,22.986289
1470,24.5000,L5,0.000000
1471,24.5167,L1,8.026630
1471,24.5167,L2,18.483743
1471,24.5167,L3,16.078535
1471,24.5167,L4,14.399984
1471,24.5167,L5,0.000000
1472,24.5333,L1,5.856861
1472,24.5333,L2,14.466199
1472,24.5333,L3,18.195937
1472,24.5333,L4,19.770061
1472,24.5333,L5,0.000000
1473,24.5500,L1,8.229521
1473,24.5500,L2,18.641245
1473,24.5500,L3,14.534188
1473,24.5500,L4,17.137419
1473,24.5500,L5,0.000000
1474,24.5667,L1,5.809572
1474,24.5667,L2,14.334093
1474,24.5667,L3,19.895030
1474,24.5667,L4,17.360112
1474,24.5667,L5,0.000000
1475,24.5833,L1,8.214885
1475,24.5833,L2,17.959497
1475,24.5833,L3,12.125211
1475,24.5833,L4,21.206386
1475,24.5833,L5,0.000000
1476,24.6000,L1,5.826946
1476,24.6000,L2,13.900097
1476,24.6000,L3,21.302825
1476,24.6000,L4,17.003569
1476,24.6000,L5,0.000000
1477,24.6167,L1,9.176707
1477,24.6167,L2,17.287980
1477,24.6167,L3,12.093138
1477,24.6167,L4,19.584764
1477,24.6167,L5,0.000000
1478,24.6333,L1,5.601595
1478,24.6333,L2,16.710747
1478,24.6333,L3,22.666613
1478,24.6333,L4,12.655434
1478,24.6333,L5,0.000000
1479,24.6500,L1,8.421868
1479,24.6500,L2,16.696509
1479,24.6500,L3,13.364954
1479,24.6500,L4,19.696776
1479,24.6500,L5,0.000000
1480,24.6667,L1,5.476426
1480,24.6667,L2,14.634351
1480,24.6667,L3,22.984477
1480,24.6667,L4,14.153752
1480,24.6667,L5,0.000000
1481,24.6833,L1,8.516524
1481,24.6833,L2,13.712749
1481,24.6833,L3,15.449935
1481,24.6833,L4,21.581223
1481,24.6833,L5,0.000000
1482,24.7000,L1,5.803704
1482,24.7000,L2,18.106987
1482,24.7000,L3,19.110905
1482,24.7000,L4,13.430040
1482,24.7000,L5,0.000000
1483,24.7167,L1,9.244344
1483,24.7167,L2,13.434193
1483,24.7167,L3,13.458106
1483,24.7167,L4,22.380725
1483,24.7167,L5,0.000000
1484,24.7333,L1,6.335612
1484,24.7333,L2,19.261928
1484,24.7333,L3,16.668139
1484,24.7333,L4,14.809983
1484,24.7333,L5,0.000000
1485,24.7500,L1,5.544989
1485,24.7500,L2,14.566150
1485,24.7500,L3,19.977244
1485,24.7500,L4,19.255297
1485,24.7500,L5,0.000000
1486,24.7667,L1,8.391034
1486,24.7667,L2,16.856077
1486,24.7667,L3,13.621399
1486,24.7667,L4,17.640649
1486,24.7667,L5,0.000000
1487,24.7833,L1,6.194346
1487,24.7833,L2,17.199151
1487,24.7833,L3,22.518036
1487,24.7833,L4,13.237410
1487,24.7833,L5,0.000000
1488,24.8000,L1,6.160727
1488,24.8000,L2,12.092450
1488,24.8000,L3,13.509111
1488,24.8000,L4,26.257413
1488,24.8000,L5,0.000000
1489,24.8167,L1,10.324710
1489,24.8167,L2,21.147120
1489,24.8167,L3,12.566505
1489,24.8167,L4,12.547021
1489,24.8167,L5,0.000000
1490,24.8333,L1,6.817576
1490,24.8333,L2,12.585785
1490,24.8333,L3,19.268300
1490,24.8333,L4,18.438027
1490,24.8333,L5,0.000000
1491,24.8500,L1,10.250752
1491,24.8500,L2,13.963697
1491,24.8500,L3,19.056964
1491,24.8500,L4,17.138972
1491,24.8500,L5,0.000000
1492,24.8667,L1,5.953814
1492,24.8667,L2,17.571684
1492,24.8667,L3,17.971578
1492,24.8667,L4,16.220147
1492,24.8667,L5,0.000000
1493,24.8833,L1,5.882822
1493,24.8833,L2,11.696472
1493,24.8833,L3,16.613343
1493,24.8833,L4,22.573280
1493,24.8833,L5,0.000000
1494,24.9000,L1,8.515981
1494,24.9000,L2,17.961152
1494,24.9000,L3,22.030838
1494,24.9000,L4,10.145972
1494,24.9000,L5,0.000000
1495,24.9167,L1,5.706404
1495,24.9167,L2,15.314027
1495,24.9167,L3,17.618007
1495,24.9167,L4,19.126902
1495,24.9167,L5,0.000000
1496,24.9333,L1,8.247623
1496,24.9333,L2,20.156171
1496,24.9333,L3,12.347311
1496,24.9333,L4,17.558547
1496,24.9333,L5,0.000000
1497,24.9500,L1,8.386956
1497,24.9500,L2,13.660064
1497,24.9500,L3,19.740792
1497,24.9500,L4,16.208767
1497,24.9500,L5,0.000000
1498,24.9667,L1,6.062134
1498,24.9667,L2,21.336117
1498,24.9667,L3,14.608291
1498,24.9667,L4,16.989791
1498,24.9667,L5,0.000000
1499,24.9833,L1,6.122273
1499,24.9833,L2,12.161850
1499,24.9833,L3,18.600930
1499,24.9833,L4,19.253306
1499,24.9833,L5,0.000000
1500,25.0000,L1,8.549441
1500,25.0000,L2,15.821403
1500,25.0000,L3,14.613838
1500,25.0000,L4,18.528860
1500,25.0000,L5,0.000000
1501,25.0167,L1,5.805889
1501,25.0167,L2,14.184935
1501,25.0167,L3,19.061611
1501,25.0167,L4,20.499804
1501,25.0167,L5,0.000000
1502,25.0333,L1,9.097994
1502,25.0333,L2,18.018467
1502,25.0333,L3,15.920368
1502,25.0333,L4,14.246851
1502,25.0333,L5,0.000000
1503,25.0500,L1,5.809704
1503,25.0500,L2,13.214895
1503,25.0500,L3,21.452699
1503,25.0500,L4,16.850062
1503,25.0500,L5,0.000000
1504,25.0667,L1,9.000365
1504,25.0667,L2,10.305042
1504,25.0667,L3,16.629834
1504,25.0667,L4,22.234542
1504,25.0667,L5,0.000000
1505,25.0833,L1,6.100557
1505,25.0833,L2,20.618849
1505,25.0833,L3,16.596682
1505,25.0833,L4,15.843916
1505,25.0833,L5,0.000000
1506,25.1000,L1,6.042391
1506,25.1000,L2,12.013096
1506,25.1000,L3,19.516164
1506,25.1000,L4,20.354442
1506,25.1000,L5,0.000000
1507,25.1167,L1,8.839124
1507,25.1167,L2,18.112545
1507,25.1167,L3,13.197223
1507,25.1167,L4,17.132774
1507,25.1167,L5,0.000000
1508,25.1333,L1,8.796274
1508,25.1333,L2,14.229979
1508,25.1333,L3,23.593150
1508,25.1333,L4,11.917719
1508,25.1333,L5,0.000000
1509,25.1500,L1,5.679849
1509,25.1500,L2,18.837883
1509,25.1500,L3,13.987898
1509,25.1500,L4,19.940527
1509,25.1500,L5,0.000000
1510,25.1667,L1,6.189291
1510,25.1667,L2,13.533475
1510,25.1667,L3,16.895768
1510,25.1667,L4,20.063135
1510,25.1667,L5,0.000000
1511,25.1833,L1,8.445150
1511,25.1833,L2,17.666527
1511,25.1833,L3,15.631440
1511,25.1833,L4,15.460314
1511,25.1833,L5,0.000000
1512,25.2000,L1,5.836467
1512,25.2000,L2,15.142297
1512,25.2000,L3,18.396558
1512,25.2000,L4,20.238640
1512,25.2000,L5,0.000000
1513,25.2167,L1,8.817131
1513,25.2167,L2,18.660148
1513,25.2167,L3,12.508891
1513,25.2167,L4,16.818751
1513,25.2167,L5,0.000000
1514,25.2333,L1,5.601299
1514,25.2333,L2,11.291825
1514,25.2333,L3,20.202308
1514,25.2333,L4,21.831765
1514,25.2333,L5,0.000000
1515,25.2500,L1,8.802889
1515,25.2500,L2,18.899330
1515,25.2500,L3,16.269034
1515,25.2500,L4,13.769897
1515,25.2500,L5,0.000000
1516,25.2667,L1,6.000859
1516,25.2667,L2,11.441982
1516,25.2667,L3,20.774719
1516,25.2667,L4,18.289447
1516,25.2667,L5,0.000000
1517,25.2833,L1,8.520279
1517,25.2833,L2,18.950242
1517,25.2833,L3,16.503169
1517,25.2833,L4,14.666040
1517,25.2833,L5,0.000000
1518,25.3000,L1,8.753806
1518,25.3000,L2,13.400590
1518,25.3000,L3,20.074167
1518,25.3000,L4,16.785073
1518,25.3000,L5,0.000000
1519,25.3167,L1,5.439401
1519,25.3167,L2,17.545241
1519,25.3167,L3,16.470386
1519,25.3167,L4,16.862104
1519,25.3167,L5,0.000000
1520,25.3333,L1,5.647473
1520,25.3333,L2,13.934891
1520,25.3333,L3,19.042096
1520,25.3333,L4,19.831568
1520,25.3333,L5,0.000000
1521,25.3500,L1,8.032759
1521,25.3500,L2,20.129061
1521,25.3500,L3,16.357939
1521,25.3500,L4,12.699346
1521,25.3500,L5,0.000000
1522,25.3667,L1,6.586819
1522,25.3667,L2,12.426324
1522,25.3667,L3,21.456512
1522,25.3667,L4,18.311361
1522,25.3667,L5,0.000000
1523,25.3833,L1,9.044444
1523,25.3833,L2,16.296353
1523,25.3833,L3,13.246929
1523,25.3833,L4,20.415890
1523,25.3833,L5,0.000000
1524,25.4000,L1,5.448046
1524,25.4000,L2,16.927576
1524,25.4000,L3,21.798219
1524,25.4000,L4,14.057781
1524,25.4000,L5,0.000000
1525,25.4167,L1,8.177701
1525,25.4167,L2,17.433002
1525,25.4167,L3,11.480189
1525,25.4167,L4,18.858228
1525,25.4167,L5,0.000000
1526,25.4333,L1,5.980806
1526,25.4333,L2,14.769679
1526,25.4333,L3,22.944556
1526,25.4333,L4,14.871911
1526,25.4333,L5,0.000000
1527,25.4500,L1,8.922391
1527,25.4500,L2,14.945872
1527,25.4500,L3,17.616510
1527,25.4500,L4,17.985777
1527,25.4500,L5,0.000000
1528,25.4667,L1,5.410246
1528,25.4667,L2,18.326928
1528,25.4667,L3,18.051258
1528,25.4667,L4,14.120617
1528,25.4667,L5,0.000000
1529,25.4833,L1,6.529872
1529,25.4833,L2,11.724009
1529,25.4833,L3,18.412466
1529,25.4833,L4,22.143130
1529,25.4833,L5,0.000000
1530,25.5000,L1,9.595708
1530,25.5000,L2,19.447962
1530,25.5000,L3,19.010203
1530,25.5000,L4,9.531704
1530,25.5000,L5,0.000000
1531,25.5167,L1,5.632552
1531,25.5167,L2,12.260926
1531,25.5167,L3,14.922334
1531,25.5167,L4,25.590543
1531,25.5167,L5,0.000000
1532,25.5333,L1,8.890035
1532,25.5333,L2,21.603319
1532,25.5333,L3,14.741115
1532,25.5333,L4,10.375510
1532,25.5333,L5,0.000000
1533,25.5500,L1,9.791435
1533,25.5500,L2,21.763692
1533,25.5500,L3,29.223016
1533,25.5500,L4,0.000000
1533,25.5500,L5,0.000000
1534,25.5667,L1,9.121598
1534,25.5667,L2,18.463661
1534,25.5667,L3,18.041294
1534,25.5667,L4,12.577698
1534,25.5667,L5,0.000000
1535,25.5833,L1,5.833998
1535,25.5833,L2,15.293759
1535,25.5833,L3,19.363652
1535,25.5833,L4,15.243180
1535,25.5833,L5,0.000000
1536,25.6000,L1,9.454838
1536,25.6000,L2,14.320609
1536,25.6000,L3,14.975760
1536,25.6000,L4,20.729419
1536,25.6000,L5,0.000000
1537,25.6167,L1,6.098697
1537,25.6167,L2,15.874017
1537,25.6167,L3,20.123999
1537,25.6167,L4,15.441418
1537,25.6167,L5,0.000000
1538,25.6333,L1,8.769103
1538,25.6333,L2,14.445321
1538,25.6333,L3,15.565402
1538,25.6333,L4,20.366505
1538,25.6333,L5,0.000000
1539,25.6500,L1,5.799628
1539,25.6500,L2,17.500179
1539,25.6500,L3,15.646806
1539,25.6500,L4,17.550710
1539,25.6500,L5,0.000000
1540,25.6667,L1,5.630524
1540,25.6667,L2,13.120136
1540,25.6667,L3,18.304453
1540,25.6667,L4,22.319527
1540,25.6667,L5,0.000000
1541,25.6833,L1,8.445394
1541,25.6833,L2,16.706908
1541,25.6833,L3,14.102026
1541,25.6833,L4,17.295074
1541,25.6833,L5,0.000000
1542,25.7000,L1,5.821422
1542,25.7000,L2,15.658575
1542,25.7000,L3,23.532090
1542,25.7000,L4,14.488075
1542,25.7000,L5,0.000000
1543,25.7167,L1,8.485815
1543,25.7167,L2,18.356863
1543,25.7167,L3,10.261127
1543,25.7167,L4,20.790882
1543,25.7167,L5,0.000000
1544,25.7333,L1,5.663913
1544,25.7333,L2,11.288011
1544,25.7333,L3,24.333686
1544,25.7333,L4,15.529237
1544,25.7333,L5,0.000000
1545,25.7500,L1,8.393488
1545,25.7500,L2,17.260910
1545,25.7500,L3,12.068738
1545,25.7500,L4,19.744128
1545,25.7500,L5,0.000000
1546,25.7667,L1,5.617029
1546,25.7667,L2,15.933633
1546,25.7667,L3,22.059976
1546,25.7667,L4,15.378714
1546,25.7667,L5,0.000000
1547,25.7833,L1,8.490096
1547,25.7833,L2,14.197453
1547,25.7833,L3,16.081360
1547,25.7833,L4,19.814212
1547,25.7833,L5,0.000000
1548,25.8000,L1,8.780558
1548,25.8000,L2,17.811603
1548,25.8000,L3,14.220430
1548,25.8000,L4,15.329657
1548,25.8000,L5,0.000000
1549,25.8167,L1,6.340036
1549,25.8167,L2,17.242343
1549,25.8167,L3,25.877328
1549,25.8167,L4,10.440187
1549,25.8167,L5,0.000000
1550,25.8333,L1,8.685488
1550,25.8333,L2,14.352737
1550,25.8333,L3,15.216276
1550,25.8333,L4,19.317050
1550,25.8333,L5,0.000000
1551,25.8500,L1,5.688320
1551,25.8500,L2,18.431943
1551,25.8500,L3,18.999090
1551,25.8500,L4,13.532808
1551,25.8500,L5,0.000000
1552,25.8667,L1,5.623748
1552,25.8667,L2,11.062499
1552,25.8667,L3,16.103619
1552,25.8667,L4,26.385508
1552,25.8667,L5,0.000000
1553,25.8833,L1,8.693670
1553,25.8833,L2,17.879033
1553,25.8833,L3,17.548351
1553,25.8833,L4,13.093394
1553,25.8833,L5,0.000000
1554,25.9000,L1,5.204660
1554,25.9000,L2,13.912830
1554,25.9000,L3,19.325862
1554,25.9000,L4,19.950576
1554,25.9000,L5,0.000000
1555,25.9167,L1,8.821544
1555,25.9167,L2,15.525923
1555,25.9167,L3,14.479805
1555,25.9167,L4,17.897642
1555,25.9167,L5,0.000000
1556,25.9333,L1,5.756353
1556,25.9333,L2,16.206566
1556,25.9333,L3,20.141897
1556,25.9333,L4,17.661171
1556,25.9333,L5,0.000000
1557,25.9500,L1,8.314546
1557,25.9500,L2,16.769796
1557,25.9500,L3,14.995473
1557,25.9500,L4,17.555416
1557,25.9500,L5,0.000000
1558,25.9667,L1,5.688289
1558,25.9667,L2,12.473097
1558,25.9667,L3,20.223158
1558,25.9667,L4,19.129567
1558,25.9667,L5,0.000000
1559,25.9833,L1,8.452731
1559,25.9833,L2,18.139035
1559,25.9833,L3,12.332751
1559,25.9833,L4,16.791701
1559,25.9833,L5,0.000000
1560,26.0000,L1,5.798870
1560,26.0000,L2,15.320393
1560,26.0000,L3,21.373271
1560,26.0000,L4,17.621168
1560,26.0000,L5,0.000000
1561,26.0167,L1,8.897921
1561,26.0167,L2,20.782405
1561,26.0167,L3,12.729736
1561,26.0167,L4,16.037281
1561,26.0167,L5,0.000000
1562,26.0333,L1,8.193347
1562,26.0333,L2,12.789502
1562,26.0333,L3,20.834751
1562,26.0333,L4,15.671099
1562,26.0333,L5,0.000000
1563,26.0500,L1,5.748393
1563,26.0500,L2,18.319350
1563,26.0500,L3,19.400438
1563,26.0500,L4,15.110763
1563,26.0500,L5,0.000000
1564,26.0667,L1,5.849121
1564,26.0667,L2,15.670102
1564,26.0667,L3,16.825766
1564,26.0667,L4,19.335096
1564,26.0667,L5,0.000000
1565,26.0833,L1,8.122430
1565,26.0833,L2,16.934380
1565,26.0833,L3,20.369769
1565,26.0833,L4,12.010742
1565,26.0833,L5,0.000000
1566,26.1000,L1,5.992912
1566,26.1000,L2,13.550847
1566,26.1000,L3,14.859834
1566,26.1000,L4,22.868085
1566,26.1000,L5,0.000000
1567,26.1167,L1,8.407885
1567,26.1167,L2,14.927950
1567,26.1167,L3,13.125501
1567,26.1167,L4,22.159079
1567,26.1167,L5,0.000000
1568,26.1333,L1,5.539405
1568,26.1333,L2,17.553473
1568,26.1333,L3,19.373557
1568,26.1333,L4,16.406308
1568,26.1333,L5,0.000000
1569,26.1500,L1,8.310421
1569,26.1500,L2,14.343071
1569,26.1500,L3,18.985574
1569,26.1500,L4,14.914483
1569,26.1500,L5,0.000000
1570,26.1667,L1,5.303782
1570,26.1667,L2,17.468388
1570,26.1667,L3,20.111693
1570,26.1667,L4,15.636491
1570,26.1667,L5,0.000000
1571,26.1833,L1,9.031336
1571,26.1833,L2,16.966909
1571,26.1833,L3,15.222691
1571,26.1833,L4,16.579286
1571,26.1833,L5,0.000000
1572,26.2000,L1,5.624297
1572,26.2000,L2,15.496023
1572,26.2000,L3,17.625006
1572,26.2000,L4,18.070926
1572,26.2000,L5,0.000000
1573,26.2167,L1,8.366914
1573,26.2167,L2,11.828400
1573,26.2167,L3,20.153898
1573,26.2167,L4,19.732529
1573,26.2167,L5,0.000000
1574,26.2333,L1,6.344599
1574,26.2333,L2,19.817544
1574,26.2333,L3,19.145668
1574,26.2333,L4,12.052699
1574,26.2333,L5,0.000000
1575,26.2500,L1,5.714257
1575,26.2500,L2,12.355506
1575,26.2500,L3,13.230886
1575,26.2500,L4,25.434717
1575,26.2500,L5,0.000000
1576,26.2667,L1,8.529679
1576,26.2667,L2,12.967161
1576,26.2667,L3,17.139748
1576,26.2667,L4,20.350327
1576,26.2667,L5,0.000000
1577,26.2833,L1,9.010465
1577,26.2833,L2,20.631698
1577,26.2833,L3,11.932501
1577,26.2833,L4,15.348552
1577,26.2833,L5,0.000000
1578,26.3000,L1,8.728038
1578,26.3000,L2,18.229630
1578,26.3000,L3,24.229105
1578,26.3000,L4,7.864462
1578,26.3000,L5,0.000000
1579,26.3167,L1,5.753363
1579,26.3167,L2,15.008339
1579,26.3167,L3,22.558849
1579,26.3167,L4,12.484821
1579,26.3167,L5,0.000000
1580,26.3333,L1,9.097272
1580,26.3333,L2,17.159191
1580,26.3333,L3,12.259115
1580,26.3333,L4,22.353150
1580,26.3333,L5,0.000000
1581,26.3500,L1,5.706029
1581,26.3500,L2,14.130512
1581,26.3500,L3,20.004718
1581,26.3500,L4,18.039641
1581,26.3500,L5,0.000000
1582,26.3667,L1,9.720169
1582,26.3667,L2,11.768900
1582,26.3667,L3,13.834643
1582,26.3667,L4,22.159252
1582,26.3667,L5,0.000000
1583,26.3833,L1,5.858524
1583,26.3833,L2,19.473771
1583,26.3833,L3,20.264910
1583,26.3833,L4,11.232866
1583,26.3833,L5,0.000000
1584,26.4000,L1,5.768171
1584,26.4000,L2,13.672054
1584,26.4000,L3,14.685272
1584,26.4000,L4,23.246483
1584,26.4000,L5,0.000000
1585,26.4167,L1,7.945574
1585,26.4167,L2,16.264279
1585,26.4167,L3,13.897399
1585,26.4167,L4,21.718554
1585,26.4167,L5,0.000000
1586,26.4333,L1,5.544547
1586,26.4333,L2,19.791527
1586,26.4333,L3,17.629802
1586,26.4333,L4,13.485331
1586,26.4333,L5,0.000000
1587,26.4500,L1,8.486022
1587,26.4500,L2,18.126318
1587,26.4500,L3,18.895622
1587,26.4500,L4,14.425712
1587,26.4500,L5,0.000000
1588,26.4667,L1,5.475068
1588,26.4667,L2,12.129891
1588,26.4667,L3,17.709761
1588,26.4667,L4,21.818978
1588,26.4667,L5,0.000000
1589,26.4833,L1,8.888079
1589,26.4833,L2,14.735116
1589,26.4833,L3,15.000006
1589,26.4833,L4,20.038520
1589,26.4833,L5,0.000000
1590,26.5000,L1,5.893576
1590,26.5000,L2,15.136171
1590,26.5000,L3,19.975544
1590,26.5000,L4,16.446238
1590,26.5000,L5,0.000000
1591,26.5167,L1,8.712030
1591,26.5167,L2,15.950136
1591,26.5167,L3,16.265721
1591,26.5167,L4,15.778258
1591,26.5167,L5,0.000000
1592,26.5333,L1,5.895019
1592,26.5333,L2,13.994161
1592,26.5333,L3,20.770079
1592,26.5333,L4,18.996721
1592,26.5333,L5,0.000000
1593,26.5500,L1,8.207607
1593,26.5500,L2,16.326493
1593,26.5500,L3,13.014552
1593,26.5500,L4,18.262265
1593,26.5500,L5,0.000000
1594,26.5667,L1,5.755010
1594,26.5667,L2,14.664528
1594,26.5667,L3,20.239161
1594,26.5667,L4,18.317813
1594,26.5667,L5,0.000000
1595,26.5833,L1,8.680018
1595,26.5833,L2,18.548869
1595,26.5833,L3,19.890231
1595,26.5833,L4,12.001890
1595,26.5833,L5,0.000000
1596,26.6000,L1,6.082826
1596,26.6000,L2,14.248894
1596,26.6000,L3,17.186162
1596,26.6000,L4,20.094511
1596,26.6000,L5,0.000000
1597,26.6167,L1,8.123871
1597,26.6167,L2,17.450861
1597,26.6167,L3,11.225435
1597,26.6167,L4,20.964448
1597,26.6167,L5,0.000000
1598,26.6333,L1,5.630849
1598,26.6333,L2,12.243574
1598,26.6333,L3,24.961614
1598,26.6333,L4,15.160060
1598,26.6333,L5,0.000000
1599,26.6500,L1,8.138889
1599,26.6500,L2,17.889610
1599,26.6500,L3,13.692501
1599,26.6500,L4,17.722739
1599,26.6500,L5,0.000000
1600,26.6667,L1,6.001139
1600,26.6667,L2,12.969809
1600,26.6667,L3,20.778776
1600,26.6667,L4,18.804853
1600,26.6667,L5,0.000000
1601,26.6833,L1,8.651364
1601,26.6833,L2,13.105487
1601,26.6833,L3,13.559137
1601,26.6833,L4,21.020420
1601,26.6833,L5,0.000000
1602,26.7000,L1,5.592325
1602,26.7000,L2,15.965914
1602,26.7000,L3,21.430670
1602,26.7000,L4,15.053788
1602,26.7000,L5,0.000000
1603,26.7167,L1,8.617760
1603,26.7167,L2,15.983149
1603,26.7167,L3,15.538613
1603,26.7167,L4,19.217474
1603,26.7167,L5,0.000000
1604,26.7333,L1,6.833082
1604,26.7333,L2,19.949714
1604,26.7333,L3,17.391457
1604,26.7333,L4,13.554326
1604,26.7333,L5,0.000000
1605,26.7500,L1,8.075324
1605,26.7500,L2,19.603244
1605,26.7500,L3,22.700412
1605,26.7500,L4,6.613471
1605,26.7500,L5,0.000000
1606,26.7667,L1,5.538605
1606,26.7667,L2,12.601370
1606,26.7667,L3,17.868898
1606,26.7667,L4,22.289837
1606,26.7667,L5,0.000000
1607,26.7833,L1,8.834247
1607,26.7833,L2,16.032081
1607,26.7833,L3,14.877698
1607,26.7833,L4,18.166699
1607,26.7833,L5,0.000000
1608,26.8000,L1,5.533901
1608,26.8000,L2,12.645711
1608,26.8000,L3,18.593738
1608,26.8000,L4,20.302212
1608,26.8000,L5,0.000000
1609,26.8167,L1,8.302160
1609,26.8167,L2,18.609968
1609,26.8167,L3,15.528728
1609,26.8167,L4,17.290112
1609,26.8167,L5,0.000000
1610,26.8333,L1,5.615150
1610,26.8333,L2,12.765253
1610,26.8333,L3,21.184332
1610,26.8333,L4,17.319554
1610,26.8333,L5,0.000000
1611,26.8500,L1,8.850161
1611,26.8500,L2,17.243615
1611,26.8500,L3,14.213054
1611,26.8500,L4,16.442504
1611,26.8500,L5,0.000000
1612,26.8667,L1,5.800559
1612,26.8667,L2,11.883918
1612,26.8667,L3,19.793900
1612,26.8667,L4,22.711866
1612,26.8667,L5,0.000000
1613,26.8833,L1,9.008330
1613,26.8833,L2,17.226038
1613,26.8833,L3,16.822899
1613,26.8833,L4,14.476036
1613,26.8833,L5,0.000000
1614,26.9000,L1,5.646121
1614,26.9000,L2,18.540393
1614,26.9000,L3,19.035722
1614,26.9000,L4,14.488166
1614,26.9000,L5,0.000000
1615,26.9167,L1,8.352987
1615,26.9167,L2,14.472955
1615,26.9167,L3,12.958268
1615,26.9167,L4,22.017588
1615,26.9167,L5,0.000000
1616,26.9333,L1,9.110009
1616,26.9333,L2,18.017672
1616,26.9333,L3,18.673891
1616,26.9333,L4,12.173691
1616,26.9333,L5,0.000000
1617,26.9500,L1,5.452786
1617,26.9500,L2,22.665279
1617,26.9500,L3,23.063141
1617,26.9500,L4,5.330936
1617,26.9500,L5,0.000000
1618,26.9667,L1,9.132249
1618,26.9667,L2,14.416241
1618,26.9667,L3,11.330488
1618,26.9667,L4,24.339576
1618,26.9667,L5,0.000000
1619,26.9833,L1,5.744337
1619,26.9833,L2,15.494505
1619,26.9833,L3,21.128967
1619,26.9833,L4,15.627549
1619,26.9833,L5,0.000000
1620,27.0000,L1,8.983690
1620,27.0000,L2,13.563115
1620,27.0000,L3,15.736479
1620,27.0000,L4,19.463668
1620,27.0000,L5,0.000000
1621,27.0167,L1,6.417980
1621,27.0167,L2,16.397162
1621,27.0167,L3,16.340979
1621,27.0167,L4,18.308177
1621,27.0167,L5,0.000000
1622,27.0333,L1,5.824890
1622,27.0333,L2,14.072855
1622,27.0333,L3,19.982751
1622,27.0333,L4,19.258529
1622,27.0333,L5,0.000000
1623,27.0500,L1,5.769949
1623,27.0500,L2,13.624253
1623,27.0500,L3,17.332719
1623,27.0500,L4,19.401693
1623,27.0500,L5,0.000000
1624,27.0667,L1,9.143839
1624,27.0667,L2,18.173479
1624,27.0667,L3,18.231206
1624,27.0667,L4,14.244580
1624,27.0667,L5,0.000000
1625,27.0833,L1,5.550027
1625,27.0833,L2,12.031869
1625,27.0833,L3,16.869645
1625,27.0833,L4,23.628179
1625,27.0833,L5,0.000000
1626,27.1000,L1,8.578382
1626,27.1000,L2,14.712450
1626,27.1000,L3,17.209734
1626,27.1000,L4,17.170463
1626,27.1000,L5,0.000000
1627,27.1167,L1,6.044198
1627,27.1167,L2,19.180031
1627,27.1167,L3,17.344149
1627,27.1167,L4,13.246877
1627,27.1167,L5,0.000000
1628,27.1333,L1,8.563814
1628,27.1333,L2,18.418896
1628,27.1333,L3,16.316186
1628,27.1333,L4,15.713320
1628,27.1333,L5,0.000000
1629,27.1500,L1,5.598287
1629,27.1500,L2,13.577488
1629,27.1500,L3,18.160150
1629,27.1500,L4,20.495221
1629,27.1500,L5,0.000000
1630,27.1667,L1,8.112462
1630,27.1667,L2,19.890485
1630,27.1667,L3,16.377574
1630,27.1667,L4,15.222071
1630,27.1667,L5,0.000000
1631,27.1833,L1,5.789412
1631,27.1833,L2,11.451176
1631,27.1833,L3,19.927446
1631,27.1833,L4,18.202861
1631,27.1833,L5,0.000000
1632,27.2000,L1,8.461369
1632,27.2000,L2,17.708945
1632,27.2000,L3,14.997698
1632,27.2000,L4,17.862000
1632,27.2000,L5,0.000000
1633,27.2167,L1,9.916725
1633,27.2167,L2,15.347551
1633,27.2167,L3,17.884446
1633,27.2167,L4,15.433669
1633,27.2167,L5,0.000000
1634,27.2333,L1,5.552590
1634,27.2333,L2,17.924398
1634,27.2333,L3,17.022657
1634,27.2333,L4,16.238735
1634,27.2333,L5,0.000000
1635,27.2500,L1,9.042087
1635,27.2500,L2,18.292848
1635,27.2500,L3,20.949520
1635,27.2500,L4,11.370991
1635,27.2500,L5,0.000000
1636,27.2667,L1,5.689209
1636,27.2667,L2,15.843682
1636,27.2667,L3,20.315616
1636,27.2667,L4,15.662306
1636,27.2667,L5,0.000000
1637,27.2833,L1,6.179025
1637,27.2833,L2,10.255792
1637,27.2833,L3,16.669155
1637,27.2833,L4,23.315010
1637,27.2833,L5,0.000000
1638,27.3000,L1,8.344137
1638,27.3000,L2,18.375549
1638,27.3000,L3,16.089764
1638,27.3000,L4,16.493005
1638,27.3000,L5,0.000000
1639,27.3167,L1,5.835026
1639,27.3167,L2,14.918372
1639,27.3167,L3,19.206316
1639,27.3167,L4,18.209038
1639,27.3167,L5,0.000000
1640,27.3333,L1,8.335362
1640,27.3333,L2,13.209939
1640,27.3333,L3,13.350850
1640,27.3333,L4,20.988334
1640,27.3333,L5,0.000000
1641,27.3500,L1,5.852626
1641,27.3500,L2,17.892345
1641,27.3500,L3,18.662308
1641,27.3500,L4,17.723167
1641,27.3500,L5,0.000000
1642,27.3667,L1,9.324931
1642,27.3667,L2,17.853809
1642,27.3667,L3,22.759631
1642,27.3667,L4,7.192909
1642,27.3667,L5,0.000000
1643,27.3833,L1,9.074562
1643,27.3833,L2,19.686192
1643,27.3833,L3,13.720548
1643,27.3833,L4,15.539294
1643,27.3833,L5,0.000000
1644,27.4000,L1,5.697432
1644,27.4000,L2,12.225878
1644,27.4000,L3,20.799308
1644,27.4000,L4,18.650243
1644,27.4000,L5,0.000000
1645,27.4167,L1,8.888584
1645,27.4167,L2,16.601891
1645,27.4167,L3,16.542431
1645,27.4167,L4,17.057969
1645,27.4167,L5,0.000000
1646,27.4333,L1,5.896482
1646,27.4333,L2,13.996819
1646,27.4333,L3,17.652329
1646,27.4333,L4,20.517527
1646,27.4333,L5,0.000000
1647,27.4500,L1,8.491827
1647,27.4500,L2,12.765741
1647,27.4500,L3,15.495006
1647,27.4500,L4,21.211454
1647,27.4500,L5,0.000000
1648,27.4667,L1,5.582624
1648,27.4667,L2,17.902211
1648,27.4667,L3,13.836831
1648,27.4667,L4,19.268110
1648,27.4667,L5,0.000000
1649,27.4833,L1,5.603375
1649,27.4833,L2,13.603791
1649,27.4833,L3,21.718134
1649,27.4833,L4,15.487907
1649,27.4833,L5,0.000000
1650,27.5000,L1,9.702625
1650,27.5000,L2,17.317137
1650,27.5000,L3,17.646927
1650,27.5000,L4,13.650688
1650,27.5000,L5,0.000000
1651,27.5167,L1,6.208316
1651,27.5167,L2,14.235135
1651,27.5167,L3,16.804983
1651,27.5167,L4,21.345021
1651,27.5167,L5,0.000000
1652,27.5333,L1,8.824950
1652,27.5333,L2,19.094403
1652,27.5333,L3,15.026033
1652,27.5333,L4,15.860289
1652,27.5333,L5,0.000000
1653,27.5500,L1,5.704594
1653,27.5500,L2,12.149489
1653,27.5500,L3,17.498958
1653,27.5500,L4,23.356871
1653,27.5500,L5,0.000000
1654,27.5667,L1,8.892757
1654,27.5667,L2,15.998005
1654,27.5667,L3,13.297897
1654,27.5667,L4,18.657140
1654,27.5667,L5,0.000000
1655,27.5833,L1,9.039925
1655,27.5833,L2,18.729481
1655,27.5833,L3,16.342722
1655,27.5833,L4,13.757529
1655,27.5833,L5,0.000000
1656,27.6000,L1,6.101944
1656,27.6000,L2,15.919799
1656,27.6000,L3,26.314396
1656,27.6000,L4,9.071449
1656,27.6000,L5,0.000000
1657,27.6167,L1,6.663400
1657,27.6167,L2,13.038341
1657,27.6167,L3,16.712674
1657,27.6167,L4,20.863699
1657,27.6167,L5,0.000000
1658,27.6333,L1,8.740373
1658,27.6333,L2,18.623914
1658,27.6333,L3,15.306469
1658,27.6333,L4,16.209949
1658,27.6333,L5,0.000000
1659,27.6500,L1,6.044145
1659,27.6500,L2,12.698471
1659,27.6500,L3,19.390657
1659,27.6500,L4,20.414484
1659,27.6500,L5,0.000000
1660,27.6667,L1,5.880678
1660,27.6667,L2,12.999231
1660,27.6667,L3,15.820802
1660,27.6667,L4,21.980575
1660,27.6667,L5,0.000000
1661,27.6833,L1,9.069073
1661,27.6833,L2,17.996623
1661,27.6833,L3,14.215330
1661,27.6833,L4,18.476298
1661,27.6833,L5,0.000000
1662,27.7000,L1,5.804465
1662,27.7000,L2,15.826970
1662,27.7000,L3,23.068215
1662,27.7000,L4,13.243338
1662,27.7000,L5,0.000000
1663,27.7167,L1,8.592949
1663,27.7167,L2,13.036442
1663,27.7167,L3,15.334162
1663,27.7167,L4,20.838102
1663,27.7167,L5,0.000000
1664,27.7333,L1,5.523020
1664,27.7333,L2,20.239346
1664,27.7333,L3,13.079557
1664,27.7333,L4,18.850556
1664,27.7333,L5,0.000000
1665,27.7500,L1,5.611171
1665,27.7500,L2,15.638736
1665,27.7500,L3,21.238213
1665,27.7500,L4,15.221224
1665,27.7500,L5,0.000000
1666,27.7667,L1,8.634615
1666,27.7667,L2,17.215189
1666,27.7667,L3,12.274151
1666,27.7667,L4,19.274527
1666,27.7667,L5,0.000000
1667,27.7833,L1,9.008267
1667,27.7833,L2,16.964694
1667,27.7833,L3,18.520152
1667,27.7833,L4,14.746110
1667,27.7833,L5,0.000000
1668,27.8000,L1,6.065898
1668,27.8000,L2,18.475740
1668,27.8000,L3,16.702475
1668,27.8000,L4,16.333781
1668,27.8000,L5,0.000000
1669,27.8167,L1,5.718802
1669,27.8167,L2,10.628164
1669,27.8167,L3,17.987356
1669,27.8167,L4,22.308610
1669,27.8167,L5,0.000000
1670,27.8333,L1,8.843532
1670,27.8333,L2,19.138223
1670,27.8333,L3,13.963977
1670,27.8333,L4,16.330292
1670,27.8333,L5,0.000000
1671,27.8500,L1,5.594510
1671,27.8500,L2,13.188643
1671,27.8500,L3,21.866263
1671,27.8500,L4,18.585896
1671,27.8500,L5,0.000000
1672,27.8667,L1,9.153461
1672,27.8667,L2,18.474673
1672,27.8667,L3,15.521570
1672,27.8667,L4,13.452594
1672,27.8667,L5,0.000000
1673,27.8833,L1,6.174872
1673,27.8833,L2,16.048574
1673,27.8833,L3,21.708826
1673,27.8833,L4,13.059860
1673,27.8833,L5,0.000000
1674,27.9000,L1,9.406908
1674,27.9000,L2,21.336031
1674,27.9000,L3,15.147665
1674,27.9000,L4,14.568219
1674,27.9000,L5,0.000000
1675,27.9167,L1,6.052044
1675,27.9167,L2,11.357443
1675,27.9167,L3,22.963088
1675,27.9167,L4,17.311927
1675,27.9167,L5,0.000000
1676,27.9333,L1,8.716500
1676,27.9333,L2,19.739304
1676,27.9333,L3,13.103053
1676,27.9333,L4,15.642566
1676,27.9333,L5,0.000000
1677,27.9500,L1,5.594092
1677,27.9500,L2,15.420810
1677,27.9500,L3,21.364879
1677,27.9500,L4,14.330445
1677,27.9500,L5,0.000000
1678,27.9667,L1,8.824984
1678,27.9667,L2,11.532912
1678,27.9667,L3,14.510554
1678,27.9667,L4,24.492303
1678,27.9667,L5,0.000000
1679,27.9833,L1,5.579231
1679,27.9833,L2,18.437669
1679,27.9833,L3,19.864367
1679,27.9833,L4,14.086982
1679,27.9833,L5,0.000000
1680,28.0000,L1,5.899011
1680,28.0000,L2,13.776901
1680,28.0000,L3,17.727715
1680,28.0000,L4,19.511801
1680,28.0000,L5,0.000000
1681,28.0167,L1,8.463963
1681,28.0167,L2,15.169983
1681,28.0167,L3,11.591819
1681,28.0167,L4,22.676609
1681,28.0167,L5,0.000000
1682,28.0333,L1,8.601025
1682,28.0333,L2,21.938372
1682,28.0333,L3,16.947290
1682,28.0333,L4,10.546351
1682,28.0333,L5,0.000000
1683,28.0500,L1,6.680710
1683,28.0500,L2,10.438426
1683,28.0500,L3,22.713747
1683,28.0500,L4,19.227317
1683,28.0500,L5,0.000000
1684,28.0667,L1,8.537132
1684,28.0667,L2,18.791586
1684,28.0667,L3,14.860840
1684,28.0667,L4,16.669761
1684,28.0667,L5,0.000000
1685,28.0833,L1,5.739877
1685,28.0833,L2,13.201347
1685,28.0833,L3,18.664741
1685,28.0833,L4,18.046004
1685,28.0833,L5,0.000000
1686,28.1000,L1,5.672436
1686,28.1000,L2,13.047690
1686,28.1000,L3,22.043874
1686,28.1000,L4,19.021323
1686,28.1000,L5,0.000000
1687,28.1167,L1,9.188056
1687,28.1167,L2,18.505876
1687,28.1167,L3,19.063793
1687,28.1167,L4,11.617811
1687,28.1167,L5,0.000000
1688,28.1333,L1,6.006137
1688,28.1333,L2,13.777916
1688,28.1333,L3,16.780108
1688,28.1333,L4,19.763899
1688,28.1333,L5,0.000000
1689,28.1500,L1,8.791832
1689,28.1500,L2,18.744149
1689,28.1500,L3,12.535097
1689,28.1500,L4,18.176337
1689,28.1500,L5,0.000000
1690,28.1667,L1,5.542274
1690,28.1667,L2,12.202349
1690,28.1667,L3,22.281787
1690,28.1667,L4,17.966763
1690,28.1667,L5,0.000000
1691,28.1833,L1,11.701639
1691,28.1833,L2,21.421489
1691,28.1833,L3,13.044555
1691,28.1833,L4,10.742888
1691,28.1833,L5,0.000000
1692,28.2000,L1,5.593971
1692,28.2000,L2,20.184426
1692,28.2000,L3,25.097011
1692,28.2000,L4,9.295840
1692,28.2000,L5,0.000000
1693,28.2167,L1,5.568887
1693,28.2167,L2,12.648782
1693,28.2167,L3,22.111000
1693,28.2167,L4,17.335156
1693,28.2167,L5,0.000000
1694,28.2333,L1,5.559296
1694,28.2333,L2,13.804774
1694,28.2333,L3,15.991703
1694,28.2333,L4,20.541176
1694,28.2333,L5,0.000000
1695,28.2500,L1,8.380237
1695,28.2500,L2,20.110858
1695,28.2500,L3,13.000214
1695,28.2500,L4,15.857236
1695,28.2500,L5,0.000000
1696,28.2667,L1,5.716028
1696,28.2667,L2,9.280916
1696,28.2667,L3,21.698093
1696,28.2667,L4,22.394951
1696,28.2667,L5,0.000000
1697,28.2833,L1,9.946266
1697,28.2833,L2,18.527798
1697,28.2833,L3,12.587197
1697,28.2833,L4,17.092427
1697,28.2833,L5,0.000000
1698,28.3000,L1,6.256472
1698,28.3000,L2,11.853216
1698,28.3000,L3,20.018096
1698,28.3000,L4,19.913761
1698,28.3000,L5,0.000000
1699,28.3167,L1,9.328241
1699,28.3167,L2,13.551606
1699,28.3167,L3,15.284442
1699,28.3167,L4,19.728250
1699,28.3167,L5,0.000000
1700,28.3333,L1,5.578197
1700,28.3333,L2,19.613295
1700,28.3333,L3,17.214326
1700,28.3333,L4,16.019940
1700,28.3333,L5,0.000000
1701,28.3500,L1,5.682724
1701,28.3500,L2,12.618194
1701,28.3500,L3,15.448022
1701,28.3500,L4,24.299359
1701,28.3500,L5,0.000000
1702,28.3667,L1,6.367411
1702,28.3667,L2,19.172686
1702,28.3667,L3,15.347701
1702,28.3667,L4,16.435672
1702,28.3667,L5,0.000000
1703,28.3833,L1,8.233825
1703,28.3833,L2,18.935733
1703,28.3833,L3,19.212152
1703,28.3833,L4,12.760896
1703,28.3833,L5,0.000000
1704,28.4000,L1,8.416243
1704,28.4000,L2,21.111944
1704,28.4000,L3,16.236380
1704,28.4000,L4,12.371501
1704,28.4000,L5,0.000000
1705,28.4167,L1,5.540301
1705,28.4167,L2,15.998542
1705,28.4167,L3,18.807888
1705,28.4167,L4,15.557528
1705,28.4167,L5,0.000000
1706,28.4333,L1,7.281544
1706,28.4333,L2,13.382556
1706,28.4333,L3,15.833156
1706,28.4333,L4,21.889927
1706,28.4333,L5,0.000000
1707,28.4500,L1,8.712774
1707,28.4500,L2,16.651501
1707,28.4500,L3,17.274109
1707,28.4500,L4,14.592313
1707,28.4500,L5,0.000000
1708,28.4667,L1,5.779602
1708,28.4667,L2,13.926921
1708,28.4667,L3,21.150269
1708,28.4667,L4,18.723286
1708,28.4667,L5,0.000000
1709,28.4833,L1,8.732481
1709,28.4833,L2,15.926219
1709,28.4833,L3,11.341886
1709,28.4833,L4,20.884712
1709,28.4833,L5,0.000000
1710,28.5000,L1,5.630071
1710,28.5000,L2,16.985105
1710,28.5000,L3,21.154954
1710,28.5000,L4,13.357533
1710,28.5000,L5,0.000000
1711,28.5167,L1,8.730384
1711,28.5167,L2,14.506751
1711,28.5167,L3,14.467623
1711,28.5167,L4,21.646415
1711,28.5167,L5,0.000000
1712,28.5333,L1,5.649687
1712,28.5333,L2,14.682008
1712,28.5333,L3,21.595071
1712,28.5333,L4,15.121463
1712,28.5333,L5,0.000000
1713,28.5500,L1,9.021770
1713,28.5500,L2,13.791267
1713,28.5500,L3,15.086829
1713,28.5500,L4,21.747383
1713,28.5500,L5,0.000000
1714,28.5667,L1,5.596782
1714,28.5667,L2,16.992009
1714,28.5667,L3,20.177014
1714,28.5667,L4,14.923695
1714,28.5667,L5,0.000000
1715,28.5833,L1,8.729042
1715,28.5833,L2,17.319279
1715,28.5833,L3,10.864886
1715,28.5833,L4,21.135136
1715,28.5833,L5,0.000000
1716,28.6000,L1,5.714027
1716,28.6000,L2,15.403423
1716,28.6000,L3,24.146282
1716,28.6000,L4,11.308145
1716,28.6000,L5,0.000000
1717,28.6167,L1,8.769579
1717,28.6167,L2,15.577487
1717,28.6167,L3,13.193274
1717,28.6167,L4,20.994154
1717,28.6167,L5,0.000000
1718,28.6333,L1,5.862681
1718,28.6333,L2,15.248896
1718,28.6333,L3,19.776959
1718,28.6333,L4,16.378267
1718,28.6333,L5,0.000000
1719,28.6500,L1,8.670694
1719,28.6500,L2,12.536189
1719,28.6500,L3,15.835203
1719,28.6500,L4,21.333139
1719,28.6500,L5,0.000000
1720,28.6667,L1,5.666721
1720,28.6667,L2,21.348240
1720,28.6667,L3,22.627802
1720,28.6667,L4,8.290239
1720,28.6667,L5,0.000000
1721,28.6833,L1,8.358767
1721,28.6833,L2,14.049327
1721,28.6833,L3,12.540921
1721,28.6833,L4,24.383480
1721,28.6833,L5,0.000000
1722,28.7000,L1,5.665915
1722,28.7000,L2,14.241518
1722,28.7000,L3,19.882672
1722,28.7000,L4,15.844656
1722,28.7000,L5,0.000000
1723,28.7167,L1,5.977555
1723,28.7167,L2,16.081635
1723,28.7167,L3,18.190447
1723,28.7167,L4,18.070451
1723,28.7167,L5,0.000000
1724,28.7333,L1,8.455364
1724,28.7333,L2,16.723650
1724,28.7333,L3,20.193911
1724,28.7333,L4,14.097786
1724,28.7333,L5,0.000000
1725,28.7500,L1,6.572498
1725,28.7500,L2,14.218440
1725,28.7500,L3,13.611042
1725,28.7500,L4,21.585352
1725,28.7500,L5,0.000000
1726,28.7667,L1,9.617042
1726,28.7667,L2,17.182878
1726,28.7667,L3,15.154964
1726,28.7667,L4,17.789075
1726,28.7667,L5,0.000000
1727,28.7833,L1,5.696913
1727,28.7833,L2,16.981289
1727,28.7833,L3,17.954260
1727,28.7833,L4,16.310643
1727,28.7833,L5,0.000000
1728,28.8000,L1,8.402805
1728,28.8000,L2,13.704155
1728,28.8000,L3,19.768309
1728,28.8000,L4,15.771683
1728,28.8000,L5,0.000000
1729,28.8167,L1,5.465489
1729,28.8167,L2,17.671389
1729,28.8167,L3,16.933874
1729,28.8167,L4,18.344046
1729,28.8167,L5,0.000000
1730,28.8333,L1,5.722471
1730,28.8333,L2,10.899938
1730,28.8333,L3,18.233216
1730,28.8333,L4,22.967816
1730,28.8333,L5,0.000000
1731,28.8500,L1,8.441188
1731,28.8500,L2,17.751386
1731,28.8500,L3,16.958621
1731,28.8500,L4,15.437213
1731,28.8500,L5,0.000000
1732,28.8667,L1,8.414294
1732,28.8667,L2,18.071333
1732,28.8667,L3,14.281128
1732,28.8667,L4,17.077249
1732,28.8667,L5,0.000000
1733,28.8833,L1,5.877221
1733,28.8833,L2,14.753368
1733,28.8833,L3,24.065360
1733,28.8833,L4,13.299604
1733,28.8833,L5,0.000000
1734,28.9000,L1,9.569071
1734,28.9000,L2,12.028152
1734,28.9000,L3,12.897540
1734,28.9000,L4,21.624431
1734,28.9000,L5,0.000000
1735,28.9167,L1,5.699313
1735,28.9167,L2,22.766688
1735,28.9167,L3,15.826492
1735,28.9167,L4,15.417716
1735,28.9167,L5,0.000000
1736,28.9333,L1,8.740094
1736,28.9333,L2,16.959595
1736,28.9333,L3,16.739401
1736,28.9333,L4,14.196592
1736,28.9333,L5,0.000000
1737,28.9500,L1,5.645290
1737,28.9500,L2,17.310137
1737,28.9500,L3,19.310406
1737,28.9500,L4,17.665873
1737,28.9500,L5,0.000000
1738,28.9667,L1,8.247807
1738,28.9667,L2,12.805725
1738,28.9667,L3,16.926000
1738,28.9667,L4,18.128836
1738,28.9667,L5,0.000000
1739,28.9833,L1,5.790970
1739,28.9833,L2,18.829523
1739,28.9833,L3,16.961801
1739,28.9833,L4,17.246319
1739,28.9833,L5,0.000000
1740,29.0000,L1,5.778517
1740,29.0000,L2,11.952030
1740,29.0000,L3,19.937970
1740,29.0000,L4,19.214983
1740,29.0000,L5,0.000000
1741,29.0167,L1,8.832119
1741,29.0167,L2,16.457488
1741,29.0167,L3,14.981181
1741,29.0167,L4,17.547377
1741,29.0167,L5,0.000000
1742,29.0333,L1,6.106006
1742,29.0333,L2,14.437511
1742,29.0333,L3,22.768323
1742,29.0333,L4,15.864703
1742,29.0333,L5,0.000000
1743,29.0500,L1,8.779666
1743,29.0500,L2,13.812569
1743,29.0500,L3,17.617445
1743,29.0500,L4,18.551385
1743,29.0500,L5,0.000000
1744,29.0667,L1,5.979284
1744,29.0667,L2,17.501583
1744,29.0667,L3,11.724412
1744,29.0667,L4,20.633548
1744,29.0667,L5,0.000000
1745,29.0833,L1,5.450907
1745,29.0833,L2,16.285225
1745,29.0833,L3,19.866122
1745,29.0833,L4,18.605511
1745,29.0833,L5,0.000000
1746,29.1000,L1,9.487594
1746,29.1000,L2,14.973753
1746,29.1000,L3,15.683237
1746,29.1000,L4,17.641030
1746,29.1000,L5,0.000000
1747,29.1167,L1,5.706248
1747,29.1167,L2,20.695645
1747,29.1167,L3,17.754116
1747,29.1167,L4,13.954122
1747,29.1167,L5,0.000000
1748,29.1333,L1,5.488405
1748,29.1333,L2,11.976795
1748,29.1333,L3,18.580511
1748,29.1333,L4,21.801293
1748,29.1333,L5,0.000000
1749,29.1500,L1,8.295418
1749,29.1500,L2,16.537079
1749,29.1500,L3,20.487054
1749,29.1500,L4,11.377217
1749,29.1500,L5,0.000000
1750,29.1667,L1,8.287231
1750,29.1667,L2,18.861802
1750,29.1667,L3,11.743100
1750,29.1667,L4,18.668652
1750,29.1667,L5,0.000000
1751,29.1833,L1,6.096744
1751,29.1833,L2,15.242776
1751,29.1833,L3,21.197863
1751,29.1833,L4,16.510224
1751,29.1833,L5,0.000000
1752,29.2000,L1,5.809316
1752,29.2000,L2,11.268148
1752,29.2000,L3,15.007725
1752,29.2000,L4,23.917087
1752,29.2000,L5,0.000000
1753,29.2167,L1,8.677023
1753,29.2167,L2,18.898921
1753,29.2167,L3,14.882268
1753,29.2167,L4,17.402791
1753,29.2167,L5,0.000000
1754,29.2333,L1,5.760330
1754,29.2333,L2,13.045916
1754,29.2333,L3,21.788299
1754,29.2333,L4,17.682996
1754,29.2333,L5,0.000000
1755,29.2500,L1,8.421340
1755,29.2500,L2,14.642575
1755,29.2500,L3,11.947087
1755,29.2500,L4,22.194070
1755,29.2500,L5,0.000000
1756,29.2667,L1,5.749875
1756,29.2667,L2,16.662360
1756,29.2667,L3,21.506647
1756,29.2667,L4,13.091573
1756,29.2667,L5,0.000000
1757,29.2833,L1,8.855097
1757,29.2833,L2,21.205049
1757,29.2833,L3,15.038048
1757,29.2833,L4,14.613024
1757,29.2833,L5,0.000000
1758,29.3000,L1,5.673525
1758,29.3000,L2,11.379105
1758,29.3000,L3,21.714530
1758,29.3000,L4,16.874967
1758,29.3000,L5,0.000000
1759,29.3167,L1,6.339027
1759,29.3167,L2,12.584317
1759,29.3167,L3,15.095141
1759,29.3167,L4,24.244980
1759,29.3167,L5,0.000000
1760,29.3333,L1,8.620261
1760,29.3333,L2,16.610094
1760,29.3333,L3,18.243856
1760,29.3333,L4,13.378735
1760,29.3333,L5,0.000000
1761,29.3500,L1,8.810982
1761,29.3500,L2,17.169487
1761,29.3500,L3,16.511644
1761,29.3500,L4,18.207074
1761,29.3500,L5,0.000000
1762,29.3667,L1,5.969603
1762,29.3667,L2,16.181294
1762,29.3667,L3,24.522815
1762,29.3667,L4,9.770012
1762,29.3667,L5,0.000000
1763,29.3833,L1,8.631412
1763,29.3833,L2,12.921535
1763,29.3833,L3,15.141268
1763,29.3833,L4,21.409219
1763,29.3833,L5,0.000000
1764,29.4000,L1,6.779875
1764,29.4000,L2,18.065237
1764,29.4000,L3,16.186603
1764,29.4000,L4,17.165430
1764,29.4000,L5,0.000000
1765,29.4167,L1,5.380671
1765,29.4167,L2,11.529894
1765,29.4167,L3,19.348625
1765,29.4167,L4,21.519758
1765,29.4167,L5,0.000000
1766,29.4333,L1,8.694597
1766,29.4333,L2,19.441921
1766,29.4333,L3,14.439135
1766,29.4333,L4,15.923124
1766,29.4333,L5,0.000000
1767,29.4500,L1,5.732766
1767,29.4500,L2,12.574404
1767,29.4500,L3,19.267968
1767,29.4500,L4,18.884102
1767,29.4500,L5,0.000000
1768,29.4667,L1,5.691681
1768,29.4667,L2,13.765812
1768,29.4667,L3,15.266548
1768,29.4667,L4,23.579160
1768,29.4667,L5,0.000000
1769,29.4833,L1,8.500633
1769,29.4833,L2,16.961317
1769,29.4833,L3,21.314472
1769,29.4833,L4,11.015328
1769,29.4833,L5,0.000000
1770,29.5000,L1,5.408436
1770,29.5000,L2,15.165770
1770,29.5000,L3,18.485469
1770,29.5000,L4,19.766273
1770,29.5000,L5,0.000000
1771,29.5167,L1,9.013995
1771,29.5167,L2,19.534617
1771,29.5167,L3,15.300073
1771,29.5167,L4,14.310146
1771,29.5167,L5,0.000000
1772,29.5333,L1,8.288762
1772,29.5333,L2,17.670518
1772,29.5333,L3,17.482253
1772,29.5333,L4,13.012424
1772,29.5333,L5,0.000000
1773,29.5500,L1,5.467196
1773,29.5500,L2,15.650316
1773,29.5500,L3,24.929622
1773,29.5500,L4,13.895369
1773,29.5500,L5,0.000000
1774,29.5667,L1,5.588691
1774,29.5667,L2,12.080097
1774,29.5667,L3,14.600536
1774,29.5667,L4,24.164050
1774,29.5667,L5,0.000000
1775,29.5833,L1,8.332779
1775,29.5833,L2,16.263749
1775,29.5833,L3,16.757359
1775,29.5833,L4,18.717461
1775,29.5833,L5,0.000000
1776,29.6000,L1,5.824672
1776,29.6000,L2,17.782244
1776,29.6000,L3,17.596165
1776,29.6000,L4,14.564272
1776,29.6000,L5,0.000000
1777,29.6167,L1,8.072275
1777,29.6167,L2,12.264461
1777,29.6167,L3,18.358482
1777,29.6167,L4,21.726394
1777,29.6167,L5,0.000000
1778,29.6333,L1,9.142201
1778,29.6333,L2,17.229756
1778,29.6333,L3,14.821384
1778,29.6333,L4,13.957093
1778,29.6333,L5,0.000000
1779,29.6500,L1,6.280742
1779,29.6500,L2,16.971384
1779,29.6500,L3,18.978657
1779,29.6500,L4,16.248057
1779,29.6500,L5,0.000000
1780,29.6667,L1,9.002414
1780,29.6667,L2,18.433649
1780,29.6667,L3,12.422132
1780,29.6667,L4,18.764940
1780,29.6667,L5,0.000000
1781,29.6833,L1,8.713894
1781,29.6833,L2,14.304267
1781,29.6833,L3,19.914606
1781,29.6833,L4,14.082025
1781,29.6833,L5,0.000000
1782,29.7000,L1,5.707184
1782,29.7000,L2,19.657954
1782,29.7000,L3,17.175604
1782,29.7000,L4,15.961433
1782,29.7000,L5,0.000000
1783,29.7167,L1,6.210077
1783,29.7167,L2,14.004745
1783,29.7167,L3,20.061687
1783,29.7167,L4,17.789615
1783,29.7167,L5,0.000000
1784,29.7333,L1,12.803712
1784,29.7333,L2,22.107592
1784,29.7333,L3,8.005781
1784,29.7333,L4,16.060876
1784,29.7333,L5,0.000000
1785,29.7500,L1,5.854338
1785,29.7500,L2,14.856735
1785,29.7500,L3,30.920772
1785,29.7500,L4,4.946738
1785,29.7500,L5,0.000000
1786,29.7667,L1,9.000340
1786,29.7667,L2,20.268762
1786,29.7667,L3,13.343939
1786,29.7667,L4,14.562356
1786,29.7667,L5,0.000000
1787,29.7833,L1,5.920743
1787,29.7833,L2,11.304340
1787,29.7833,L3,22.472550
1787,29.7833,L4,20.557162
1787,29.7833,L5,0.000000
1788,29.8000,L1,8.848691
1788,29.8000,L2,15.586832
1788,29.8000,L3,16.210693
1788,29.8000,L4,16.090246
1788,29.8000,L5,0.000000
1789,29.8167,L1,6.041650
1789,29.8167,L2,15.187010
1789,29.8167,L3,18.907525
1789,29.8167,L4,17.466999
1789,29.8167,L5,0.000000
1790,29.8333,L1,5.965437
1790,29.8333,L2,14.199403
1790,29.8333,L3,18.184440
1790,29.8333,L4,20.313710
1790,29.8333,L5,0.000000
1791,29.8500,L1,8.211841
1791,29.8500,L2,16.441242
1791,29.8500,L3,15.708406
1791,29.8500,L4,17.694094
1791,29.8500,L5,0.000000
1792,29.8667,L1,5.878085
1792,29.8667,L2,15.205164
1792,29.8667,L3,20.566652
1792,29.8667,L4,14.790628
1792,29.8667,L5,0.000000
1793,29.8833,L1,6.048840
1793,29.8833,L2,14.764282
1793,29.8833,L3,15.587778
1793,29.8833,L4,22.832083
1793,29.8833,L5,0.000000
1794,29.9000,L1,8.515682
1794,29.9000,L2,16.905072
1794,29.9000,L3,15.019518
1794,29.9000,L4,17.817107
1794,29.9000,L5,0.000000
1795,29.9167,L1,5.555375
1795,29.9167,L2,13.899390
1795,29.9167,L3,17.633959
1795,29.9167,L4,21.084366
1795,29.9167,L5,0.000000
1796,29.9333,L1,5.523344
1796,29.9333,L2,15.014383
1796,29.9333,L3,17.189419
1796,29.9333,L4,19.547645
1796,29.9333,L5,0.000000
1797,29.9500,L1,9.321974
1797,29.9500,L2,18.453792
1797,29.9500,L3,14.322088
1797,29.9500,L4,17.110751
1797,29.9500,L5,0.000000
1798,29.9667,L1,6.181512
1798,29.9667,L2,12.756457
1798,29.9667,L3,16.837166
1798,29.9667,L4,20.608278
1798,29.9667,L5,0.000000
1799,29.9833,L1,9.473419
1799,29.9833,L2,16.482179
1799,29.9833,L3,17.538520
1799,29.9833,L4,15.663012
1799,29.9833,L5,0.000000
1800,30.0000,L1,5.871992
1800,30.0000,L2,16.100001
1800,30.0000,L3,22.944565
1800,30.0000,L4,13.020097
1800,30.0000,L5,0.000000
1801,30.0167,L1,8.919679
1801,30.0167,L2,12.454507
1801,30.0167,L3,16.058971
1801,30.0167,L4,19.962781
1801,30.0167,L5,0.000000
1802,30.0333,L1,5.890062
1802,30.0333,L2,15.573401
1802,30.0333,L3,19.664594
1802,30.0333,L4,15.173011
1802,30.0333,L5,0.000000
1803,30.0500,L1,8.203871
1803,30.0500,L2,18.886770
1803,30.0500,L3,11.837030
1803,30.0500,L4,20.096843
1803,30.0500,L5,0.000000
1804,30.0667,L1,5.931364
1804,30.0667,L2,14.276759
1804,30.0667,L3,21.423603
1804,30.0667,L4,14.460866
1804,30.0667,L5,0.000000
1805,30.0833,L1,8.381466
1805,30.0833,L2,15.737459
1805,30.0833,L3,14.183274
1805,30.0833,L4,21.469495
1805,30.0833,L5,0.000000
1806,30.1000,L1,14.811259
1806,30.1000,L2,29.180564
1806,30.1000,L3,13.274508
1806,30.1000,L4,0.000000
1806,30.1000,L5,0.000000
1807,30.1167,L1,5.807919
1807,30.1167,L2,16.583655
1807,30.1167,L3,35.540793
1807,30.1167,L4,1.019312
1807,30.1167,L5,0.000000
1808,30.1333,L1,6.139640
1808,30.1333,L2,13.026148
1808,30.1333,L3,15.622626
1808,30.1333,L4,20.671788
1808,30.1333,L5,0.000000
1809,30.1500,L1,8.638017
1809,30.1500,L2,16.427651
1809,30.1500,L3,15.900653
1809,30.1500,L4,16.937329
1809,30.1500,L5,0.000000
1810,30.1667,L1,5.778060
1810,30.1667,L2,16.365476
1810,30.1667,L3,20.932528
1810,30.1667,L4,15.550673
1810,30.1667,L5,0.000000
1811,30.1833,L1,8.834924
1811,30.1833,L2,14.108231
1811,30.1833,L3,12.836764
1811,30.1833,L4,22.753039
1811,30.1833,L5,0.000000
1812,30.2000,L1,5.823197
1812,30.2000,L2,17.831044
1812,30.2000,L3,20.380572
1812,30.2000,L4,14.842618
1812,30.2000,L5,0.000000
1813,30.2167,L1,5.841767
1813,30.2167,L2,14.853169
1813,30.2167,L3,15.119847
1813,30.2167,L4,21.336913
1813,30.2167,L5,0.000000
1814,30.2333,L1,9.230563
1814,30.2333,L2,18.794102
1814,30.2333,L3,16.117901
1814,30.2333,L4,14.650518
1814,30.2333,L5,0.000000
1815,30.2500,L1,5.702183
1815,30.2500,L2,11.843855
1815,30.2500,L3,19.475387
1815,30.2500,L4,20.064975
1815,30.2500,L5,0.000000
1816,30.2667,L1,6.093815
1816,30.2667,L2,15.363091
1816,30.2667,L3,15.192461
1816,30.2667,L4,20.182877
1816,30.2667,L5,0.000000
1817,30.2833,L1,8.328603
1817,30.2833,L2,13.163469
1817,30.2833,L3,16.185396
1817,30.2833,L4,20.770989
1817,30.2833,L5,0.000000
1818,30.3000,L1,5.633429
1818,30.3000,L2,16.789600
1818,30.3000,L3,18.760426
1818,30.3000,L4,16.016469
1818,30.3000,L5,0.000000
1819,30.3167,L1,6.204709
1819,30.3167,L2,16.382623
1819,30.3167,L3,17.573040
1819,30.3167,L4,18.434354
1819,30.3167,L5,0.000000
1820,30.3333,L1,8.687998
1820,30.3333,L2,14.287359
1820,30.3333,L3,11.797257
1820,30.3333,L4,22.026742
1820,30.3333,L5,0.000000
1821,30.3500,L1,5.733945
1821,30.3500,L2,16.443951
1821,30.3500,L3,20.240661
1821,30.3500,L4,16.812217
1821,30.3500,L5,0.000000
1822,30.3667,L1,8.475471
1822,30.3667,L2,15.902104
1822,30.3667,L3,15.346891
1822,30.3667,L4,19.099266
1822,30.3667,L5,0.000000
1823,30.3833,L1,6.376800
1823,30.3833,L2,16.425600
1823,30.3833,L3,15.011303
1823,30.3833,L4,18.207903
1823,30.3833,L5,0.000000
1824,30.4000,L1,6.013431
1824,30.4000,L2,10.512316
1824,30.4000,L3,22.044951
1824,30.4000,L4,21.286349
1824,30.4000,L5,0.000000
1825,30.4167,L1,8.913411
1825,30.4167,L2,19.292976
1825,30.4167,L3,13.820145
1825,30.4167,L4,15.501812
1825,30.4167,L5,0.000000
1826,30.4333,L1,9.362040
1826,30.4333,L2,12.863186
1826,30.4333,L3,17.501040
1826,30.4333,L4,18.749557
1826,30.4333,L5,0.000000
1827,30.4500,L1,5.946070
1827,30.4500,L2,16.491043
1827,30.4500,L3,19.156476
1827,30.4500,L4,15.236617
1827,30.4500,L5,0.000000
1828,30.4667,L1,6.217394
1828,30.4667,L2,14.327855
1828,30.4667,L3,23.557553
1828,30.4667,L4,13.774510
1828,30.4667,L5,0.000000
1829,30.4833,L1,8.997230
1829,30.4833,L2,13.350475
1829,30.4833,L3,14.713957
1829,30.4833,L4,21.259851
1829,30.4833,L5,0.000000
1830,30.5000,L1,5.806110
1830,30.5000,L2,15.858145
1830,30.5000,L3,21.842952
1830,30.5000,L4,15.062994
1830,30.5000,L5,0.000000
1831,30.5167,L1,11.523576
1831,30.5167,L2,24.970185
1831,30.5167,L3,10.121795
1831,30.5167,L4,9.744794
1831,30.5167,L5,0.000000
1832,30.5333,L1,5.697716
1832,30.5333,L2,14.080311
1832,30.5333,L3,33.134926
1832,30.5333,L4,5.000143
1832,30.5333,L5,0.000000
1833,30.5500,L1,8.665362
1833,30.5500,L2,15.577936
1833,30.5500,L3,15.173271
1833,30.5500,L4,18.870734
1833,30.5500,L5,0.000000
1834,30.5667,L1,5.860316
1834,30.5667,L2,18.017629
1834,30.5667,L3,15.041390
1834,30.5667,L4,18.300378
1834,30.5667,L5,0.000000
1835,30.5833,L1,7.335717
1835,30.5833,L2,11.299868
1835,30.5833,L3,19.797120
1835,30.5833,L4,19.500134
1835,30.5833,L5,0.000000
1836,30.6000,L1,9.544406
1836,30.6000,L2,16.883479
1836,30.6000,L3,12.714022
1836,30.6000,L4,20.271390
1836,30.6000,L5,0.000000
1837,30.6167,L1,6.165625
1837,30.6167,L2,14.293627
1837,30.6167,L3,21.776793
1837,30.6167,L4,15.265435
1837,30.6167,L5,0.000000
1838,30.6333,L1,5.846396
1838,30.6333,L2,12.795233
1838,30.6333,L3,14.884149
1838,30.6333,L4,25.375590
1838,30.6333,L5,0.000000
1839,30.6500,L1,8.686213
1839,30.6500,L2,18.703122
1839,30.6500,L3,16.032760
1839,30.6500,L4,14.674186
1839,30.6500,L5,0.000000
1840,30.6667,L1,6.098887
1840,30.6667,L2,12.871755
1840,30.6667,L3,17.277668
1840,30.6667,L4,21.191966
1840,30.6667,L5,0.000000
1841,30.6833,L1,6.500261
1841,30.6833,L2,15.123024
1841,30.6833,L3,14.230025
1841,30.6833,L4,21.581379
1841,30.6833,L5,0.000000
1842,30.7000,L1,8.958435
1842,30.7000,L2,17.817807
1842,30.7000,L3,15.419013
1842,30.7000,L4,14.702484
1842,30.7000,L5,0.000000
1843,30.7167,L1,6.054402
1843,30.7167,L2,16.037709
1843,30.7167,L3,17.646357
1843,30.7167,L4,20.200223
1843,30.7167,L5,0.000000
1844,30.7333,L1,9.158307
1844,30.7333,L2,16.052753
1844,30.7333,L3,14.969502
1844,30.7333,L4,16.914805
1844,30.7333,L5,0.000000
1845,30.7500,L1,5.885036
1845,30.7500,L2,16.294806
1845,30.7500,L3,19.039115
1845,30.7500,L4,17.246317
1845,30.7500,L5,0.000000
1846,30.7667,L1,5.779695
1846,30.7667,L2,11.903466
1846,30.7667,L3,16.085337
1846,30.7667,L4,23.232050
1846,30.7667,L5,0.000000
1847,30.7833,L1,9.204273
1847,30.7833,L2,18.372648
1847,30.7833,L3,19.160058
1847,30.7833,L4,9.803767
1847,30.7833,L5,0.000000
1848,30.8000,L1,5.704808
1848,30.8000,L2,12.068690
1848,30.8000,L3,15.052956
1848,30.8000,L4,27.093999
1848,30.8000,L5,0.000000
1849,30.8167,L1,8.568610
1849,30.8167,L2,20.330964
1849,30.8167,L3,19.689227
1849,30.8167,L4,7.795283
1849,30.8167,L5,0.000000
1850,30.8333,L1,6.392160
1850,30.8333,L2,13.211144
1850,30.8333,L3,18.343542
1850,30.8333,L4,21.420799
1850,30.8333,L5,0.000000
1851,30.8500,L1,9.160422
1851,30.8500,L2,13.083408
1851,30.8500,L3,16.937549
1851,30.8500,L4,18.746626
1851,30.8500,L5,0.000000
1852,30.8667,L1,6.211709
1852,30.8667,L2,17.102730
1852,30.8667,L3,18.641743
1852,30.8667,L4,16.615009
1852,30.8667,L5,0.000000
1853,30.8833,L1,5.873968
1853,30.8833,L2,13.373883
1853,30.8833,L3,16.661306
1853,30.8833,L4,20.879847
1853,30.8833,L5,0.000000
1854,30.9000,L1,8.713304
1854,30.9000,L2,19.421768
1854,30.9000,L3,16.208630
1854,30.9000,L4,15.003040
1854,30.9000,L5,0.000000
1855,30.9167,L1,5.594609
1855,30.9167,L2,13.541253
1855,30.9167,L3,16.389280
1855,30.9167,L4,20.594666
1855,30.9167,L5,0.000000
1856,30.9333,L1,9.017810
1856,30.9333,L2,13.209164
1856,30.9333,L3,17.386218
1856,30.9333,L4,18.397931
1856,30.9333,L5,0.000000
1857,30.9500,L1,9.537579
1857,30.9500,L2,26.956300
1857,30.9500,L3,22.367844
1857,30.9500,L4,0.000000
1857,30.9500,L5,0.000000
1858,30.9667,L1,6.258250
1858,30.9667,L2,11.869614
1858,30.9667,L3,19.910974
1858,30.9667,L4,20.214235
1858,30.9667,L5,0.000000
1859,30.9833,L1,9.001316
1859,30.9833,L2,16.750543
1859,30.9833,L3,14.784157
1859,30.9833,L4,17.410002
1859,30.9833,L5,0.000000
1860,31.0000,L1,5.556878
1860,31.0000,L2,15.335098
1860,31.0000,L3,17.731405
1860,31.0000,L4,17.216731
1860,31.0000,L5,0.000000
1861,31.0167,L1,5.659921
1861,31.0167,L2,15.049447
1861,31.0167,L3,20.971771
1861,31.0167,L4,17.564573
1861,31.0167,L5,0.000000
1862,31.0333,L1,8.820082
1862,31.0333,L2,15.872523
1862,31.0333,L3,14.413405
1862,31.0333,L4,17.045356
1862,31.0333,L5,0.000000
1863,31.0500,L1,5.905630
1863,31.0500,L2,13.710626
1863,31.0500,L3,22.973715
1863,31.0500,L4,15.150878
1863,31.0500,L5,0.000000
1864,31.0667,L1,5.649115
1864,31.0667,L2,13.845665
1864,31.0667,L3,16.186364
1864,31.0667,L4,24.262347
1864,31.0667,L5,0.000000
1865,31.0833,L1,8.703883
1865,31.0833,L2,20.180961
1865,31.0833,L3,17.374042
1865,31.0833,L4,11.467179
1865,31.0833,L5,0.000000
1866,31.1000,L1,6.180805
1866,31.1000,L2,11.729720
1866,31.1000,L3,17.996293
1866,31.1000,L4,22.065309
1866,31.1000,L5,0.000000
1867,31.1167,L1,8.498172
1867,31.1167,L2,14.003495
1867,31.1167,L3,17.208330
1867,31.1167,L4,18.493395
1867,31.1167,L5,0.000000
1868,31.1333,L1,5.668599
1868,31.1333,L2,17.675109
1868,31.1333,L3,16.605442
1868,31.1333,L4,18.597093
1868,31.1333,L5,0.000000
1869,31.1500,L1,5.276499
1869,31.1500,L2,16.273501
1869,31.1500,L3,16.006161
1869,31.1500,L4,18.113323
1869,31.1500,L5,0.000000
1870,31.1667,L1,6.049055
1870,31.1667,L2,12.470062
1870,31.1667,L3,22.025269
1870,31.1667,L4,19.419768
1870,31.1667,L5,0.000000
1871,31.1833,L1,13.270970
1871,31.1833,L2,16.105986
1871,31.1833,L3,15.800236
1871,31.1833,L4,12.484952
1871,31.1833,L5,0.000000
1872,31.2000,L1,7.059958
1872,31.2000,L2,24.045756
1872,31.2000,L3,25.074503
1872,31.2000,L4,0.000000
1872,31.2000,L5,0.000000
1873,31.2167,L1,9.166728
1873,31.2167,L2,12.898644
1873,31.2167,L3,19.642224
1873,31.2167,L4,17.647520
1873,31.2167,L5,0.000000
1874,31.2333,L1,5.881018
1874,31.2333,L2,18.847000
1874,31.2333,L3,18.712427
1874,31.2333,L4,15.477351
1874,31.2333,L5,0.000000
1875,31.2500,L1,5.875808
1875,31.2500,L2,13.668591
1875,31.2500,L3,15.506080
1875,31.2500,L4,21.012540
1875,31.2500,L5,0.000000
1876,31.2667,L1,5.959776
1876,31.2667,L2,14.177718
1876,31.2667,L3,16.497290
1876,31.2667,L4,21.381851
1876,31.2667,L5,0.000000
1877,31.2833,L1,9.014908
1877,31.2833,L2,17.955986
1877,31.2833,L3,17.047525
1877,31.2833,L4,15.378455
1877,31.2833,L5,0.000000
1878,31.3000,L1,5.737810
1878,31.3000,L2,12.693372
1878,31.3000,L3,15.830264
1878,31.3000,L4,21.375545
1878,31.3000,L5,0.000000
1879,31.3167,L1,8.995093
1879,31.3167,L2,16.220187
1879,31.3167,L3,14.200359
1879,31.3167,L4,18.653570
1879,31.3167,L5,0.000000
1880,31.3333,L1,5.878494
1880,31.3333,L2,15.719593
1880,31.3333,L3,22.939893
1880,31.3333,L4,15.812453
1880,31.3333,L5,0.000000
1881,31.3500,L1,8.748178
1881,31.3500,L2,12.015950
1881,31.3500,L3,15.498499
1881,31.3500,L4,19.737214
1881,31.3500,L5,0.000000
1882,31.3667,L1,5.840426
1882,31.3667,L2,19.891723
1882,31.3667,L3,12.565049
1882,31.3667,L4,20.027927
1882,31.3667,L5,0.000000
1883,31.3833,L1,6.080149
1883,31.3833,L2,13.765980
1883,31.3833,L3,23.923042
1883,31.3833,L4,15.414384
1883,31.3833,L5,0.000000
1884,31.4000,L1,6.081070
1884,31.4000,L2,12.451403
1884,31.4000,L3,14.463207
1884,31.4000,L4,24.155326
1884,31.4000,L5,0.000000
1885,31.4167,L1,8.615209
1885,31.4167,L2,20.327200
1885,31.4167,L3,21.678659
1885,31.4167,L4,8.012035
1885,31.4167,L5,0.000000
1886,31.4333,L1,5.830979
1886,31.4333,L2,12.283587
1886,31.4333,L3,15.941616
1886,31.4333,L4,22.473225
1886,31.4333,L5,0.000000
1887,31.4500,L1,8.358844
1887,31.4500,L2,14.952365
1887,31.4500,L3,15.870596
1887,31.4500,L4,18.101532
1887,31.4500,L5,0.000000
1888,31.4667,L1,5.570438
1888,31.4667,L2,18.543323
1888,31.4667,L3,20.320803
1888,31.4667,L4,15.824266
1888,31.4667,L5,0.000000
1889,31.4833,L1,8.774341
1889,31.4833,L2,16.879964
1889,31.4833,L3,13.378829
1889,31.4833,L4,16.527633
1889,31.4833,L5,0.000000
1890,31.5000,L1,6.019081
1890,31.5000,L2,13.140029
1890,31.5000,L3,18.473688
1890,31.5000,L4,20.903668
1890,31.5000,L5,0.000000
1891,31.5167,L1,8.555794
1891,31.5167,L2,15.950189
1891,31.5167,L3,16.015087
1891,31.5167,L4,17.459453
1891,31.5167,L5,0.000000
1892,31.5333,L1,8.683104
1892,31.5333,L2,16.514416
1892,31.5333,L3,18.668234
1892,31.5333,L4,13.467115
1892,31.5333,L5,0.000000
1893,31.5500,L1,6.114499
1893,31.5500,L2,18.630245
1893,31.5500,L3,23.071331
1893,31.5500,L4,11.987125
1893,31.5500,L5,0.000000
1894,31.5667,L1,8.183928
1894,31.5667,L2,18.893203
1894,31.5667,L3,16.296013
1894,31.5667,L4,12.712722
1894,31.5667,L5,0.000000
1895,31.5833,L1,5.698029
1895,31.5833,L2,14.351057
1895,31.5833,L3,16.658986
1895,31.5833,L4,20.863034
1895,31.5833,L5,0.000000
1896,31.6000,L1,8.610105
1896,31.6000,L2,9.584338
1896,31.6000,L3,13.986000
1896,31.6000,L4,26.107294
1896,31.6000,L5,0.000000
1897,31.6167,L1,5.724405
1897,31.6167,L2,19.968402
1897,31.6167,L3,21.013300
1897,31.6167,L4,11.218892
1897,31.6167,L5,0.000000
1898,31.6333,L1,8.618341
1898,31.6333,L2,12.433919
1898,31.6333,L3,15.460303
1898,31.6333,L4,22.444508
1898,31.6333,L5,0.000000
1899,31.6500,L1,5.742978
1899,31.6500,L2,17.955298
1899,31.6500,L3,19.339844
1899,31.6500,L4,14.866838
1899,31.6500,L5,0.000000
1900,31.6667,L1,5.585958
1900,31.6667,L2,14.082089
1900,31.6667,L3,19.886619
1900,31.6667,L4,17.588118
1900,31.6667,L5,0.000000
1901,31.6833,L1,8.785751
1901,31.6833,L2,15.290657
1901,31.6833,L3,17.962134
1901,31.6833,L4,16.295983
1901,31.6833,L5,0.000000
1902,31.7000,L1,8.507170
1902,31.7000,L2,13.161945
1902,31.7000,L3,17.934136
1902,31.7000,L4,18.690122
1902,31.7000,L5,0.000000
1903,31.7167,L1,5.564069
1903,31.7167,L2,18.942764
1903,31.7167,L3,15.496162
1903,31.7167,L4,15.929844
1903,31.7167,L5,0.000000
1904,31.7333,L1,8.556577
1904,31.7333,L2,18.445367
1904,31.7333,L3,14.909209
1904,31.7333,L4,16.755255
1904,31.7333,L5,0.000000
1905,31.7500,L1,5.835251
1905,31.7500,L2,14.417950
1905,31.7500,L3,18.193266
1905,31.7500,L4,18.801036
1905,31.7500,L5,0.000000
1906,31.7667,L1,8.628115
1906,31.7667,L2,13.897756
1906,31.7667,L3,20.815452
1906,31.7667,L4,15.249283
1906,31.7667,L5,0.000000
1907,31.7833,L1,5.729849
1907,31.7833,L2,18.465327
1907,31.7833,L3,20.798597
1907,31.7833,L4,13.377426
1907,31.7833,L5,0.000000
1908,31.8000,L1,5.592798
1908,31.8000,L2,13.042417
1908,31.8000,L3,13.459201
1908,31.8000,L4,25.601374
1908,31.8000,L5,0.000000
1909,31.8167,L1,8.482536
1909,31.8167,L2,17.656932
1909,31.8167,L3,17.428919
1909,31.8167,L4,14.892985
1909,31.8167,L5,0.000000
1910,31.8333,L1,8.353290
1910,31.8333,L2,16.770223
1910,31.8333,L3,14.543585
1910,31.8333,L4,17.631806
1910,31.8333,L5,0.000000
1911,31.8500,L1,5.822849
1911,31.8500,L2,15.162015
1911,31.8500,L3,21.668486
1911,31.8500,L4,14.190597
1911,31.8500,L5,0.000000
1912,31.8667,L1,9.901055
1912,31.8667,L2,16.827713
1912,31.8667,L3,14.354250
1912,31.8667,L4,18.023341
1912,31.8667,L5,0.000000
1913,31.8833,L1,5.642026
1913,31.8833,L2,11.756332
1913,31.8833,L3,24.478030
1913,31.8833,L4,14.964350
1913,31.8833,L5,0.000000
1914,31.9000,L1,8.516410
1914,31.9000,L2,14.213976
1914,31.9000,L3,17.577883
1914,31.9000,L4,18.236732
1914,31.9000,L5,0.000000
1915,31.9167,L1,5.312459
1915,31.9167,L2,19.487495
1915,31.9167,L3,17.849194
1915,31.9167,L4,14.602111
1915,31.9167,L5,0.000000
1916,31.9333,L1,8.057536
1916,31.9333,L2,15.153636
1916,31.9333,L3,14.486068
1916,31.9333,L4,21.990129
1916,31.9333,L5,0.000000
1917,31.9500,L1,5.769195
1917,31.9500,L2,15.110584
1917,31.9500,L3,20.658453
1917,31.9500,L4,16.292028
1917,31.9500,L5,0.000000
1918,31.9667,L1,8.772635
1918,31.9667,L2,19.056139
1918,31.9667,L3,17.164831
1918,31.9667,L4,12.777437
1918,31.9667,L5,0.000000
1919,31.9833,L1,5.424131
1919,31.9833,L2,13.339083
1919,31.9833,L3,22.139810
1919,31.9833,L4,16.952203
1919,31.9833,L5,0.000000
1920,32.0000,L1,9.105081
1920,32.0000,L2,13.164172
1920,32.0000,L3,16.001041
1920,32.0000,L4,20.679094
1920,32.0000,L5,0.000000
1921,32.0167,L1,5.597219
1921,32.0167,L2,19.426350
1921,32.0167,L3,15.357570
1921,32.0167,L4,16.599567
1921,32.0167,L5,0.000000
1922,32.0333,L1,5.678836
1922,32.0333,L2,12.507648
1922,32.0333,L3,19.674679
1922,32.0333,L4,20.234094
1922,32.0333,L5,0.000000
1923,32.0500,L1,5.603881
1923,32.0500,L2,13.708686
1923,32.0500,L3,14.818709
1923,32.0500,L4,22.226287
1923,32.0500,L5,0.000000
1924,32.0667,L1,8.678195
1924,32.0667,L2,20.153455
1924,32.0667,L3,12.804937
1924,32.0667,L4,16.828197
1924,32.0667,L5,0.000000
1925,32.0833,L1,5.867516
1925,32.0833,L2,13.295084
1925,32.0833,L3,20.843071
1925,32.0833,L4,16.994689
1925,32.0833,L5,0.000000
1926,32.1000,L1,8.767943
1926,32.1000,L2,18.046219
1926,32.1000,L3,17.860022
1926,32.1000,L4,15.308103
1926,32.1000,L5,0.000000
1927,32.1167,L1,6.003756
1927,32.1167,L2,13.213601
1927,32.1167,L3,19.040595
1927,32.1167,L4,20.275457
1927,32.1167,L5,0.000000
1928,32.1333,L1,15.506264
1928,32.1333,L2,24.587075
1928,32.1333,L3,7.247839
1928,32.1333,L4,9.727627
1928,32.1333,L5,0.000000
1929,32.1500,L1,9.433431
1929,32.1500,L2,17.075207
1929,32.1500,L3,31.344579
1929,32.1500,L4,0.000000
1929,32.1500,L5,0.000000
1930,32.1667,L1,6.103140
1930,32.1667,L2,15.237300
1930,32.1667,L3,27.962008
1930,32.1667,L4,8.299789
1930,32.1667,L5,0.000000
1931,32.1833,L1,6.352146
1931,32.1833,L2,14.012083
1931,32.1833,L3,13.199948
1931,32.1833,L4,23.351936
1931,32.1833,L5,0.000000
1932,32.2000,L1,8.824360
1932,32.2000,L2,20.632504
1932,32.2000,L3,17.402692
1932,32.2000,L4,11.784299
1932,32.2000,L5,0.000000
1933,32.2167,L1,6.564658
1933,32.2167,L2,11.634759
1933,32.2167,L3,16.378705
1933,32.2167,L4,23.178658
1933,32.2167,L5,0.000000
1934,32.2333,L1,9.652751
1934,32.2333,L2,18.079248
1934,32.2333,L3,13.225966
1934,32.2333,L4,17.648068
1934,32.2333,L5,0.000000
1935,32.2500,L1,5.937247
1935,32.2500,L2,12.806558
1935,32.2500,L3,19.740034
1935,32.2500,L4,20.391632
1935,32.2500,L5,0.000000
1936,32.2667,L1,8.736242
1936,32.2667,L2,17.341407
1936,32.2667,L3,16.929360
1936,32.2667,L4,14.524673
1936,32.2667,L5,0.000000
1937,32.2833,L1,6.479602
1937,32.2833,L2,11.763210
1937,32.2833,L3,18.938098
1937,32.2833,L4,19.608560
1937,32.2833,L5,0.000000
1938,32.3000,L1,5.694158
1938,32.3000,L2,13.079598
1938,32.3000,L3,14.974677
1938,32.3000,L4,23.143620
1938,32.3000,L5,0.000000
1939,32.3167,L1,5.603071
1939,32.3167,L2,18.889794
1939,32.3167,L3,17.035985
1939,32.3167,L4,16.800005
1939,32.3167,L5,0.000000
1940,32.3333,L1,8.877904
1940,32.3333,L2,17.616023
1940,32.3333,L3,17.635433
1940,32.3333,L4,14.863998
1940,32.3333,L5,0.000000
1941,32.3500,L1,5.759464
1941,32.3500,L2,13.213917
1941,32.3500,L3,19.106449
1941,32.3500,L4,18.629374
1941,32.3500,L5,0.000000
1942,32.3667,L1,5.564239
1942,32.3667,L2,12.899062
1942,32.3667,L3,16.197932
1942,32.3667,L4,23.228118
1942,32.3667,L5,0.000000
1943,32.3833,L1,9.175099
1943,32.3833,L2,18.024025
1943,32.3833,L3,14.596215
1943,32.3833,L4,17.449445
1943,32.3833,L5,0.000000
1944,32.4000,L1,5.832428
1944,32.4000,L2,15.239877
1944,32.4000,L3,22.019536
1944,32.4000,L4,15.776392
1944,32.4000,L5,0.000000
1945,32.4167,L1,8.473802
1945,32.4167,L2,12.596028
1945,32.4167,L3,16.093509
1945,32.4167,L4,19.859633
1945,32.4167,L5,0.000000
1946,32.4333,L1,5.770554
1946,32.4333,L2,20.121908
1946,32.4333,L3,15.399747
1946,32.4333,L4,17.550594
1946,32.4333,L5,0.000000
1947,32.4500,L1,6.451386
1947,32.4500,L2,15.937656
1947,32.4500,L3,15.323751
1947,32.4500,L4,20.003173
1947,32.4500,L5,0.000000
1948,32.4667,L1,9.090851
1948,32.4667,L2,18.522647
1948,32.4667,L3,20.841325
1948,32.4667,L4,7.799108
1948,32.4667,L5,0.000000
1949,32.4833,L1,8.820006
1949,32.4833,L2,13.073395
1949,32.4833,L3,16.273206
1949,32.4833,L4,21.543146
1949,32.4833,L5,0.000000
1950,32.5000,L1,5.907727
1950,32.5000,L2,18.579314
1950,32.5000,L3,18.101227
1950,32.5000,L4,14.139040
1950,32.5000,L5,0.000000
1951,32.5167,L1,6.264564
1951,32.5167,L2,14.534972
1951,32.5167,L3,17.113305
1951,32.5167,L4,18.096771
1951,32.5167,L5,0.000000
1952,32.5333,L1,9.392119
1952,32.5333,L2,12.140371
1952,32.5333,L3,15.597761
1952,32.5333,L4,23.465991
1952,32.5333,L5,0.000000
1953,32.5500,L1,5.849084
1953,32.5500,L2,20.023856
1953,32.5500,L3,19.348713
1953,32.5500,L4,11.820196
1953,32.5500,L5,0.000000
1954,32.5667,L1,8.813933
1954,32.5667,L2,13.844836
1954,32.5667,L3,14.105532
1954,32.5667,L4,22.051634
1954,32.5667,L5,0.000000
1955,32.5833,L1,5.554144
1955,32.5833,L2,15.583455
1955,32.5833,L3,22.137488
1955,32.5833,L4,14.601612
1955,32.5833,L5,0.000000
1956,32.6000,L1,6.175796
1956,32.6000,L2,12.741453
1956,32.6000,L3,17.485768
1956,32.6000,L4,20.648950
1956,32.6000,L5,0.000000
1957,32.6167,L1,8.654021
1957,32.6167,L2,19.851500
1957,32.6167,L3,16.420870
1957,32.6167,L4,13.694846
1957,32.6167,L5,0.000000
1958,32.6333,L1,5.537756
1958,32.6333,L2,13.329513
1958,32.6333,L3,16.377691
1958,32.6333,L4,21.381386
1958,32.6333,L5,0.000000
1959,32.6500,L1,8.609339
1959,32.6500,L2,17.197735
1959,32.6500,L3,13.093657
1959,32.6500,L4,19.833817
1959,32.6500,L5,0.000000
1960,32.6667,L1,10.142605
1960,32.6667,L2,14.488287
1960,32.6667,L3,15.580081
1960,32.6667,L4,16.821708
1960,32.6667,L5,0.000000
1961,32.6833,L1,6.383434
1961,32.6833,L2,20.677898
1961,32.6833,L3,18.765520
1961,32.6833,L4,12.898522
1961,32.6833,L5,0.000000
1962,32.7000,L1,5.540818
1962,32.7000,L2,10.722507
1962,32.7000,L3,17.580762
1962,32.7000,L4,22.793484
1962,32.7000,L5,0.000000
1963,32.7167,L1,9.711173
1963,32.7167,L2,18.306274
1963,32.7167,L3,14.853795
1963,32.7167,L4,15.736464
1963,32.7167,L5,0.000000
1964,32.7333,L1,6.371202
1964,32.7333,L2,13.200742
1964,32.7333,L3,22.646584
1964,32.7333,L4,16.326041
1964,32.7333,L5,0.000000
1965,32.7500,L1,5.903945
1965,32.7500,L2,12.782234
1965,32.7500,L3,16.649766
1965,32.7500,L4,22.423876
1965,32.7500,L5,0.000000
1966,32.7667,L1,8.875631
1966,32.7667,L2,13.721103
1966,32.7667,L3,17.934101
1966,32.7667,L4,17.780649
1966,32.7667,L5,0.000000
1967,32.7833,L1,5.867192
1967,32.7833,L2,18.168546
1967,32.7833,L3,17.493640
1967,32.7833,L4,15.685592
1967,32.7833,L5,0.000000
1968,32.8000,L1,8.564049
1968,32.8000,L2,18.636279
1968,32.8000,L3,15.439482
1968,32.8000,L4,14.620688
1968,32.8000,L5,0.000000
1969,32.8167,L1,5.596658
1969,32.8167,L2,12.677711
1969,32.8167,L3,19.375297
1969,32.8167,L4,21.651458
1969,32.8167,L5,0.000000
1970,32.8333,L1,9.124197
1970,32.8333,L2,15.564629
1970,32.8333,L3,15.788664
1970,32.8333,L4,15.901630
1970,32.8333,L5,0.000000
1971,32.8500,L1,6.406604
1971,32.8500,L2,16.518185
1971,32.8500,L3,20.367815
1971,32.8500,L4,15.426255
1971,32.8500,L5,0.000000
1972,32.8667,L1,8.614605
1972,32.8667,L2,17.067080
1972,32.8667,L3,14.172684
1972,32.8667,L4,17.067725
1972,32.8667,L5,0.000000
1973,32.8833,L1,9.307644
1973,32.8833,L2,21.803255
1973,32.8833,L3,17.219225
1973,32.8833,L4,8.340215
1973,32.8833,L5,0.000000
1974,32.9000,L1,6.250270
1974,32.9000,L2,14.713397
1974,32.9000,L3,25.693428
1974,32.9000,L4,12.412347
1974,32.9000,L5,0.000000
1975,32.9167,L1,8.739345
1975,32.9167,L2,17.453776
1975,32.9167,L3,15.873230
1975,32.9167,L4,15.411316
1975,32.9167,L5,0.000000
1976,32.9333,L1,5.692910
1976,32.9333,L2,16.927701
1976,32.9333,L3,19.752442
1976,32.9333,L4,16.785546
1976,32.9333,L5,0.000000
1977,32.9500,L1,5.504802
1977,32.9500,L2,12.436811
1977,32.9500,L3,18.149733
1977,32.9500,L4,20.243408
1977,32.9500,L5,0.000000
1978,32.9667,L1,8.845729
1978,32.9667,L2,17.369852
1978,32.9667,L3,14.509840
1978,32.9667,L4,18.190288
1978,32.9667,L5,0.000000
1979,32.9833,L1,5.813595
1979,32.9833,L2,12.590326
1979,32.9833,L3,20.203251
1979,32.9833,L4,19.737341
1979,32.9833,L5,0.000000
1980,33.0000,L1,8.681686
1980,33.0000,L2,15.872952
1980,33.0000,L3,11.861742
1980,33.0000,L4,19.677630
1980,33.0000,L5,0.000000
1981,33.0167,L1,5.829370
1981,33.0167,L2,17.015096
1981,33.0167,L3,19.363329
1981,33.0167,L4,17.909794
1981,33.0167,L5,0.000000
1982,33.0333,L1,8.585937
1982,33.0333,L2,19.111883
1982,33.0333,L3,11.851431
1982,33.0333,L4,16.560667
1982,33.0333,L5,0.000000
1983,33.0500,L1,5.662344
1983,33.0500,L2,17.347353
1983,33.0500,L3,19.818763
1983,33.0500,L4,15.179011
1983,33.0500,L5,0.000000
1984,33.0667,L1,5.414407
1984,33.0667,L2,14.482764
1984,33.0667,L3,18.467254
1984,33.0667,L4,20.784171
1984,33.0667,L5,0.000000
1985,33.0833,L1,8.559204
1985,33.0833,L2,16.772055
1985,33.0833,L3,12.729164
1985,33.0833,L4,19.715310
1985,33.0833,L5,0.000000
1986,33.1000,L1,6.124588
1986,33.1000,L2,16.436247
1986,33.1000,L3,19.914284
1986,33.1000,L4,15.255051
1986,33.1000,L5,0.000000
1987,33.1167,L1,5.869533
1987,33.1167,L2,15.181172
1987,33.1167,L3,16.234668
1987,33.1167,L4,20.755106
1987,33.1167,L5,0.000000
1988,33.1333,L1,11.707250
1988,33.1333,L2,15.681787
1988,33.1333,L3,18.108291
1988,33.1333,L4,12.714840
1988,33.1333,L5,0.000000
1989,33.1500,L1,6.229792
1989,33.1500,L2,18.360155
1989,33.1500,L3,17.110620
1989,33.1500,L4,15.661990
1989,33.1500,L5,0.000000
1990,33.1667,L1,5.572290
1990,33.1667,L2,15.602104
1990,33.1667,L3,16.679171
1990,33.1667,L4,18.217370
1990,33.1667,L5,0.000000
1991,33.1833,L1,6.042664
1991,33.1833,L2,14.933484
1991,33.1833,L3,18.750112
1991,33.1833,L4,20.250267
1991,33.1833,L5,0.000000
1992,33.2000,L1,8.550032
1992,33.2000,L2,19.571966
1992,33.2000,L3,14.400665
1992,33.2000,L4,14.186044
1992,33.2000,L5,0.000000
1993,33.2167,L1,8.643245
1993,33.2167,L2,18.210829
1993,33.2167,L3,20.982586
1993,33.2167,L4,10.638751
1993,33.2167,L5,0.000000
1994,33.2333,L1,5.705842
1994,33.2333,L2,14.523881
1994,33.2333,L3,17.640445
1994,33.2333,L4,18.600535
1994,33.2333,L5,0.000000
1995,33.2500,L1,6.478784
1995,33.2500,L2,13.038122
1995,33.2500,L3,18.818238
1995,33.2500,L4,20.089108
1995,33.2500,L5,0.000000
1996,33.2667,L1,9.353336
1996,33.2667,L2,18.813515
1996,33.2667,L3,16.045427
1996,33.2667,L4,15.565166
1996,33.2667,L5,0.000000
1997,33.2833,L1,9.318788
1997,33.2833,L2,16.329154
1997,33.2833,L3,18.722904
1997,33.2833,L4,12.962956
1997,33.2833,L5,0.000000
1998,33.3000,L1,5.450949
1998,33.3000,L2,16.440608
1998,33.3000,L3,19.485085
1998,33.3000,L4,16.463570
1998,33.3000,L5,0.000000
1999,33.3167,L1,5.634102
1999,33.3167,L2,10.901412
1999,33.3167,L3,17.591769
1999,33.3167,L4,23.605420
1999,33.3167,L5,0.000000
2000,33.3333,L1,8.549266
2000,33.3333,L2,21.223767
2000,33.3333,L3,14.051965
2000,33.3333,L4,13.994548
2000,33.3333,L5,0.000000
2001,33.3500,L1,5.528228
2001,33.3500,L2,13.661274
2001,33.3500,L3,20.934441
2001,33.3500,L4,17.281055
2001,33.3500,L5,0.000000
2002,33.3667,L1,5.850145
2002,33.3667,L2,14.725434
2002,33.3667,L3,17.458077
2002,33.3667,L4,18.499330
2002,33.3667,L5,0.000000
2003,33.3833,L1,8.441432
2003,33.3833,L2,20.394319
2003,33.3833,L3,14.048258
2003,33.3833,L4,17.759610
2003,33.3833,L5,0.000000
2004,33.4000,L1,5.639517
2004,33.4000,L2,12.767079
2004,33.4000,L3,18.680418
2004,33.4000,L4,20.030192
2004,33.4000,L5,0.000000
2005,33.4167,L1,8.903309
2005,33.4167,L2,18.272557
2005,33.4167,L3,20.056504
2005,33.4167,L4,8.808090
2005,33.4167,L5,0.000000
2006,33.4333,L1,8.406270
2006,33.4333,L2,14.206048
2006,33.4333,L3,19.994553
2006,33.4333,L4,17.000608
2006,33.4333,L5,0.000000
2007,33.4500,L1,5.618575
2007,33.4500,L2,17.294249
2007,33.4500,L3,15.312026
2007,33.4500,L4,20.213225
2007,33.4500,L5,0.000000
2008,33.4667,L1,5.761668
2008,33.4667,L2,12.701216
2008,33.4667,L3,19.257015
2008,33.4667,L4,17.556393
2008,33.4667,L5,0.000000
2009,33.4833,L1,8.898897
2009,33.4833,L2,13.569326
2009,33.4833,L3,15.408830
2009,33.4833,L4,22.678656
2009,33.4833,L5,0.000000
2010,33.5000,L1,5.670318
2010,33.5000,L2,18.185180
2010,33.5000,L3,15.104187
2010,33.5000,L4,17.334741
2010,33.5000,L5,0.000000
2011,33.5167,L1,5.746008
2011,33.5167,L2,13.125798
2011,33.5167,L3,21.326629
2011,33.5167,L4,18.386760
2011,33.5167,L5,0.000000
2012,33.5333,L1,8.487605
2012,33.5333,L2,18.978647
2012,33.5333,L3,15.625754
2012,33.5333,L4,15.194804
2012,33.5333,L5,0.000000
2013,33.5500,L1,5.989425
2013,33.5500,L2,11.154544
2013,33.5500,L3,21.105566
2013,33.5500,L4,20.449652
2013,33.5500,L5,0.000000
2014,33.5667,L1,9.518400
2014,33.5667,L2,16.635975
2014,33.5667,L3,14.060846
2014,33.5667,L4,16.474571
2014,33.5667,L5,0.000000
2015,33.5833,L1,5.877709
2015,33.5833,L2,15.715095
2015,33.5833,L3,22.206235
2015,33.5833,L4,12.992087
2015,33.5833,L5,0.000000
2016,33.6000,L1,6.312005
2016,33.6000,L2,12.225196
2016,33.6000,L3,17.538851
2016,33.6000,L4,21.771568
2016,33.6000,L5,0.000000
2017,33.6167,L1,8.867798
2017,33.6167,L2,18.162838
2017,33.6167,L3,16.872810
2017,33.6167,L4,14.925437
2017,33.6167,L5,0.000000
2018,33.6333,L1,6.007361
2018,33.6333,L2,12.440142
2018,33.6333,L3,18.682487
2018,33.6333,L4,20.168929
2018,33.6333,L5,0.000000
2019,33.6500,L1,9.407340
2019,33.6500,L2,20.609114
2019,33.6500,L3,17.161127
2019,33.6500,L4,12.194023
2019,33.6500,L5,0.000000
2020,33.6667,L1,5.465885
2020,33.6667,L2,10.715631
2020,33.6667,L3,21.962455
2020,33.6667,L4,19.158892
2020,33.6667,L5,0.000000
2021,33.6833,L1,9.392343
2021,33.6833,L2,17.819360
2021,33.6833,L3,14.916465
2021,33.6833,L4,15.698691
2021,33.6833,L5,0.000000
2022,33.7000,L1,5.404139
2022,33.7000,L2,15.011627
2022,33.7000,L3,18.911185
2022,33.7000,L4,17.267978
2022,33.7000,L5,0.000000
2023,33.7167,L1,9.393087
2023,33.7167,L2,15.898644
2023,33.7167,L3,16.337339
2023,33.7167,L4,17.944935
2023,33.7167,L5,0.000000
2024,33.7333,L1,5.501590
2024,33.7333,L2,15.204539
2024,33.7333,L3,19.092631
2024,33.7333,L4,16.473706
2024,33.7333,L5,0.000000
2025,33.7500,L1,6.266466
2025,33.7500,L2,13.965367
2025,33.7500,L3,15.498688
2025,33.7500,L4,23.223361
2025,33.7500,L5,0.000000
2026,33.7667,L1,8.385698
2026,33.7667,L2,18.033981
2026,33.7667,L3,19.074815
2026,33.7667,L4,11.330899
2026,33.7667,L5,0.000000
2027,33.7833,L1,5.283137
2027,33.7833,L2,12.283352
2027,33.7833,L3,16.493727
2027,33.7833,L4,25.419243
2027,33.7833,L5,0.000000
2028,33.8000,L1,9.356328
2028,33.8000,L2,17.746199
2028,33.8000,L3,14.195207
2028,33.8000,L4,14.757125
2028,33.8000,L5,0.000000
2029,33.8167,L1,5.930407
2029,33.8167,L2,13.852347
2029,33.8167,L3,19.826094
2029,33.8167,L4,18.307283
2029,33.8167,L5,0.000000
2030,33.8333,L1,8.499939
2030,33.8333,L2,16.844229
2030,33.8333,L3,18.772000
2030,33.8333,L4,14.060730
2030,33.8333,L5,0.000000
2031,33.8500,L1,5.729850
2031,33.8500,L2,15.217832
2031,33.8500,L3,18.735572
2031,33.8500,L4,18.745068
2031,33.8500,L5,0.000000
2032,33.8667,L1,8.719929
2032,33.8667,L2,16.738794
2032,33.8667,L3,15.648703
2032,33.8667,L4,17.197553
2032,33.8667,L5,0.000000
2033,33.8833,L1,5.623987
2033,33.8833,L2,16.968327
2033,33.8833,L3,18.868316
2033,33.8833,L4,16.597685
2033,33.8833,L5,0.000000
2034,33.9000,L1,8.487024
2034,33.9000,L2,10.624417
2034,33.9000,L3,16.786258
2034,33.9000,L4,21.757034
2034,33.9000,L5,0.000000
2035,33.9167,L1,6.253881
2035,33.9167,L2,18.125051
2035,33.9167,L3,16.823687
2035,33.9167,L4,17.137676
2035,33.9167,L5,0.000000
2036,33.9333,L1,6.358843
2036,33.9333,L2,14.268090
2036,33.9333,L3,16.189713
2036,33.9333,L4,20.210714
2036,33.9333,L5,0.000000
2037,33.9500,L1,8.253512
2037,33.9500,L2,19.852443
2037,33.9500,L3,17.579875
2037,33.9500,L4,12.083836
2037,33.9500,L5,0.000000
2038,33.9667,L1,5.301433
2038,33.9667,L2,12.231628
2038,33.9667,L3,15.918295
2038,33.9667,L4,22.990323
2038,33.9667,L5,0.000000
2039,33.9833,L1,8.793770
2039,33.9833,L2,18.035567
2039,33.9833,L3,18.643621
2039,33.9833,L4,13.756333
2039,33.9833,L5,0.000000
2040,34.0000,L1,6.117851
2040,34.0000,L2,12.313627
2040,34.0000,L3,17.880654
2040,34.0000,L4,21.695820
2040,34.0000,L5,0.000000
2041,34.0167,L1,9.047650
2041,34.0167,L2,17.183867
2041,34.0167,L3,17.160998
2041,34.0167,L4,12.880837
2041,34.0167,L5,0.000000
2042,34.0333,L1,5.715459
2042,34.0333,L2,15.127487
2042,34.0333,L3,19.330911
2042,34.0333,L4,18.564508
2042,34.0333,L5,0.000000
2043,34.0500,L1,6.665888
2043,34.0500,L2,13.208339
2043,34.0500,L3,15.072569
2043,34.0500,L4,22.952501
2043,34.0500,L5,0.000000
2044,34.0667,L1,9.527947
2044,34.0667,L2,15.706670
2044,34.0667,L3,19.485842
2044,34.0667,L4,13.818620
2044,34.0667,L5,0.000000
2045,34.0833,L1,5.459252
2045,34.0833,L2,19.221452
2045,34.0833,L3,16.968152
2045,34.0833,L4,16.085520
2045,34.0833,L5,0.000000
2046,34.1000,L1,8.150371
2046,34.1000,L2,16.892381
2046,34.1000,L3,16.811781
2046,34.1000,L4,16.546557
2046,34.1000,L5,0.000000
2047,34.1167,L1,5.818937
2047,34.1167,L2,13.538423
2047,34.1167,L3,20.859425
2047,34.1167,L4,16.148062
2047,34.1167,L5,0.000000
2048,34.1333,L1,8.944063
2048,34.1333,L2,18.137618
2048,34.1333,L3,16.204907
2048,34.1333,L4,16.911986
2048,34.1333,L5,0.000000
2049,34.1500,L1,6.190494
2049,34.1500,L2,12.461234
2049,34.1500,L3,19.346824
2049,34.1500,L4,19.987049
2049,34.1500,L5,0.000000
2050,34.1667,L1,8.449651
2050,34.1667,L2,16.120519
2050,34.1667,L3,13.357998
2050,34.1667,L4,17.660385
2050,34.1667,L5,0.000000
2051,34.1833,L1,5.436531
2051,34.1833,L2,17.154309
2051,34.1833,L3,22.710118
2051,34.1833,L4,14.917513
2051,34.1833,L5,0.000000
2052,34.2000,L1,8.310109
2052,34.2000,L2,20.498393
2052,34.2000,L3,15.014380
2052,34.2000,L4,13.957635
2052,34.2000,L5,0.000000
2053,34.2167,L1,5.553585
2053,34.2167,L2,13.788168
2053,34.2167,L3,16.811065
2053,34.2167,L4,19.454154
2053,34.2167,L5,0.000000
2054,34.2333,L1,8.692874
2054,34.2333,L2,15.336898
2054,34.2333,L3,20.452666
2054,34.2333,L4,14.098239
2054,34.2333,L5,0.000000
2055,34.2500,L1,6.159046
2055,34.2500,L2,15.095381
2055,34.2500,L3,18.402263
2055,34.2500,L4,19.800461
2055,34.2500,L5,0.000000
2056,34.2667,L1,8.542860
2056,34.2667,L2,13.654379
2056,34.2667,L3,11.434843
2056,34.2667,L4,24.140643
2056,34.2667,L5,0.000000
2057,34.2833,L1,5.628865
2057,34.2833,L2,22.035928
2057,34.2833,L3,19.172059
2057,34.2833,L4,10.562808
2057,34.2833,L5,0.000000
2058,34.3000,L1,8.674030
2058,34.3000,L2,12.532986
2058,34.3000,L3,16.246336
2058,34.3000,L4,20.173820
2058,34.3000,L5,0.000000
2059,34.3167,L1,5.360929
2059,34.3167,L2,18.917941
2059,34.3167,L3,17.187807
2059,34.3167,L4,15.006583
2059,34.3167,L5,0.000000
2060,34.3333,L1,8.572929
2060,34.3333,L2,18.059805
2060,34.3333,L3,13.415614
2060,34.3333,L4,19.104826
2060,34.3333,L5,0.000000
2061,34.3500,L1,5.774070
2061,34.3500,L2,15.788125
2061,34.3500,L3,18.683629
2061,34.3500,L4,18.448672
2061,34.3500,L5,0.000000
2062,34.3667,L1,5.954692
2062,34.3667,L2,14.098503
2062,34.3667,L3,20.195711
2062,34.3667,L4,16.791069
2062,34.3667,L5,0.000000
2063,34.3833,L1,8.239021
2063,34.3833,L2,15.222428
2063,34.3833,L3,14.559072
2063,34.3833,L4,20.642476
2063,34.3833,L5,0.000000
2064,34.4000,L1,5.941362
2064,34.4000,L2,16.612062
2064,34.4000,L3,21.461451
2064,34.4000,L4,13.124846
2064,34.4000,L5,0.000000
2065,34.4167,L1,9.030059
2065,34.4167,L2,19.744998
2065,34.4167,L3,13.234195
2065,34.4167,L4,16.462482
2065,34.4167,L5,0.000000
2066,34.4333,L1,5.597298
2066,34.4333,L2,12.526035
2066,34.4333,L3,23.035828
2066,34.4333,L4,15.650484
2066,34.4333,L5,0.000000
2067,34.4500,L1,8.547159
2067,34.4500,L2,16.806560
2067,34.4500,L3,15.854288
2067,34.4500,L4,17.586065
2067,34.4500,L5,0.000000
2068,34.4667,L1,5.711551
2068,34.4667,L2,16.253802
2068,34.4667,L3,17.120047
2068,34.4667,L4,18.950243
2068,34.4667,L5,0.000000
2069,34.4833,L1,5.462929
2069,34.4833,L2,12.512303
2069,34.4833,L3,16.767613
2069,34.4833,L4,18.882598
2069,34.4833,L5,0.000000
2070,34.5000,L1,9.352023
2070,34.5000,L2,14.757465
2070,34.5000,L3,15.844519
2070,34.5000,L4,21.878577
2070,34.5000,L5,0.000000
2071,34.5167,L1,5.648836
2071,34.5167,L2,19.631378
2071,34.5167,L3,14.548394
2071,34.5167,L4,17.434384
2071,34.5167,L5,0.000000
2072,34.5333,L1,8.108983
2072,34.5333,L2,13.627808
2072,34.5333,L3,20.935702
2072,34.5333,L4,15.601184
2072,34.5333,L5,0.000000
2073,34.5500,L1,5.876612
2073,34.5500,L2,17.839214
2073,34.5500,L3,15.018190
2073,34.5500,L4,17.962787
2073,34.5500,L5,0.000000
2074,34.5667,L1,5.578415
2074,34.5667,L2,15.062264
2074,34.5667,L3,17.077121
2074,34.5667,L4,21.651076
2074,34.5667,L5,0.000000
2075,34.5833,L1,8.197557
2075,34.5833,L2,19.295448
2075,34.5833,L3,14.658172
2075,34.5833,L4,14.167869
2075,34.5833,L5,0.000000
2076,34.6000,L1,9.314662
2076,34.6000,L2,20.959241
2076,34.6000,L3,14.203781
2076,34.6000,L4,14.752246
2076,34.6000,L5,0.000000
2077,34.6167,L1,8.558723
2077,34.6167,L2,13.432218
2077,34.6167,L3,27.471544
2077,34.6167,L4,8.650711
2077,34.6167,L5,0.000000
2078,34.6333,L1,5.241571
2078,34.6333,L2,18.122767
2078,34.6333,L3,17.904073
2078,34.6333,L4,15.649584
2078,34.6333,L5,0.000000
2079,34.6500,L1,5.867739
2079,34.6500,L2,13.713654
2079,34.6500,L3,19.301140
2079,34.6500,L4,19.397723
2079,34.6500,L5,0.000000
2080,34.6667,L1,8.374829
2080,34.6667,L2,17.689235
2080,34.6667,L3,13.798873
2080,34.6667,L4,17.662097
2080,34.6667,L5,0.000000
2081,34.6833,L1,6.209686
2081,34.6833,L2,14.539906
2081,34.6833,L3,17.542724
2081,34.6833,L4,18.621196
2081,34.6833,L5,0.000000
2082,34.7000,L1,5.717913
2082,34.7000,L2,14.172553
2082,34.7000,L3,17.180944
2082,34.7000,L4,21.931825
2082,34.7000,L5,0.000000
2083,34.7167,L1,8.249992
2083,34.7167,L2,15.267705
2083,34.7167,L3,15.449248
2083,34.7167,L4,17.043680
2083,34.7167,L5,0.000000
2084,34.7333,L1,5.737926
2084,34.7333,L2,16.292098
2084,34.7333,L3,22.634689
2084,34.7333,L4,15.390519
2084,34.7333,L5,0.000000
2085,34.7500,L1,9.429800
2085,34.7500,L2,21.304812
2085,34.7500,L3,17.070500
2085,34.7500,L4,10.117015
2085,34.7500,L5,0.000000
2086,34.7667,L1,5.921241
2086,34.7667,L2,13.953770
2086,34.7667,L3,21.540689
2086,34.7667,L4,14.867308
2086,34.7667,L5,0.000000
2087,34.7833,L1,5.592230
2087,34.7833,L2,12.620085
2087,34.7833,L3,17.072976
2087,34.7833,L4,22.194917
2087,34.7833,L5,0.000000
2088,34.8000,L1,9.223354
2088,34.8000,L2,18.745998
2088,34.8000,L3,13.433992
2088,34.8000,L4,16.412271
2088,34.8000,L5,0.000000
2089,34.8167,L1,5.894107
2089,34.8167,L2,12.606413
2089,34.8167,L3,20.721831
2089,34.8167,L4,20.001486
2089,34.8167,L5,0.000000
2090,34.8333,L1,5.662830
2090,34.8333,L2,13.584093
2090,34.8333,L3,16.196617
2090,34.8333,L4,21.613487
2090,34.8333,L5,0.000000
2091,34.8500,L1,8.349123
2091,34.8500,L2,18.954608
2091,34.8500,L3,16.154124
2091,34.8500,L4,14.629900
2091,34.8500,L5,0.000000
2092,34.8667,L1,13.290980
2092,34.8667,L2,23.688337
2092,34.8667,L3,10.987843
2092,34.8667,L4,9.813304
2092,34.8667,L5,0.000000
2093,34.8833,L1,5.855810
2093,34.8833,L2,16.064051
2093,34.8833,L3,33.379532
2093,34.8833,L4,3.502802
2093,34.8833,L5,0.000000
2094,34.9000,L1,8.682951
2094,34.9000,L2,17.924248
2094,34.9000,L3,16.543754
2094,34.9000,L4,14.341127
2094,34.9000,L5,0.000000
2095,34.9167,L1,5.632086
2095,34.9167,L2,15.942247
2095,34.9167,L3,19.083780
2095,34.9167,L4,16.992111
2095,34.9167,L5,0.000000
2096,34.9333,L1,6.303072
2096,34.9333,L2,12.632138
2096,34.9333,L3,16.081238
2096,34.9333,L4,24.264821
2096,34.9333,L5,0.000000
2097,34.9500,L1,9.086004
2097,34.9500,L2,19.244854
2097,34.9500,L3,13.779628
2097,34.9500,L4,14.539891
2097,34.9500,L5,0.000000
2098,34.9667,L1,5.789469
2098,34.9667,L2,13.554470
2098,34.9667,L3,21.816781
2098,34.9667,L4,16.883754
2098,34.9667,L5,0.000000
2099,34.9833,L1,5.821318
2099,34.9833,L2,11.387411
2099,34.9833,L3,14.639985
2099,34.9833,L4,24.957433
2099,34.9833,L5,0.000000
2100,35.0000,L1,8.655987
2100,35.0000,L2,18.517133
2100,35.0000,L3,16.866918
2100,35.0000,L4,14.657211
2100,35.0000,L5,0.000000
2101,35.0167,L1,6.103846
2101,35.0167,L2,15.591937
2101,35.0167,L3,18.027230
2101,35.0167,L4,18.912069
2101,35.0167,L5,0.000000
2102,35.0333,L1,5.793039
2102,35.0333,L2,13.588501
2102,35.0333,L3,15.360676
2102,35.0333,L4,22.197154
2102,35.0333,L5,0.000000
2103,35.0500,L1,8.717938
2103,35.0500,L2,19.935497
2103,35.0500,L3,15.195303
2103,35.0500,L4,13.965041
2103,35.0500,L5,0.000000
2104,35.0667,L1,5.693043
2104,35.0667,L2,13.448477
2104,35.0667,L3,18.155029
2104,35.0667,L4,21.406618
2104,35.0667,L5,0.000000
2105,35.0833,L1,5.799755
2105,35.0833,L2,12.731186
2105,35.0833,L3,17.551989
2105,35.0833,L4,20.499426
2105,35.0833,L5,0.000000
2106,35.1000,L1,8.734312
2106,35.1000,L2,19.722819
2106,35.1000,L3,13.329466
2106,35.1000,L4,16.838964
2106,35.1000,L5,0.000000
2107,35.1167,L1,5.680527
2107,35.1167,L2,12.137341
2107,35.1167,L3,23.414177
2107,35.1167,L4,17.101477
2107,35.1167,L5,0.000000
2108,35.1333,L1,9.087872
2108,35.1333,L2,17.860645
2108,35.1333,L3,14.198931
2108,35.1333,L4,17.717714
2108,35.1333,L5,0.000000
2109,35.1500,L1,5.658468
2109,35.1500,L2,14.155402
2109,35.1500,L3,22.599016
2109,35.1500,L4,14.506229
2109,35.1500,L5,0.000000
2110,35.1667,L1,5.336207
2110,35.1667,L2,13.008373
2110,35.1667,L3,17.579351
2110,35.1667,L4,21.285221
2110,35.1667,L5,0.000000
2111,35.1833,L1,8.278149
2111,35.1833,L2,17.990954
2111,35.1833,L3,15.384108
2111,35.1833,L4,16.904711
2111,35.1833,L5,0.000000
2112,35.2000,L1,5.933429
2112,35.2000,L2,13.171640
2112,35.2000,L3,18.955209
2112,35.2000,L4,20.589797
2112,35.2000,L5,0.000000
2113,35.2167,L1,8.931164
2113,35.2167,L2,15.481805
2113,35.2167,L3,15.899418
2113,35.2167,L4,17.948973
2113,35.2167,L5,0.000000
2114,35.2333,L1,5.809710
2114,35.2333,L2,17.756513
2114,35.2333,L3,18.123648
2114,35.2333,L4,13.910408
2114,35.2333,L5,0.000000
2115,35.2500,L1,8.527269
2115,35.2500,L2,18.071106
2115,35.2500,L3,16.133130
2115,35.2500,L4,15.992780
2115,35.2500,L5,0.000000
2116,35.2667,L1,5.784035
2116,35.2667,L2,10.920502
2116,35.2667,L3,20.732417
2116,35.2667,L4,19.645755
2116,35.2667,L5,0.000000
2117,35.2833,L1,8.528728
2117,35.2833,L2,15.774280
2117,35.2833,L3,13.553676
2117,35.2833,L4,19.916631
2117,35.2833,L5,0.000000
2118,35.3000,L1,5.535537
2118,35.3000,L2,17.352441
2118,35.3000,L3,19.842402
2118,35.3000,L4,16.531190
2118,35.3000,L5,0.000000
2119,35.3167,L1,9.276540
2119,35.3167,L2,19.318317
2119,35.3167,L3,18.985066
2119,35.3167,L4,10.519577
2119,35.3167,L5,0.000000
2120,35.3333,L1,5.839275
2120,35.3333,L2,14.796917
2120,35.3333,L3,18.450343
2120,35.3333,L4,17.093020
2120,35.3333,L5,0.000000
2121,35.3500,L1,8.372009
2121,35.3500,L2,15.298205
2121,35.3500,L3,17.002959
2121,35.3500,L4,19.022694
2121,35.3500,L5,0.000000
2122,35.3667,L1,5.773616
2122,35.3667,L2,19.100472
2122,35.3667,L3,17.224980
2122,35.3667,L4,15.376583
2122,35.3667,L5,0.000000
2123,35.3833,L1,5.709118
2123,35.3833,L2,10.951020
2123,35.3833,L3,17.523251
2123,35.3833,L4,23.456983
2123,35.3833,L5,0.000000
2124,35.4000,L1,8.541008
2124,35.4000,L2,20.693174
2124,35.4000,L3,15.291530
2124,35.4000,L4,12.350426
2124,35.4000,L5,0.000000
2125,35.4167,L1,5.969469
2125,35.4167,L2,12.541059
2125,35.4167,L3,19.878467
2125,35.4167,L4,19.464279
2125,35.4167,L5,0.000000
2126,35.4333,L1,8.575277
2126,35.4333,L2,17.884608
2126,35.4333,L3,12.429268
2126,35.4333,L4,19.558491
2126,35.4333,L5,0.000000
2127,35.4500,L1,6.026295
2127,35.4500,L2,12.144004
2127,35.4500,L3,22.502910
2127,35.4500,L4,17.640469
2127,35.4500,L5,0.000000
2128,35.4667,L1,5.771538
2128,35.4667,L2,14.031200
2128,35.4667,L3,14.425369
2128,35.4667,L4,23.409506
2128,35.4667,L5,0.000000
2129,35.4833,L1,8.690024
2129,35.4833,L2,18.617041
2129,35.4833,L3,19.964198
2129,35.4833,L4,11.262795
2129,35.4833,L5,0.000000
2130,35.5000,L1,8.617080
2130,35.5000,L2,13.135579
2130,35.5000,L3,17.080291
2130,35.5000,L4,18.113618
2130,35.5000,L5,0.000000
2131,35.5167,L1,6.031428
2131,35.5167,L2,16.740013
2131,35.5167,L3,17.805017
2131,35.5167,L4,17.486757
2131,35.5167,L5,0.000000
2132,35.5333,L1,6.858057
2132,35.5333,L2,13.929789
2132,35.5333,L3,18.387107
2132,35.5333,L4,17.454263
2132,35.5333,L5,0.000000
2133,35.5500,L1,8.400635
2133,35.5500,L2,19.921311
2133,35.5500,L3,14.863797
2133,35.5500,L4,16.880855
2133,35.5500,L5,0.000000
2134,35.5667,L1,5.426711
2134,35.5667,L2,13.354130
2134,35.5667,L3,23.269528
2134,35.5667,L4,13.598851
2134,35.5667,L5,0.000000
2135,35.5833,L1,13.487095
2135,35.5833,L2,23.439922
2135,35.5833,L3,13.967924
2135,35.5833,L4,7.239080
2135,35.5833,L5,0.000000
2136,35.6000,L1,5.582589
2136,35.6000,L2,16.512419
2136,35.6000,L3,27.739374
2136,35.6000,L4,9.151622
2136,35.6000,L5,0.000000
2137,35.6167,L1,9.283641
2137,35.6167,L2,19.470624
2137,35.6167,L3,15.503877
2137,35.6167,L4,13.747419
2137,35.6167,L5,0.000000
2138,35.6333,L1,5.748163
2138,35.6333,L2,11.002005
2138,35.6333,L3,18.047503
2138,35.6333,L4,23.461714
2138,35.6333,L5,0.000000
2139,35.6500,L1,8.728409
2139,35.6500,L2,16.312366
2139,35.6500,L3,12.572486
2139,35.6500,L4,19.656851
2139,35.6500,L5,0.000000
2140,35.6667,L1,5.826153
2140,35.6667,L2,15.243806
2140,35.6667,L3,21.315718
2140,35.6667,L4,13.811864
2140,35.6667,L5,0.000000
2141,35.6833,L1,5.727649
2141,35.6833,L2,14.244970
2141,35.6833,L3,16.961589
2141,35.6833,L4,22.024104
2141,35.6833,L5,0.000000
2142,35.7000,L1,8.727008
2142,35.7000,L2,15.977313
2142,35.7000,L3,15.390297
2142,35.7000,L4,18.223645
2142,35.7000,L5,0.000000
2143,35.7167,L1,5.998928
2143,35.7167,L2,16.685590
2143,35.7167,L3,18.198235
2143,35.7167,L4,15.326512
2143,35.7167,L5,0.000000
2144,35.7333,L1,5.899497
2144,35.7333,L2,13.745130
2144,35.7333,L3,18.700411
2144,35.7333,L4,21.971868
2144,35.7333,L5,0.000000
2145,35.7500,L1,6.103042
2145,35.7500,L2,14.958698
2145,35.7500,L3,12.436752
2145,35.7500,L4,22.320399
2145,35.7500,L5,0.000000
2146,35.7667,L1,8.898201
2146,35.7667,L2,19.486479
2146,35.7667,L3,19.618904
2146,35.7667,L4,10.735740
2146,35.7667,L5,0.000000
2147,35.7833,L1,9.171317
2147,35.7833,L2,12.885898
2147,35.7833,L3,14.090847
2147,35.7833,L4,22.237038
2147,35.7833,L5,0.000000
2148,35.8000,L1,5.867045
2148,35.8000,L2,19.421990
2148,35.8000,L3,15.560389
2148,35.8000,L4,15.595959
2148,35.8000,L5,0.000000
2149,35.8167,L1,6.074159
2149,35.8167,L2,11.887828
2149,35.8167,L3,21.682292
2149,35.8167,L4,19.301562
2149,35.8167,L5,0.000000
2150,35.8333,L1,9.085536
2150,35.8333,L2,14.328542
2150,35.8333,L3,14.635798
2150,35.8333,L4,19.294954
2150,35.8333,L5,0.000000
2151,35.8500,L1,5.773969
2151,35.8500,L2,18.190121
2151,35.8500,L3,17.921068
2151,35.8500,L4,16.341950
2151,35.8500,L5,0.000000
2152,35.8667,L1,8.516197
2152,35.8667,L2,23.388215
2152,35.8667,L3,16.155099
2152,35.8667,L4,11.071775
2152,35.8667,L5,0.000000
2153,35.8833,L1,5.486071
2153,35.8833,L2,11.765801
2153,35.8833,L3,19.625032
2153,35.8833,L4,20.284464
2153,35.8833,L5,0.000000
2154,35.9000,L1,8.854032
2154,35.9000,L2,17.708508
2154,35.9000,L3,16.245222
2154,35.9000,L4,15.636371
2154,35.9000,L5,0.000000
2155,35.9167,L1,5.458586
2155,35.9167,L2,14.969661
2155,35.9167,L3,22.113079
2155,35.9167,L4,14.972569
2155,35.9167,L5,0.000000
2156,35.9333,L1,6.004327
2156,35.9333,L2,13.541740
2156,35.9333,L3,12.929964
2156,35.9333,L4,24.709207
2156,35.9333,L5,0.000000
2157,35.9500,L1,8.563527
2157,35.9500,L2,18.642847
2157,35.9500,L3,18.412057
2157,35.9500,L4,12.881439
2157,35.9500,L5,0.000000
2158,35.9667,L1,8.767178
2158,35.9667,L2,15.696590
2158,35.9667,L3,16.149237
2158,35.9667,L4,16.773760
2158,35.9667,L5,0.000000
2159,35.9833,L1,5.524256
2159,35.9833,L2,17.547205
2159,35.9833,L3,16.385068
2159,35.9833,L4,18.212985
2159,35.9833,L5,0.000000
2160,36.0000,L1,6.918243
2160,36.0000,L2,12.321872
2160,36.0000,L3,23.313991
2160,36.0000,L4,15.696583
2160,36.0000,L5,0.000000
2161,36.0167,L1,8.922010
2161,36.0167,L2,14.375697
2161,36.0167,L3,13.007946
2161,36.0167,L4,22.215631
2161,36.0167,L5,0.000000
2162,36.0333,L1,6.626539
2162,36.0333,L2,15.349677
2162,36.0333,L3,13.817669
2162,36.0333,L4,19.869702
2162,36.0333,L5,0.000000
2163,36.0500,L1,5.932924
2163,36.0500,L2,15.179478
2163,36.0500,L3,23.735351
2163,36.0500,L4,14.866631
2163,36.0500,L5,0.000000
2164,36.0667,L1,6.654254
2164,36.0667,L2,13.774040
2164,36.0667,L3,14.531233
2164,36.0667,L4,20.867257
2164,36.0667,L5,0.000000
2165,36.0833,L1,8.603121
2165,36.0833,L2,18.147271
2165,36.0833,L3,21.775552
2165,36.0833,L4,11.670148
2165,36.0833,L5,0.000000
2166,36.1000,L1,8.695537
2166,36.1000,L2,13.202399
2166,36.1000,L3,12.662185
2166,36.1000,L4,23.486445
2166,36.1000,L5,0.000000
2167,36.1167,L1,5.987658
2167,36.1167,L2,18.752547
2167,36.1167,L3,17.051369
2167,36.1167,L4,15.367799
2167,36.1167,L5,0.000000
2168,36.1333,L1,8.949036
2168,36.1333,L2,13.128752
2168,36.1333,L3,16.333713
2168,36.1333,L4,19.816132
2168,36.1333,L5,0.000000
2169,36.1500,L1,6.065308
2169,36.1500,L2,19.754921
2169,36.1500,L3,15.956959
2169,36.1500,L4,15.069602
2169,36.1500,L5,0.000000
2170,36.1667,L1,5.825081
2170,36.1667,L2,11.303557
2170,36.1667,L3,23.284013
2170,36.1667,L4,18.837607
2170,36.1667,L5,0.000000
2171,36.1833,L1,8.661994
2171,36.1833,L2,18.592426
2171,36.1833,L3,17.454484
2171,36.1833,L4,12.851090
2171,36.1833,L5,0.000000
2172,36.2000,L1,10.325294
2172,36.2000,L2,22.734931
2172,36.2000,L3,9.730511
2172,36.2000,L4,13.576800
2172,36.2000,L5,0.000000
2173,36.2167,L1,5.602082
2173,36.2167,L2,14.623771
2173,36.2167,L3,30.955896
2173,36.2167,L4,8.106714
2173,36.2167,L5,0.000000
2174,36.2333,L1,8.587617
2174,36.2333,L2,12.491577
2174,36.2333,L3,13.829746
2174,36.2333,L4,20.953763
2174,36.2333,L5,0.000000
2175,36.2500,L1,6.197717
2175,36.2500,L2,19.971158
2175,36.2500,L3,16.867697
2175,36.2500,L4,16.579664
2175,36.2500,L5,0.000000
2176,36.2667,L1,5.733982
2176,36.2667,L2,11.779929
2176,36.2667,L3,20.469447
2176,36.2667,L4,19.907495
2176,36.2667,L5,0.000000
2177,36.2833,L1,8.540568
2177,36.2833,L2,14.771767
2177,36.2833,L3,13.658329
2177,36.2833,L4,20.482397
2177,36.2833,L5,0.000000
2178,36.3000,L1,6.336017
2178,36.3000,L2,15.928820
2178,36.3000,L3,21.119467
2178,36.3000,L4,14.716115
2178,36.3000,L5,0.000000
2179,36.3167,L1,5.467840
2179,36.3167,L2,13.130830
2179,36.3167,L3,13.756321
2179,36.3167,L4,25.516693
2179,36.3167,L5,0.000000
2180,36.3333,L1,9.820458
2180,36.3333,L2,16.643176
2180,36.3333,L3,18.130241
2180,36.3333,L4,13.238220
2180,36.3333,L5,0.000000
2181,36.3500,L1,5.678640
2181,36.3500,L2,17.409522
2181,36.3500,L3,19.148019
2181,36.3500,L4,15.940080
2181,36.3500,L5,0.000000
2182,36.3667,L1,6.345668
2182,36.3667,L2,12.616581
2182,36.3667,L3,13.474442
2182,36.3667,L4,25.608002
2182,36.3667,L5,0.000000
2183,36.3833,L1,8.707376
2183,36.3833,L2,21.517693
2183,36.3833,L3,12.575599
2183,36.3833,L4,12.815360
2183,36.3833,L5,0.000000
2184,36.4000,L1,6.113083
2184,36.4000,L2,12.139724
2184,36.4000,L3,22.145612
2184,36.4000,L4,19.698552
2184,36.4000,L5,0.000000
2185,36.4167,L1,8.223971
2185,36.4167,L2,15.484811
2185,36.4167,L3,16.600130
2185,36.4167,L4,17.516536
2185,36.4167,L5,0.000000
2186,36.4333,L1,8.930613
2186,36.4333,L2,22.119933
2186,36.4333,L3,18.411504
2186,36.4333,L4,8.312230
2186,36.4333,L5,0.000000
2187,36.4500,L1,5.648536
2187,36.4500,L2,14.462983
2187,36.4500,L3,19.801886
2187,36.4500,L4,17.882404
2187,36.4500,L5,0.000000
2188,36.4667,L1,8.998752
2188,36.4667,L2,13.421750
2188,36.4667,L3,13.455906
2188,36.4667,L4,21.942265
2188,36.4667,L5,0.000000
2189,36.4833,L1,5.819116
2189,36.4833,L2,19.412301
2189,36.4833,L3,17.926912
2189,36.4833,L4,13.854134
2189,36.4833,L5,0.000000
2190,36.5000,L1,5.811080
2190,36.5000,L2,12.120411
2190,36.5000,L3,22.633404
2190,36.5000,L4,17.414932
2190,36.5000,L5,0.000000
2191,36.5167,L1,8.374444
2191,36.5167,L2,14.965888
2191,36.5167,L3,14.077857
2191,36.5167,L4,21.182238
2191,36.5167,L5,0.000000
2192,36.5333,L1,5.908006
2192,36.5333,L2,17.041760
2192,36.5333,L3,15.774796
2192,36.5333,L4,18.856502
2192,36.5333,L5,0.000000
2193,36.5500,L1,5.818837
2193,36.5500,L2,13.105874
2193,36.5500,L3,18.207223
2193,36.5500,L4,21.100885
2193,36.5500,L5,0.000000
2194,36.5667,L1,8.885151
2194,36.5667,L2,16.739020
2194,36.5667,L3,22.659055
2194,36.5667,L4,8.191763
2194,36.5667,L5,0.000000
2195,36.5833,L1,5.894967
2195,36.5833,L2,15.831513
2195,36.5833,L3,16.714029
2195,36.5833,L4,19.511678
2195,36.5833,L5,0.000000
2196,36.6000,L1,8.667682
2196,36.6000,L2,18.240583
2196,36.6000,L3,13.934887
2196,36.6000,L4,17.813856
2196,36.6000,L5,0.000000
2197,36.6167,L1,6.527415
2197,36.6167,L2,15.008317
2197,36.6167,L3,18.083068
2197,36.6167,L4,16.639585
2197,36.6167,L5,0.000000
2198,36.6333,L1,5.484577
2198,36.6333,L2,12.661028
2198,36.6333,L3,16.738499
2198,36.6333,L4,23.214124
2198,36.6333,L5,0.000000
2199,36.6500,L1,9.317838
2199,36.6500,L2,19.173874
2199,36.6500,L3,13.614680
2199,36.6500,L4,16.059819
2199,36.6500,L5,0.000000
2200,36.6667,L1,6.458485
2200,36.6667,L2,12.673266
2200,36.6667,L3,21.241371
2200,36.6667,L4,19.096180
2200,36.6667,L5,0.000000
2201,36.6833,L1,8.320834
2201,36.6833,L2,14.936236
2201,36.6833,L3,13.827341
2201,36.6833,L4,19.419605
2201,36.6833,L5,0.000000
2202,36.7000,L1,5.697830
2202,36.7000,L2,17.981888
2202,36.7000,L3,21.182454
2202,36.7000,L4,14.466172
2202,36.7000,L5,0.000000
2203,36.7167,L1,8.868898
2203,36.7167,L2,18.202252
2203,36.7167,L3,14.966115
2203,36.7167,L4,15.337695
2203,36.7167,L5,0.000000
2204,36.7333,L1,6.277217
2204,36.7333,L2,12.181444
2204,36.7333,L3,18.205647
2204,36.7333,L4,21.240753
2204,36.7333,L5,0.000000
2205,36.7500,L1,8.416490
2205,36.7500,L2,18.894911
2205,36.7500,L3,17.432146
2205,36.7500,L4,11.241092
2205,36.7500,L5,0.000000
2206,36.7667,L1,5.915086
2206,36.7667,L2,12.793910
2206,36.7667,L3,19.414875
2206,36.7667,L4,21.728290
2206,36.7667,L5,0.000000
2207,36.7833,L1,8.605190
2207,36.7833,L2,16.135628
2207,36.7833,L3,15.194218
2207,36.7833,L4,17.954197
2207,36.7833,L5,0.000000
2208,36.8000,L1,6.350391
2208,36.8000,L2,14.959473
2208,36.8000,L3,20.255538
2208,36.8000,L4,16.711738
2208,36.8000,L5,0.000000
2209,36.8167,L1,5.909766
2209,36.8167,L2,13.781357
2209,36.8167,L3,14.512511
2209,36.8167,L4,21.819855
2209,36.8167,L5,0.000000
2210,36.8333,L1,8.232412
2210,36.8333,L2,18.199672
2210,36.8333,L3,20.202439
2210,36.8333,L4,11.388319
2210,36.8333,L5,0.000000
2211,36.8500,L1,5.930941
2211,36.8500,L2,13.706931
2211,36.8500,L3,14.704348
2211,36.8500,L4,22.574580
2211,36.8500,L5,0.000000
2212,36.8667,L1,8.624949
2212,36.8667,L2,17.484336
2212,36.8667,L3,16.291644
2212,36.8667,L4,17.125611
2212,36.8667,L5,0.000000
2213,36.8833,L1,6.304815
2213,36.8833,L2,12.278332
2213,36.8833,L3,19.062865
2213,36.8833,L4,20.631989
2213,36.8833,L5,0.000000
2214,36.9000,L1,8.653909
2214,36.9000,L2,14.699639
2214,36.9000,L3,16.131783
2214,36.9000,L4,17.762100
2214,36.9000,L5,0.000000
2215,36.9167,L1,6.287393
2215,36.9167,L2,20.575546
2215,36.9167,L3,17.886483
2215,36.9167,L4,11.522170
2215,36.9167,L5,0.000000
2216,36.9333,L1,5.685920
2216,36.9333,L2,13.971216
2216,36.9333,L3,16.190738
2216,36.9333,L4,23.533111
2216,36.9333,L5,0.000000
2217,36.9500,L1,8.760471
2217,36.9500,L2,18.323440
2217,36.9500,L3,13.656474
2217,36.9500,L4,16.925082
2217,36.9500,L5,0.000000
2218,36.9667,L1,5.797489
2218,36.9667,L2,12.592681
2218,36.9667,L3,20.885085
2218,36.9667,L4,17.430412
2218,36.9667,L5,0.000000
2219,36.9833,L1,8.276220
2219,36.9833,L2,12.408223
2219,36.9833,L3,12.725016
2219,36.9833,L4,26.130846
2219,36.9833,L5,0.000000
2220,37.0000,L1,6.051596
2220,37.0000,L2,20.350484
2220,37.0000,L3,22.652618
2220,37.0000,L4,8.292636
2220,37.0000,L5,0.000000
2221,37.0167,L1,8.179280
2221,37.0167,L2,18.536314
2221,37.0167,L3,14.771957
2221,37.0167,L4,16.188297
2221,37.0167,L5,0.000000
2222,37.0333,L1,5.612558
2222,37.0333,L2,15.116429
2222,37.0333,L3,25.235133
2222,37.0333,L4,11.869618
2222,37.0333,L5,0.000000
2223,37.0500,L1,5.839016
2223,37.0500,L2,14.745017
2223,37.0500,L3,15.145437
2223,37.0500,L4,23.371554
2223,37.0500,L5,0.000000
2224,37.0667,L1,8.469019
2224,37.0667,L2,16.700195
2224,37.0667,L3,13.319032
2224,37.0667,L4,18.204186
2224,37.0667,L5,0.000000
2225,37.0833,L1,6.474934
2225,37.0833,L2,14.957432
2225,37.0833,L3,21.044809
2225,37.0833,L4,16.683071
2225,37.0833,L5,0.000000
2226,37.1000,L1,5.780075
2226,37.1000,L2,12.626310
2226,37.1000,L3,18.411127
2226,37.1000,L4,20.078786
2226,37.1000,L5,0.000000
2227,37.1167,L1,13.019339
2227,37.1167,L2,22.112158
2227,37.1167,L3,18.892006
2227,37.1167,L4,2.591186
2227,37.1167,L5,0.000000
2228,37.1333,L1,5.631421
2228,37.1333,L2,18.985606
2228,37.1333,L3,18.507740
2228,37.1333,L4,15.275272
2228,37.1333,L5,0.000000
2229,37.1500,L1,5.960921
2229,37.1500,L2,12.977986
2229,37.1500,L3,15.380560
2229,37.1500,L4,21.880823
2229,37.1500,L5,0.000000
2230,37.1667,L1,9.876716
2230,37.1667,L2,16.547984
2230,37.1667,L3,19.246314
2230,37.1667,L4,15.286307
2230,37.1667,L5,0.000000
2231,37.1833,L1,5.959575
2231,37.1833,L2,14.550394
2231,37.1833,L3,19.744707
2231,37.1833,L4,17.218907
2231,37.1833,L5,0.000000
2232,37.2000,L1,5.594805
2232,37.2000,L2,13.145010
2232,37.2000,L3,13.833303
2232,37.2000,L4,24.317875
2232,37.2000,L5,0.000000
2233,37.2167,L1,9.739591
2233,37.2167,L2,18.055681
2233,37.2167,L3,16.495075
2233,37.2167,L4,14.940701
2233,37.2167,L5,0.000000
2234,37.2333,L1,5.706321
2234,37.2333,L2,12.788685
2234,37.2333,L3,21.795322
2234,37.2333,L4,18.216914
2234,37.2333,L5,0.000000
2235,37.2500,L1,6.193649
2235,37.2500,L2,13.223118
2235,37.2500,L3,12.169742
2235,37.2500,L4,25.319040
2235,37.2500,L5,0.000000
2236,37.2667,L1,8.892806
2236,37.2667,L2,16.240211
2236,37.2667,L3,16.688145
2236,37.2667,L4,15.708910
2236,37.2667,L5,0.000000
2237,37.2833,L1,6.280854
2237,37.2833,L2,16.639438
2237,37.2833,L3,17.502038
2237,37.2833,L4,17.158644
2237,37.2833,L5,0.000000
2238,37.3000,L1,5.802203
2238,37.3000,L2,11.876039
2238,37.3000,L3,18.077196
2238,37.3000,L4,21.524023
2238,37.3000,L5,0.000000
2239,37.3167,L1,8.610678
2239,37.3167,L2,19.316440
2239,37.3167,L3,19.775111
2239,37.3167,L4,11.715601
2239,37.3167,L5,0.000000
2240,37.3333,L1,8.300535
2240,37.3333,L2,15.597579
2240,37.3333,L3,15.267880
2240,37.3333,L4,19.352869
2240,37.3333,L5,0.000000
2241,37.3500,L1,5.777011
2241,37.3500,L2,18.417691
2241,37.3500,L3,15.235347
2241,37.3500,L4,17.731036
2241,37.3500,L5,0.000000
2242,37.3667,L1,5.680228
2242,37.3667,L2,14.238659
2242,37.3667,L3,20.638363
2242,37.3667,L4,16.425444
2242,37.3667,L5,0.000000
2243,37.3833,L1,9.104622
2243,37.3833,L2,18.492145
2243,37.3833,L3,13.346345
2243,37.3833,L4,16.215574
2243,37.3833,L5,0.000000
2244,37.4000,L1,6.358588
2244,37.4000,L2,14.411336
2244,37.4000,L3,19.798282
2244,37.4000,L4,17.445910
2244,37.4000,L5,0.000000
2245,37.4167,L1,6.283875
2245,37.4167,L2,11.357925
2245,37.4167,L3,17.949940
2245,37.4167,L4,24.018363
2245,37.4167,L5,0.000000
2246,37.4333,L1,8.529573
2246,37.4333,L2,16.809546
2246,37.4333,L3,19.125263
2246,37.4333,L4,12.567779
2246,37.4333,L5,0.000000
2247,37.4500,L1,8.912881
2247,37.4500,L2,14.711313
2247,37.4500,L3,20.390490
2247,37.4500,L4,13.779210
2247,37.4500,L5,0.000000
2248,37.4667,L1,5.641828
2248,37.4667,L2,19.017202
2248,37.4667,L3,16.240661
2248,37.4667,L4,16.482647
2248,37.4667,L5,0.000000
2249,37.4833,L1,5.650863
2249,37.4833,L2,15.233059
2249,37.4833,L3,17.200708
2249,37.4833,L4,19.149587
2249,37.4833,L5,0.000000
2250,37.5000,L1,6.166362
2250,37.5000,L2,12.318562
2250,37.5000,L3,16.945283
2250,37.5000,L4,23.791733
2250,37.5000,L5,0.000000
2251,37.5167,L1,8.546408
2251,37.5167,L2,21.647443
2251,37.5167,L3,15.960434
2251,37.5167,L4,12.038757
2251,37.5167,L5,0.000000
2252,37.5333,L1,5.861611
2252,37.5333,L2,11.899306
2252,37.5333,L3,19.403843
2252,37.5333,L4,20.288594
2252,37.5333,L5,0.000000
2253,37.5500,L1,9.007722
2253,37.5500,L2,17.391703
2253,37.5500,L3,15.302578
2253,37.5500,L4,14.442386
2253,37.5500,L5,0.000000
2254,37.5667,L1,5.522688
2254,37.5667,L2,16.189456
2254,37.5667,L3,20.865042
2254,37.5667,L4,17.604462
2254,37.5667,L5,0.000000
2255,37.5833,L1,9.559353
2255,37.5833,L2,18.944891
2255,37.5833,L3,10.556539
2255,37.5833,L4,16.737478
2255,37.5833,L5,0.000000
2256,37.6000,L1,6.523492
2256,37.6000,L2,11.951726
2256,37.6000,L3,23.754105
2256,37.6000,L4,17.796192
2256,37.6000,L5,0.000000
2257,37.6167,L1,5.827394
2257,37.6167,L2,15.199295
2257,37.6167,L3,16.066099
2257,37.6167,L4,19.860353
2257,37.6167,L5,0.000000
2258,37.6333,L1,8.810790
2258,37.6333,L2,14.429362
2258,37.6333,L3,14.446323
2258,37.6333,L4,21.099073
2258,37.6333,L5,0.000000
2259,37.6500,L1,6.262682
2259,37.6500,L2,18.004587
2259,37.6500,L3,20.839194
2259,37.6500,L4,12.581818
2259,37.6500,L5,0.000000
2260,37.6667,L1,5.425855
2260,37.6667,L2,12.949826
2260,37.6667,L3,15.828719
2260,37.6667,L4,23.157207
2260,37.6667,L5,0.000000
2261,37.6833,L1,9.364660
2261,37.6833,L2,16.360335
2261,37.6833,L3,16.622975
2261,37.6833,L4,14.366930
2261,37.6833,L5,0.000000
2262,37.7000,L1,6.137996
2262,37.7000,L2,18.227493
2262,37.7000,L3,16.151324
2262,37.7000,L4,18.515424
2262,37.7000,L5,0.000000
2263,37.7167,L1,8.680255
2263,37.7167,L2,12.438598
2263,37.7167,L3,18.590450
2263,37.7167,L4,17.512277
2263,37.7167,L5,0.000000
2264,37.7333,L1,5.633002
2264,37.7333,L2,21.552782
2264,37.7333,L3,16.122211
2264,37.7333,L4,15.849089
2264,37.7333,L5,0.000000
2265,37.7500,L1,5.303101
2265,37.7500,L2,12.986232
2265,37.7500,L3,17.858289
2265,37.7500,L4,19.132540
2265,37.7500,L5,0.433953
2266,37.7667,L1,8.348170
2266,37.7667,L2,20.938789
2266,37.7667,L3,16.810514
2266,37.7667,L4,12.514558
2266,37.7667,L5,0.000000
2267,37.7833,L1,5.788374
2267,37.7833,L2,12.351771
2267,37.7833,L3,16.583220
2267,37.7833,L4,21.925286
2267,37.7833,L5,0.000000
2268,37.8000,L1,9.215329
2268,37.8000,L2,19.364802
2268,37.8000,L3,19.871396
2268,37.8000,L4,10.637810
2268,37.8000,L5,0.000000
2269,37.8167,L1,8.488950
2269,37.8167,L2,14.140525
2269,37.8167,L3,15.123879
2269,37.8167,L4,20.750412
2269,37.8167,L5,0.000000
2270,37.8333,L1,5.488246
2270,37.8333,L2,21.341002
2270,37.8333,L3,18.218729
2270,37.8333,L4,12.949959
2270,37.8333,L5,0.000000
2271,37.8500,L1,5.798493
2271,37.8500,L2,13.597336
2271,37.8500,L3,16.365367
2271,37.8500,L4,20.096912
2271,37.8500,L5,0.000000
2272,37.8667,L1,9.101687
2272,37.8667,L2,13.290749
2272,37.8667,L3,13.971505
2272,37.8667,L4,23.401412
2272,37.8667,L5,0.000000
2273,37.8833,L1,5.696273
2273,37.8833,L2,17.582649
2273,37.8833,L3,17.994086
2273,37.8833,L4,14.679367
2273,37.8833,L5,0.000000
2274,37.9000,L1,5.509319
2274,37.9000,L2,14.950426
2274,37.9000,L3,22.054713
2274,37.9000,L4,17.841750
2274,37.9000,L5,0.000000
2275,37.9167,L1,14.991983
2275,37.9167,L2,23.973929
2275,37.9167,L3,8.877347
2275,37.9167,L4,7.267677
2275,37.9167,L5,0.000000
2276,37.9333,L1,9.407625
2276,37.9333,L2,14.310420
2276,37.9333,L3,32.778546
2276,37.9333,L4,2.147907
2276,37.9333,L5,0.000000
2277,37.9500,L1,5.635555
2277,37.9500,L2,18.313950
2277,37.9500,L3,21.162151
2277,37.9500,L4,14.087578
2277,37.9500,L5,0.000000
2278,37.9667,L1,5.931122
2278,37.9667,L2,12.863145
2278,37.9667,L3,14.486183
2278,37.9667,L4,22.341255
2278,37.9667,L5,0.000000
2279,37.9833,L1,8.828442
2279,37.9833,L2,16.795281
2279,37.9833,L3,13.500067
2279,37.9833,L4,19.541709
2279,37.9833,L5,0.000000
2280,38.0000,L1,5.648024
2280,38.0000,L2,15.675292
2280,38.0000,L3,20.868050
2280,38.0000,L4,14.750244
2280,38.0000,L5,0.000000
2281,38.0167,L1,6.265547
2281,38.0167,L2,15.257656
2281,38.0167,L3,20.662247
2281,38.0167,L4,16.834291
2281,38.0167,L5,0.000000
2282,38.0333,L1,9.064373
2282,38.0333,L2,12.356396
2282,38.0333,L3,14.866003
2282,38.0333,L4,21.804823
2282,38.0333,L5,0.000000
2283,38.0500,L1,6.137747
2283,38.0500,L2,18.927659
2283,38.0500,L3,15.607107
2283,38.0500,L4,16.714621
2283,38.0500,L5,0.000000
2284,38.0667,L1,6.306092
2284,38.0667,L2,15.556004
2284,38.0667,L3,17.257960
2284,38.0667,L4,18.544132
2284,38.0667,L5,0.000000
2285,38.0833,L1,5.727400
2285,38.0833,L2,11.846182
2285,38.0833,L3,15.739011
2285,38.0833,L4,25.829389
2285,38.0833,L5,0.000000
2286,38.1000,L1,5.718810
2286,38.1000,L2,15.605786
2286,38.1000,L3,16.987101
2286,38.1000,L4,18.063091
2286,38.1000,L5,0.000000
2287,38.1167,L1,8.708839
2287,38.1167,L2,18.193837
2287,38.1167,L3,14.279453
2287,38.1167,L4,16.288346
2287,38.1167,L5,0.000000
2288,38.1333,L1,6.110549
2288,38.1333,L2,15.145603
2288,38.1333,L3,21.193130
2288,38.1333,L4,15.727527
2288,38.1333,L5,0.000000
2289,38.1500,L1,5.948267
2289,38.1500,L2,13.292474
2289,38.1500,L3,14.019719
2289,38.1500,L4,24.765253
2289,38.1500,L5,0.000000
2290,38.1667,L1,8.669000
2290,38.1667,L2,18.108173
2290,38.1667,L3,15.447731
2290,38.1667,L4,15.435014
2290,38.1667,L5,0.000000
2291,38.1833,L1,5.852130
2291,38.1833,L2,15.855572
2291,38.1833,L3,18.761765
2291,38.1833,L4,18.214535
2291,38.1833,L5,0.000000
2292,38.2000,L1,5.785779
2292,38.2000,L2,12.901937
2292,38.2000,L3,17.928528
2292,38.2000,L4,21.231427
2292,38.2000,L5,0.000000
2293,38.2167,L1,9.226689
2293,38.2167,L2,20.980332
2293,38.2167,L3,17.329543
2293,38.2167,L4,9.880150
2293,38.2167,L5,0.000000
2294,38.2333,L1,5.956637
2294,38.2333,L2,11.341969
2294,38.2333,L3,19.507962
2294,38.2333,L4,22.196818
2294,38.2333,L5,0.000000
2295,38.2500,L1,9.022078
2295,38.2500,L2,16.603413
2295,38.2500,L3,13.827561
2295,38.2500,L4,17.802091
2295,38.2500,L5,0.000000
2296,38.2667,L1,5.780410
2296,38.2667,L2,17.241877
2296,38.2667,L3,18.447958
2296,38.2667,L4,16.486241
2296,38.2667,L5,0.000000
2297,38.2833,L1,5.802174
2297,38.2833,L2,13.318816
2297,38.2833,L3,17.865355
2297,38.2833,L4,19.740969
2297,38.2833,L5,0.000000
2298,38.3000,L1,8.889383
2298,38.3000,L2,20.601080
2298,38.3000,L3,16.884127
2298,38.3000,L4,13.131282
2298,38.3000,L5,0.000000
2299,38.3167,L1,9.961999
2299,38.3167,L2,14.107190
2299,38.3167,L3,13.849835
2299,38.3167,L4,18.666793
2299,38.3167,L5,0.000000
2300,38.3333,L1,9.002773
2300,38.3333,L2,21.913941
2300,38.3333,L3,27.854870
2300,38.3333,L4,0.000000
2300,38.3333,L5,0.000000
2301,38.3500,L1,9.497563
2301,38.3500,L2,15.197653
2301,38.3500,L3,16.663598
2301,38.3500,L4,16.732182
2301,38.3500,L5,0.000000
2302,38.3667,L1,5.991167
2302,38.3667,L2,18.039481
2302,38.3667,L3,19.047550
2302,38.3667,L4,13.317265
2302,38.3667,L5,0.000000
2303,38.3833,L1,5.871825
2303,38.3833,L2,11.818158
2303,38.3833,L3,18.212316
2303,38.3833,L4,22.264108
2303,38.3833,L5,0.000000
2304,38.4000,L1,8.673492
2304,38.4000,L2,16.451184
2304,38.4000,L3,15.282679
2304,38.4000,L4,17.414911
2304,38.4000,L5,0.000000
2305,38.4167,L1,5.590777
2305,38.4167,L2,16.660445
2305,38.4167,L3,16.992675
2305,38.4167,L4,19.379693
2305,38.4167,L5,0.000000
2306,38.4333,L1,5.921060
2306,38.4333,L2,13.192126
2306,38.4333,L3,17.501112
2306,38.4333,L4,21.040282
2306,38.4333,L5,0.000000
2307,38.4500,L1,8.430514
2307,38.4500,L2,15.038649
2307,38.4500,L3,13.369922
2307,38.4500,L4,20.865410
2307,38.4500,L5,0.000000
2308,38.4667,L1,6.385992
2308,38.4667,L2,16.066846
2308,38.4667,L3,19.600401
2308,38.4667,L4,15.182375
2308,38.4667,L5,0.000000
2309,38.4833,L1,7.081919
2309,38.4833,L2,11.924351
2309,38.4833,L3,15.860376
2309,38.4833,L4,24.971082
2309,38.4833,L5,0.000000
2310,38.5000,L1,8.966981
2310,38.5000,L2,16.783149
2310,38.5000,L3,15.118945
2310,38.5000,L4,15.906632
2310,38.5000,L5,0.000000
2311,38.5167,L1,5.905826
2311,38.5167,L2,13.058540
2311,38.5167,L3,21.963473
2311,38.5167,L4,16.048399
2311,38.5167,L5,0.000000
2312,38.5333,L1,5.951744
2312,38.5333,L2,15.492966
2312,38.5333,L3,15.632582
2312,38.5333,L4,21.822264
2312,38.5333,L5,0.000000
2313,38.5500,L1,8.971040
2313,38.5500,L2,19.602195
2313,38.5500,L3,16.392957
2313,38.5500,L4,13.232399
2313,38.5500,L5,0.000000
2314,38.5667,L1,5.944660
2314,38.5667,L2,11.747975
2314,38.5667,L3,21.546010
2314,38.5667,L4,17.793059
2314,38.5667,L5,0.000000
2315,38.5833,L1,8.914893
2315,38.5833,L2,16.305865
2315,38.5833,L3,14.730295
2315,38.5833,L4,18.318605
2315,38.5833,L5,0.000000
2316,38.6000,L1,6.035558
2316,38.6000,L2,16.227214
2316,38.6000,L3,18.751829
2316,38.6000,L4,15.971059
2316,38.6000,L5,0.000000
2317,38.6167,L1,6.478953
2317,38.6167,L2,14.312236
2317,38.6167,L3,17.273446
2317,38.6167,L4,19.648572
2317,38.6167,L5,0.000000
2318,38.6333,L1,8.877119
2318,38.6333,L2,17.480996
2318,38.6333,L3,17.439779
2318,38.6333,L4,15.681333
2318,38.6333,L5,0.000000
2319,38.6500,L1,9.146380
2319,38.6500,L2,15.049235
2319,38.6500,L3,18.893927
2319,38.6500,L4,13.153977
2319,38.6500,L5,0.000000
2320,38.6667,L1,5.969172
2320,38.6667,L2,19.671717
2320,38.6667,L3,14.818125
2320,38.6667,L4,18.148772
2320,38.6667,L5,0.000000
2321,38.6833,L1,5.623099
2321,38.6833,L2,12.276363
2321,38.6833,L3,19.991654
2321,38.6833,L4,20.914189
2321,38.6833,L5,0.000000
2322,38.7000,L1,9.162761
2322,38.7000,L2,16.621379
2322,38.7000,L3,15.775492
2322,38.7000,L4,15.221101
2322,38.7000,L5,0.000000
2323,38.7167,L1,5.684236
2323,38.7167,L2,14.557526
2323,38.7167,L3,19.010728
2323,38.7167,L4,17.659737
2323,38.7167,L5,0.000000
2324,38.7333,L1,9.240116
2324,38.7333,L2,20.649301
2324,38.7333,L3,22.179053
2324,38.7333,L4,4.896777
2324,38.7333,L5,0.000000
2325,38.7500,L1,5.753726
2325,38.7500,L2,12.194740
2325,38.7500,L3,15.366964
2325,38.7500,L4,25.806215
2325,38.7500,L5,0.000000
2326,38.7667,L1,9.227832
2326,38.7667,L2,18.240742
2326,38.7667,L3,16.279368
2326,38.7667,L4,15.479653
2326,38.7667,L5,0.000000
2327,38.7833,L1,5.881378
2327,38.7833,L2,11.451309
2327,38.7833,L3,20.835463
2327,38.7833,L4,19.337085
2327,38.7833,L5,0.000000
2328,38.8000,L1,6.343682
2328,38.8000,L2,13.912846
2328,38.8000,L3,13.443672
2328,38.8000,L4,21.592010
2328,38.8000,L5,0.000000
2329,38.8167,L1,9.461904
2329,38.8167,L2,19.064409
2329,38.8167,L3,15.806663
2329,38.8167,L4,14.791984
2329,38.8167,L5,0.000000
2330,38.8333,L1,6.149855
2330,38.8333,L2,12.241585
2330,38.8333,L3,19.194175
2330,38.8333,L4,21.515907
2330,38.8333,L5,0.000000
2331,38.8500,L1,9.440174
2331,38.8500,L2,17.559823
2331,38.8500,L3,15.703245
2331,38.8500,L4,15.381493
2331,38.8500,L5,0.000000
2332,38.8667,L1,5.475338
2332,38.8667,L2,15.941761
2332,38.8667,L3,17.499049
2332,38.8667,L4,18.374401
2332,38.8667,L5,0.000000
2333,38.8833,L1,5.805014
2333,38.8833,L2,14.215508
2333,38.8833,L3,19.524749
2333,38.8833,L4,17.849042
2333,38.8833,L5,0.000000
2334,38.9000,L1,8.972008
2334,38.9000,L2,18.058756
2334,38.9000,L3,17.602242
2334,38.9000,L4,13.353329
2334,38.9000,L5,0.000000
2335,38.9167,L1,5.554689
2335,38.9167,L2,12.785574
2335,38.9167,L3,14.599506
2335,38.9167,L4,25.003206
2335,38.9167,L5,0.000000
2336,38.9333,L1,8.355199
2336,38.9333,L2,18.361369
2336,38.9333,L3,15.768662
2336,38.9333,L4,14.082860
2336,38.9333,L5,0.000000
2337,38.9500,L1,5.871831
2337,38.9500,L2,15.062562
2337,38.9500,L3,20.693227
2337,38.9500,L4,17.590025
2337,38.9500,L5,0.000000
2338,38.9667,L1,8.575413
2338,38.9667,L2,13.558829
2338,38.9667,L3,13.359478
2338,38.9667,L4,22.037580
2338,38.9667,L5,0.000000
2339,38.9833,L1,5.993300
2339,38.9833,L2,20.534862
2339,38.9833,L3,21.571419
2339,38.9833,L4,9.270730
2339,38.9833,L5,0.000000
2340,39.0000,L1,5.460998
2340,39.0000,L2,11.310711
2340,39.0000,L3,16.011695
2340,39.0000,L4,24.885678
2340,39.0000,L5,0.000000
2341,39.0167,L1,9.035743
2341,39.0167,L2,16.172148
2341,39.0167,L3,15.643412
2341,39.0167,L4,16.744888
2341,39.0167,L5,0.000000
2342,39.0333,L1,5.763890
2342,39.0333,L2,16.525945
2342,39.0333,L3,18.445668
2342,39.0333,L4,18.843000
2342,39.0333,L5,0.000000
2343,39.0500,L1,8.466716
2343,39.0500,L2,16.206876
2343,39.0500,L3,13.177541
2343,39.0500,L4,20.402576
2343,39.0500,L5,0.000000
2344,39.0667,L1,5.840349
2344,39.0667,L2,15.586670
2344,39.0667,L3,24.155989
2344,39.0667,L4,12.254927
2344,39.0667,L5,0.000000
2345,39.0833,L1,8.931783
2345,39.0833,L2,16.213974
2345,39.0833,L3,12.257044
2345,39.0833,L4,19.551891
2345,39.0833,L5,0.000000
2346,39.1000,L1,6.480166
2346,39.1000,L2,14.579450
2346,39.1000,L3,18.978288
2346,39.1000,L4,17.309171
2346,39.1000,L5,0.000000
2347,39.1167,L1,6.436271
2347,39.1167,L2,12.405114
2347,39.1167,L3,16.667986
2347,39.1167,L4,23.080653
2347,39.1167,L5,0.000000
2348,39.1333,L1,9.072338
2348,39.1333,L2,19.463997
2348,39.1333,L3,23.949238
2348,39.1333,L4,4.644516
2348,39.1333,L5,0.000000
2349,39.1500,L1,5.984001
2349,39.1500,L2,14.039123
2349,39.1500,L3,15.263858
2349,39.1500,L4,22.355817
2349,39.1500,L5,0.000000
2350,39.1667,L1,8.735424
2350,39.1667,L2,15.623659
2350,39.1667,L3,14.803667
2350,39.1667,L4,20.343588
2350,39.1667,L5,0.000000
2351,39.1833,L1,5.737095
2351,39.1833,L2,17.540689
2351,39.1833,L3,20.344150
2351,39.1833,L4,13.516806
2351,39.1833,L5,0.000000
2352,39.2000,L1,5.674161
2352,39.2000,L2,12.611610
2352,39.2000,L3,15.533958
2352,39.2000,L4,22.500457
2352,39.2000,L5,0.000000
2353,39.2167,L1,8.797288
2353,39.2167,L2,18.897200
2353,39.2167,L3,21.370634
2353,39.2167,L4,10.242005
2353,39.2167,L5,0.000000
2354,39.2333,L1,6.022368
2354,39.2333,L2,13.925583
2354,39.2333,L3,20.463979
2354,39.2333,L4,16.604426
2354,39.2333,L5,0.000000
2355,39.2500,L1,8.846847
2355,39.2500,L2,17.798822
2355,39.2500,L3,12.104883
2355,39.2500,L4,18.445115
2355,39.2500,L5,0.000000
2356,39.2667,L1,7.106381
2356,39.2667,L2,13.709504
2356,39.2667,L3,18.441225
2356,39.2667,L4,20.398882
2356,39.2667,L5,0.000000
2357,39.2833,L1,8.558499
2357,39.2833,L2,13.920025
2357,39.2833,L3,15.375953
2357,39.2833,L4,18.585404
2357,39.2833,L5,0.000000
2358,39.3000,L1,5.671028
2358,39.3000,L2,21.238845
2358,39.3000,L3,18.988233
2358,39.3000,L4,12.567170
2358,39.3000,L5,0.000000
2359,39.3167,L1,5.865479
2359,39.3167,L2,10.589702
2359,39.3167,L3,13.324528
2359,39.3167,L4,28.078524
2359,39.3167,L5,0.000000
2360,39.3333,L1,9.720794
2360,39.3333,L2,23.448410
2360,39.3333,L3,21.531231
2360,39.3333,L4,1.714636
2360,39.3333,L5,0.000000
2361,39.3500,L1,6.138191
2361,39.3500,L2,12.951705
2361,39.3500,L3,17.253125
2361,39.3500,L4,22.835055
2361,39.3500,L5,0.000000
2362,39.3667,L1,8.618363
2362,39.3667,L2,17.293638
2362,39.3667,L3,16.355262
2362,39.3667,L4,15.482050
2362,39.3667,L5,0.000000
2363,39.3833,L1,5.904838
2363,39.3833,L2,13.011353
2363,39.3833,L3,16.585617
2363,39.3833,L4,21.751243
2363,39.3833,L5,0.000000
2364,39.4000,L1,8.792405
2364,39.4000,L2,15.720905
2364,39.4000,L3,13.677739
2364,39.4000,L4,21.428595
2364,39.4000,L5,0.000000
2365,39.4167,L1,5.974155
2365,39.4167,L2,12.815296
2365,39.4167,L3,23.874642
2365,39.4167,L4,14.595096
2365,39.4167,L5,0.000000
2366,39.4333,L1,8.899553
2366,39.4333,L2,13.960998
2366,39.4333,L3,13.869388
2366,39.4333,L4,21.570684
2366,39.4333,L5,0.000000
2367,39.4500,L1,5.866538
2367,39.4500,L2,18.137842
2367,39.4500,L3,21.046724
2367,39.4500,L4,11.240650
2367,39.4500,L5,0.000000
2368,39.4667,L1,6.601568
2368,39.4667,L2,11.296324
2368,39.4667,L3,17.861162
2368,39.4667,L4,20.854207
2368,39.4667,L5,0.000000
2369,39.4833,L1,9.419361
2369,39.4833,L2,14.791560
2369,39.4833,L3,13.352288
2369,39.4833,L4,22.072357
2369,39.4833,L5,0.000000
2370,39.5000,L1,5.737868
2370,39.5000,L2,17.285916
2370,39.5000,L3,22.345251
2370,39.5000,L4,11.400156
2370,39.5000,L5,0.000000
2371,39.5167,L1,8.585683
2371,39.5167,L2,12.918947
2371,39.5167,L3,14.086795
2371,39.5167,L4,24.239451
2371,39.5167,L5,0.000000
2372,39.5333,L1,5.920899
2372,39.5333,L2,19.668548
2372,39.5333,L3,19.979735
2372,39.5333,L4,9.423151
2372,39.5333,L5,0.000000
2373,39.5500,L1,5.922397
2373,39.5500,L2,10.995339
2373,39.5500,L3,16.071274
2373,39.5500,L4,27.249677
2373,39.5500,L5,0.000000
2374,39.5667,L1,9.211587
2374,39.5667,L2,17.375137
2374,39.5667,L3,14.616708
2374,39.5667,L4,15.463571
2374,39.5667,L5,0.000000
2375,39.5833,L1,6.181562
2375,39.5833,L2,15.635702
2375,39.5833,L3,21.273157
2375,39.5833,L4,16.411174
2375,39.5833,L5,0.000000
2376,39.6000,L1,8.911861
2376,39.6000,L2,9.719675
2376,39.6000,L3,11.658473
2376,39.6000,L4,25.163473
2376,39.6000,L5,0.000000
2377,39.6167,L1,6.581036
2377,39.6167,L2,21.173313
2377,39.6167,L3,18.276302
2377,39.6167,L4,13.323265
2377,39.6167,L5,0.000000
2378,39.6333,L1,6.083875
2378,39.6333,L2,12.394419
2378,39.6333,L3,17.360465
2378,39.6333,L4,19.197293
2378,39.6333,L5,0.000000
2379,39.6500,L1,8.575173
2379,39.6500,L2,13.339036
2379,39.6500,L3,18.526285
2379,39.6500,L4,20.352654
2379,39.6500,L5,0.000000
2380,39.6667,L1,5.760610
2380,39.6667,L2,16.894779
2380,39.6667,L3,18.566273
2380,39.6667,L4,15.086229
2380,39.6667,L5,0.000000
2381,39.6833,L1,6.736034
2381,39.6833,L2,12.914893
2381,39.6833,L3,18.146526
2381,39.6833,L4,21.643850
2381,39.6833,L5,0.000000
2382,39.7000,L1,9.274676
2382,39.7000,L2,18.494410
2382,39.7000,L3,15.350798
2382,39.7000,L4,13.608539
2382,39.7000,L5,0.000000
2383,39.7167,L1,6.050408
2383,39.7167,L2,14.235314
2383,39.7167,L3,18.927233
2383,39.7167,L4,19.455038
2383,39.7167,L5,0.000000
2384,39.7333,L1,5.770977
2384,39.7333,L2,12.510399
2384,39.7333,L3,16.627787
2384,39.7333,L4,23.023041
2384,39.7333,L5,0.000000
2385,39.7500,L1,8.680627
2385,39.7500,L2,16.941288
2385,39.7500,L3,16.453134
2385,39.7500,L4,15.812789
2385,39.7500,L5,0.000000
2386,39.7667,L1,6.285774
2386,39.7667,L2,16.200212
2386,39.7667,L3,17.404662
2386,39.7667,L4,15.871197
2386,39.7667,L5,0.000000
2387,39.7833,L1,9.024942
2387,39.7833,L2,16.381385
2387,39.7833,L3,15.154033
2387,39.7833,L4,18.605960
2387,39.7833,L5,0.000000
2388,39.8000,L1,5.897913
2388,39.8000,L2,14.856445
2388,39.8000,L3,18.866682
2388,39.8000,L4,16.759884
2388,39.8000,L5,0.000000
2389,39.8167,L1,5.892614
2389,39.8167,L2,13.487775
2389,39.8167,L3,15.720334
2389,39.8167,L4,25.578849
2389,39.8167,L5,0.000000
2390,39.8333,L1,8.980450
2390,39.8333,L2,19.294026
2390,39.8333,L3,18.194061
2390,39.8333,L4,10.738546
2390,39.8333,L5,0.000000
2391,39.8500,L1,6.075703
2391,39.8500,L2,12.517420
2391,39.8500,L3,18.675525
2391,39.8500,L4,20.737599
2391,39.8500,L5,0.000000
2392,39.8667,L1,8.901443
2392,39.8667,L2,16.339423
2392,39.8667,L3,14.250946
2392,39.8667,L4,18.069347
2392,39.8667,L5,0.000000
2393,39.8833,L1,5.768165
2393,39.8833,L2,14.696646
2393,39.8833,L3,18.751764
2393,39.8833,L4,16.568696
2393,39.8833,L5,0.714738
2394,39.9000,L1,5.845134
2394,39.9000,L2,12.971550
2394,39.9000,L3,16.544900
2394,39.9000,L4,19.942538
2394,39.9000,L5,3.188478
2395,39.9167,L1,8.833620
2395,39.9167,L2,16.636526
2395,39.9167,L3,13.929966
2395,39.9167,L4,16.899145
2395,39.9167,L5,0.861758
2396,39.9333,L1,5.808084
2396,39.9333,L2,14.694298
2396,39.9333,L3,19.640799
2396,39.9333,L4,14.030938
2396,39.9333,L5,3.749418
2397,39.9500,L1,6.333650
2397,39.9500,L2,13.072751
2397,39.9500,L3,14.096667
2397,39.9500,L4,19.616016
2397,39.9500,L5,4.017592
2398,39.9667,L1,8.546611
2398,39.9667,L2,18.223183
2398,39.9667,L3,16.149631
2398,39.9667,L4,14.320688
2398,39.9667,L5,2.373652
2399,39.9833,L1,6.293869
2399,39.9833,L2,13.251828
2399,39.9833,L3,17.585096
2399,39.9833,L4,16.188790
2399,39.9833,L5,2.615076
2400,40.0000,L1,6.021534
2400,40.0000,L2,11.832464
2400,40.0000,L3,17.214149
2400,40.0000,L4,22.425982
2400,40.0000,L5,0.000000
2401,40.0167,L1,9.861208
2401,40.0167,L2,16.033837
2401,40.0167,L3,13.657890
2401,40.0167,L4,13.278851
2401,40.0167,L5,5.076533
2402,40.0333,L1,6.205929
2402,40.0333,L2,16.582992
2402,40.0333,L3,21.164044
2402,40.0333,L4,14.925486
2402,40.0333,L5,0.000000
2403,40.0500,L1,5.876813
2403,40.0500,L2,13.789779
2403,40.0500,L3,17.206860
2403,40.0500,L4,17.261332
2403,40.0500,L5,2.287565
2404,40.0667,L1,9.144260
2404,40.0667,L2,16.615235
2404,40.0667,L3,12.108767
2404,40.0667,L4,18.403295
2404,40.0667,L5,3.465418
2405,40.0833,L1,5.790436
2405,40.0833,L2,15.529242
2405,40.0833,L3,19.386625
2405,40.0833,L4,17.437354
2405,40.0833,L5,0.000000
2406,40.1000,L1,6.299487
2406,40.1000,L2,13.230182
2406,40.1000,L3,17.939467
2406,40.1000,L4,14.187827
2406,40.1000,L5,5.519256
2407,40.1167,L1,9.847542
2407,40.1167,L2,12.648142
2407,40.1167,L3,15.607323
2407,40.1167,L4,20.186542
2407,40.1167,L5,0.000000
2408,40.1333,L1,5.921261
2408,40.1333,L2,17.930883
2408,40.1333,L3,15.367800
2408,40.1333,L4,15.021029
2408,40.1333,L5,2.871009
2409,40.1500,L1,6.216631
2409,40.1500,L2,12.602100
2409,40.1500,L3,18.844824
2409,40.1500,L4,19.585469
2409,40.1500,L5,1.069123
2410,40.1667,L1,6.421376
2410,40.1667,L2,15.158974
2410,40.1667,L3,16.849010
2410,40.1667,L4,17.047101
2410,40.1667,L5,1.851630
2411,40.1833,L1,9.491871
2411,40.1833,L2,16.069823
2411,40.1833,L3,14.983102
2411,40.1833,L4,16.783185
2411,40.1833,L5,1.049704
2412,40.2000,L1,5.652539
2412,40.2000,L2,14.649927
2412,40.2000,L3,18.190062
2412,40.2000,L4,14.421766
2412,40.2000,L5,4.512943
2413,40.2167,L1,6.414224
2413,40.2167,L2,13.289169
2413,40.2167,L3,13.869814
2413,40.2167,L4,22.391648
2413,40.2167,L5,2.522424
2414,40.2333,L1,9.459127
2414,40.2333,L2,16.779860
2414,40.2333,L3,14.357781
2414,40.2333,L4,15.655335
2414,40.2333,L5,1.521777
2415,40.2500,L1,5.807976
2415,40.2500,L2,14.362967
2415,40.2500,L3,20.223199
2415,40.2500,L4,12.276010
2415,40.2500,L5,4.935112
2416,40.2667,L1,8.868021
2416,40.2667,L2,13.273789
2416,40.2667,L3,13.913285
2416,40.2667,L4,22.043290
2416,40.2667,L5,0.000000
2417,40.2833,L1,5.906169
2417,40.2833,L2,18.512127
2417,40.2833,L3,14.298872
2417,40.2833,L4,16.311583
2417,40.2833,L5,2.730491
2418,40.3000,L1,5.889637
2418,40.3000,L2,12.503766
2418,40.3000,L3,21.720487
2418,40.3000,L4,14.791391
2418,40.3000,L5,2.681450
2419,40.3167,L1,6.156029
2419,40.3167,L2,13.220257
2419,40.3167,L3,15.968756
2419,40.3167,L4,20.673773
2419,40.3167,L5,0.000000
2420,40.3333,L1,8.713919
2420,40.3333,L2,17.453198
2420,40.3333,L3,17.625422
2420,40.3333,L4,11.243372
2420,40.3333,L5,3.515859
2421,40.3500,L1,6.419885
2421,40.3500,L2,12.710137
2421,40.3500,L3,17.182915
2421,40.3500,L4,19.910856
2421,40.3500,L5,1.495908
2422,40.3667,L1,9.779042
2422,40.3667,L2,14.809954
2422,40.3667,L3,15.055629
2422,40.3667,L4,17.397418
2422,40.3667,L5,1.802909
2423,40.3833,L1,6.897017
2423,40.3833,L2,19.034236
2423,40.3833,L3,13.222319
2423,40.3833,L4,17.522901
2423,40.3833,L5,1.223485
2424,40.4000,L1,5.907310
2424,40.4000,L2,10.932605
2424,40.4000,L3,22.319448
2424,40.4000,L4,16.559863
2424,40.4000,L5,1.783906
2425,40.4167,L1,6.082434
2425,40.4167,L2,12.453744
2425,40.4167,L3,12.778980
2425,40.4167,L4,19.905895
2425,40.4167,L5,6.927070
2426,40.4333,L1,9.303245
2426,40.4333,L2,14.809869
2426,40.4333,L3,14.838774
2426,40.4333,L4,15.897300
2426,40.4333,L5,1.783328
2427,40.4500,L1,5.971254
2427,40.4500,L2,17.596349
2427,40.4500,L3,19.158793
2427,40.4500,L4,15.012665
2427,40.4500,L5,0.000000
2428,40.4667,L1,5.629227
2428,40.4667,L2,14.135657
2428,40.4667,L3,16.566765
2428,40.4667,L4,19.574463
2428,40.4667,L5,2.738758
2429,40.4833,L1,6.262890
2429,40.4833,L2,14.639398
2429,40.4833,L3,17.263591
2429,40.4833,L4,15.333924
2429,40.4833,L5,3.480389
2430,40.5000,L1,9.279687
2430,40.5000,L2,17.004771
2430,40.5000,L3,11.224789
2430,40.5000,L4,17.874214
2430,40.5000,L5,3.369394
2431,40.5167,L1,5.639357
2431,40.5167,L2,12.185034
2431,40.5167,L3,21.915733
2431,40.5167,L4,15.849529
2431,40.5167,L5,2.106271
2432,40.5333,L1,7.403257
2432,40.5333,L2,13.884778
2432,40.5333,L3,17.141191
2432,40.5333,L4,16.643071
2432,40.5333,L5,2.498631
2433,40.5500,L1,8.716501
2433,40.5500,L2,13.564846
2433,40.5500,L3,12.843171
2433,40.5500,L4,20.259932
2433,40.5500,L5,3.250267
2434,40.5667,L1,5.835193
2434,40.5667,L2,16.825938
2434,40.5667,L3,15.938383
2434,40.5667,L4,15.158672
2434,40.5667,L5,2.522815
2435,40.5833,L1,6.928286
2435,40.5833,L2,15.085226
2435,40.5833,L3,19.608301
2435,40.5833,L4,15.407505
2435,40.5833,L5,1.887953
2436,40.6000,L1,8.579658
2436,40.6000,L2,14.576318
2436,40.6000,L3,11.979306
2436,40.6000,L4,20.304359
2436,40.6000,L5,2.041344
2437,40.6167,L1,5.993292
2437,40.6167,L2,18.058843
2437,40.6167,L3,15.671452
2437,40.6167,L4,15.982824
2437,40.6167,L5,1.352080
2438,40.6333,L1,5.854554
2438,40.6333,L2,12.926767
2438,40.6333,L3,19.698408
2438,40.6333,L4,18.056115
2438,40.6333,L5,0.888252
2439,40.6500,L1,5.886132
2439,40.6500,L2,13.351549
2439,40.6500,L3,18.358883
2439,40.6500,L4,19.538534
2439,40.6500,L5,0.896169
2440,40.6667,L1,9.529482
2440,40.6667,L2,15.823760
2440,40.6667,L3,12.197385
2440,40.6667,L4,18.572753
2440,40.6667,L5,2.318539
2441,40.6833,L1,5.816579
2441,40.6833,L2,14.630409
2441,40.6833,L3,20.452148
2441,40.6833,L4,14.968656
2441,40.6833,L5,2.334131
2442,40.7000,L1,5.772940
2442,40.7000,L2,13.345671
2442,40.7000,L3,17.327085
2442,40.7000,L4,18.432360
2442,40.7000,L5,1.165671
2443,40.7167,L1,6.031569
2443,40.7167,L2,13.414012
2443,40.7167,L3,17.619022
2443,40.7167,L4,17.036401
2443,40.7167,L5,4.571364
2444,40.7333,L1,8.806634
2444,40.7333,L2,19.278198
2444,40.7333,L3,12.080430
2444,40.7333,L4,16.074567
2444,40.7333,L5,1.175593
2445,40.7500,L1,5.759242
2445,40.7500,L2,11.996386
2445,40.7500,L3,20.846135
2445,40.7500,L4,19.925194
2445,40.7500,L5,0.000000
2446,40.7667,L1,6.368436
2446,40.7667,L2,12.930813
2446,40.7667,L3,17.055677
2446,40.7667,L4,18.951662
2446,40.7667,L5,2.030759
2447,40.7833,L1,9.284006
2447,40.7833,L2,18.835778
2447,40.7833,L3,11.540450
2447,40.7833,L4,14.334836
2447,40.7833,L5,2.999569
2448,40.8000,L1,5.607754
2448,40.8000,L2,13.895639
2448,40.8000,L3,19.765025
2448,40.8000,L4,17.258694
2448,40.8000,L5,1.789625
2449,40.8167,L1,5.661425
2449,40.8167,L2,13.601811
2449,40.8167,L3,19.189014
2449,40.8167,L4,16.659956
2449,40.8167,L5,3.689270
2450,40.8333,L1,9.344745
2450,40.8333,L2,13.873931
2450,40.8333,L3,13.328309
2450,40.8333,L4,18.706575
2450,40.8333,L5,2.634203
2451,40.8500,L1,5.948146
2451,40.8500,L2,16.422309
2451,40.8500,L3,19.152554
2451,40.8500,L4,12.429194
2451,40.8500,L5,3.500744
2452,40.8667,L1,5.855178
2452,40.8667,L2,14.267632
2452,40.8667,L3,15.165080
2452,40.8667,L4,23.436105
2452,40.8667,L5,0.000000
2453,40.8833,L1,9.113452
2453,40.8833,L2,17.759659
2453,40.8833,L3,14.426633
2453,40.8833,L4,14.067799
2453,40.8833,L5,2.360532
2454,40.9000,L1,5.821361
2454,40.9000,L2,14.025481
2454,40.9000,L3,18.945878
2454,40.9000,L4,15.731672
2454,40.9000,L5,3.683125
2455,40.9167,L1,5.512033
2455,40.9167,L2,13.342319
2455,40.9167,L3,16.717345
2455,40.9167,L4,22.177711
2455,40.9167,L5,0.000000
2456,40.9333,L1,6.041695
2456,40.9333,L2,13.334784
2456,40.9333,L3,16.388972
2456,40.9333,L4,15.781862
2456,40.9333,L5,3.461554
2457,40.9500,L1,9.412390
2457,40.9500,L2,18.026964
2457,40.9500,L3,15.396101
2457,40.9500,L4,15.203320
2457,40.9500,L5,1.974180
2458,40.9667,L1,5.814274
2458,40.9667,L2,15.059686
2458,40.9667,L3,18.985582
2458,40.9667,L4,17.690975
2458,40.9667,L5,0.887573
2459,40.9833,L1,6.519394
2459,40.9833,L2,12.198457
2459,40.9833,L3,15.703657
2459,40.9833,L4,18.658900
2459,40.9833,L5,2.949792
2460,41.0000,L1,8.783903
2460,41.0000,L2,13.923681
2460,41.0000,L3,12.387516
2460,41.0000,L4,17.945786
2460,41.0000,L5,5.338554
2461,41.0167,L1,5.982168
2461,41.0167,L2,17.355589
2461,41.0167,L3,18.809481
2461,41.0167,L4,15.363355
2461,41.0167,L5,1.411154
2462,41.0333,L1,6.103136
2462,41.0333,L2,13.035813
2462,41.0333,L3,17.524841
2462,41.0333,L4,20.008530
2462,41.0333,L5,0.000000
2463,41.0500,L1,6.127613
2463,41.0500,L2,15.181902
2463,41.0500,L3,15.761217
2463,41.0500,L4,16.544189
2463,41.0500,L5,4.120444
2464,41.0667,L1,9.168408
2464,41.0667,L2,14.766065
2464,41.0667,L3,15.352721
2464,41.0667,L4,18.329569
2464,41.0667,L5,0.000000
2465,41.0833,L1,6.447734
2465,41.0833,L2,18.771320
2465,41.0833,L3,15.469698
2465,41.0833,L4,14.224700
2465,41.0833,L5,2.170008
2466,41.1000,L1,5.845685
2466,41.1000,L2,11.638336
2466,41.1000,L3,22.281200
2466,41.1000,L4,17.572963
2466,41.1000,L5,2.325727
2467,41.1167,L1,9.456615
2467,41.1167,L2,13.856566
2467,41.1167,L3,12.201937
2467,41.1167,L4,19.885073
2467,41.1167,L5,2.295668
2468,41.1333,L1,6.012592
2468,41.1333,L2,17.160696
2468,41.1333,L3,16.733610
2468,41.1333,L4,15.055659
2468,41.1333,L5,3.065877
2469,41.1500,L1,6.514150
2469,41.1500,L2,12.526873
2469,41.1500,L3,21.036590
2469,41.1500,L4,13.721902
2469,41.1500,L5,2.766194
2470,41.1667,L1,5.972754
2470,41.1667,L2,13.360200
2470,41.1667,L3,14.572003
2470,41.1667,L4,21.543091
2470,41.1667,L5,1.718155
2471,41.1833,L1,8.994068
2471,41.1833,L2,17.351991
2471,41.1833,L3,15.409525
2471,41.1833,L4,13.835699
2471,41.1833,L5,2.675784
2472,41.2000,L1,5.831987
2472,41.2000,L2,13.562805
2472,41.2000,L3,20.517456
2472,41.2000,L4,17.034307
2472,41.2000,L5,1.127879
2473,41.2167,L1,5.839309
2473,41.2167,L2,13.326746
2473,41.2167,L3,16.571165
2473,41.2167,L4,21.450832
2473,41.2167,L5,1.829450
2474,41.2333,L1,9.173846
2474,41.2333,L2,14.880479
2474,41.2333,L3,15.132220
2474,41.2333,L4,15.615668
2474,41.2333,L5,1.853680
2475,41.2500,L1,6.246583
2475,41.2500,L2,16.313226
2475,41.2500,L3,17.266817
2475,41.2500,L4,16.192887
2475,41.2500,L5,1.146071
2476,41.2667,L1,5.733508
2476,41.2667,L2,11.408190
2476,41.2667,L3,18.816727
2476,41.2667,L4,19.943067
2476,41.2667,L5,2.886637
2477,41.2833,L1,8.869696
2477,41.2833,L2,14.444502
2477,41.2833,L3,16.710646
2477,41.2833,L4,16.272572
2477,41.2833,L5,1.774317
2478,41.3000,L1,5.701299
2478,41.3000,L2,18.389631
2478,41.3000,L3,15.819771
2478,41.3000,L4,14.400781
2478,41.3000,L5,3.084723
2479,41.3167,L1,5.916500
2479,41.3167,L2,13.357375
2479,41.3167,L3,21.642273
2479,41.3167,L4,16.913394
2479,41.3167,L5,0.867189
2480,41.3333,L1,8.563511
2480,41.3333,L2,12.061539
2480,41.3333,L3,12.667943
2480,41.3333,L4,21.597967
2480,41.3333,L5,2.425313
2481,41.3500,L1,6.095836
2481,41.3500,L2,18.213310
2481,41.3500,L3,16.013557
2481,41.3500,L4,13.201367
2481,41.3500,L5,3.941892
2482,41.3667,L1,5.623804
2482,41.3667,L2,11.635633
2482,41.3667,L3,18.232545
2482,41.3667,L4,19.802848
2482,41.3667,L5,1.733886
2483,41.3833,L1,8.767789
2483,41.3833,L2,19.266797
2483,41.3833,L3,12.516429
2483,41.3833,L4,13.627464
2483,41.3833,L5,3.122657
2484,41.4000,L1,5.925395
2484,41.4000,L2,12.424640
2484,41.4000,L3,19.460690
2484,41.4000,L4,16.213674
2484,41.4000,L5,3.680290
2485,41.4167,L1,8.498140
2485,41.4167,L2,12.726299
2485,41.4167,L3,14.667479
2485,41.4167,L4,19.804761
2485,41.4167,L5,1.995270
2486,41.4333,L1,5.545615
2486,41.4333,L2,19.220768
2486,41.4333,L3,16.824746
2486,41.4333,L4,15.380644
2486,41.4333,L5,1.078122
2487,41.4500,L1,6.154355
2487,41.4500,L2,15.344771
2487,41.4500,L3,19.909158
2487,41.4500,L4,18.233838
2487,41.4500,L5,0.000000
2488,41.4667,L1,8.735783
2488,41.4667,L2,15.870608
2488,41.4667,L3,12.681975
2488,41.4667,L4,16.467992
2488,41.4667,L5,3.467832
2489,41.4833,L1,5.820767
2489,41.4833,L2,17.712318
2489,41.4833,L3,14.675185
2489,41.4833,L4,15.691840
2489,41.4833,L5,4.505655
2490,41.5000,L1,5.992429
2490,41.5000,L2,12.984789
2490,41.5000,L3,17.830993
2490,41.5000,L4,20.741197
2490,41.5000,L5,0.000000
2491,41.5167,L1,8.895123
2491,41.5167,L2,11.204335
2491,41.5167,L3,15.176799
2491,41.5167,L4,18.423587
2491,41.5167,L5,3.044903
2492,41.5333,L1,5.870772
2492,41.5333,L2,19.821775
2492,41.5333,L3,15.907499
2492,41.5333,L4,13.948355
2492,41.5333,L5,2.560202
2493,41.5500,L1,5.914623
2493,41.5500,L2,12.361157
2493,41.5500,L3,17.606619
2493,41.5500,L4,18.659391
2493,41.5500,L5,3.584293
2494,41.5667,L1,5.836319
2494,41.5667,L2,13.296669
2494,41.5667,L3,17.961392
2494,41.5667,L4,17.223682
2494,41.5667,L5,1.120260
2495,41.5833,L1,8.624775
2495,41.5833,L2,19.974211
2495,41.5833,L3,14.451002
2495,41.5833,L4,14.718727
2495,41.5833,L5,1.290725
2496,41.6000,L1,5.683470
2496,41.6000,L2,11.361791
2496,41.6000,L3,18.811225
2496,41.6000,L4,17.559379
2496,41.6000,L5,3.644879
2497,41.6167,L1,5.631687
2497,41.6167,L2,15.247672
2497,41.6167,L3,16.556388
2497,41.6167,L4,18.549990
2497,41.6167,L5,2.373153
2498,41.6333,L1,8.634257
2498,41.6333,L2,16.722887
2498,41.6333,L3,16.813435
2498,41.6333,L4,12.455175
2498,41.6333,L5,2.718312
2499,41.6500,L1,6.427016
2499,41.6500,L2,15.464284
2499,41.6500,L3,18.591636
2499,41.6500,L4,17.229682
2499,41.6500,L5,1.925850
2500,41.6667,L1,5.811237
2500,41.6667,L2,12.783105
2500,41.6667,L3,17.369151
2500,41.6667,L4,18.862405
2500,41.6667,L5,3.092367
2501,41.6833,L1,8.828436
2501,41.6833,L2,15.950811
2501,41.6833,L3,12.914747
2501,41.6833,L4,16.546201
2501,41.6833,L5,2.736672
2502,41.7000,L1,5.788050
2502,41.7000,L2,14.864698
2502,41.7000,L3,19.739455
2502,41.7000,L4,17.067442
2502,41.7000,L5,1.073862
2503,41.7167,L1,6.324642
2503,41.7167,L2,14.679977
2503,41.7167,L3,11.727584
2503,41.7167,L4,20.544618
2503,41.7167,L5,3.925986
2504,41.7333,L1,8.732682
2504,41.7333,L2,12.051617
2504,41.7333,L3,13.962371
2504,41.7333,L4,20.503947
2504,41.7333,L5,1.921915
2505,41.7500,L1,5.777733
2505,41.7500,L2,18.676869
2505,41.7500,L3,19.055818
2505,41.7500,L4,14.535217
2505,41.7500,L5,0.000000
2506,41.7667,L1,5.947633
2506,41.7667,L2,12.592206
2506,41.7667,L3,16.354961
2506,41.7667,L4,19.943755
2506,41.7667,L5,3.030948
2507,41.7833,L1,5.709904
2507,41.7833,L2,13.348995
2507,41.7833,L3,16.939166
2507,41.7833,L4,17.909312
2507,41.7833,L5,2.978568
2508,41.8000,L1,9.417437
2508,41.8000,L2,17.540444
2508,41.8000,L3,15.665054
2508,41.8000,L4,11.196309
2508,41.8000,L5,4.978501
2509,41.8167,L1,6.050563
2509,41.8167,L2,13.615268
2509,41.8167,L3,20.248175
2509,41.8167,L4,14.944961
2509,41.8167,L5,2.212546
2510,41.8333,L1,9.090128
2510,41.8333,L2,12.715153
2510,41.8333,L3,13.323065
2510,41.8333,L4,21.728106
2510,41.8333,L5,2.219737
2511,41.8500,L1,6.358219
2511,41.8500,L2,16.889785
2511,41.8500,L3,13.126830
2511,41.8500,L4,17.333850
2511,41.8500,L5,2.880096
2512,41.8667,L1,6.023841
2512,41.8667,L2,14.464658
2512,41.8667,L3,20.293151
2512,41.8667,L4,14.140513
2512,41.8667,L5,2.196060
2513,41.8833,L1,5.529517
2513,41.8833,L2,13.260640
2513,41.8833,L3,17.237849
2513,41.8833,L4,21.759188
2513,41.8833,L5,1.044255
2514,41.9000,L1,9.164972
2514,41.9000,L2,16.083822
2514,41.9000,L3,12.194910
2514,41.9000,L4,15.001308
2514,41.9000,L5,3.714322
2515,41.9167,L1,5.719055
2515,41.9167,L2,15.918751
2515,41.9167,L3,21.346660
2515,41.9167,L4,16.146973
2515,41.9167,L5,0.857238
2516,41.9333,L1,5.729824
2516,41.9333,L2,12.333626
2516,41.9333,L3,19.348599
2516,41.9333,L4,18.060061
2516,41.9333,L5,0.920719
2517,41.9500,L1,8.607941
2517,41.9500,L2,15.108639
2517,41.9500,L3,14.336878
2517,41.9500,L4,17.865625
2517,41.9500,L5,2.968253
2518,41.9667,L1,5.809136
2518,41.9667,L2,16.337974
2518,41.9667,L3,17.608823
2518,41.9667,L4,15.251247
2518,41.9667,L5,2.013392
2519,41.9833,L1,6.169380
2519,41.9833,L2,12.190467
2519,41.9833,L3,14.728702
2519,41.9833,L4,18.811197
2519,41.9833,L5,5.184025
2520,42.0000,L1,9.080566
2520,42.0000,L2,18.967649
2520,42.0000,L3,19.670120
2520,42.0000,L4,10.574229
2520,42.0000,L5,0.000000
2521,42.0167,L1,5.955272
2521,42.0167,L2,13.709463
2521,42.0167,L3,14.955131
2521,42.0167,L4,18.198801
2521,42.0167,L5,4.019235
2522,42.0333,L1,5.414526
2522,42.0333,L2,12.099413
2522,42.0333,L3,13.686137
2522,42.0333,L4,23.181341
2522,42.0333,L5,2.588561
2523,42.0500,L1,8.681695
2523,42.0500,L2,15.678601
2523,42.0500,L3,15.676705
2523,42.0500,L4,16.589172
2523,42.0500,L5,1.883129
2524,42.0667,L1,5.935543
2524,42.0667,L2,16.753376
2524,42.0667,L3,15.952568
2524,42.0667,L4,18.215154
2524,42.0667,L5,1.050822
2525,42.0833,L1,6.065077
2525,42.0833,L2,13.672398
2525,42.0833,L3,17.894469
2525,42.0833,L4,20.080856
2525,42.0833,L5,1.078424
2526,42.1000,L1,6.081642
2526,42.1000,L2,13.030828
2526,42.1000,L3,16.721571
2526,42.1000,L4,15.284232
2526,42.1000,L5,5.601930
2527,42.1167,L1,9.358690
2527,42.1167,L2,16.327091
2527,42.1167,L3,15.533443
2527,42.1167,L4,16.572405
2527,42.1167,L5,0.000000
2528,42.1333,L1,7.255678
2528,42.1333,L2,16.207333
2528,42.1333,L3,16.731439
2528,42.1333,L4,14.411889
2528,42.1333,L5,2.583184
2529,42.1500,L1,6.081804
2529,42.1500,L2,10.515385
2529,42.1500,L3,20.004318
2529,42.1500,L4,22.560340
2529,42.1500,L5,0.000000
2530,42.1667,L1,8.837912
2530,42.1667,L2,15.521438
2530,42.1667,L3,12.160814
2530,42.1667,L4,15.706699
2530,42.1667,L5,5.714738
2531,42.1833,L1,5.746182
2531,42.1833,L2,17.652484
2531,42.1833,L3,15.760860
2531,42.1833,L4,16.118513
2531,42.1833,L5,1.554848
2532,42.2000,L1,6.053096
2532,42.2000,L2,12.458606
2532,42.2000,L3,21.347714
2532,42.2000,L4,15.358413
2532,42.2000,L5,2.320604
2533,42.2167,L1,6.243285
2533,42.2167,L2,12.728773
2533,42.2167,L3,17.026743
2533,42.2167,L4,18.888018
2533,42.2167,L5,5.013656
2534,42.2333,L1,9.041974
2534,42.2333,L2,14.004655
2534,42.2333,L3,13.280256
2534,42.2333,L4,17.114598
2534,42.2333,L5,2.001906
2535,42.2500,L1,5.805510
2535,42.2500,L2,17.994213
2535,42.2500,L3,19.404653
2535,42.2500,L4,14.793731
2535,42.2500,L5,0.000000
2536,42.2667,L1,5.738592
2536,42.2667,L2,14.824668
2536,42.2667,L3,19.486050
2536,42.2667,L4,15.183538
2536,42.2667,L5,3.598367
2537,42.2833,L1,5.627313
2537,42.2833,L2,13.841117
2537,42.2833,L3,14.930162
2537,42.2833,L4,20.400579
2537,42.2833,L5,2.649337
2538,42.3000,L1,8.644550
2538,42.3000,L2,17.912452
2538,42.3000,L3,14.352436
2538,42.3000,L4,15.345034
2538,42.3000,L5,2.398780
2539,42.3167,L1,6.053396
2539,42.3167,L2,13.190685
2539,42.3167,L3,21.927263
2539,42.3167,L4,15.228136
2539,42.3167,L5,1.830993
2540,42.3333,L1,6.354790
2540,42.3333,L2,12.531473
2540,42.3333,L3,13.530858
2540,42.3333,L4,25.039214
2540,42.3333,L5,0.000000
2541,42.3500,L1,8.796990
2541,42.3500,L2,13.830457
2541,42.3500,L3,16.900615
2541,42.3500,L4,16.634390
2541,42.3500,L5,2.084993
2542,42.3667,L1,5.913603
2542,42.3667,L2,19.423525
2542,42.3667,L3,12.956618
2542,42.3667,L4,12.468067
2542,42.3667,L5,5.158082
2543,42.3833,L1,5.728643
2543,42.3833,L2,11.331516
2543,42.3833,L3,21.795987
2543,42.3833,L4,18.184009
2543,42.3833,L5,1.003748
2544,42.4000,L1,8.947118
2544,42.4000,L2,16.199306
2544,42.4000,L3,13.501197
2544,42.4000,L4,19.091043
2544,42.4000,L5,0.967625
2545,42.4167,L1,6.967712
2545,42.4167,L2,15.503198
2545,42.4167,L3,18.185183
2545,42.4167,L4,13.757455
2545,42.4167,L5,2.523142
2546,42.4333,L1,5.794474
2546,42.4333,L2,13.667583
2546,42.4333,L3,19.570748
2546,42.4333,L4,16.116070
2546,42.4333,L5,3.537684
2547,42.4500,L1,5.884757
2547,42.4500,L2,13.570494
2547,42.4500,L3,12.433708
2547,42.4500,L4,23.429485
2547,42.4500,L5,2.957683
2548,42.4667,L1,8.879756
2548,42.4667,L2,17.054136
2548,42.4667,L3,13.982431
2548,42.4667,L4,15.018588
2548,42.4667,L5,1.870661
2549,42.4833,L1,5.911573
2549,42.4833,L2,14.449504
2549,42.4833,L3,19.699073
2549,42.4833,L4,12.579251
2549,42.4833,L5,5.750810
2550,42.5000,L1,5.946097
2550,42.5000,L2,13.307074
2550,42.5000,L3,16.123310
2550,42.5000,L4,19.662226
2550,42.5000,L5,0.000000
2551,42.5167,L1,6.521792
2551,42.5167,L2,15.349841
2551,42.5167,L3,15.479571
2551,42.5167,L4,21.016526
2551,42.5167,L5,0.866492
2552,42.5333,L1,9.207943
2552,42.5333,L2,18.156543
2552,42.5333,L3,13.975186
2552,42.5333,L4,11.416883
2552,42.5333,L5,5.120536
2553,42.5500,L1,6.455418
2553,42.5500,L2,14.492635
2553,42.5500,L3,22.035178
2553,42.5500,L4,14.549213
2553,42.5500,L5,0.000000
2554,42.5667,L1,6.509836
2554,42.5667,L2,12.535994
2554,42.5667,L3,16.185861
2554,42.5667,L4,22.047190
2554,42.5667,L5,2.031901
2555,42.5833,L1,8.895387
2555,42.5833,L2,16.597891
2555,42.5833,L3,13.831636
2555,42.5833,L4,17.152605
2555,42.5833,L5,0.000000
2556,42.6000,L1,6.027132
2556,42.6000,L2,16.838014
2556,42.6000,L3,19.439536
2556,42.6000,L4,14.142187
2556,42.6000,L5,2.605826
2557,42.6167,L1,5.698594
2557,42.6167,L2,13.022168
2557,42.6167,L3,17.912834
2557,42.6167,L4,16.466031
2557,42.6167,L5,4.662982
2558,42.6333,L1,6.116526
2558,42.6333,L2,13.954214
2558,42.6333,L3,16.603825
2558,42.6333,L4,16.159294
2558,42.6333,L5,3.139540
2559,42.6500,L1,9.283083
2559,42.6500,L2,18.112348
2559,42.6500,L3,15.207605
2559,42.6500,L4,16.441285
2559,42.6500,L5,1.093946
2560,42.6667,L1,6.040172
2560,42.6667,L2,14.394026
2560,42.6667,L3,19.034749
2560,42.6667,L4,15.062561
2560,42.6667,L5,2.199196
2561,42.6833,L1,6.030838
2561,42.6833,L2,13.136874
2561,42.6833,L3,13.537009
2561,42.6833,L4,22.875688
2561,42.6833,L5,2.679465
2562,42.7000,L1,8.974433
2562,42.7000,L2,14.334183
2562,42.7000,L3,15.585249
2562,42.7000,L4,19.577817
2562,42.7000,L5,0.000000
2563,42.7167,L1,7.067075
2563,42.7167,L2,17.898589
2563,42.7167,L3,11.905948
2563,42.7167,L4,14.710614
2563,42.7167,L5,3.928711
2564,42.7333,L1,6.068653
2564,42.7333,L2,12.401129
2564,42.7333,L3,22.423692
2564,42.7333,L4,17.867392
2564,42.7333,L5,0.872104
2565,42.7500,L1,6.082211
2565,42.7500,L2,12.478572
2565,42.7500,L3,13.648976
2565,42.7500,L4,18.063191
2565,42.7500,L5,5.965876
2566,42.7667,L1,9.480586
2566,42.7667,L2,15.864320
2566,42.7667,L3,19.140341
2566,42.7667,L4,15.266987
2566,42.7667,L5,0.000000
2567,42.7833,L1,6.267411
2567,42.7833,L2,17.956590
2567,42.7833,L3,13.751768
2567,42.7833,L4,18.909294
2567,42.7833,L5,0.868251
2568,42.8000,L1,6.289816
2568,42.8000,L2,10.550227
2568,42.8000,L3,19.869272
2568,42.8000,L4,15.497043
2568,42.8000,L5,4.124640
2569,42.8167,L1,5.793046
2569,42.8167,L2,14.365727
2569,42.8167,L3,15.076659
2569,42.8167,L4,21.890415
2569,42.8167,L5,2.084287
2570,42.8333,L1,9.757897
2570,42.8333,L2,16.135282
2570,42.8333,L3,18.048866
2570,42.8333,L4,12.164263
2570,42.8333,L5,2.041356
2571,42.8500,L1,5.632296
2571,42.8500,L2,15.203422
2571,42.8500,L3,14.911881
2571,42.8500,L4,19.547633
2571,42.8500,L5,1.081049
2572,42.8667,L1,6.667631
2572,42.8667,L2,13.572485
2572,42.8667,L3,17.624308
2572,42.8667,L4,12.213379
2572,42.8667,L5,7.345944
2573,42.8833,L1,8.788001
2573,42.8833,L2,12.230437
2573,42.8833,L3,16.980824
2573,42.8833,L4,19.875642
2573,42.8833,L5,1.077935
2574,42.9000,L1,6.192072
2574,42.9000,L2,19.045516
2574,42.9000,L3,14.800288
2574,42.9000,L4,14.923379
2574,42.9000,L5,3.223264
2575,42.9167,L1,6.098055
2575,42.9167,L2,12.458769
2575,42.9167,L3,22.263352
2575,42.9167,L4,15.593421
2575,42.9167,L5,1.019267
2576,42.9333,L1,5.845190
2576,42.9333,L2,12.825967
2576,42.9333,L3,17.367427
2576,42.9333,L4,18.818222
2576,42.9333,L5,1.745263
2577,42.9500,L1,9.377484
2577,42.9500,L2,14.920253
2577,42.9500,L3,14.431643
2577,42.9500,L4,15.363360
2577,42.9500,L5,4.932717
2578,42.9667,L1,5.917244
2578,42.9667,L2,16.931106
2578,42.9667,L3,19.066905
2578,42.9667,L4,13.964670
2578,42.9667,L5,0.000000
2579,42.9833,L1,5.543129
2579,42.9833,L2,13.397990
2579,42.9833,L3,18.216329
2579,42.9833,L4,20.371429
2579,42.9833,L5,2.596882
2580,43.0000,L1,9.104824
2580,43.0000,L2,12.932834
2580,43.0000,L3,15.939175
2580,43.0000,L4,14.827448
2580,43.0000,L5,2.575277
2581,43.0167,L1,5.610840
2581,43.0167,L2,20.295298
2581,43.0167,L3,14.116223
2581,43.0167,L4,18.130676
2581,43.0167,L5,2.002836
2582,43.0333,L1,6.190433
2582,43.0333,L2,9.889733
2582,43.0333,L3,20.109016
2582,43.0333,L4,17.806477
2582,43.0333,L5,3.519278
2583,43.0500,L1,8.955363
2583,43.0500,L2,14.742549
2583,43.0500,L3,15.588404
2583,43.0500,L4,18.180939
2583,43.0500,L5,0.000000
2584,43.0667,L1,6.064905
2584,43.0667,L2,18.529965
2584,43.0667,L3,14.006379
2584,43.0667,L4,16.288195
2584,43.0667,L5,2.193776
2585,43.0833,L1,6.392695
2585,43.0833,L2,14.299456
2585,43.0833,L3,19.361374
2585,43.0833,L4,14.516607
2585,43.0833,L5,2.994356
2586,43.1000,L1,6.115605
2586,43.1000,L2,16.142866
2586,43.1000,L3,16.823536
2586,43.1000,L4,17.622108
2586,43.1000,L5,2.268067
2587,43.1167,L1,8.535652
2587,43.1167,L2,10.582128
2587,43.1167,L3,14.025600
2587,43.1167,L4,22.842113
2587,43.1167,L5,0.854517
2588,43.1333,L1,5.808362
2588,43.1333,L2,19.919493
2588,43.1333,L3,14.803805
2588,43.1333,L4,13.663122
2588,43.1333,L5,3.777261
2589,43.1500,L1,6.389600
2589,43.1500,L2,13.268070
2589,43.1500,L3,21.467401
2589,43.1500,L4,15.745876
2589,43.1500,L5,1.041787
2590,43.1667,L1,6.124582
2590,43.1667,L2,12.185995
2590,43.1667,L3,14.856289
2590,43.1667,L4,24.199019
2590,43.1667,L5,1.736982
2591,43.1833,L1,8.783565
2591,43.1833,L2,14.672425
2591,43.1833,L3,13.608909
2591,43.1833,L4,15.733105
2591,43.1833,L5,4.459856
2592,43.2000,L1,5.910447
2592,43.2000,L2,18.362950
2592,43.2000,L3,17.024149
2592,43.2000,L4,14.111639
2592,43.2000,L5,0.932586
2593,43.2167,L1,5.954381
2593,43.2167,L2,12.666405
2593,43.2167,L3,20.406028
2593,43.2167,L4,15.666399
2593,43.2167,L5,1.761919
2594,43.2333,L1,6.381889
2594,43.2333,L2,13.469251
2594,43.2333,L3,15.404366
2594,43.2333,L4,22.540958
2594,43.2333,L5,2.109005
2595,43.2500,L1,8.838451
2595,43.2500,L2,13.552289
2595,43.2500,L3,16.675624
2595,43.2500,L4,20.026633
2595,43.2500,L5,0.000000
2596,43.2667,L1,6.486185
2596,43.2667,L2,17.649518
2596,43.2667,L3,12.920735
2596,43.2667,L4,15.361019
2596,43.2667,L5,3.983215
2597,43.2833,L1,5.895331
2597,43.2833,L2,15.832088
2597,43.2833,L3,17.564254
2597,43.2833,L4,18.436815
2597,43.2833,L5,1.505368
2598,43.3000,L1,6.044661
2598,43.3000,L2,11.944335
2598,43.3000,L3,18.676383
2598,43.3000,L4,18.228837
2598,43.3000,L5,1.933087
2599,43.3167,L1,6.396010
2599,43.3167,L2,14.010681
2599,43.3167,L3,16.164163
2599,43.3167,L4,14.937897
2599,43.3167,L5,5.022077
2600,43.3333,L1,8.982702
2600,43.3333,L2,16.334874
2600,43.3333,L3,14.126564
2600,43.3333,L4,15.910368
2600,43.3333,L5,2.740546
2601,43.3500,L1,5.679004
2601,43.3500,L2,17.313897
2601,43.3500,L3,18.596946
2601,43.3500,L4,17.912482
2601,43.3500,L5,0.000000
2602,43.3667,L1,5.704041
2602,43.3667,L2,14.252967
2602,43.3667,L3,17.092486
2602,43.3667,L4,17.192969
2602,43.3667,L5,2.399464
2603,43.3833,L1,5.909019
2603,43.3833,L2,13.053052
2603,43.3833,L3,15.421774
2603,43.3833,L4,20.954150
2603,43.3833,L5,2.566594
2604,43.4000,L1,9.685947
2604,43.4000,L2,16.079778
2604,43.4000,L3,17.434582
2604,43.4000,L4,13.413702
2604,43.4000,L5,2.338001
2605,43.4167,L1,6.067885
2605,43.4167,L2,18.391629
2605,43.4167,L3,16.841764
2605,43.4167,L4,15.495124
2605,43.4167,L5,0.955546
2606,43.4333,L1,5.976792
2606,43.4333,L2,14.945523
2606,43.4333,L3,14.952291
2606,43.4333,L4,18.408613
2606,43.4333,L5,1.694176
2607,43.4500,L1,5.806311
2607,43.4500,L2,12.726443
2607,43.4500,L3,17.854381
2607,43.4500,L4,17.698345
2607,43.4500,L5,4.220530
2608,43.4667,L1,8.929615
2608,43.4667,L2,17.167979
2608,43.4667,L3,15.648721
2608,43.4667,L4,17.259210
2608,43.4667,L5,0.000000
2609,43.4833,L1,6.858185
2609,43.4833,L2,13.636864
2609,43.4833,L3,14.583632
2609,43.4833,L4,15.070279
2609,43.4833,L5,6.968206
2610,43.5000,L1,6.016285
2610,43.5000,L2,12.775466
2610,43.5000,L3,19.737628
2610,43.5000,L4,18.485300
2610,43.5000,L5,0.000000
2611,43.5167,L1,5.885388
2611,43.5167,L2,14.513631
2611,43.5167,L3,17.561084
2611,43.5167,L4,17.284677
2611,43.5167,L5,2.071123
2612,43.5333,L1,8.785535
2612,43.5333,L2,14.051785
2612,43.5333,L3,15.078448
2612,43.5333,L4,20.823274
2612,43.5333,L5,1.148608
2613,43.5500,L1,5.878954
2613,43.5500,L2,17.137427
2613,43.5500,L3,14.417576
2613,43.5500,L4,15.358114
2613,43.5500,L5,3.726933
2614,43.5667,L1,6.324178
2614,43.5667,L2,12.838897
2614,43.5667,L3,20.978807
2614,43.5667,L4,14.807481
2614,43.5667,L5,0.890107
2615,43.5833,L1,6.144630
2615,43.5833,L2,13.541914
2615,43.5833,L3,16.813159
2615,43.5833,L4,21.431331
2615,43.5833,L5,2.782587
2616,43.6000,L1,8.951766
2616,43.6000,L2,14.484112
2616,43.6000,L3,14.132637
2616,43.6000,L4,15.343949
2616,43.6000,L5,4.166404
2617,43.6167,L1,5.703060
2617,43.6167,L2,18.617499
2617,43.6167,L3,13.505682
2617,43.6167,L4,16.752610
2617,43.6167,L5,3.073760
2618,43.6333,L1,6.666185
2618,43.6333,L2,12.733230
2618,43.6333,L3,21.737391
2618,43.6333,L4,15.513553
2618,43.6333,L5,0.452565
2619,43.6500,L1,5.886031
2619,43.6500,L2,11.551340
2619,43.6500,L3,14.498570
2619,43.6500,L4,20.974119
2619,43.6500,L5,3.996775
2620,43.6667,L1,9.131784
2620,43.6667,L2,17.159085
2620,43.6667,L3,14.572037
2620,43.6667,L4,17.841993
2620,43.6667,L5,0.000000
2621,43.6833,L1,5.751817
2621,43.6833,L2,15.515537
2621,43.6833,L3,18.188199
2621,43.6833,L4,13.866957
2621,43.6833,L5,4.010000
2622,43.7000,L1,6.122155
2622,43.7000,L2,12.242367
2622,43.7000,L3,16.510191
2622,43.7000,L4,20.790906
2622,43.7000,L5,3.207449
2623,43.7167,L1,9.114255
2623,43.7167,L2,13.577392
2623,43.7167,L3,15.922899
2623,43.7167,L4,18.697787
2623,43.7167,L5,0.000000
2624,43.7333,L1,5.861341
2624,43.7333,L2,19.129606
2624,43.7333,L3,15.246318
2624,43.7333,L4,13.978614
2624,43.7333,L5,4.359089
2625,43.7500,L1,6.160408
2625,43.7500,L2,13.105963
2625,43.7500,L3,18.196176
2625,43.7500,L4,17.002561
2625,43.7500,L5,2.160011
2626,43.7667,L1,6.297639
2626,43.7667,L2,12.910269
2626,43.7667,L3,17.048407
2626,43.7667,L4,20.011166
2626,43.7667,L5,2.302666
2627,43.7833,L1,8.915394
2627,43.7833,L2,14.456830
2627,43.7833,L3,14.298076
2627,43.7833,L4,12.842300
2627,43.7833,L5,5.698001
2628,43.8000,L1,5.921313
2628,43.8000,L2,16.784542
2628,43.8000,L3,15.446016
2628,43.8000,L4,17.815917
2628,43.8000,L5,1.132478
2629,43.8167,L1,6.298338
2629,43.8167,L2,13.169387
2629,43.8167,L3,20.775511
2629,43.8167,L4,14.285536
2629,43.8167,L5,4.016432
2630,43.8333,L1,6.011198
2630,43.8333,L2,14.133695
2630,43.8333,L3,17.273130
2630,43.8333,L4,19.787112
2630,43.8333,L5,0.000000
2631,43.8500,L1,9.000126
2631,43.8500,L2,15.417968
2631,43.8500,L3,12.408854
2631,43.8500,L4,16.279584
2631,43.8500,L5,4.871720
2632,43.8667,L1,5.885497
2632,43.8667,L2,17.488028
2632,43.8667,L3,18.847729
2632,43.8667,L4,16.563951
2632,43.8667,L5,0.875308
2633,43.8833,L1,6.152704
2633,43.8833,L2,12.823967
2633,43.8833,L3,18.867087
2633,43.8833,L4,17.132806
2633,43.8833,L5,1.851339
2634,43.9000,L1,6.389265
2634,43.9000,L2,13.444629
2634,43.9000,L3,15.912451
2634,43.9000,L4,21.131060
2634,43.9000,L5,1.075016
2635,43.9167,L1,6.844449
2635,43.9167,L2,13.388508
2635,43.9167,L3,16.169922
2635,43.9167,L4,18.971235
2635,43.9167,L5,3.054353
2636,43.9333,L1,9.124473
2636,43.9333,L2,16.066109
2636,43.9333,L3,13.266095
2636,43.9333,L4,16.361018
2636,43.9333,L5,2.770898
2637,43.9500,L1,6.411815
2637,43.9500,L2,15.659595
2637,43.9500,L3,19.377869
2637,43.9500,L4,12.405141
2637,43.9500,L5,4.148038
2638,43.9667,L1,6.504586
2638,43.9667,L2,12.508444
2638,43.9667,L3,16.457542
2638,43.9667,L4,21.069060
2638,43.9667,L5,0.885868
2639,43.9833,L1,9.619338
2639,43.9833,L2,13.532678
2639,43.9833,L3,16.891506
2639,43.9833,L4,16.843269
2639,43.9833,L5,0.000000
2640,44.0000,L1,6.028886
2640,44.0000,L2,17.633326
2640,44.0000,L3,15.873627
2640,44.0000,L4,18.248811
2640,44.0000,L5,0.000000
2641,44.0167,L1,6.401346
2641,44.0167,L2,12.371979
2641,44.0167,L3,20.698000
2641,44.0167,L4,14.120642
2641,44.0167,L5,5.648781
2642,44.0333,L1,5.611891
2642,44.0333,L2,16.730092
2642,44.0333,L3,13.398634
2642,44.0333,L4,18.453860
2642,44.0333,L5,2.503878
2643,44.0500,L1,5.876575
2643,44.0500,L2,11.011731
2643,44.0500,L3,16.203957
2643,44.0500,L4,21.663941
2643,44.0500,L5,2.136671
2644,44.0667,L1,9.211200
2644,44.0667,L2,19.741811
2644,44.0667,L3,14.207464
2644,44.0667,L4,14.277009
2644,44.0667,L5,1.799673
2645,44.0833,L1,6.622552
2645,44.0833,L2,13.945585
2645,44.0833,L3,17.834388
2645,44.0833,L4,15.963974
2645,44.0833,L5,3.503947
2646,44.1000,L1,5.911659
2646,44.1000,L2,13.349874
2646,44.1000,L3,17.863835
2646,44.1000,L4,18.659949
2646,44.1000,L5,2.046735
2647,44.1167,L1,5.888305
2647,44.1167,L2,13.358301
2647,44.1167,L3,15.162934
2647,44.1167,L4,17.191553
2647,44.1167,L5,5.994484
2648,44.1333,L1,9.341326
2648,44.1333,L2,19.409210
2648,44.1333,L3,14.694664
2648,44.1333,L4,11.378879
2648,44.1333,L5,2.497884
2649,44.1500,L1,6.222192
2649,44.1500,L2,14.858370
2649,44.1500,L3,18.524458
2649,44.1500,L4,17.142531
2649,44.1500,L5,1.060633
2650,44.1667,L1,6.255108
2650,44.1667,L2,13.289417
2650,44.1667,L3,20.297967
2650,44.1667,L4,13.467701
2650,44.1667,L5,4.056890
2651,44.1833,L1,9.635945
2651,44.1833,L2,10.498137
2651,44.1833,L3,14.368974
2651,44.1833,L4,19.092514
2651,44.1833,L5,3.536149
2652,44.2000,L1,6.422545
2652,44.2000,L2,19.101468
2652,44.2000,L3,16.897922
2652,44.2000,L4,17.443035
2652,44.2000,L5,0.000000
2653,44.2167,L1,5.796791
2653,44.2167,L2,15.104258
2653,44.2167,L3,20.643717
2653,44.2167,L4,14.113272
2653,44.2167,L5,0.000000
2654,44.2333,L1,6.139887
2654,44.2333,L2,12.964198
2654,44.2333,L3,14.991012
2654,44.2333,L4,22.772511
2654,44.2333,L5,3.124231
2655,44.2500,L1,9.033041
2655,44.2500,L2,14.185709
2655,44.2500,L3,14.772319
2655,44.2500,L4,17.632024
2655,44.2500,L5,2.115243
2656,44.2667,L1,6.526470
2656,44.2667,L2,18.376712
2656,44.2667,L3,14.639399
2656,44.2667,L4,11.577377
2656,44.2667,L5,4.846547
2657,44.2833,L1,6.384246
2657,44.2833,L2,14.654632
2657,44.2833,L3,18.675434
2657,44.2833,L4,17.345353
2657,44.2833,L5,0.000000
2658,44.3000,L1,6.351250
2658,44.3000,L2,12.564622
2658,44.3000,L3,15.945249
2658,44.3000,L4,21.331411
2658,44.3000,L5,3.448635
2659,44.3167,L1,9.071782
2659,44.3167,L2,14.036721
2659,44.3167,L3,15.871983
2659,44.3167,L4,16.640713
2659,44.3167,L5,2.667415
2660,44.3333,L1,5.801571
2660,44.3333,L2,18.518429
2660,44.3333,L3,15.525276
2660,44.3333,L4,13.989329
2660,44.3333,L5,2.409226
2661,44.3500,L1,7.009141
2661,44.3500,L2,13.695499
2661,44.3500,L3,17.466363
2661,44.3500,L4,14.484293
2661,44.3500,L5,4.233861
2662,44.3667,L1,6.049202
2662,44.3667,L2,12.045720
2662,44.3667,L3,14.852776
2662,44.3667,L4,24.918335
2662,44.3667,L5,1.271573
2663,44.3833,L1,9.617443
2663,44.3833,L2,12.525921
2663,44.3833,L3,15.401813
2663,44.3833,L4,16.360908
2663,44.3833,L5,3.698057
2664,44.4000,L1,5.963452
2664,44.4000,L2,18.760387
2664,44.4000,L3,16.371194
2664,44.4000,L4,17.897944
2664,44.4000,L5,0.000000
2665,44.4167,L1,5.608027
2665,44.4167,L2,15.033384
2665,44.4167,L3,20.350636
2665,44.4167,L4,15.572954
2665,44.4167,L5,0.918150
2666,44.4333,L1,6.044315
2666,44.4333,L2,13.569802
2666,44.4333,L3,16.449575
2666,44.4333,L4,20.098583
2666,44.4333,L5,1.745310
2667,44.4500,L1,6.453072
2667,44.4500,L2,13.364369
2667,44.4500,L3,14.836105
2667,44.4500,L4,19.142069
2667,44.4500,L5,3.218461
2668,44.4667,L1,9.130098
2668,44.4667,L2,15.007927
2668,44.4667,L3,14.834009
2668,44.4667,L4,16.992198
2668,44.4667,L5,2.502252
2669,44.4833,L1,6.197280
2669,44.4833,L2,19.403380
2669,44.4833,L3,18.021745
2669,44.4833,L4,11.896919
2669,44.4833,L5,0.840099
2670,44.5000,L1,6.403657
2670,44.5000,L2,10.536541
2670,44.5000,L3,17.255272
2670,44.5000,L4,19.096169
2670,44.5000,L5,4.594549
2671,44.5167,L1,6.636306
2671,44.5167,L2,14.920730
2671,44.5167,L3,16.502223
2671,44.5167,L4,18.001621
2671,44.5167,L5,2.514452
2672,44.5333,L1,5.902486
2672,44.5333,L2,12.480089
2672,44.5333,L3,15.245645
2672,44.5333,L4,19.477487
2672,44.5333,L5,3.812643
2673,44.5500,L1,8.777552
2673,44.5500,L2,16.629771
2673,44.5500,L3,15.569216
2673,44.5500,L4,13.533428
2673,44.5500,L5,2.858149
2674,44.5667,L1,7.466193
2674,44.5667,L2,15.285772
2674,44.5667,L3,19.613321
2674,44.5667,L4,15.094124
2674,44.5667,L5,1.159466
2675,44.5833,L1,5.606329
2675,44.5833,L2,14.814724
2675,44.5833,L3,15.457272
2675,44.5833,L4,20.605014
2675,44.5833,L5,1.674635
2676,44.6000,L1,9.534960
2676,44.6000,L2,13.528120
2676,44.6000,L3,14.201753
2676,44.6000,L4,18.072368
2676,44.6000,L5,3.172774
2677,44.6167,L1,6.128287
2677,44.6167,L2,19.484879
2677,44.6167,L3,14.138664
2677,44.6167,L4,13.546086
2677,44.6167,L5,4.264367
2678,44.6333,L1,6.051012
2678,44.6333,L2,11.527596
2678,44.6333,L3,20.489652
2678,44.6333,L4,17.794913
2678,44.6333,L5,1.024924
2679,44.6500,L1,6.203413
2679,44.6500,L2,13.851749
2679,44.6500,L3,13.985315
2679,44.6500,L4,20.342982
2679,44.6500,L5,3.781837
2680,44.6667,L1,9.796469
2680,44.6667,L2,13.435870
2680,44.6667,L3,17.698300
2680,44.6667,L4,16.754157
2680,44.6667,L5,0.000000
2681,44.6833,L1,5.996985
2681,44.6833,L2,18.861873
2681,44.6833,L3,16.590368
2681,44.6833,L4,13.183755
2681,44.6833,L5,1.843323
2682,44.7000,L1,6.331940
2682,44.7000,L2,12.972271
2682,44.7000,L3,18.473943
2682,44.7000,L4,18.270381
2682,44.7000,L5,1.144116
2683,44.7167,L1,5.967004
2683,44.7167,L2,11.418435
2683,44.7167,L3,16.700607
2683,44.7167,L4,20.467659
2683,44.7167,L5,4.931295
2684,44.7333,L1,9.314005
2684,44.7333,L2,14.454665
2684,44.7333,L3,17.549757
2684,44.7333,L4,15.880094
2684,44.7333,L5,0.814356
2685,44.7500,L1,5.819528
2685,44.7500,L2,15.092220
2685,44.7500,L3,12.891312
2685,44.7500,L4,19.495752
2685,44.7500,L5,3.089071
2686,44.7667,L1,6.466674
2686,44.7667,L2,17.749235
2686,44.7667,L3,19.515163
2686,44.7667,L4,12.917064
2686,44.7667,L5,2.766410
2687,44.7833,L1,5.966093
2687,44.7833,L2,12.677792
2687,44.7833,L3,17.910811
2687,44.7833,L4,18.246291
2687,44.7833,L5,0.986993
2688,44.8000,L1,9.169767
2688,44.8000,L2,14.192463
2688,44.8000,L3,12.595541
2688,44.8000,L4,18.918947
2688,44.8000,L5,4.770279
2689,44.8167,L1,6.217984
2689,44.8167,L2,17.160838
2689,44.8167,L3,16.108407
2689,44.8167,L4,14.575897
2689,44.8167,L5,3.024382
2690,44.8333,L1,6.087754
2690,44.8333,L2,12.763332
2690,44.8333,L3,19.237417
2690,44.8333,L4,18.897745
2690,44.8333,L5,1.714569
2691,44.8500,L1,5.964491
2691,44.8500,L2,13.000557
2691,44.8500,L3,15.114331
2691,44.8500,L4,19.769537
2691,44.8500,L5,1.694496
2692,44.8667,L1,9.121302
2692,44.8667,L2,18.294393
2692,44.8667,L3,14.266708
2692,44.8667,L4,15.740591
2692,44.8667,L5,2.733411
2693,44.8833,L1,6.001041
2693,44.8833,L2,13.636278
2693,44.8833,L3,17.995159
2693,44.8833,L4,15.013796
2693,44.8833,L5,2.965221
2694,44.9000,L1,6.329476
2694,44.9000,L2,13.552595
2694,44.9000,L3,18.589047
2694,44.9000,L4,17.577621
2694,44.9000,L5,2.323673
2695,44.9167,L1,6.221628
2695,44.9167,L2,13.459687
2695,44.9167,L3,16.048042
2695,44.9167,L4,18.223343
2695,44.9167,L5,4.805125
2696,44.9333,L1,9.883519
2696,44.9333,L2,13.821214
2696,44.9333,L3,14.726974
2696,44.9333,L4,19.133115
2696,44.9333,L5,0.000000
2697,44.9500,L1,6.789248
2697,44.9500,L2,19.762884
2697,44.9500,L3,13.097768
2697,44.9500,L4,12.463468
2697,44.9500,L5,3.783881
2698,44.9667,L1,6.633090
2698,44.9667,L2,10.782141
2698,44.9667,L3,19.073885
2698,44.9667,L4,21.959336
2698,44.9667,L5,1.004599
2699,44.9833,L1,9.589093
2699,44.9833,L2,13.592248
2699,44.9833,L3,15.852621
2699,44.9833,L4,17.374822
2699,44.9833,L5,2.037442
2700,45.0000,L1,6.162771
2700,45.0000,L2,16.641701
2700,45.0000,L3,15.077046
2700,45.0000,L4,16.570429
2700,45.0000,L5,2.385959
2701,45.0167,L1,6.136986
2701,45.0167,L2,15.449717
2701,45.0167,L3,20.223530
2701,45.0167,L4,12.330329
2701,45.0167,L5,3.550255
2702,45.0333,L1,6.120683
2702,45.0333,L2,13.000959
2702,45.0333,L3,17.205558
2702,45.0333,L4,16.953616
2702,45.0333,L5,2.040157
2703,45.0500,L1,9.600210
2703,45.0500,L2,12.604110
2703,45.0500,L3,15.978643
2703,45.0500,L4,20.532388
2703,45.0500,L5,2.263206
2704,45.0667,L1,6.297431
2704,45.0667,L2,18.458085
2704,45.0667,L3,14.332933
2704,45.0667,L4,16.602067
2704,45.0667,L5,0.952027
2705,45.0833,L1,6.226611
2705,45.0833,L2,14.206007
2705,45.0833,L3,18.024675
2705,45.0833,L4,14.641164
2705,45.0833,L5,5.652152
2706,45.1000,L1,6.044284
2706,45.1000,L2,13.269404
2706,45.1000,L3,15.228355
2706,45.1000,L4,22.091868
2706,45.1000,L5,0.840131
2707,45.1167,L1,9.319147
2707,45.1167,L2,13.920017
2707,45.1167,L3,14.787815
2707,45.1167,L4,15.240436
2707,45.1167,L5,3.304797
2708,45.1333,L1,5.973495
2708,45.1333,L2,19.729054
2708,45.1333,L3,16.401008
2708,45.1333,L4,17.191000
2708,45.1333,L5,0.000000
2709,45.1500,L1,6.363393
2709,45.1500,L2,12.966912
2709,45.1500,L3,20.172293
2709,45.1500,L4,12.171305
2709,45.1500,L5,3.955038
2710,45.1667,L1,6.303274
2710,45.1667,L2,12.993590
2710,45.1667,L3,19.431718
2710,45.1667,L4,17.179944
2710,45.1667,L5,2.444512
2711,45.1833,L1,9.013269
2711,45.1833,L2,13.483546
2711,45.1833,L3,14.315420
2711,45.1833,L4,18.293611
2711,45.1833,L5,2.924064
2712,45.2000,L1,6.249446
2712,45.2000,L2,18.831605
2712,45.2000,L3,14.287751
2712,45.2000,L4,16.763938
2712,45.2000,L5,2.520208
2713,45.2167,L1,6.084340
2713,45.2167,L2,13.015315
2713,45.2167,L3,20.497287
2713,45.2167,L4,16.655505
2713,45.2167,L5,0.000000
2714,45.2333,L1,6.677746
2714,45.2333,L2,12.581349
2714,45.2333,L3,17.773591
2714,45.2333,L4,16.188232
2714,45.2333,L5,5.780580
2715,45.2500,L1,6.132464
2715,45.2500,L2,12.488963
2715,45.2500,L3,14.260737
2715,45.2500,L4,20.283369
2715,45.2500,L5,2.156627
2716,45.2667,L1,8.830027
2716,45.2667,L2,14.291819
2716,45.2667,L3,17.895384
2716,45.2667,L4,16.382439
2716,45.2667,L5,1.788298
2717,45.2833,L1,5.946974
2717,45.2833,L2,18.411777
2717,45.2833,L3,20.793844
2717,45.2833,L4,14.012425
2717,45.2833,L5,0.000000
2718,45.3000,L1,5.823027
2718,45.3000,L2,13.540366
2718,45.3000,L3,15.609354
2718,45.3000,L4,19.898086
2718,45.3000,L5,1.283721
2719,45.3167,L1,9.262667
2719,45.3167,L2,14.588434
2719,45.3167,L3,14.304446
2719,45.3167,L4,17.196967
2719,45.3167,L5,3.751588
2720,45.3333,L1,6.321373
2720,45.3333,L2,17.191349
2720,45.3333,L3,13.908766
2720,45.3333,L4,13.620842
2720,45.3333,L5,5.615776
2721,45.3500,L1,6.672619
2721,45.3500,L2,15.765439
2721,45.3500,L3,21.855621
2721,45.3500,L4,14.105694
2721,45.3500,L5,0.000000
2722,45.3667,L1,5.817331
2722,45.3667,L2,13.292105
2722,45.3667,L3,14.127445
2722,45.3667,L4,20.876564
2722,45.3667,L5,4.336607
2723,45.3833,L1,9.175629
2723,45.3833,L2,14.374257
2723,45.3833,L3,16.803465
2723,45.3833,L4,16.515094
2723,45.3833,L5,0.844364
2724,45.4000,L1,5.882770
2724,45.4000,L2,18.481965
2724,45.4000,L3,14.832277
2724,45.4000,L4,16.188031
2724,45.4000,L5,1.921849
2725,45.4167,L1,6.373086
2725,45.4167,L2,11.613862
2725,45.4167,L3,19.500927
2725,45.4167,L4,14.269986
2725,45.4167,L5,5.065525
2726,45.4333,L1,5.887832
2726,45.4333,L2,12.842479
2726,45.4333,L3,17.600569
2726,45.4333,L4,22.003090
2726,45.4333,L5,0.000000
2727,45.4500,L1,9.015352
2727,45.4500,L2,16.376006
2727,45.4500,L3,15.200276
2727,45.4500,L4,15.909659
2727,45.4500,L5,0.887541
2728,45.4667,L1,6.202373
2728,45.4667,L2,15.621229
2728,45.4667,L3,15.184672
2728,45.4667,L4,15.714530
2728,45.4667,L5,4.134486
2729,45.4833,L1,6.049248
2729,45.4833,L2,13.426605
2729,45.4833,L3,18.392364
2729,45.4833,L4,21.976251
2729,45.4833,L5,0.000000
2730,45.5000,L1,6.048285
2730,45.5000,L2,13.526494
2730,45.5000,L3,16.766059
2730,45.5000,L4,16.383929
2730,45.5000,L5,4.211613
2731,45.5167,L1,9.522774
2731,45.5167,L2,15.381667
2731,45.5167,L3,13.796566
2731,45.5167,L4,15.615870
2731,45.5167,L5,3.647142
2732,45.5333,L1,5.914559
2732,45.5333,L2,19.582155
2732,45.5333,L3,14.580667
2732,45.5333,L4,13.595835
2732,45.5333,L5,4.012201
2733,45.5500,L1,6.485124
2733,45.5500,L2,12.435772
2733,45.5500,L3,18.841386
2733,45.5500,L4,15.169367
2733,45.5500,L5,2.879227
2734,45.5667,L1,6.218426
2734,45.5667,L2,13.152767
2734,45.5667,L3,18.450910
2734,45.5667,L4,21.005368
2734,45.5667,L5,1.055315
2735,45.5833,L1,9.674079
2735,45.5833,L2,14.461002
2735,45.5833,L3,13.102784
2735,45.5833,L4,17.397011
2735,45.5833,L5,3.806179
2736,45.6000,L1,6.546920
2736,45.6000,L2,21.466860
2736,45.6000,L3,14.924850
2736,45.6000,L4,13.225761
2736,45.6000,L5,0.000000
2737,45.6167,L1,5.890399
2737,45.6167,L2,14.428181
2737,45.6167,L3,19.856450
2737,45.6167,L4,15.822928
2737,45.6167,L5,2.791140
2738,45.6333,L1,5.827768
2738,45.6333,L2,12.893760
2738,45.6333,L3,17.211211
2738,45.6333,L4,20.876477
2738,45.6333,L5,0.965290
2739,45.6500,L1,5.943130
2739,45.6500,L2,13.540130
2739,45.6500,L3,16.082480
2739,45.6500,L4,17.634406
2739,45.6500,L5,4.241069
2740,45.6667,L1,8.746044
2740,45.6667,L2,14.432289
2740,45.6667,L3,15.828620
2740,45.6667,L4,15.465934
2740,45.6667,L5,2.142658
2741,45.6833,L1,6.159690
2741,45.6833,L2,18.042108
2741,45.6833,L3,19.627681
2741,45.6833,L4,13.441742
2741,45.6833,L5,0.878967
2742,45.7000,L1,6.060109
2742,45.7000,L2,13.051628
2742,45.7000,L3,16.334544
2742,45.7000,L4,19.056840
2742,45.7000,L5,4.089345
2743,45.7167,L1,9.762580
2743,45.7167,L2,17.403528
2743,45.7167,L3,13.535402
2743,45.7167,L4,13.964829
2743,45.7167,L5,3.049009
2744,45.7333,L1,5.688229
2744,45.7333,L2,15.786394
2744,45.7333,L3,21.847039
2744,45.7333,L4,15.013838
2744,45.7333,L5,0.000000
2745,45.7500,L1,6.610150
2745,45.7500,L2,13.932142
2745,45.7500,L3,13.784272
2745,45.7500,L4,16.658097
2745,45.7500,L5,4.774290
2746,45.7667,L1,6.658321
2746,45.7667,L2,10.554361
2746,45.7667,L3,19.937824
2746,45.7667,L4,17.104845
2746,45.7667,L5,5.574321
2747,45.7833,L1,10.108293
2747,45.7833,L2,14.522402
2747,45.7833,L3,13.398736
2747,45.7833,L4,18.484622
2747,45.7833,L5,0.855357
2748,45.8000,L1,6.704516
2748,45.8000,L2,19.214463
2748,45.8000,L3,13.877809
2748,45.8000,L4,14.007339
2748,45.8000,L5,3.973743
2749,45.8167,L1,5.851312
2749,45.8167,L2,15.866300
2749,45.8167,L3,17.218139
2749,45.8167,L4,17.939933
2749,45.8167,L5,1.007105
2750,45.8333,L1,6.353792
2750,45.8333,L2,15.282642
2750,45.8333,L3,19.112871
2750,45.8333,L4,13.484382
2750,45.8333,L5,2.518183
2751,45.8500,L1,6.256130
2751,45.8500,L2,13.039639
2751,45.8500,L3,16.834522
2751,45.8500,L4,18.619365
2751,45.8500,L5,2.506573
2752,45.8667,L1,9.088322
2752,45.8667,L2,13.953316
2752,45.8667,L3,15.472254
2752,45.8667,L4,17.072964
2752,45.8667,L5,1.922582
2753,45.8833,L1,5.922382
2753,45.8833,L2,19.044886
2753,45.8833,L3,12.226590
2753,45.8833,L4,15.745193
2753,45.8833,L5,4.371733
2754,45.9000,L1,5.956197
2754,45.9000,L2,14.668074
2754,45.9000,L3,19.807540
2754,45.9000,L4,16.051247
2754,45.9000,L5,2.138868
2755,45.9167,L1,6.719055
2755,45.9167,L2,12.176417
2755,45.9167,L3,20.326811
2755,45.9167,L4,18.522437
2755,45.9167,L5,0.000000
2756,45.9333,L1,5.985998
2756,45.9333,L2,14.105725
2756,45.9333,L3,14.829202
2756,45.9333,L4,18.720331
2756,45.9333,L5,5.157875
2757,45.9500,L1,9.596324
2757,45.9500,L2,12.141531
2757,45.9500,L3,13.508820
2757,45.9500,L4,19.215624
2757,45.9500,L5,1.925046
2758,45.9667,L1,5.703586
2758,45.9667,L2,18.825208
2758,45.9667,L3,17.756251
2758,45.9667,L4,16.417421
2758,45.9667,L5,0.829530
2759,45.9833,L1,6.570251
2759,45.9833,L2,16.339476
2759,45.9833,L3,15.533291
2759,45.9833,L4,13.496353
2759,45.9833,L5,3.427578
2760,46.0000,L1,6.111813
2760,46.0000,L2,12.840968
2760,46.0000,L3,19.364729
2760,46.0000,L4,19.453061
2760,46.0000,L5,0.000000
2761,46.0167,L1,8.951917
2761,46.0167,L2,13.335880
2761,46.0167,L3,16.659163
2761,46.0167,L4,16.759107
2761,46.0167,L5,3.604910
2762,46.0333,L1,6.003858
2762,46.0333,L2,19.616857
2762,46.0333,L3,15.534119
2762,46.0333,L4,14.243745
2762,46.0333,L5,1.687450
2763,46.0500,L1,6.366897
2763,46.0500,L2,12.874392
2763,46.0500,L3,19.207172
2763,46.0500,L4,17.141424
2763,46.0500,L5,3.166076
2764,46.0667,L1,6.009007
2764,46.0667,L2,14.580008
2764,46.0667,L3,15.683820
2764,46.0667,L4,20.715088
2764,46.0667,L5,0.931322
2765,46.0833,L1,9.230598
2765,46.0833,L2,16.825090
2765,46.0833,L3,13.057091
2765,46.0833,L4,14.781746
2765,46.0833,L5,3.766595
2766,46.1000,L1,6.028585
2766,46.1000,L2,15.519570
2766,46.1000,L3,20.124360
2766,46.1000,L4,15.864660
2766,46.1000,L5,0.000000
2767,46.1167,L1,5.801411
2767,46.1167,L2,15.077911
2767,46.1167,L3,18.291466
2767,46.1167,L4,11.002932
2767,46.1167,L5,5.887205
2768,46.1333,L1,5.859781
2768,46.1333,L2,12.633752
2768,46.1333,L3,16.686474
2768,46.1333,L4,23.548729
2768,46.1333,L5,0.000000
2769,46.1500,L1,6.194216
2769,46.1500,L2,15.090292
2769,46.1500,L3,14.113692
2769,46.1500,L4,16.843837
2769,46.1500,L5,4.392212
2770,46.1667,L1,8.884404
2770,46.1667,L2,15.805734
2770,46.1667,L3,18.483385
2770,46.1667,L4,17.259751
2770,46.1667,L5,0.000000
2771,46.1833,L1,6.343886
2771,46.1833,L2,18.378884
2771,46.1833,L3,13.421148
2771,46.1833,L4,13.664435
2771,46.1833,L5,5.122098
2772,46.2000,L1,6.472700
2772,46.2000,L2,15.353047
2772,46.2000,L3,20.151154
2772,46.2000,L4,15.486656
2772,46.2000,L5,0.831402
2773,46.2167,L1,6.179460
2773,46.2167,L2,11.935523
2773,46.2167,L3,14.797865
2773,46.2167,L4,23.549230
2773,46.2167,L5,1.014587
2774,46.2333,L1,9.107042
2774,46.2333,L2,13.346582
2774,46.2333,L3,17.345346
2774,46.2333,L4,14.946577
2774,46.2333,L5,2.543246
2775,46.2500,L1,5.720898
2775,46.2500,L2,18.930017
2775,46.2500,L3,16.410138
2775,46.2500,L4,17.087421
2775,46.2500,L5,0.000000
2776,46.2667,L1,6.044295
2776,46.2667,L2,10.785963
2776,46.2667,L3,20.702311
2776,46.2667,L4,17.703428
2776,46.2667,L5,2.004452
2777,46.2833,L1,6.132783
2777,46.2833,L2,15.063777
2777,46.2833,L3,14.836125
2777,46.2833,L4,15.901318
2777,46.2833,L5,6.790410
2778,46.3000,L1,5.915399
2778,46.3000,L2,13.777444
2778,46.3000,L3,15.134241
2778,46.3000,L4,20.923332
2778,46.3000,L5,0.000000
2779,46.3167,L1,8.787311
2779,46.3167,L2,18.459330
2779,46.3167,L3,15.269656
2779,46.3167,L4,15.503183
2779,46.3167,L5,2.222275
2780,46.3333,L1,6.025627
2780,46.3333,L2,15.128234
2780,46.3333,L3,19.791282
2780,46.3333,L4,13.823428
2780,46.3333,L5,1.529493
2781,46.3500,L1,6.545380
2781,46.3500,L2,16.247083
2781,46.3500,L3,17.484237
2781,46.3500,L4,16.508689
2781,46.3500,L5,0.846000
2782,46.3667,L1,5.931969
2782,46.3667,L2,11.477541
2782,46.3667,L3,18.271336
2782,46.3667,L4,14.894239
2782,46.3667,L5,6.097051
2783,46.3833,L1,9.761596
2783,46.3833,L2,15.632274
2783,46.3833,L3,13.996514
2783,46.3833,L4,19.442798
2783,46.3833,L5,0.863593
2784,46.4000,L1,6.264229
2784,46.4000,L2,17.250172
2784,46.4000,L3,15.871004
2784,46.4000,L4,14.560483
2784,46.4000,L5,3.774895
2785,46.4167,L1,5.937084
2785,46.4167,L2,14.898830
2785,46.4167,L3,19.536772
2785,46.4167,L4,17.968732
2785,46.4167,L5,0.000000
2786,46.4333,L1,6.685614
2786,46.4333,L2,14.972300
2786,46.4333,L3,19.296977
2786,46.4333,L4,13.748280
2786,46.4333,L5,2.776574
2787,46.4500,L1,6.582376
2787,46.4500,L2,12.915236
2787,46.4500,L3,13.361986
2787,46.4500,L4,20.500113
2787,46.4500,L5,3.906591
2788,46.4667,L1,6.802371
2788,46.4667,L2,15.196641
2788,46.4667,L3,17.179884
2788,46.4667,L4,16.712327
2788,46.4667,L5,3.117528
2789,46.4833,L1,8.784031
2789,46.4833,L2,15.088057
2789,46.4833,L3,13.697965
2789,46.4833,L4,19.540248
2789,46.4833,L5,0.000000
2790,46.5000,L1,6.249007
2790,46.5000,L2,16.693545
2790,46.5000,L3,14.129306
2790,46.5000,L4,15.204836
2790,46.5000,L5,5.931970
2791,46.5167,L1,6.109872
2791,46.5167,L2,12.367835
2791,46.5167,L3,21.690431
2791,46.5167,L4,16.560754
2791,46.5167,L5,0.000000
2792,46.5333,L1,5.937917
2792,46.5333,L2,15.119725
2792,46.5333,L3,12.613268
2792,46.5333,L4,22.339557
2792,46.5333,L5,3.329508
2793,46.5500,L1,10.531828
2793,46.5500,L2,12.681394
2793,46.5500,L3,14.581499
2793,46.5500,L4,19.367212
2793,46.5500,L5,0.000000
2794,46.5667,L1,6.464002
2794,46.5667,L2,15.633031
2794,46.5667,L3,14.059748
2794,46.5667,L4,16.429351
2794,46.5667,L5,3.843669
2795,46.5833,L1,6.368203
2795,46.5833,L2,17.790326
2795,46.5833,L3,16.689884
2795,46.5833,L4,16.461631
2795,46.5833,L5,1.789391
2796,46.6000,L1,5.682443
2796,46.6000,L2,12.576172
2796,46.6000,L3,21.553260
2796,46.6000,L4,16.616355
2796,46.6000,L5,0.840538
2797,46.6167,L1,5.882004
2797,46.6167,L2,13.674428
2797,46.6167,L3,14.292821
2797,46.6167,L4,21.567410
2797,46.6167,L5,3.480182
2798,46.6333,L1,9.371871
2798,46.6333,L2,14.801487
2798,46.6333,L3,16.544535
2798,46.6333,L4,16.366497
2798,46.6333,L5,0.829000
2799,46.6500,L1,6.090141
2799,46.6500,L2,19.202908
2799,46.6500,L3,15.473978
2799,46.6500,L4,14.572451
2799,46.6500,L5,2.574345
2800,46.6667,L1,6.000952
2800,46.6667,L2,13.656824
2800,46.6667,L3,20.031534
2800,46.6667,L4,16.372667
2800,46.6667,L5,0.000000
2801,46.6833,L1,5.949735
2801,46.6833,L2,11.824852
2801,46.6833,L3,15.493611
2801,46.6833,L4,20.594033
2801,46.6833,L5,2.557888
2802,46.7000,L1,5.981269
2802,46.7000,L2,14.321255
2802,46.7000,L3,16.134738
2802,46.7000,L4,17.568907
2802,46.7000,L5,4.397720
2803,46.7167,L1,9.806337
2803,46.7167,L2,13.762886
2803,46.7167,L3,15.272799
2803,46.7167,L4,17.563296
2803,46.7167,L5,2.070206
2804,46.7333,L1,5.794650
2804,46.7333,L2,18.129905
2804,46.7333,L3,17.601900
2804,46.7333,L4,14.365538
2804,46.7333,L5,2.859206
2805,46.7500,L1,7.247015
2805,46.7500,L2,15.369404
2805,46.7500,L3,18.253423
2805,46.7500,L4,14.013646
2805,46.7500,L5,2.146408
2806,46.7667,L1,5.978774
2806,46.7667,L2,11.479408
2806,46.7667,L3,17.407783
2806,46.7667,L4,21.358750
2806,46.7667,L5,0.947081
2807,46.7833,L1,6.960647
2807,46.7833,L2,14.547629
2807,46.7833,L3,13.354026
2807,46.7833,L4,19.716549
2807,46.7833,L5,3.028307
2808,46.8000,L1,9.017406
2808,46.8000,L2,16.819071
2808,46.8000,L3,14.927799
2808,46.8000,L4,16.718230
2808,46.8000,L5,0.841853
2809,46.8167,L1,5.990474
2809,46.8167,L2,19.031333
2809,46.8167,L3,16.086319
2809,46.8167,L4,11.296366
2809,46.8167,L5,6.747929
2810,46.8333,L1,5.943704
2810,46.8333,L2,12.782208
2810,46.8333,L3,20.718529
2810,46.8333,L4,17.612890
2810,46.8333,L5,0.000000
2811,46.8500,L1,5.971288
2811,46.8500,L2,12.103172
2811,46.8500,L3,15.998034
2811,46.8500,L4,18.179054
2811,46.8500,L5,5.694336
2812,46.8667,L1,6.164178
2812,46.8667,L2,12.786635
2812,46.8667,L3,17.913275
2812,46.8667,L4,19.380076
2812,46.8667,L5,0.000000
2813,46.8833,L1,10.541600
2813,46.8833,L2,18.992895
2813,46.8833,L3,14.548207
2813,46.8833,L4,15.107685
2813,46.8833,L5,0.974690
2814,46.9000,L1,6.268906
2814,46.9000,L2,17.229587
2814,46.9000,L3,16.740769
2814,46.9000,L4,13.255457
2814,46.9000,L5,3.446963
2815,46.9167,L1,5.893452
2815,46.9167,L2,13.289104
2815,46.9167,L3,18.175293
2815,46.9167,L4,17.756345
2815,46.9167,L5,1.767664
2816,46.9333,L1,6.304710
2816,46.9333,L2,15.509587
2816,46.9333,L3,15.791688
2816,46.9333,L4,17.815517
2816,46.9333,L5,1.866835
2817,46.9500,L1,9.562560
2817,46.9500,L2,14.298243
2817,46.9500,L3,14.052829
2817,46.9500,L4,16.634477
2817,46.9500,L5,4.339419
2818,46.9667,L1,6.871959
2818,46.9667,L2,17.398921
2818,46.9667,L3,15.073312
2818,46.9667,L4,14.189455
2818,46.9667,L5,3.931633
2819,46.9833,L1,6.087618
2819,46.9833,L2,14.915508
2819,46.9833,L3,20.501040
2819,46.9833,L4,14.828780
2819,46.9833,L5,0.837314
2820,47.0000,L1,5.775458
2820,47.0000,L2,10.805728
2820,47.0000,L3,18.782594
2820,47.0000,L4,19.691300
2820,47.0000,L5,1.750822
2821,47.0167,L1,6.490958
2821,47.0167,L2,15.329149
2821,47.0167,L3,17.826301
2821,47.0167,L4,21.075806
2821,47.0167,L5,0.000000
2822,47.0333,L1,9.003883
2822,47.0333,L2,17.204549
2822,47.0333,L3,11.006344
2822,47.0333,L4,13.252185
2822,47.0333,L5,7.027521
2823,47.0500,L1,6.103975
2823,47.0500,L2,12.657685
2823,47.0500,L3,22.358718
2823,47.0500,L4,16.410826
2823,47.0500,L5,0.000000
2824,47.0667,L1,5.938937
2824,47.0667,L2,12.855885
2824,47.0667,L3,18.801963
2824,47.0667,L4,16.607254
2824,47.0667,L5,2.980671
2825,47.0833,L1,6.167534
2825,47.0833,L2,15.487514
2825,47.0833,L3,15.889776
2825,47.0833,L4,17.889610
2825,47.0833,L5,1.595741
2826,47.1000,L1,8.757176
2826,47.1000,L2,12.735033
2826,47.1000,L3,14.560370
2826,47.1000,L4,18.235663
2826,47.1000,L5,4.495198
2827,47.1167,L1,6.124161
2827,47.1167,L2,18.875734
2827,47.1167,L3,14.527846
2827,47.1167,L4,16.032573
2827,47.1167,L5,1.918040
2828,47.1333,L1,5.942999
2828,47.1333,L2,15.120744
2828,47.1333,L3,18.955689
2828,47.1333,L4,12.209426
2828,47.1333,L5,4.873063
2829,47.1500,L1,5.956884
2829,47.1500,L2,11.843009
2829,47.1500,L3,15.602359
2829,47.1500,L4,24.565028
2829,47.1500,L5,1.063036
2830,47.1667,L1,10.358264
2830,47.1667,L2,14.868039
2830,47.1667,L3,16.667074
2830,47.1667,L4,14.749146
2830,47.1667,L5,1.336353
2831,47.1833,L1,6.091706
2831,47.1833,L2,18.468830
2831,47.1833,L3,15.793175
2831,47.1833,L4,15.184006
2831,47.1833,L5,1.754934
2832,47.2000,L1,5.840145
2832,47.2000,L2,12.852932
2832,47.2000,L3,13.678020
2832,47.2000,L4,20.375266
2832,47.2000,L5,4.816004
2833,47.2167,L1,6.150864
2833,47.2167,L2,13.131882
2833,47.2167,L3,21.571033
2833,47.2167,L4,17.617753
2833,47.2167,L5,0.000000
2834,47.2333,L1,5.987034
2834,47.2333,L2,13.973128
2834,47.2333,L3,21.006242
2834,47.2333,L4,13.274532
2834,47.2333,L5,1.659963
2835,47.2500,L1,9.451564
2835,47.2500,L2,14.670202
2835,47.2500,L3,11.802322
2835,47.2500,L4,19.976848
2835,47.2500,L5,3.874735
2836,47.2667,L1,6.187915
2836,47.2667,L2,18.252829
2836,47.2667,L3,16.619920
2836,47.2667,L4,13.323462
2836,47.2667,L5,1.856648
2837,47.2833,L1,6.519929
2837,47.2833,L2,14.214217
2837,47.2833,L3,16.221293
2837,47.2833,L4,16.887725
2837,47.2833,L5,3.454529
2838,47.3000,L1,6.247423
2838,47.3000,L2,13.622914
2838,47.3000,L3,20.840517
2838,47.3000,L4,15.966362
2838,47.3000,L5,1.255876
2839,47.3167,L1,9.926692
2839,47.3167,L2,11.985334
2839,47.3167,L3,15.773540
2839,47.3167,L4,20.105678
2839,47.3167,L5,2.159598
2840,47.3333,L1,7.118266
2840,47.3333,L2,16.912301
2840,47.3333,L3,14.477532
2840,47.3333,L4,15.196181
2840,47.3333,L5,2.790269
2841,47.3500,L1,6.581609
2841,47.3500,L2,16.127205
2841,47.3500,L3,15.384380
2841,47.3500,L4,15.028410
2841,47.3500,L5,5.497001
2842,47.3667,L1,5.863413
2842,47.3667,L2,14.882209
2842,47.3667,L3,18.865043
2842,47.3667,L4,18.149369
2842,47.3667,L5,0.000000
2843,47.3833,L1,6.005585
2843,47.3833,L2,12.612128
2843,47.3833,L3,19.017927
2843,47.3833,L4,19.269812
2843,47.3833,L5,1.064330
2844,47.4000,L1,9.662489
2844,47.4000,L2,13.328354
2844,47.4000,L3,11.663749
2844,47.4000,L4,16.664598
2844,47.4000,L5,5.705900
2845,47.4167,L1,6.034605
2845,47.4167,L2,17.331878
2845,47.4167,L3,15.853524
2845,47.4167,L4,16.632259
2845,47.4167,L5,2.473252
2846,47.4333,L1,5.969532
2846,47.4333,L2,16.392788
2846,47.4333,L3,22.394983
2846,47.4333,L4,12.355538
2846,47.4333,L5,0.000000
2847,47.4500,L1,6.264805
2847,47.4500,L2,13.262764
2847,47.4500,L3,14.973718
2847,47.4500,L4,21.982074
2847,47.4500,L5,2.692375
2848,47.4667,L1,9.525101
2848,47.4667,L2,16.196973
2848,47.4667,L3,14.725364
2848,47.4667,L4,14.491207
2848,47.4667,L5,2.764310
2849,47.4833,L1,5.987186
2849,47.4833,L2,16.875365
2849,47.4833,L3,15.326751
2849,47.4833,L4,19.253820
2849,47.4833,L5,0.000000
2850,47.5000,L1,5.912680
2850,47.5000,L2,15.315804
2850,47.5000,L3,18.582169
2850,47.5000,L4,14.307924
2850,47.5000,L5,3.664207
2851,47.5167,L1,6.367573
2851,47.5167,L2,12.481213
2851,47.5167,L3,16.838205
2851,47.5167,L4,19.042132
2851,47.5167,L5,3.569504
2852,47.5333,L1,6.196633
2852,47.5333,L2,15.236729
2852,47.5333,L3,16.767020
2852,47.5333,L4,17.825210
2852,47.5333,L5,1.012754
2853,47.5500,L1,8.597959
2853,47.5500,L2,18.834288
2853,47.5500,L3,18.604692
2853,47.5500,L4,10.686273
2853,47.5500,L5,1.702176
2854,47.5667,L1,6.531951
2854,47.5667,L2,12.685238
2854,47.5667,L3,16.280151
2854,47.5667,L4,16.776988
2854,47.5667,L5,5.165382
2855,47.5833,L1,5.998762
2855,47.5833,L2,14.569164
2855,47.5833,L3,15.407652
2855,47.5833,L4,21.526892
2855,47.5833,L5,0.000000
2856,47.6000,L1,8.893753
2856,47.6000,L2,13.502510
2856,47.6000,L3,15.669349
2856,47.6000,L4,14.946199
2856,47.6000,L5,4.886432
2857,47.6167,L1,5.855120
2857,47.6167,L2,18.786699
2857,47.6167,L3,14.691634
2857,47.6167,L4,15.923937
2857,47.6167,L5,1.635651
2858,47.6333,L1,6.152703
2858,47.6333,L2,14.673134
2858,47.6333,L3,15.355817
2858,47.6333,L4,19.706072
2858,47.6333,L5,1.007345
2859,47.6500,L1,5.925081
2859,47.6500,L2,13.999069
2859,47.6500,L3,17.643640
2859,47.6500,L4,16.443461
2859,47.6500,L5,3.584532
2860,47.6667,L1,6.655824
2860,47.6667,L2,14.304057
2860,47.6667,L3,18.695153
2860,47.6667,L4,18.806803
2860,47.6667,L5,0.000000
2861,47.6833,L1,9.916472
2861,47.6833,L2,14.996800
2861,47.6833,L3,10.805421
2861,47.6833,L4,17.653722
2861,47.6833,L5,5.367796
2862,47.7000,L1,5.913814
2862,47.7000,L2,15.093258
2862,47.7000,L3,18.654514
2862,47.7000,L4,16.914888
2862,47.7000,L5,0.000000
2863,47.7167,L1,5.817404
2863,47.7167,L2,16.521692
2863,47.7167,L3,17.914387
2863,47.7167,L4,15.811863
2863,47.7167,L5,3.576739
2864,47.7333,L1,5.926040
2864,47.7333,L2,13.199090
2864,47.7333,L3,19.730654
2864,47.7333,L4,15.197871
2864,47.7333,L5,3.604642
2865,47.7500,L1,5.685573
2865,47.7500,L2,12.833961
2865,47.7500,L3,18.549140
2865,47.7500,L4,19.920370
2865,47.7500,L5,0.000000
2866,47.7667,L1,8.866341
2866,47.7667,L2,13.342354
2866,47.7667,L3,14.509764
2866,47.7667,L4,16.784689
2866,47.7667,L5,3.436817
2867,47.7833,L1,3.383697
2867,47.7833,L2,16.117821
2867,47.7833,L3,19.471556
2867,47.7833,L4,17.597136
2867,47.7833,L5,3.233283
2868,47.8000,L1,9.006015
2868,47.8000,L2,14.287270
2868,47.8000,L3,14.106049
2868,47.8000,L4,16.835465
2868,47.8000,L5,1.688383
2869,47.8167,L1,6.240505
2869,47.8167,L2,18.393568
2869,47.8167,L3,18.380726
2869,47.8167,L4,14.691997
2869,47.8167,L5,1.112332
2870,47.8333,L1,6.037929
2870,47.8333,L2,12.983071
2870,47.8333,L3,18.225262
2870,47.8333,L4,16.723687
2870,47.8333,L5,1.780584
2871,47.8500,L1,6.004095
2871,47.8500,L2,13.179956
2871,47.8500,L3,17.702390
2871,47.8500,L4,17.969779
2871,47.8500,L5,4.765512
2872,47.8667,L1,6.492824
2872,47.8667,L2,15.272144
2872,47.8667,L3,14.995056
2872,47.8667,L4,19.905868
2872,47.8667,L5,1.779990
2873,47.8833,L1,9.630648
2873,47.8833,L2,13.612653
2873,47.8833,L3,12.363325
2873,47.8833,L4,15.112375
2873,47.8833,L5,5.612125
2874,47.9000,L1,5.866366
2874,47.9000,L2,21.764217
2874,47.9000,L3,16.538040
2874,47.9000,L4,13.174727
2874,47.9000,L5,1.864646
2875,47.9167,L1,6.400444
2875,47.9167,L2,11.838566
2875,47.9167,L3,20.929772
2875,47.9167,L4,18.076966
2875,47.9167,L5,1.001066
2876,47.9333,L1,5.785074
2876,47.9333,L2,12.957603
2876,47.9333,L3,13.539984
2876,47.9333,L4,20.961669
2876,47.9333,L5,3.835198
2877,47.9500,L1,8.652136
2877,47.9500,L2,14.396968
2877,47.9500,L3,13.310108
2877,47.9500,L4,16.846150
2877,47.9500,L5,2.745146
2878,47.9667,L1,6.129365
2878,47.9667,L2,19.080958
2878,47.9667,L3,18.035762
2878,47.9667,L4,15.222286
2878,47.9667,L5,1.837432
2879,47.9833,L1,6.162945
2879,47.9833,L2,13.773346
2879,47.9833,L3,18.541033
2879,47.9833,L4,15.838218
2879,47.9833,L5,1.951306
2880,48.0000,L1,5.915849
2880,48.0000,L2,13.421760
2880,48.0000,L3,12.426695
2880,48.0000,L4,18.009804
2880,48.0000,L5,8.457158
2881,48.0167,L1,9.440214
2881,48.0167,L2,13.969013
2881,48.0167,L3,17.620973
2881,48.0167,L4,14.789722
2881,48.0167,L5,2.199631
2882,48.0333,L1,6.504249
2882,48.0333,L2,18.533251
2882,48.0333,L3,16.400890
2882,48.0333,L4,13.905295
2882,48.0333,L5,2.512961
2883,48.0500,L1,5.898842
2883,48.0500,L2,15.718359
2883,48.0500,L3,20.338039
2883,48.0500,L4,13.849866
2883,48.0500,L5,2.519369
2884,48.0667,L1,6.061889
2884,48.0667,L2,11.936916
2884,48.0667,L3,14.509021
2884,48.0667,L4,22.877897
2884,48.0667,L5,1.741204
2885,48.0833,L1,9.087573
2885,48.0833,L2,15.867086
2885,48.0833,L3,15.072797
2885,48.0833,L4,13.530116
2885,48.0833,L5,3.983485
2886,48.1000,L1,6.004492
2886,48.1000,L2,18.623659
2886,48.1000,L3,17.536883
2886,48.1000,L4,13.721600
2886,48.1000,L5,0.816542
2887,48.1167,L1,6.247341
2887,48.1167,L2,14.268511
2887,48.1167,L3,18.455455
2887,48.1167,L4,16.615132
2887,48.1167,L5,2.033731
2888,48.1333,L1,6.070516
2888,48.1333,L2,11.645251
2888,48.1333,L3,16.986903
2888,48.1333,L4,20.627316
2888,48.1333,L5,1.881557
2889,48.1500,L1,9.702148
2889,48.1500,L2,15.234014
2889,48.1500,L3,14.117565
2889,48.1500,L4,14.294929
2889,48.1500,L5,5.276622
2890,48.1667,L1,5.988866
2890,48.1667,L2,18.491632
2890,48.1667,L3,16.682999
2890,48.1667,L4,15.044811
2890,48.1667,L5,1.896192
2891,48.1833,L1,6.169579
2891,48.1833,L2,13.781193
2891,48.1833,L3,20.803768
2891,48.1833,L4,13.767627
2891,48.1833,L5,3.278463
2892,48.2000,L1,6.862285
2892,48.2000,L2,13.583216
2892,48.2000,L3,15.345170
2892,48.2000,L4,21.375796
2892,48.2000,L5,1.110444
2893,48.2167,L1,9.516838
2893,48.2167,L2,16.659459
2893,48.2167,L3,13.475254
2893,48.2167,L4,17.029545
2893,48.2167,L5,1.845287
2894,48.2333,L1,6.056844
2894,48.2333,L2,14.608853
2894,48.2333,L3,18.509930
2894,48.2333,L4,14.586157
2894,48.2333,L5,3.754554
2895,48.2500,L1,6.055940
2895,48.2500,L2,12.425259
2895,48.2500,L3,17.993956
2895,48.2500,L4,18.410232
2895,48.2500,L5,0.940119
2896,48.2667,L1,5.790310
2896,48.2667,L2,15.138088
2896,48.2667,L3,14.814383
2896,48.2667,L4,19.865684
2896,48.2667,L5,4.069376
2897,48.2833,L1,6.071267
2897,48.2833,L2,14.930202
2897,48.2833,L3,14.078985
2897,48.2833,L4,16.211352
2897,48.2833,L5,5.530558
2898,48.3000,L1,8.929420
2898,48.3000,L2,14.774784
2898,48.3000,L3,15.309773
2898,48.3000,L4,17.595897
2898,48.3000,L5,0.827964
2899,48.3167,L1,6.426370
2899,48.3167,L2,19.626219
2899,48.3167,L3,18.070031
2899,48.3167,L4,13.824646
2899,48.3167,L5,0.000000
2900,48.3333,L1,5.930514
2900,48.3333,L2,14.195653
2900,48.3333,L3,15.712760
2900,48.3333,L4,17.578312
2900,48.3333,L5,4.414404
2901,48.3500,L1,6.247890
2901,48.3500,L2,14.018951
2901,48.3500,L3,17.080548
2901,48.3500,L4,18.483234
2901,48.3500,L5,0.000000
2902,48.3667,L1,9.043462
2902,48.3667,L2,13.459752
2902,48.3667,L3,18.029975
2902,48.3667,L4,18.613771
2902,48.3667,L5,1.600727
2903,48.3833,L1,6.214289
2903,48.3833,L2,17.120902
2903,48.3833,L3,16.304713
2903,48.3833,L4,15.216233
2903,48.3833,L5,0.878461
2904,48.4000,L1,5.908365
2904,48.4000,L2,15.661468
2904,48.4000,L3,17.686759
2904,48.4000,L4,12.102494
2904,48.4000,L5,6.855937
2905,48.4167,L1,5.844078
2905,48.4167,L2,12.106222
2905,48.4167,L3,15.997845
2905,48.4167,L4,22.352973
2905,48.4167,L5,2.977672
2906,48.4333,L1,6.528765
2906,48.4333,L2,16.132227
2906,48.4333,L3,18.967596
2906,48.4333,L4,15.001112
2906,48.4333,L5,0.000000
2907,48.4500,L1,8.667824
2907,48.4500,L2,14.417388
2907,48.4500,L3,12.277197
2907,48.4500,L4,19.520452
2907,48.4500,L5,2.840318
2908,48.4667,L1,5.989575
2908,48.4667,L2,18.358512
2908,48.4667,L3,19.227083
2908,48.4667,L4,13.428336
2908,48.4667,L5,0.791729
2909,48.4833,L1,5.795845
2909,48.4833,L2,13.253386
2909,48.4833,L3,16.234128
2909,48.4833,L4,19.137329
2909,48.4833,L5,3.803219
2910,48.5000,L1,6.187421
2910,48.5000,L2,12.799047
2910,48.5000,L3,17.222669
2910,48.5000,L4,18.689507
2910,48.5000,L5,2.430557
2911,48.5167,L1,5.988297
2911,48.5167,L2,15.008379
2911,48.5167,L3,16.765749
2911,48.5167,L4,19.423722
2911,48.5167,L5,0.000000
2912,48.5333,L1,9.067952
2912,48.5333,L2,19.387197
2912,48.5333,L3,12.397158
2912,48.5333,L4,10.794395
2912,48.5333,L5,5.939668
2913,48.5500,L1,6.282488
2913,48.5500,L2,13.381677
2913,48.5500,L3,23.782730
2913,48.5500,L4,14.084953
2913,48.5500,L5,1.834906
2914,48.5667,L1,5.874909
2914,48.5667,L2,13.239110
2914,48.5667,L3,14.772834
2914,48.5667,L4,21.562175
2914,48.5667,L5,2.806414
2915,48.5833,L1,6.009376
2915,48.5833,L2,13.575502
2915,48.5833,L3,16.802841
2915,48.5833,L4,17.155206
2915,48.5833,L5,2.596570
2916,48.6000,L1,9.961751
2916,48.6000,L2,18.404880
2916,48.6000,L3,13.459533
2916,48.6000,L4,13.489805
2916,48.6000,L5,2.719682
2917,48.6167,L1,6.038468
2917,48.6167,L2,10.568562
2917,48.6167,L3,22.928282
2917,48.6167,L4,16.901319
2917,48.6167,L5,0.948951
2918,48.6333,L1,6.519118
2918,48.6333,L2,13.599104
2918,48.6333,L3,15.264134
2918,48.6333,L4,20.433577
2918,48.6333,L5,3.647324
2919,48.6500,L1,6.606045
2919,48.6500,L2,13.684305
2919,48.6500,L3,13.521312
2919,48.6500,L4,17.172578
2919,48.6500,L5,4.408113
2920,48.6667,L1,5.969943
2920,48.6667,L2,15.230954
2920,48.6667,L3,17.249121
2920,48.6667,L4,17.547727
2920,48.6667,L5,2.589330
2921,48.6833,L1,8.946756
2921,48.6833,L2,19.364609
2921,48.6833,L3,13.931939
2921,48.6833,L4,12.203354
2921,48.6833,L5,4.352947
2922,48.7000,L1,5.845483
2922,48.7000,L2,14.325058
2922,48.7000,L3,22.420126
2922,48.7000,L4,14.917144
2922,48.7000,L5,0.000000
2923,48.7167,L1,5.902282
2923,48.7167,L2,13.639245
2923,48.7167,L3,14.426830
2923,48.7167,L4,19.813548
2923,48.7167,L5,4.463397
2924,48.7333,L1,9.590134
2924,48.7333,L2,15.326848
2924,48.7333,L3,15.485179
2924,48.7333,L4,14.884408
2924,48.7333,L5,1.008782
2925,48.7500,L1,6.855058
2925,48.7500,L2,16.560109
2925,48.7500,L3,15.347741
2925,48.7500,L4,17.505897
2925,48.7500,L5,1.971240
2926,48.7667,L1,5.880408
2926,48.7667,L2,12.204982
2926,48.7667,L3,21.578192
2926,48.7667,L4,16.543442
2926,48.7667,L5,2.439537
2927,48.7833,L1,6.101576
2927,48.7833,L2,14.504854
2927,48.7833,L3,15.775813
2927,48.7833,L4,15.642981
2927,48.7833,L5,5.679531
2928,48.8000,L1,9.161504
2928,48.8000,L2,13.793331
2928,48.8000,L3,15.230438
2928,48.8000,L4,17.046076
2928,48.8000,L5,2.651272
2929,48.8167,L1,5.787062
2929,48.8167,L2,18.370840
2929,48.8167,L3,16.526999
2929,48.8167,L4,12.653664
2929,48.8167,L5,3.448371
2930,48.8333,L1,6.351258
2930,48.8333,L2,13.499917
2930,48.8333,L3,20.096164
2930,48.8333,L4,15.800599
2930,48.8333,L5,1.659381
2931,48.8500,L1,6.037273
2931,48.8500,L2,12.371940
2931,48.8500,L3,17.072481
2931,48.8500,L4,21.449093
2931,48.8500,L5,2.380993
2932,48.8667,L1,9.576898
2932,48.8667,L2,14.859320
2932,48.8667,L3,12.966545
2932,48.8667,L4,17.722781
2932,48.8667,L5,2.692383
2933,48.8833,L1,6.103357
2933,48.8833,L2,15.906545
2933,48.8833,L3,19.235129
2933,48.8833,L4,14.777702
2933,48.8833,L5,0.792448
2934,48.9000,L1,6.560368
2934,48.9000,L2,13.126229
2934,48.9000,L3,17.510112
2934,48.9000,L4,17.530575
2934,48.9000,L5,2.288659
2935,48.9167,L1,6.219820
2935,48.9167,L2,15.096962
2935,48.9167,L3,17.683746
2935,48.9167,L4,19.317366
2935,48.9167,L5,1.350102
2936,48.9333,L1,5.986022
2936,48.9333,L2,12.354224
2936,48.9333,L3,14.728709
2936,48.9333,L4,17.477133
2936,48.9333,L5,4.463720
2937,48.9500,L1,9.229019
2937,48.9500,L2,14.668335
2937,48.9500,L3,13.365544
2937,48.9500,L4,18.593940
2937,48.9500,L5,3.603589
2938,48.9667,L1,6.049187
2938,48.9667,L2,13.894412
2938,48.9667,L3,18.347609
2938,48.9667,L4,18.995095
2938,48.9667,L5,0.366343
2939,48.9833,L1,6.209704
2939,48.9833,L2,18.682128
2939,48.9833,L3,18.060353
2939,48.9833,L4,12.989037
2939,48.9833,L5,0.818390
2940,49.0000,L1,6.103207
2940,49.0000,L2,14.034866
2940,49.0000,L3,17.631576
2940,49.0000,L4,17.929195
2940,49.0000,L5,2.584397
2941,49.0167,L1,8.973558
2941,49.0167,L2,13.256901
2941,49.0167,L3,12.472646
2941,49.0167,L4,18.991668
2941,49.0167,L5,4.633637
2942,49.0333,L1,6.044604
2942,49.0333,L2,20.287186
2942,49.0333,L3,14.420843
2942,49.0333,L4,14.758797
2942,49.0333,L5,2.442235
2943,49.0500,L1,5.871887
2943,49.0500,L2,13.406706
2943,49.0500,L3,22.834621
2943,49.0500,L4,15.886954
2943,49.0500,L5,0.000000
2944,49.0667,L1,5.935484
2944,49.0667,L2,10.845470
2944,49.0667,L3,14.804814
2944,49.0667,L4,22.854353
2944,49.0667,L5,3.583916
2945,49.0833,L1,9.381104
2945,49.0833,L2,17.380991
2945,49.0833,L3,15.022227
2945,49.0833,L4,13.018282
2945,49.0833,L5,0.999705
2946,49.1000,L1,6.024679
2946,49.1000,L2,16.135729
2946,49.1000,L3,16.327123
2946,49.1000,L4,18.148512
2946,49.1000,L5,2.492264
2947,49.1167,L1,5.713150
2947,49.1167,L2,13.430577
2947,49.1167,L3,19.587600
2947,49.1167,L4,16.018056
2947,49.1167,L5,2.339210
2948,49.1333,L1,6.055617
2948,49.1333,L2,14.442035
2948,49.1333,L3,14.978707
2948,49.1333,L4,19.265951
2948,49.1333,L5,2.660775
2949,49.1500,L1,6.456213
2949,49.1500,L2,13.297194
2949,49.1500,L3,17.192594
2949,49.1500,L4,18.232989
2949,49.1500,L5,3.282464
2950,49.1667,L1,9.662780
2950,49.1667,L2,17.437992
2950,49.1667,L3,14.227812
2950,49.1667,L4,14.935763
2950,49.1667,L5,0.806864
2951,49.1833,L1,6.113324
2951,49.1833,L2,15.536186
2951,49.1833,L3,17.860478
2951,49.1833,L4,15.358826
2951,49.1833,L5,3.411281
2952,49.2000,L1,6.063001
2952,49.2000,L2,13.803803
2952,49.2000,L3,17.562743
2952,49.2000,L4,21.110905
2952,49.2000,L5,0.000000
2953,49.2167,L1,5.937364
2953,49.2167,L2,14.652400
2953,49.2167,L3,15.011369
2953,49.2167,L4,16.360451
2953,49.2167,L5,5.036934
2954,49.2333,L1,5.968082
2954,49.2333,L2,14.317205
2954,49.2333,L3,16.869725
2954,49.2333,L4,19.275358
2954,49.2333,L5,1.708993
2955,49.2500,L1,9.511896
2955,49.2500,L2,15.935772
2955,49.2500,L3,12.258639
2955,49.2500,L4,16.231285
2955,49.2500,L5,3.202507
2956,49.2667,L1,6.474647
2956,49.2667,L2,16.549325
2956,49.2667,L3,18.582897
2956,49.2667,L4,14.959095
2956,49.2667,L5,2.171571
2957,49.2833,L1,6.267326
2957,49.2833,L2,13.800556
2957,49.2833,L3,18.172061
2957,49.2833,L4,18.105418
2957,49.2833,L5,0.000000
2958,49.3000,L1,6.177278
2958,49.3000,L2,12.178858
2958,49.3000,L3,19.403665
2958,49.3000,L4,18.347515
2958,49.3000,L5,3.682172
2959,49.3167,L1,6.131668
2959,49.3167,L2,12.556644
2959,49.3167,L3,16.362025
2959,49.3167,L4,17.727340
2959,49.3167,L5,4.793531
2960,49.3333,L1,6.160425
2960,49.3333,L2,14.944199
2960,49.3333,L3,17.431041
2960,49.3333,L4,14.227036
2960,49.3333,L5,5.032569
2961,49.3500,L1,8.994413
2961,49.3500,L2,18.600830
2961,49.3500,L3,13.848289
2961,49.3500,L4,15.053248
2961,49.3500,L5,1.792060
2962,49.3667,L1,6.077306
2962,49.3667,L2,13.939703
2962,49.3667,L3,17.722002
2962,49.3667,L4,18.183201
2962,49.3667,L5,1.031298
2963,49.3833,L1,6.273680
2963,49.3833,L2,11.947276
2963,49.3833,L3,20.643159
2963,49.3833,L4,16.651759
2963,49.3833,L5,2.603281
2964,49.4000,L1,6.108406
2964,49.4000,L2,15.221975
2964,49.4000,L3,14.942759
2964,49.4000,L4,21.233260
2964,49.4000,L5,1.126591
2965,49.4167,L1,9.157710
2965,49.4167,L2,12.979670
2965,49.4167,L3,12.901270
2965,49.4167,L4,17.646085
2965,49.4167,L5,3.908258
2966,49.4333,L1,6.187294
2966,49.4333,L2,17.874911
2966,49.4333,L3,16.271438
2966,49.4333,L4,15.970400
2966,49.4333,L5,1.697888
2967,49.4500,L1,5.964154
2967,49.4500,L2,15.844179
2967,49.4500,L3,18.751697
2967,49.4500,L4,17.731376
2967,49.4500,L5,0.000000
2968,49.4667,L1,9.528956
2968,49.4667,L2,17.452460
2968,49.4667,L3,12.596067
2968,49.4667,L4,12.550175
2968,49.4667,L5,5.412408
2969,49.4833,L1,6.101211
2969,49.4833,L2,12.065752
2969,49.4833,L3,16.306068
2969,49.4833,L4,22.211055
2969,49.4833,L5,1.096923
2970,49.5000,L1,6.223687
2970,49.5000,L2,19.455410
2970,49.5000,L3,14.469115
2970,49.5000,L4,14.231845
2970,49.5000,L5,2.554848
2971,49.5167,L1,6.479991
2971,49.5167,L2,12.815239
2971,49.5167,L3,20.367088
2971,49.5167,L4,16.934478
2971,49.5167,L5,1.026469
2972,49.5333,L1,6.018497
2972,49.5333,L2,14.915534
2972,49.5333,L3,14.112596
2972,49.5333,L4,15.435513
2972,49.5333,L5,6.225764
2973,49.5500,L1,6.242908
2973,49.5500,L2,15.914332
2973,49.5500,L3,19.289067
2973,49.5500,L4,15.879630
2973,49.5500,L5,1.597577
2974,49.5667,L1,8.886168
2974,49.5667,L2,11.691383
2974,49.5667,L3,12.911390
2974,49.5667,L4,19.397288
2974,49.5667,L5,4.053808
2975,49.5833,L1,6.053657
2975,49.5833,L2,19.070557
2975,49.5833,L3,16.030275
2975,49.5833,L4,15.270595
2975,49.5833,L5,1.666649
2976,49.6000,L1,5.939055
2976,49.6000,L2,14.204577
2976,49.6000,L3,19.727197
2976,49.6000,L4,15.642158
2976,49.6000,L5,2.384439
2977,49.6167,L1,6.441961
2977,49.6167,L2,14.331595
2977,49.6167,L3,14.844272
2977,49.6167,L4,23.127279
2977,49.6167,L5,0.000000
2978,49.6333,L1,5.935552
2978,49.6333,L2,13.114377
2978,49.6333,L3,15.737814
2978,49.6333,L4,18.999714
2978,49.6333,L5,3.099585
2979,49.6500,L1,9.379399
2979,49.6500,L2,17.557422
2979,49.6500,L3,14.798873
2979,49.6500,L4,15.988548
2979,49.6500,L5,2.069223
2980,49.6667,L1,5.755994
2980,49.6667,L2,15.877944
2980,49.6667,L3,15.256924
2980,49.6667,L4,14.035526
2980,49.6667,L5,4.537105
2981,49.6833,L1,5.997085
2981,49.6833,L2,15.177493
2981,49.6833,L3,18.490304
2981,49.6833,L4,19.290804
2981,49.6833,L5,0.000000
2982,49.7000,L1,5.884858
2982,49.7000,L2,13.822320
2982,49.7000,L3,18.239185
2982,49.7000,L4,15.992631
2982,49.7000,L5,1.576609
2983,49.7167,L1,6.072588
2983,49.7167,L2,12.605936
2983,49.7167,L3,13.791750
2983,49.7167,L4,23.149681
2983,49.7167,L5,3.816421
2984,49.7333,L1,9.032721
2984,49.7333,L2,12.317955
2984,49.7333,L3,17.203149
2984,49.7333,L4,17.980863
2984,49.7333,L5,2.524872
2985,49.7500,L1,6.312872
2985,49.7500,L2,20.540128
2985,49.7500,L3,14.981155
2985,49.7500,L4,10.928758
2985,49.7500,L5,4.280627
2986,49.7667,L1,5.936842
2986,49.7667,L2,12.428254
2986,49.7667,L3,22.632665
2986,49.7667,L4,17.797229
2986,49.7667,L5,0.000000
2987,49.7833,L1,6.326782
2987,49.7833,L2,14.329620
2987,49.7833,L3,18.202785
2987,49.7833,L4,15.208510
2987,49.7833,L5,2.453227
2988,49.8000,L1,6.295050
2988,49.8000,L2,13.594876
2988,49.8000,L3,16.232363
2988,49.8000,L4,20.917257
2988,49.8000,L5,0.000000
2989,49.8167,L1,9.455086
2989,49.8167,L2,17.908838
2989,49.8167,L3,10.619203
2989,49.8167,L4,12.729362
2989,49.8167,L5,7.581444
2990,49.8333,L1,6.307152
2990,49.8333,L2,13.272292
2990,49.8333,L3,22.025877
2990,49.8333,L4,13.789428
2990,49.8333,L5,2.415316
2991,49.8500,L1,6.825525
2991,49.8500,L2,12.936221
2991,49.8500,L3,17.754077
2991,49.8500,L4,22.024253
2991,49.8500,L5,0.000000
2992,49.8667,L1,5.841907
2992,49.8667,L2,13.259543
2992,49.8667,L3,13.936227
2992,49.8667,L4,18.091031
2992,49.8667,L5,3.583159
2993,49.8833,L1,9.831618
2993,49.8833,L2,15.601639
2993,49.8833,L3,16.795933
2993,49.8833,L4,16.049853
2993,49.8833,L5,0.999414
2994,49.9000,L1,6.310566
2994,49.9000,L2,20.290158
2994,49.9000,L3,15.239322
2994,49.9000,L4,13.395059
2994,49.9000,L5,2.594040
2995,49.9167,L1,6.164502
2995,49.9167,L2,14.685313
2995,49.9167,L3,15.950328
2995,49.9167,L4,17.431930
2995,49.9167,L5,2.625818
2996,49.9333,L1,6.671634
2996,49.9333,L2,14.377916
2996,49.9333,L3,19.763621
2996,49.9333,L4,16.358201
2996,49.9333,L5,0.802033
2997,49.9500,L1,9.082848
2997,49.9500,L2,16.971744
2997,49.9500,L3,13.989102
2997,49.9500,L4,16.496789
2997,49.9500,L5,3.354556
2998,49.9667,L1,6.050865
2998,49.9667,L2,14.916936
2998,49.9667,L3,15.469796
2998,49.9667,L4,19.030603
2998,49.9667,L5,0.842286
2999,49.9833,L1,6.047480
2999,49.9833,L2,14.442606
2999,49.9833,L3,19.083600
2999,49.9833,L4,12.426899
2999,49.9833,L5,4.690964
3000,50.0000,L1,6.604931
3000,50.0000,L2,13.275710
3000,50.0000,L3,15.608215
3000,50.0000,L4,23.380478
3000,50.0000,L5,0.000000
3001,50.0167,L1,5.886531
3001,50.0167,L2,14.027420
3001,50.0167,L3,15.933905
3001,50.0167,L4,15.965613
3001,50.0167,L5,5.121602
3002,50.0333,L1,9.805155
3002,50.0333,L2,18.410202
3002,50.0333,L3,14.411472
3002,50.0333,L4,13.872412
3002,50.0333,L5,1.596933
3003,50.0500,L1,6.379131
3003,50.0500,L2,15.105372
3003,50.0500,L3,18.663631
3003,50.0500,L4,18.809751
3003,50.0500,L5,0.000000
3004,50.0667,L1,5.967683
3004,50.0667,L2,11.181036
3004,50.0667,L3,18.296800
3004,50.0667,L4,16.078165
3004,50.0667,L5,5.483315
3005,50.0833,L1,6.269944
3005,50.0833,L2,13.088777
3005,50.0833,L3,16.488968
3005,50.0833,L4,18.748153
3005,50.0833,L5,1.834074
3006,50.1000,L1,9.300403
3006,50.1000,L2,13.125136
3006,50.1000,L3,16.159489
3006,50.1000,L4,19.521843
3006,50.1000,L5,1.934351
3007,50.1167,L1,6.895398
3007,50.1167,L2,17.622448
3007,50.1167,L3,13.447306
3007,50.1167,L4,12.910856
3007,50.1167,L5,4.850723
3008,50.1333,L1,6.309183
3008,50.1333,L2,13.452854
3008,50.1333,L3,20.602389
3008,50.1333,L4,15.589929
3008,50.1333,L5,3.037493
3009,50.1500,L1,6.248949
3009,50.1500,L2,13.486203
3009,50.1500,L3,18.384034
3009,50.1500,L4,18.199326
3009,50.1500,L5,1.689213
3010,50.1667,L1,6.266711
3010,50.1667,L2,14.668598
3010,50.1667,L3,16.051478
3010,50.1667,L4,15.752259
3010,50.1667,L5,2.868744
3011,50.1833,L1,5.874802
3011,50.1833,L2,14.218541
3011,50.1833,L3,15.187304
3011,50.1833,L4,19.973705
3011,50.1833,L5,2.760477
3012,50.2000,L1,9.255356
3012,50.2000,L2,18.762897
3012,50.2000,L3,17.586930
3012,50.2000,L4,11.679341
3012,50.2000,L5,3.046474
3013,50.2167,L1,5.768588
3013,50.2167,L2,12.731279
3013,50.2167,L3,18.798612
3013,50.2167,L4,19.472522
3013,50.2167,L5,1.115587
3014,50.2333,L1,6.187405
3014,50.2333,L2,13.907184
3014,50.2333,L3,17.008823
3014,50.2333,L4,14.473129
3014,50.2333,L5,5.252593
3015,50.2500,L1,8.678709
3015,50.2500,L2,11.753004
3015,50.2500,L3,13.878081
3015,50.2500,L4,24.243175
3015,50.2500,L5,0.000000
3016,50.2667,L1,6.542982
3016,50.2667,L2,20.647087
3016,50.2667,L3,12.887139
3016,50.2667,L4,15.192096
3016,50.2667,L5,2.061039
3017,50.2833,L1,7.002002
3017,50.2833,L2,14.974860
3017,50.2833,L3,18.074721
3017,50.2833,L4,13.672428
3017,50.2833,L5,2.440876
3018,50.3000,L1,6.478039
3018,50.3000,L2,11.450971
3018,50.3000,L3,19.064680
3018,50.3000,L4,19.869293
3018,50.3000,L5,1.769837
3019,50.3167,L1,5.959776
3019,50.3167,L2,12.930733
3019,50.3167,L3,18.180269
3019,50.3167,L4,17.927720
3019,50.3167,L5,3.400776
3020,50.3333,L1,6.110735
3020,50.3333,L2,15.729923
3020,50.3333,L3,15.505617
3020,50.3333,L4,16.859715
3020,50.3333,L5,1.024899
3021,50.3500,L1,9.159535
3021,50.3500,L2,19.451508
3021,50.3500,L3,14.271710
3021,50.3500,L4,14.860573
3021,50.3500,L5,1.594923
3022,50.3667,L1,5.873308
3022,50.3667,L2,13.735990
3022,50.3667,L3,20.524688
3022,50.3667,L4,15.763176
3022,50.3667,L5,0.803383
3023,50.3833,L1,5.908371
3023,50.3833,L2,14.161343
3023,50.3833,L3,15.519276
3023,50.3833,L4,20.825185
3023,50.3833,L5,3.628332
3024,50.4000,L1,9.168516
3024,50.4000,L2,12.987856
3024,50.4000,L3,14.250650
3024,50.4000,L4,15.225512
3024,50.4000,L5,4.943875
3025,50.4167,L1,6.412366
3025,50.4167,L2,20.755448
3025,50.4167,L3,15.414510
3025,50.4167,L4,16.009299
3025,50.4167,L5,0.847969
3026,50.4333,L1,6.401107
3026,50.4333,L2,13.465244
3026,50.4333,L3,18.265256
3026,50.4333,L4,15.090659
3026,50.4333,L5,2.521007
3027,50.4500,L1,6.745668
3027,50.4500,L2,13.360978
3027,50.4500,L3,17.966196
3027,50.4500,L4,19.814266
3027,50.4500,L5,1.743857
3028,50.4667,L1,6.440619
3028,50.4667,L2,13.184095
3028,50.4667,L3,16.204343
3028,50.4667,L4,14.946209
3028,50.4667,L5,5.858879
3029,50.4833,L1,9.099870
3029,50.4833,L2,13.553067
3029,50.4833,L3,15.858942
3029,50.4833,L4,19.553589
3029,50.4833,L5,0.000000
3030,50.5000,L1,6.563121
3030,50.5000,L2,17.495408
3030,50.5000,L3,13.940302
3030,50.5000,L4,14.647518
3030,50.5000,L5,4.427828
3031,50.5167,L1,5.788859
3031,50.5167,L2,17.041466
3031,50.5167,L3,16.890423
3031,50.5167,L4,16.663872
3031,50.5167,L5,0.000000
3032,50.5333,L1,6.326142
3032,50.5333,L2,13.858931
3032,50.5333,L3,20.922835
3032,50.5333,L4,14.900792
3032,50.5333,L5,2.393808
3033,50.5500,L1,6.765089
3033,50.5500,L2,12.730819
3033,50.5500,L3,18.109341
3033,50.5500,L4,19.751066
3033,50.5500,L5,1.490821
3034,50.5667,L1,6.223911
3034,50.5667,L2,14.447172
3034,50.5667,L3,17.136206
3034,50.5667,L4,14.819705
3034,50.5667,L5,4.153609
3035,50.5833,L1,5.883156
3035,50.5833,L2,13.806946
3035,50.5833,L3,14.750148
3035,50.5833,L4,22.584708
3035,50.5833,L5,1.704925
3036,50.6000,L1,9.492277
3036,50.6000,L2,14.133088
3036,50.6000,L3,16.031505
3036,50.6000,L4,14.941750
3036,50.6000,L5,4.150254
3037,50.6167,L1,5.986114
3037,50.6167,L2,15.564655
3037,50.6167,L3,12.284955
3037,50.6167,L4,19.300039
3037,50.6167,L5,3.890730
3038,50.6333,L1,6.175539
3038,50.6333,L2,17.279231
3038,50.6333,L3,16.786066
3038,50.6333,L4,17.336815
3038,50.6333,L5,1.121958
3039,50.6500,L1,6.585128
3039,50.6500,L2,13.454752
3039,50.6500,L3,17.312609
3039,50.6500,L4,18.646735
3039,50.6500,L5,0.000000
3040,50.6667,L1,6.045710
3040,50.6667,L2,14.237484
3040,50.6667,L3,15.993642
3040,50.6667,L4,17.694764
3040,50.6667,L5,4.000367
3041,50.6833,L1,8.891551
3041,50.6833,L2,13.982527
3041,50.6833,L3,16.861227
3041,50.6833,L4,18.191855
3041,50.6833,L5,1.624258
3042,50.7000,L1,6.086145
3042,50.7000,L2,18.860940
3042,50.7000,L3,16.479617
3042,50.7000,L4,15.144451
3042,50.7000,L5,0.935774
3043,50.7167,L1,6.755975
3043,50.7167,L2,14.777001
3043,50.7167,L3,15.931830
3043,50.7167,L4,14.247800
3043,50.7167,L5,5.834314
3044,50.7333,L1,7.098255
3044,50.7333,L2,14.654147
3044,50.7333,L3,19.528996
3044,50.7333,L4,17.335834
3044,50.7333,L5,0.000000
3045,50.7500,L1,5.825707
3045,50.7500,L2,10.697979
3045,50.7500,L3,18.156584
3045,50.7500,L4,20.903800
3045,50.7500,L5,1.617204
3046,50.7667,L1,6.109448
3046,50.7667,L2,14.273550
3046,50.7667,L3,16.450337
3046,50.7667,L4,18.381948
3046,50.7667,L5,3.161832
3047,50.7833,L1,6.057541
3047,50.7833,L2,12.688133
3047,50.7833,L3,15.806742
3047,50.7833,L4,17.112906
3047,50.7833,L5,3.471609
3048,50.8000,L1,9.058428
3048,50.8000,L2,19.322530
3048,50.8000,L3,13.120680
3048,50.8000,L4,14.470332
3048,50.8000,L5,2.812656
3049,50.8167,L1,7.380628
3049,50.8167,L2,14.756184
3049,50.8167,L3,16.423208
3049,50.8167,L4,15.121365
3049,50.8167,L5,2.902148
3050,50.8333,L1,5.447306
3050,50.8333,L2,12.952547
3050,50.8333,L3,20.685302
3050,50.8333,L4,17.956150
3050,50.8333,L5,2.462029
3051,50.8500,L1,9.112811
3051,50.8500,L2,13.193530
3051,50.8500,L3,15.146715
3051,50.8500,L4,16.719768
3051,50.8500,L5,4.549631
3052,50.8667,L1,5.923627
3052,50.8667,L2,15.677375
3052,50.8667,L3,16.206396
3052,50.8667,L4,17.736432
3052,50.8667,L5,1.900321
3053,50.8833,L1,6.019346
3053,50.8833,L2,16.510344
3053,50.8833,L3,16.603299
3053,50.8833,L4,18.247350
3053,50.8833,L5,0.855752
3054,50.9000,L1,6.116953
3054,50.9000,L2,13.747717
3054,50.9000,L3,18.852253
3054,50.9000,L4,16.594135
3054,50.9000,L5,1.319110
3055,50.9167,L1,6.443379
3055,50.9167,L2,13.235016
3055,50.9167,L3,19.035886
3055,50.9167,L4,18.294603
3055,50.9167,L5,1.784116
3056,50.9333,L1,6.075892
3056,50.9333,L2,14.720933
3056,50.9333,L3,16.258729
3056,50.9333,L4,14.733135
3056,50.9333,L5,4.474475
3057,50.9500,L1,9.048197
3057,50.9500,L2,15.040015
3057,50.9500,L3,12.717700
3057,50.9500,L4,21.124543
3057,50.9500,L5,1.751734
3058,50.9667,L1,6.314914
3058,50.9667,L2,18.085023
3058,50.9667,L3,14.504717
3058,50.9667,L4,14.051006
3058,50.9667,L5,2.574244
3059,50.9833,L1,6.715819
3059,50.9833,L2,14.408792
3059,50.9833,L3,15.006723
3059,50.9833,L4,17.260269
3059,50.9833,L5,5.123287
3060,51.0000,L1,5.832541
3060,51.0000,L2,13.871296
3060,51.0000,L3,16.781911
3060,51.0000,L4,19.596895
3060,51.0000,L5,0.881533
3061,51.0167,L1,6.225466
3061,51.0167,L2,13.297431
3061,51.0167,L3,19.153968
3061,51.0167,L4,18.014105
3061,51.0167,L5,1.982843
3062,51.0333,L1,8.995620
3062,51.0333,L2,14.064727
3062,51.0333,L3,13.541176
3062,51.0333,L4,19.389532
3062,51.0333,L5,3.159131
3063,51.0500,L1,5.810348
3063,51.0500,L2,17.924319
3063,51.0500,L3,19.411205
3063,51.0500,L4,12.421152
3063,51.0500,L5,1.985365
3064,51.0667,L1,5.842866
3064,51.0667,L2,16.609981
3064,51.0667,L3,16.618939
3064,51.0667,L4,18.762733
3064,51.0667,L5,0.000000
3065,51.0833,L1,6.373041
3065,51.0833,L2,15.714256
3065,51.0833,L3,15.331986
3065,51.0833,L4,14.367832
3065,51.0833,L5,5.244790
3066,51.1000,L1,5.641890
3066,51.1000,L2,13.063566
3066,51.1000,L3,20.831458
3066,51.1000,L4,18.779112
3066,51.1000,L5,0.000000
3067,51.1167,L1,6.436655
3067,51.1167,L2,13.504569
3067,51.1167,L3,17.488875
3067,51.1167,L4,17.336067
3067,51.1167,L5,1.123234
3068,51.1333,L1,6.764118
3068,51.1333,L2,13.695759
3068,51.1333,L3,14.181825
3068,51.1333,L4,21.154600
3068,51.1333,L5,3.517610
3069,51.1500,L1,6.218373
3069,51.1500,L2,13.539767
3069,51.1500,L3,13.820899
3069,51.1500,L4,15.969308
3069,51.1500,L5,5.736191
3070,51.1667,L1,10.120984
3070,51.1667,L2,18.006317
3070,51.1667,L3,17.049208
3070,51.1667,L4,13.223274
3070,51.1667,L5,1.063049
3071,51.1833,L1,6.371010
3071,51.1833,L2,15.164030
3071,51.1833,L3,20.743701
3071,51.1833,L4,15.421118
3071,51.1833,L5,0.000000
3072,51.2000,L1,5.966279
3072,51.2000,L2,14.900469
3072,51.2000,L3,18.688349
3072,51.2000,L4,13.476743
3072,51.2000,L5,4.453982
3073,51.2167,L1,5.661775
3073,51.2167,L2,13.680663
3073,51.2167,L3,20.082457
3073,51.2167,L4,19.182902
3073,51.2167,L5,0.000000
3074,51.2333,L1,8.729612
3074,51.2333,L2,16.360041
3074,51.2333,L3,14.768498
3074,51.2333,L4,15.775902
3074,51.2333,L5,3.334328
3075,51.2500,L1,5.917217
3075,51.2500,L2,16.271669
3075,51.2500,L3,12.295840
3075,51.2500,L4,20.517692
3075,51.2500,L5,1.030054
3076,51.2667,L1,5.880290
3076,51.2667,L2,14.776123
3076,51.2667,L3,19.929095
3076,51.2667,L4,17.839256
3076,51.2667,L5,0.000000
3077,51.2833,L1,5.891815
3077,51.2833,L2,16.128529
3077,51.2833,L3,18.655181
3077,51.2833,L4,14.752639
3077,51.2833,L5,1.389676
3078,51.3000,L1,6.006779
3078,51.3000,L2,13.130993
3078,51.3000,L3,13.394129
3078,51.3000,L4,20.001845
3078,51.3000,L5,7.343082
3079,51.3167,L1,5.876691
3079,51.3167,L2,12.121847
3079,51.3167,L3,15.449602
3079,51.3167,L4,22.203122
3079,51.3167,L5,0.000000
3080,51.3333,L1,8.884485
3080,51.3333,L2,18.306805
3080,51.3333,L3,17.386532
3080,51.3333,L4,11.580175
3080,51.3333,L5,2.526494
3081,51.3500,L1,6.438527
3081,51.3500,L2,16.019508
3081,51.3500,L3,16.627169
3081,51.3500,L4,18.078269
3081,51.3500,L5,0.000000
3082,51.3667,L1,5.944405
3082,51.3667,L2,12.223590
3082,51.3667,L3,18.089149
3082,51.3667,L4,15.661700
3082,51.3667,L5,4.884615
3083,51.3833,L1,6.496556
3083,51.3833,L2,14.492091
3083,51.3833,L3,18.983570
3083,51.3833,L4,19.754649
3083,51.3833,L5,0.000000
3084,51.4000,L1,9.032153
3084,51.4000,L2,14.975048
3084,51.4000,L3,13.671062
3084,51.4000,L4,16.244194
3084,51.4000,L5,4.391424
3085,51.4167,L1,6.374836
3085,51.4167,L2,16.537468
3085,51.4167,L3,14.696158
3085,51.4167,L4,18.532913
3085,51.4167,L5,0.860829
3086,51.4333,L1,5.968358
3086,51.4333,L2,13.977833
3086,51.4333,L3,21.911904
3086,51.4333,L4,14.907926
3086,51.4333,L5,1.598830
3087,51.4500,L1,5.992460
3087,51.4500,L2,12.482012
3087,51.4500,L3,15.359246
3087,51.4500,L4,22.231773
3087,51.4500,L5,0.955898
3088,51.4667,L1,5.948076
3088,51.4667,L2,13.954486
3088,51.4667,L3,15.690982
3088,51.4667,L4,19.659783
3088,51.4667,L5,3.638407
3089,51.4833,L1,9.291613
3089,51.4833,L2,14.722706
3089,51.4833,L3,13.925133
3089,51.4833,L4,14.475529
3089,51.4833,L5,3.944833
3090,51.5000,L1,5.919009
3090,51.5000,L2,18.939257
3090,51.5000,L3,14.900516
3090,51.5000,L4,16.905294
3090,51.5000,L5,0.793333
3091,51.5167,L1,5.865110
3091,51.5167,L2,14.603491
3091,51.5167,L3,20.431118
3091,51.5167,L4,16.501513
3091,51.5167,L5,0.000000
3092,51.5333,L1,5.922493
3092,51.5333,L2,12.173426
3092,51.5333,L3,17.157019
3092,51.5333,L4,20.754536
3092,51.5333,L5,4.110457
3093,51.5500,L1,9.234924
3093,51.5500,L2,11.862584
3093,51.5500,L3,14.954232
3093,51.5500,L4,16.994516
3093,51.5500,L5,4.420918
3094,51.5667,L1,6.035912
3094,51.5667,L2,17.966546
3094,51.5667,L3,17.930161
3094,51.5667,L4,13.867862
3094,51.5667,L5,0.983772
3095,51.5833,L1,5.605649
3095,51.5833,L2,16.181776
3095,51.5833,L3,16.388332
3095,51.5833,L4,16.730765
3095,51.5833,L5,2.440330
3096,51.6000,L1,5.963062
3096,51.6000,L2,13.547863
3096,51.6000,L3,20.345772
3096,51.6000,L4,16.883432
3096,51.6000,L5,1.930765
3097,51.6167,L1,5.902663
3097,51.6167,L2,13.756500
3097,51.6167,L3,13.900817
3097,51.6167,L4,19.488844
3097,51.6167,L5,5.347276
3098,51.6333,L1,8.739732
3098,51.6333,L2,16.479642
3098,51.6333,L3,16.011496
3098,51.6333,L4,16.497090
3098,51.6333,L5,0.000000
3099,51.6500,L1,6.500714
3099,51.6500,L2,16.287578
3099,51.6500,L3,13.958309
3099,51.6500,L4,16.864965
3099,51.6500,L5,3.232007
3100,51.6667,L1,6.351837
3100,51.6667,L2,15.858169
3100,51.6667,L3,18.705029
3100,51.6667,L4,13.457569
3100,51.6667,L5,2.935721
3101,51.6833,L1,6.027363
3101,51.6833,L2,13.783233
3101,51.6833,L3,18.992884
3101,51.6833,L4,20.516514
3101,51.6833,L5,0.000000
3102,51.7000,L1,6.585618
3102,51.7000,L2,12.666306
3102,51.7000,L3,16.343997
3102,51.7000,L4,19.433880
3102,51.7000,L5,1.674901
3103,51.7167,L1,6.227550
3103,51.7167,L2,14.513058
3103,51.7167,L3,15.829804
3103,51.7167,L4,16.248037
3103,51.7167,L5,3.895754
3104,51.7333,L1,9.232330
3104,51.7333,L2,14.845671
3104,51.7333,L3,15.405992
3104,51.7333,L4,14.338148
3104,51.7333,L5,3.663733
3105,51.7500,L1,6.090626
3105,51.7500,L2,18.849392
3105,51.7500,L3,18.184699
3105,51.7500,L4,15.188516
3105,51.7500,L5,1.638714
3106,51.7667,L1,5.747734
3106,51.7667,L2,14.447328
3106,51.7667,L3,17.318842
3106,51.7667,L4,18.358663
3106,51.7667,L5,0.000000
3107,51.7833,L1,6.057437
3107,51.7833,L2,14.600396
3107,51.7833,L3,17.794402
3107,51.7833,L4,18.360357
3107,51.7833,L5,1.569577
3108,51.8000,L1,5.716914
3108,51.8000,L2,13.902030
3108,51.8000,L3,14.882849
3108,51.8000,L4,21.065457
3108,51.8000,L5,3.963418
3109,51.8167,L1,9.022337
3109,51.8167,L2,16.440175
3109,51.8167,L3,15.237999
3109,51.8167,L4,12.807033
3109,51.8167,L5,3.333261
3110,51.8333,L1,5.856829
3110,51.8333,L2,18.422039
3110,51.8333,L3,16.613543
3110,51.8333,L4,16.980931
3110,51.8333,L5,0.947881
3111,51.8500,L1,6.261163
3111,51.8500,L2,14.470022
3111,51.8500,L3,16.429340
3111,51.8500,L4,14.511388
3111,51.8500,L5,4.390650
3112,51.8667,L1,6.828390
3112,51.8667,L2,13.256214
3112,51.8667,L3,19.208163
3112,51.8667,L4,16.460746
3112,51.8667,L5,2.522571
3113,51.8833,L1,6.012143
3113,51.8833,L2,14.812455
3113,51.8833,L3,14.909097
3113,51.8833,L4,17.460852
3113,51.8833,L5,3.653456
3114,51.9000,L1,8.898685
3114,51.9000,L2,15.081903
3114,51.9000,L3,13.379934
3114,51.9000,L4,19.060729
3114,51.9000,L5,1.877474
3115,51.9167,L1,5.608350
3115,51.9167,L2,18.895684
3115,51.9167,L3,16.768695
3115,51.9167,L4,15.350489
3115,51.9167,L5,2.780490
3116,51.9333,L1,6.067516
3116,51.9333,L2,13.204753
3116,51.9333,L3,22.109279
3116,51.9333,L4,16.410038
3116,51.9333,L5,0.000000
3117,51.9500,L1,5.734706
3117,51.9500,L2,12.544627
3117,51.9500,L3,14.339446
3117,51.9500,L4,19.175284
3117,51.9500,L5,4.090821
3118,51.9667,L1,6.721878
3118,51.9667,L2,14.340491
3118,51.9667,L3,14.518810
3118,51.9667,L4,18.870674
3118,51.9667,L5,2.201860
3119,51.9833,L1,9.204222
3119,51.9833,L2,11.821995
3119,51.9833,L3,17.859371
3119,51.9833,L4,18.859550
3119,51.9833,L5,1.075480
3120,52.0000,L1,6.258024
3120,52.0000,L2,19.228376
3120,52.0000,L3,15.246637
3120,52.0000,L4,14.827820
3120,52.0000,L5,2.354175
3121,52.0167,L1,6.529786
3121,52.0167,L2,16.398268
3121,52.0167,L3,19.805141
3121,52.0167,L4,13.597681
3121,52.0167,L5,1.694162
3122,52.0333,L1,6.077870
3122,52.0333,L2,10.964428
3122,52.0333,L3,16.139777
3122,52.0333,L4,20.432765
3122,52.0333,L5,4.389674
3123,52.0500,L1,8.974637
3123,52.0500,L2,13.396484
3123,52.0500,L3,13.036658
3123,52.0500,L4,19.863410
3123,52.0500,L5,2.475680
3124,52.0667,L1,6.900372
3124,52.0667,L2,16.716410
3124,52.0667,L3,16.085270
3124,52.0667,L4,16.305262
3124,52.0667,L5,2.312383
3125,52.0833,L1,5.956450
3125,52.0833,L2,17.649010
3125,52.0833,L3,15.910466
3125,52.0833,L4,16.405755
3125,52.0833,L5,1.789037
3126,52.1000,L1,5.878898
3126,52.1000,L2,12.295825
3126,52.1000,L3,20.620529
3126,52.1000,L4,15.557716
3126,52.1000,L5,2.388942
3127,52.1167,L1,7.187753
3127,52.1167,L2,11.300683
3127,52.1167,L3,15.413678
3127,52.1167,L4,22.716979
3127,52.1167,L5,2.418865
3128,52.1333,L1,10.288418
3128,52.1333,L2,13.402613
3128,52.1333,L3,14.118909
3128,52.1333,L4,15.688723
3128,52.1333,L5,3.690727
3129,52.1500,L1,6.840301
3129,52.1500,L2,16.410231
3129,52.1500,L3,15.027642
3129,52.1500,L4,15.961703
3129,52.1500,L5,2.521377
3130,52.1667,L1,5.875661
3130,52.1667,L2,17.666759
3130,52.1667,L3,17.715559
3130,52.1667,L4,16.414856
3130,52.1667,L5,1.594453
3131,52.1833,L1,5.820043
3131,52.1833,L2,13.337256
3131,52.1833,L3,18.513965
3131,52.1833,L4,17.046630
3131,52.1833,L5,1.879391
3132,52.2000,L1,5.935830
3132,52.2000,L2,13.014826
3132,52.2000,L3,16.177659
3132,52.2000,L4,16.560421
3132,52.2000,L5,6.564739
3133,52.2167,L1,9.061668
3133,52.2167,L2,16.696777
3133,52.2167,L3,16.020425
3133,52.2167,L4,14.553419
3133,52.2167,L5,1.581621
3134,52.2333,L1,6.072802
3134,52.2333,L2,18.328749
3134,52.2333,L3,16.698998
3134,52.2333,L4,15.930894
3134,52.2333,L5,1.820278
3135,52.2500,L1,5.715955
3135,52.2500,L2,12.908602
3135,52.2500,L3,17.160808
3135,52.2500,L4,18.474977
3135,52.2500,L5,0.771953
3136,52.2667,L1,5.933544
3136,52.2667,L2,12.478282
3136,52.2667,L3,14.837008
3136,52.2667,L4,18.862930
3136,52.2667,L5,7.154840
3137,52.2833,L1,9.027090
3137,52.2833,L2,17.536440
3137,52.2833,L3,16.262790
3137,52.2833,L4,15.073525
3137,52.2833,L5,0.000000
3138,52.3000,L1,6.208174
3138,52.3000,L2,17.086639
3138,52.3000,L3,14.707107
3138,52.3000,L4,18.631386
3138,52.3000,L5,0.782171
3139,52.3167,L1,6.030899
3139,52.3167,L2,13.637396
3139,52.3167,L3,20.261676
3139,52.3167,L4,13.090665
3139,52.3167,L5,5.647051
3140,52.3333,L1,5.724626
3140,52.3333,L2,12.211794
3140,52.3333,L3,16.690863
3140,52.3333,L4,21.480202
3140,52.3333,L5,0.000000
3141,52.3500,L1,5.793352
3141,52.3500,L2,13.478838
3141,52.3500,L3,13.769326
3141,52.3500,L4,20.093232
3141,52.3500,L5,4.375827
3142,52.3667,L1,6.842113
3142,52.3667,L2,16.124956
3142,52.3667,L3,16.589546
3142,52.3667,L4,19.144151
3142,52.3667,L5,0.000000
3143,52.3833,L1,8.556386
3143,52.3833,L2,19.590836
3143,52.3833,L3,12.286644
3143,52.3833,L4,14.348265
3143,52.3833,L5,4.443594
3144,52.4000,L1,5.980107
3144,52.4000,L2,14.798170
3144,52.4000,L3,17.792563
3144,52.4000,L4,14.190148
3144,52.4000,L5,3.604263
3145,52.4167,L1,5.831474
3145,52.4167,L2,12.276541
3145,52.4167,L3,18.798127
3145,52.4167,L4,17.897518
3145,52.4167,L5,2.597742
3146,52.4333,L1,6.530321
3146,52.4333,L2,12.498059
3146,52.4333,L3,15.899560
3146,52.4333,L4,19.946124
3146,52.4333,L5,1.985811
3147,52.4500,L1,9.628832
3147,52.4500,L2,17.046762
3147,52.4500,L3,14.009027
3147,52.4500,L4,15.607874
3147,52.4500,L5,2.064331
3148,52.4667,L1,5.827358
3148,52.4667,L2,17.205011
3148,52.4667,L3,18.065900
3148,52.4667,L4,17.140263
3148,52.4667,L5,0.808803
3149,52.4833,L1,6.371647
3149,52.4833,L2,14.795519
3149,52.4833,L3,19.339901
3149,52.4833,L4,12.354855
3149,52.4833,L5,4.119779
3150,52.5000,L1,5.833324
3150,52.5000,L2,11.795254
3150,52.5000,L3,16.821181
3150,52.5000,L4,22.576017
3150,52.5000,L5,2.433456
3151,52.5167,L1,9.348435
3151,52.5167,L2,12.953179
3151,52.5167,L3,14.494433
3151,52.5167,L4,18.502538
3151,52.5167,L5,1.051319
3152,52.5333,L1,6.850475
3152,52.5333,L2,16.924790
3152,52.5333,L3,16.799733
3152,52.5333,L4,14.646964
3152,52.5333,L5,2.150183
3153,52.5500,L1,5.946943
3153,52.5500,L2,18.793045
3153,52.5500,L3,16.422445
3153,52.5500,L4,14.074726
3153,52.5500,L5,4.103887
3154,52.5667,L1,6.037678
3154,52.5667,L2,12.573720
3154,52.5667,L3,18.793240
3154,52.5667,L4,14.794818
3154,52.5667,L5,3.120320
3155,52.5833,L1,6.055217
3155,52.5833,L2,15.555503
3155,52.5833,L3,16.172141
3155,52.5833,L4,20.156416
3155,52.5833,L5,0.000000
3156,52.6000,L1,5.969995
3156,52.6000,L2,12.154699
3156,52.6000,L3,12.758904
3156,52.6000,L4,20.534402
3156,52.6000,L5,5.890222
3157,52.6167,L1,8.852975
3157,52.6167,L2,17.568153
3157,52.6167,L3,17.414760
3157,52.6167,L4,15.568506
3157,52.6167,L5,0.000000
3158,52.6333,L1,5.736418
3158,52.6333,L2,17.076063
3158,52.6333,L3,14.946148
3158,52.6333,L4,19.781510
3158,52.6333,L5,1.054022
3159,52.6500,L1,5.944599
3159,52.6500,L2,13.899511
3159,52.6500,L3,19.979992
3159,52.6500,L4,15.574673
3159,52.6500,L5,2.477913
3160,52.6667,L1,6.484823
3160,52.6667,L2,13.747638
3160,52.6667,L3,17.203399
3160,52.6667,L4,14.615058
3160,52.6667,L5,4.242335
3161,52.6833,L1,6.420092
3161,52.6833,L2,12.839476
3161,52.6833,L3,14.719944
3161,52.6833,L4,19.304702
3161,52.6833,L5,4.887706
3162,52.7000,L1,6.291993
3162,52.7000,L2,14.906504
3162,52.7000,L3,17.161832
3162,52.7000,L4,17.610552
3162,52.7000,L5,0.805445
3163,52.7167,L1,9.386752
3163,52.7167,L2,19.025662
3163,52.7167,L3,11.814258
3163,52.7167,L4,14.839943
3163,52.7167,L5,3.564318
3164,52.7333,L1,5.744489
3164,52.7333,L2,14.633569
3164,52.7333,L3,25.754165
3164,52.7333,L4,12.408782
3164,52.7333,L5,0.000000
3165,52.7500,L1,6.758737
3165,52.7500,L2,13.078844
3165,52.7500,L3,12.186079
3165,52.7500,L4,20.522723
3165,52.7500,L5,3.176264
3166,52.7667,L1,5.983751
3166,52.7667,L2,15.610904
3166,52.7667,L3,14.829151
3166,52.7667,L4,19.958498
3166,52.7667,L5,2.739385
3167,52.7833,L1,8.836338
3167,52.7833,L2,14.213681
3167,52.7833,L3,15.916302
3167,52.7833,L4,17.577208
3167,52.7833,L5,2.007975
3168,52.8000,L1,6.047430
3168,52.8000,L2,19.637318
3168,52.8000,L3,16.800667
3168,52.8000,L4,13.135759
3168,52.8000,L5,2.578746
3169,52.8167,L1,5.705311
3169,52.8167,L2,16.281802
3169,52.8167,L3,19.465822
3169,52.8167,L4,16.088821
3169,52.8167,L5,0.000000
3170,52.8333,L1,6.998291
3170,52.8333,L2,11.369123
3170,52.8333,L3,14.851279
3170,52.8333,L4,17.652298
3170,52.8333,L5,6.694734
3171,52.8500,L1,6.151346
3171,52.8500,L2,15.127608
3171,52.8500,L3,16.390591
3171,52.8500,L4,14.809927
3171,52.8500,L5,2.830841
3172,52.8667,L1,9.034046
3172,52.8667,L2,14.296007
3172,52.8667,L3,13.966024
3172,52.8667,L4,18.474523
3172,52.8667,L5,3.717188
3173,52.8833,L1,6.149967
3173,52.8833,L2,16.118608
3173,52.8833,L3,17.092911
3173,52.8833,L4,17.935945
3173,52.8833,L5,0.969747
3174,52.9000,L1,6.261522
3174,52.9000,L2,15.126561
3174,52.9000,L3,20.646097
3174,52.9000,L4,14.288305
3174,52.9000,L5,1.993262
3175,52.9167,L1,5.866352
3175,52.9167,L2,11.816884
3175,52.9167,L3,17.189806
3175,52.9167,L4,18.824625
3175,52.9167,L5,2.923939
3176,52.9333,L1,5.698186
3176,52.9333,L2,15.023588
3176,52.9333,L3,15.875706
3176,52.9333,L4,21.391490
3176,52.9333,L5,1.084029
3177,52.9500,L1,9.873657
3177,52.9500,L2,13.511039
3177,52.9500,L3,15.338125
3177,52.9500,L4,14.893162
3177,52.9500,L5,3.587930
3178,52.9667,L1,2.819825
3178,52.9667,L2,14.359001
3178,52.9667,L3,18.649385
3178,52.9667,L4,19.539100
3178,52.9667,L5,0.000000
3179,52.9833,L1,9.355242
3179,52.9833,L2,16.947589
3179,52.9833,L3,14.137131
3179,52.9833,L4,13.946976
3179,52.9833,L5,4.885219
3180,53.0000,L1,6.070400
3180,53.0000,L2,14.972670
3180,53.0000,L3,23.118480
3180,53.0000,L4,15.144416
3180,53.0000,L5,0.000000
3181,53.0167,L1,5.973424
3181,53.0167,L2,14.270243
3181,53.0167,L3,17.072848
3181,53.0167,L4,14.350697
3181,53.0167,L5,4.439111
3182,53.0333,L1,6.428075
3182,53.0333,L2,12.764852
3182,53.0333,L3,15.559126
3182,53.0333,L4,20.134997
3182,53.0333,L5,2.795107
3183,53.0500,L1,6.605795
3183,53.0500,L2,14.635303
3183,53.0500,L3,15.003384
3183,53.0500,L4,19.415559
3183,53.0500,L5,2.731338
3184,53.0667,L1,9.391802
3184,53.0667,L2,15.489162
3184,53.0667,L3,16.357272
3184,53.0667,L4,16.056685
3184,53.0667,L5,1.135533
3185,53.0833,L1,6.311686
3185,53.0833,L2,18.658991
3185,53.0833,L3,11.715167
3185,53.0833,L4,12.976058
3185,53.0833,L5,6.451166
3186,53.1000,L1,6.474825
3186,53.1000,L2,13.277145
3186,53.1000,L3,22.867227
3186,53.1000,L4,15.720801
3186,53.1000,L5,0.000000
3187,53.1167,L1,6.743263
3187,53.1167,L2,11.558122
3187,53.1167,L3,17.439361
3187,53.1167,L4,16.984693
3187,53.1167,L5,4.427463
3188,53.1333,L1,6.838745
3188,53.1333,L2,15.306941
3188,53.1333,L3,12.979483
3188,53.1333,L4,19.818372
3188,53.1333,L5,3.371326
3189,53.1500,L1,10.245187
3189,53.1500,L2,15.989260
3189,53.1500,L3,13.666445
3189,53.1500,L4,17.377456
3189,53.1500,L5,1.893692
3190,53.1667,L1,6.015697
3190,53.1667,L2,19.214687
3190,53.1667,L3,15.998309
3190,53.1667,L4,16.216058
3190,53.1667,L5,0.000000
3191,53.1833,L1,6.328485
3191,53.1833,L2,12.655952
3191,53.1833,L3,17.728036
3191,53.1833,L4,16.815591
3191,53.1833,L5,2.404858
3192,53.2000,L1,7.204591
3192,53.2000,L2,14.481810
3192,53.2000,L3,17.592726
3192,53.2000,L4,15.772049
3192,53.2000,L5,4.354001
3193,53.2167,L1,6.016592
3193,53.2167,L2,14.557438
3193,53.2167,L3,17.124096
3193,53.2167,L4,15.881561
3193,53.2167,L5,3.170407
3194,53.2333,L1,8.531995
3194,53.2333,L2,13.442105
3194,53.2333,L3,15.076547
3194,53.2333,L4,17.254298
3194,53.2333,L5,2.289991
3195,53.2500,L1,6.883716
3195,53.2500,L2,20.429730
3195,53.2500,L3,13.473331
3195,53.2500,L4,15.196420
3195,53.2500,L5,3.920224
3196,53.2667,L1,6.064769
3196,53.2667,L2,15.505063
3196,53.2667,L3,16.931222
3196,53.2667,L4,13.772819
3196,53.2667,L5,4.765644
3197,53.2833,L1,5.905881
3197,53.2833,L2,12.304438
3197,53.2833,L3,22.052700
3197,53.2833,L4,14.726582
3197,53.2833,L5,0.908561
3198,53.3000,L1,6.635244
3198,53.3000,L2,14.489876
3198,53.3000,L3,16.968537
3198,53.3000,L4,17.395548
3198,53.3000,L5,1.514564
3199,53.3167,L1,6.182635
3199,53.3167,L2,14.213925
3199,53.3167,L3,17.032353
3199,53.3167,L4,20.546441
3199,53.3167,L5,1.674449
3200,53.3333,L1,10.191379
3200,53.3333,L2,15.672555
3200,53.3333,L3,12.019402
3200,53.3333,L4,16.236224
3200,53.3333,L5,5.235304
3201,53.3500,L1,6.792676
3201,53.3500,L2,15.654661
3201,53.3500,L3,15.097106
3201,53.3500,L4,18.731874
3201,53.3500,L5,0.000000
3202,53.3667,L1,6.398905
3202,53.3667,L2,14.396835
3202,53.3667,L3,17.679447
3202,53.3667,L4,16.337574
3202,53.3667,L5,2.454783
3203,53.3833,L1,5.933971
3203,53.3833,L2,12.054994
3203,53.3833,L3,19.872411
3203,53.3833,L4,17.289180
3203,53.3833,L5,2.223922
3204,53.4000,L1,9.221862
3204,53.4000,L2,13.065393
3204,53.4000,L3,14.595003
3204,53.4000,L4,20.693813
3204,53.4000,L5,2.202744
3205,53.4167,L1,5.902001
3205,53.4167,L2,14.032586
3205,53.4167,L3,16.278809
3205,53.4167,L4,18.334373
3205,53.4167,L5,2.013989
3206,53.4333,L1,5.889699
3206,53.4333,L2,20.641317
3206,53.4333,L3,11.426605
3206,53.4333,L4,13.107523
3206,53.4333,L5,7.574227
3207,53.4500,L1,6.644642
3207,53.4500,L2,11.995261
3207,53.4500,L3,23.826227
3207,53.4500,L4,14.401571
3207,53.4500,L5,0.000000
3208,53.4667,L1,6.134940
3208,53.4667,L2,14.466365
3208,53.4667,L3,16.317415
3208,53.4667,L4,18.285780
3208,53.4667,L5,2.188812
3209,53.4833,L1,5.652249
3209,53.4833,L2,12.803062
3209,53.4833,L3,17.523916
3209,53.4833,L4,20.739801
3209,53.4833,L5,0.000000
3210,53.5000,L1,9.440153
3210,53.5000,L2,13.004255
3210,53.5000,L3,15.016851
3210,53.5000,L4,20.781252
3210,53.5000,L5,1.724237
3211,53.5167,L1,6.328254
3211,53.5167,L2,19.707999
3211,53.5167,L3,12.925049
3211,53.5167,L4,14.346996
3211,53.5167,L5,4.059073
3212,53.5333,L1,6.700978
3212,53.5333,L2,14.501165
3212,53.5333,L3,18.936197
3212,53.5333,L4,14.275777
3212,53.5333,L5,3.529570
3213,53.5500,L1,6.163650
3213,53.5500,L2,13.408644
3213,53.5500,L3,22.420316
3213,53.5500,L4,16.896573
3213,53.5500,L5,0.000000
3214,53.5667,L1,6.040613
3214,53.5667,L2,13.293629
3214,53.5667,L3,13.212018
3214,53.5667,L4,21.252597
3214,53.5667,L5,3.611472
3215,53.5833,L1,5.947337
3215,53.5833,L2,13.573587
3215,53.5833,L3,14.620060
3215,53.5833,L4,17.446363
3215,53.5833,L5,5.077272
3216,53.6000,L1,9.204877
3216,53.6000,L2,16.752562
3216,53.6000,L3,15.127216
3216,53.6000,L4,17.322799
3216,53.6000,L5,0.000000
3217,53.6167,L1,5.844706
3217,53.6167,L2,17.111621
3217,53.6167,L3,13.388408
3217,53.6167,L4,16.581506
3217,53.6167,L5,3.913043
3218,53.6333,L1,5.831751
3218,53.6333,L2,15.062543
3218,53.6333,L3,21.300865
3218,53.6333,L4,15.563856
3218,53.6333,L5,0.000000
3219,53.6500,L1,6.578933
3219,53.6500,L2,15.038155
3219,53.6500,L3,16.367605
3219,53.6500,L4,14.634271
3219,53.6500,L5,4.842383
3220,53.6667,L1,8.702130
3220,53.6667,L2,15.805689
3220,53.6667,L3,12.927336
3220,53.6667,L4,20.242458
3220,53.6667,L5,1.434842
3221,53.6833,L1,5.766276
3221,53.6833,L2,17.259440
3221,53.6833,L3,15.538356
3221,53.6833,L4,15.718994
3221,53.6833,L5,2.730529
3222,53.7000,L1,5.990475
3222,53.7000,L2,14.958046
3222,53.7000,L3,16.028852
3222,53.7000,L4,17.661686
3222,53.7000,L5,3.602385
3223,53.7167,L1,6.032783
3223,53.7167,L2,13.261018
3223,53.7167,L3,19.260453
3223,53.7167,L4,15.019081
3223,53.7167,L5,4.942628
3224,53.7333,L1,5.977584
3224,53.7333,L2,14.955409
3224,53.7333,L3,18.117978
3224,53.7333,L4,16.687144
3224,53.7333,L5,0.000000
3225,53.7500,L1,5.780455
3225,53.7500,L2,14.064887
3225,53.7500,L3,12.943145
3225,53.7500,L4,22.387843
3225,53.7500,L5,1.533159
3226,53.7667,L1,9.121952
3226,53.7667,L2,18.606692
3226,53.7667,L3,15.364909
3226,53.7667,L4,16.284624
3226,53.7667,L5,0.000000
3227,53.7833,L1,6.296098
3227,53.7833,L2,15.848641
3227,53.7833,L3,14.789412
3227,53.7833,L4,16.079545
3227,53.7833,L5,3.938992
3228,53.8000,L1,6.086436
3228,53.8000,L2,12.930852
3228,53.8000,L3,22.911229
3228,53.8000,L4,16.084948
3228,53.8000,L5,1.513502
3229,53.8167,L1,5.984325
3229,53.8167,L2,15.719028
3229,53.8167,L3,15.773951
3229,53.8167,L4,13.847152
3229,53.8167,L5,4.005571
3230,53.8333,L1,6.691848
3230,53.8333,L2,12.828499
3230,53.8333,L3,15.811205
3230,53.8333,L4,24.996354
3230,53.8333,L5,0.767783
3231,53.8500,L1,9.130450
3231,53.8500,L2,12.550763
3231,53.8500,L3,16.601617
3231,53.8500,L4,14.749801
3231,53.8500,L5,3.158947
3232,53.8667,L1,6.228025
3232,53.8667,L2,18.085606
3232,53.8667,L3,16.019102
3232,53.8667,L4,15.846738
3232,53.8667,L5,2.427420
3233,53.8833,L1,6.492099
3233,53.8833,L2,16.589272
3233,53.8833,L3,19.847800
3233,53.8833,L4,13.765849
3233,53.8833,L5,1.646970
3234,53.9000,L1,5.895434
3234,53.9000,L2,13.521387
3234,53.9000,L3,17.225375
3234,53.9000,L4,15.594231
3234,53.9000,L5,4.009872
3235,53.9167,L1,6.410297
3235,53.9167,L2,13.336693
3235,53.9167,L3,15.673997
3235,53.9167,L4,19.768518
3235,53.9167,L5,2.630331
3236,53.9333,L1,8.893356
3236,53.9333,L2,12.611965
3236,53.9333,L3,17.063986
3236,53.9333,L4,16.687013
3236,53.9333,L5,1.811161
3237,53.9500,L1,6.400933
3237,53.9500,L2,19.333113
3237,53.9500,L3,16.056830
3237,53.9500,L4,15.159303
3237,53.9500,L5,1.521232
3238,53.9667,L1,6.004021
3238,53.9667,L2,15.142003
3238,53.9667,L3,17.917544
3238,53.9667,L4,17.385480
3238,53.9667,L5,0.775269
3239,53.9833,L1,6.254687
3239,53.9833,L2,11.667603
3239,53.9833,L3,15.432124
3239,53.9833,L4,19.796944
3239,53.9833,L5,5.531994
3240,54.0000,L1,9.401306
3240,54.0000,L2,16.096194
3240,54.0000,L3,14.759198
3240,54.0000,L4,15.969966
3240,54.0000,L5,0.762645
3241,54.0167,L1,6.300224
3241,54.0167,L2,14.452192
3241,54.0167,L3,15.452796
3241,54.0167,L4,15.306562
3241,54.0167,L5,6.266955
3242,54.0333,L1,5.838429
3242,54.0333,L2,15.143632
3242,54.0333,L3,21.152714
3242,54.0333,L4,14.071648
3242,54.0333,L5,2.446640
3243,54.0500,L1,6.024317
3243,54.0500,L2,13.996798
3243,54.0500,L3,15.617645
3243,54.0500,L4,22.881659
3243,54.0500,L5,0.000000
3244,54.0667,L1,8.972322
3244,54.0667,L2,15.058373
3244,54.0667,L3,12.764382
3244,54.0667,L4,16.718940
3244,54.0667,L5,3.095401
3245,54.0833,L1,6.071099
3245,54.0833,L2,19.120854
3245,54.0833,L3,13.866007
3245,54.0833,L4,14.557439
3245,54.0833,L5,3.727379
3246,54.1000,L1,6.437907
3246,54.1000,L2,12.737371
3246,54.1000,L3,21.869028
3246,54.1000,L4,17.147259
3246,54.1000,L5,0.000000
3247,54.1167,L1,5.951299
3247,54.1167,L2,17.059044
3247,54.1167,L3,17.657602
3247,54.1167,L4,15.619958
3247,54.1167,L5,2.251312
3248,54.1333,L1,6.301065
3248,54.1333,L2,12.239876
3248,54.1333,L3,16.609554
3248,54.1333,L4,19.098924
3248,54.1333,L5,3.814572
3249,54.1500,L1,5.936215
3249,54.1500,L2,12.633086
3249,54.1500,L3,15.956588
3249,54.1500,L4,20.909268
3249,54.1500,L5,1.716082
3250,54.1667,L1,9.061880
3250,54.1667,L2,18.889524
3250,54.1667,L3,13.722956
3250,54.1667,L4,11.966928
3250,54.1667,L5,3.854349
3251,54.1833,L1,5.926336
3251,54.1833,L2,13.940870
3251,54.1833,L3,23.952579
3251,54.1833,L4,13.324563
3251,54.1833,L5,0.876878
3252,54.2000,L1,5.877428
3252,54.2000,L2,14.471843
3252,54.2000,L3,15.598958
3252,54.2000,L4,17.087533
3252,54.2000,L5,4.758951
3253,54.2167,L1,6.392524
3253,54.2167,L2,13.939328
3253,54.2167,L3,16.740320
3253,54.2167,L4,19.882121
3253,54.2167,L5,0.759320
3254,54.2333,L1,6.479200
3254,54.2333,L2,13.566403
3254,54.2333,L3,13.632394
3254,54.2333,L4,20.052989
3254,54.2333,L5,3.104158
3255,54.2500,L1,9.542581
3255,54.2500,L2,14.046352
3255,54.2500,L3,14.475585
3255,54.2500,L4,14.299229
3255,54.2500,L5,5.821489
3256,54.2667,L1,6.155386
3256,54.2667,L2,18.285014
3256,54.2667,L3,15.549593
3256,54.2667,L4,15.247485
3256,54.2667,L5,0.931070
3257,54.2833,L1,6.077088
3257,54.2833,L2,14.477923
3257,54.2833,L3,22.587713
3257,54.2833,L4,15.808170
3257,54.2833,L5,0.000000
3258,54.3000,L1,6.105679
3258,54.3000,L2,12.887030
3258,54.3000,L3,17.069800
3258,54.3000,L4,20.001288
3258,54.3000,L5,1.676476
3259,54.3167,L1,5.919781
3259,54.3167,L2,12.956309
3259,54.3167,L3,11.616794
3259,54.3167,L4,21.168827
3259,54.3167,L5,4.668959
3260,54.3333,L1,9.635327
3260,54.3333,L2,15.033949
3260,54.3333,L3,16.204369
3260,54.3333,L4,16.062028
3260,54.3333,L5,2.809258
3261,54.3500,L1,6.252582
3261,54.3500,L2,18.688189
3261,54.3500,L3,16.756442
3261,54.3500,L4,13.299677
3261,54.3500,L5,2.324240
3262,54.3667,L1,6.163159
3262,54.3667,L2,14.526486
3262,54.3667,L3,19.465016
3262,54.3667,L4,17.573388
3262,54.3667,L5,0.833995
3263,54.3833,L1,6.260817
3263,54.3833,L2,13.875292
3263,54.3833,L3,15.143012
3263,54.3833,L4,18.920952
3263,54.3833,L5,2.490653
3264,54.4000,L1,6.574819
3264,54.4000,L2,13.200856
3264,54.4000,L3,14.416211
3264,54.4000,L4,21.868049
3264,54.4000,L5,2.949576
3265,54.4167,L1,6.089611
3265,54.4167,L2,14.484664
3265,54.4167,L3,16.299916
3265,54.4167,L4,15.532685
3265,54.4167,L5,2.999935
3266,54.4333,L1,8.912875
3266,54.4333,L2,13.179681
3266,54.4333,L3,15.765616
3266,54.4333,L4,18.979649
3266,54.4333,L5,2.390453
3267,54.4500,L1,6.129886
3267,54.4500,L2,21.774183
3267,54.4500,L3,12.321121
3267,54.4500,L4,15.238650
3267,54.4500,L5,1.164165
3268,54.4667,L1,5.846448
3268,54.4667,L2,12.514759
3268,54.4667,L3,22.485226
3268,54.4667,L4,14.993107
3268,54.4667,L5,2.781378
3269,54.4833,L1,6.643099
3269,54.4833,L2,16.268088
3269,54.4833,L3,15.365061
3269,54.4833,L4,16.249262
3269,54.4833,L5,3.435913
3270,54.5000,L1,6.394747
3270,54.5000,L2,13.486370
3270,54.5000,L3,13.455982
3270,54.5000,L4,19.422775
3270,54.5000,L5,4.991420
3271,54.5167,L1,8.881255
3271,54.5167,L2,14.167517
3271,54.5167,L3,16.825368
3271,54.5167,L4,16.821182
3271,54.5167,L5,1.706071
3272,54.5333,L1,5.985546
3272,54.5333,L2,19.349586
3272,54.5333,L3,13.765271
3272,54.5333,L4,14.222036
3272,54.5333,L5,2.963726
3273,54.5500,L1,5.913804
3273,54.5500,L2,13.855312
3273,54.5500,L3,19.270020
3273,54.5500,L4,17.421667
3273,54.5500,L5,2.124972
3274,54.5667,L1,6.406446
3274,54.5667,L2,14.550160
3274,54.5667,L3,17.246032
3274,54.5667,L4,16.123459
3274,54.5667,L5,2.666958
3275,54.5833,L1,6.328284
3275,54.5833,L2,14.613189
3275,54.5833,L3,19.499973
3275,54.5833,L4,17.683947
3275,54.5833,L5,0.000000
3276,54.6000,L1,6.175004
3276,54.6000,L2,12.227717
3276,54.6000,L3,11.896165
3276,54.6000,L4,21.629899
3276,54.6000,L5,5.839840
3277,54.6167,L1,6.129087
3277,54.6167,L2,14.761058
3277,54.6167,L3,19.599619
3277,54.6167,L4,16.632117
3277,54.6167,L5,0.000000
3278,54.6333,L1,9.876370
3278,54.6333,L2,12.831348
3278,54.6333,L3,13.439663
3278,54.6333,L4,19.030473
3278,54.6333,L5,2.869169
3279,54.6500,L1,5.813214
3279,54.6500,L2,17.115231
3279,54.6500,L3,16.959095
3279,54.6500,L4,14.557495
3279,54.6500,L5,4.068975
3280,54.6667,L1,5.825759
3280,54.6667,L2,17.855869
3280,54.6667,L3,18.309919
3280,54.6667,L4,14.533878
3280,54.6667,L5,1.307676
3281,54.6833,L1,6.516622
3281,54.6833,L2,14.954133
3281,54.6833,L3,16.073784
3281,54.6833,L4,15.606997
3281,54.6833,L5,2.697725
3282,54.7000,L1,6.183425
3282,54.7000,L2,13.039676
3282,54.7000,L3,17.842783
3282,54.7000,L4,18.596919
3282,54.7000,L5,2.435611
3283,54.7167,L1,6.496627
3283,54.7167,L2,15.078259
3283,54.7167,L3,16.063220
3283,54.7167,L4,18.864676
3283,54.7167,L5,2.320172
3284,54.7333,L1,8.708226
3284,54.7333,L2,19.329715
3284,54.7333,L3,14.067289
3284,54.7333,L4,12.917946
3284,54.7333,L5,4.029159
3285,54.7500,L1,5.998328
3285,54.7500,L2,13.565767
3285,54.7500,L3,17.790670
3285,54.7500,L4,16.519940
3285,54.7500,L5,1.433411
3286,54.7667,L1,6.532798
3286,54.7667,L2,16.406210
3286,54.7667,L3,17.205882
3286,54.7667,L4,15.116570
3286,54.7667,L5,3.191407
3287,54.7833,L1,5.737898
3287,54.7833,L2,12.141339
3287,54.7833,L3,17.737762
3287,54.7833,L4,19.862494
3287,54.7833,L5,2.371918
3288,54.8000,L1,6.074050
3288,54.8000,L2,14.329460
3288,54.8000,L3,13.065372
3288,54.8000,L4,22.087603
3288,54.8000,L5,3.583000
3289,54.8167,L1,5.703383
3289,54.8167,L2,15.448787
3289,54.8167,L3,19.772749
3289,54.8167,L4,11.520640
3289,54.8167,L5,2.182163
3290,54.8333,L1,9.053337
3290,54.8333,L2,18.475403
3290,54.8333,L3,12.020029
3290,54.8333,L4,15.984460
3290,54.8333,L5,4.804475
3291,54.8500,L1,6.437052
3291,54.8500,L2,12.410020
3291,54.8500,L3,18.516664
3291,54.8500,L4,19.868865
3291,54.8500,L5,0.000000
3292,54.8667,L1,6.535599
3292,54.8667,L2,14.616938
3292,54.8667,L3,17.829275
3292,54.8667,L4,16.819459
3292,54.8667,L5,2.608484
3293,54.8833,L1,5.931515
3293,54.8833,L2,12.187223
3293,54.8833,L3,16.729783
3293,54.8833,L4,21.039650
3293,54.8833,L5,0.000000
3294,54.9000,L1,8.869901
3294,54.9000,L2,18.803604
3294,54.9000,L3,13.196339
3294,54.9000,L4,15.093214
3294,54.9000,L5,3.978862
3295,54.9167,L1,5.538641
3295,54.9167,L2,14.265187
3295,54.9167,L3,21.963845
3295,54.9167,L4,14.442402
3295,54.9167,L5,1.758758
3296,54.9333,L1,6.224484
3296,54.9333,L2,15.448651
3296,54.9333,L3,15.212842
3296,54.9333,L4,17.005320
3296,54.9333,L5,2.402476
3297,54.9500,L1,5.934286
3297,54.9500,L2,10.851410
3297,54.9500,L3,16.229547
3297,54.9500,L4,19.483466
3297,54.9500,L5,5.626250
3298,54.9667,L1,9.585766
3298,54.9667,L2,14.746838
3298,54.9667,L3,15.490260
3298,54.9667,L4,17.641314
3298,54.9667,L5,0.000000
3299,54.9833,L1,6.112492
3299,54.9833,L2,16.847263
3299,54.9833,L3,15.751851
3299,54.9833,L4,15.390587
3299,54.9833,L5,2.845220
3300,55.0000,L1,5.642140
3300,55.0000,L2,16.068409
3300,55.0000,L3,16.107816
3300,55.0000,L4,20.586278
3300,55.0000,L5,1.507020
3301,55.0167,L1,5.852692
3301,55.0167,L2,13.263551
3301,55.0167,L3,20.482708
3301,55.0167,L4,15.825016
3301,55.0167,L5,2.011774
3302,55.0333,L1,5.794185
3302,55.0333,L2,13.413457
3302,55.0333,L3,14.864893
3302,55.0333,L4,17.527602
3302,55.0333,L5,5.040907
3303,55.0500,L1,9.405483
3303,55.0500,L2,12.068817
3303,55.0500,L3,13.477508
3303,55.0500,L4,21.429747
3303,55.0500,L5,1.265033
3304,55.0667,L1,5.885255
3304,55.0667,L2,16.333807
3304,55.0667,L3,15.008184
3304,55.0667,L4,18.625654
3304,55.0667,L5,2.923831
3305,55.0833,L1,6.547678
3305,55.0833,L2,18.324835
3305,55.0833,L3,16.176613
3305,55.0833,L4,13.391717
3305,55.0833,L5,1.515446
3306,55.1000,L1,7.051519
3306,55.1000,L2,12.847494
3306,55.1000,L3,20.677324
3306,55.1000,L4,14.400180
3306,55.1000,L5,4.159129
3307,55.1167,L1,5.914614
3307,55.1167,L2,12.970726
3307,55.1167,L3,12.449579
3307,55.1167,L4,26.281030
3307,55.1167,L5,0.000000
3308,55.1333,L1,10.014061
3308,55.1333,L2,14.927067
3308,55.1333,L3,14.482556
3308,55.1333,L4,14.514620
3308,55.1333,L5,3.392630
3309,55.1500,L1,5.830240
3309,55.1500,L2,17.447514
3309,55.1500,L3,14.935297
3309,55.1500,L4,17.094379
3309,55.1500,L5,3.014009
3310,55.1667,L1,5.599697
3310,55.1667,L2,14.621138
3310,55.1667,L3,19.256607
3310,55.1667,L4,16.438758
3310,55.1667,L5,1.757303
3311,55.1833,L1,6.126562
3311,55.1833,L2,13.115304
3311,55.1833,L3,18.863668
3311,55.1833,L4,16.585118
3311,55.1833,L5,2.476938
3312,55.2000,L1,6.692151
3312,55.2000,L2,13.485678
3312,55.2000,L3,17.625423
3312,55.2000,L4,16.430377
3312,55.2000,L5,2.716407
3313,55.2167,L1,9.100731
3313,55.2167,L2,15.170360
3313,55.2167,L3,15.762265
3313,55.2167,L4,19.789606
3313,55.2167,L5,0.000000
3314,55.2333,L1,6.074214
3314,55.2333,L2,14.547664
3314,55.2333,L3,12.596000
3314,55.2333,L4,16.582296
3314,55.2333,L5,5.167160
3315,55.2500,L1,6.576400
3315,55.2500,L2,17.928582
3315,55.2500,L3,15.572127
3315,55.2500,L4,17.730083
3315,55.2500,L5,1.098351
3316,55.2667,L1,5.970373
3316,55.2667,L2,11.776647
3316,55.2667,L3,19.704588
3316,55.2667,L4,16.509730
3316,55.2667,L5,4.492199
3317,55.2833,L1,6.169553
3317,55.2833,L2,12.722649
3317,55.2833,L3,16.081705
3317,55.2833,L4,17.020448
3317,55.2833,L5,4.367868
3318,55.3000,L1,8.767012
3318,55.3000,L2,16.375770
3318,55.3000,L3,20.294548
3318,55.3000,L4,15.166489
3318,55.3000,L5,0.000000
3319,55.3167,L1,5.903356
3319,55.3167,L2,17.278078
3319,55.3167,L3,13.489180
3319,55.3167,L4,15.628800
3319,55.3167,L5,3.321119
3320,55.3333,L1,5.814141
3320,55.3333,L2,12.430566
3320,55.3333,L3,20.638855
3320,55.3333,L4,17.753475
3320,55.3333,L5,0.980608
3321,55.3500,L1,6.005736
3321,55.3500,L2,14.852042
3321,55.3500,L3,19.025970
3321,55.3500,L4,19.892147
3321,55.3500,L5,0.000000
3322,55.3667,L1,9.001121
3322,55.3667,L2,12.218009
3322,55.3667,L3,14.557446
3322,55.3667,L4,19.786148
3322,55.3667,L5,1.701658
3323,55.3833,L1,6.208361
3323,55.3833,L2,19.123206
3323,55.3833,L3,16.570289
3323,55.3833,L4,13.362633
3323,55.3833,L5,3.002760
3324,55.4000,L1,6.700524
3324,55.4000,L2,13.212363
3324,55.4000,L3,17.655567
3324,55.4000,L4,16.230646
3324,55.4000,L5,1.696303
3325,55.4167,L1,6.388580
3325,55.4167,L2,13.341837
3325,55.4167,L3,14.283513
3325,55.4167,L4,22.005913
3325,55.4167,L5,4.041731
3326,55.4333,L1,8.837614
3326,55.4333,L2,11.524117
3326,55.4333,L3,12.691281
3326,55.4333,L4,18.578426
3326,55.4333,L5,3.726046
3327,55.4500,L1,7.073526
3327,55.4500,L2,16.923195
3327,55.4500,L3,16.771170
3327,55.4500,L4,19.033148
3327,55.4500,L5,0.000000
3328,55.4667,L1,5.569605
3328,55.4667,L2,19.697930
3328,55.4667,L3,12.597904
3328,55.4667,L4,15.510957
3328,55.4667,L5,4.215183
3329,55.4833,L1,6.292631
3329,55.4833,L2,14.735887
3329,55.4833,L3,22.070063
3329,55.4833,L4,11.972325
3329,55.4833,L5,1.684636
3330,55.5000,L1,6.564874
3330,55.5000,L2,11.848753
3330,55.5000,L3,17.985328
3330,55.5000,L4,20.211002
3330,55.5000,L5,2.618962
3331,55.5167,L1,5.984258
3331,55.5167,L2,17.051927
3331,55.5167,L3,17.614885
3331,55.5167,L4,14.185635
3331,55.5167,L5,2.130694
3332,55.5333,L1,6.029226
3332,55.5333,L2,11.862235
3332,55.5333,L3,12.767538
3332,55.5333,L4,21.674771
3332,55.5333,L5,4.178345
3333,55.5500,L1,6.004925
3333,55.5500,L2,13.608163
3333,55.5500,L3,18.553535
3333,55.5500,L4,19.473852
3333,55.5500,L5,0.000000
3334,55.5667,L1,9.115321
3334,55.5667,L2,15.043720
3334,55.5667,L3,16.597629
3334,55.5667,L4,17.177851
3334,55.5667,L5,1.375037
3335,55.5833,L1,6.205884
3335,55.5833,L2,18.635656
3335,55.5833,L3,14.024300
3335,55.5833,L4,12.797681
3335,55.5833,L5,5.262422
3336,55.6000,L1,5.851871
3336,55.6000,L2,15.094186
3336,55.6000,L3,20.413990
3336,55.6000,L4,15.493643
3336,55.6000,L5,1.062997
3337,55.6167,L1,5.828869
3337,55.6167,L2,14.096874
3337,55.6167,L3,17.916868
3337,55.6167,L4,17.489381
3337,55.6167,L5,1.524490
3338,55.6333,L1,6.121160
3338,55.6333,L2,13.481072
3338,55.6333,L3,18.100054
3338,55.6333,L4,19.751125
3338,55.6333,L5,0.484479
3339,55.6500,L1,6.019957
3339,55.6500,L2,15.547400
3339,55.6500,L3,12.260241
3339,55.6500,L4,19.130718
3339,55.6500,L5,5.919201
3340,55.6667,L1,6.634489
3340,55.6667,L2,13.918206
3340,55.6667,L3,16.485039
3340,55.6667,L4,17.495994
3340,55.6667,L5,2.638725
3341,55.6833,L1,8.893399
3341,55.6833,L2,17.294821
3341,55.6833,L3,15.383779
3341,55.6833,L4,16.129219
3341,55.6833,L5,1.680584
3342,55.7000,L1,5.791999
3342,55.7000,L2,15.002978
3342,55.7000,L3,16.290116
3342,55.7000,L4,15.311893
3342,55.7000,L5,3.785933
3343,55.7167,L1,6.233447
3343,55.7167,L2,15.793814
3343,55.7167,L3,16.405334
3343,55.7167,L4,16.922968
3343,55.7167,L5,2.297035
3344,55.7333,L1,6.173584
3344,55.7333,L2,14.872979
3344,55.7333,L3,18.338371
3344,55.7333,L4,15.405269
3344,55.7333,L5,3.598477
3345,55.7500,L1,5.960267
3345,55.7500,L2,12.961125
3345,55.7500,L3,14.572108
3345,55.7500,L4,19.205012
3345,55.7500,L5,3.248980
3346,55.7667,L1,9.601618
3346,55.7667,L2,15.438528
3346,55.7667,L3,14.738221
3346,55.7667,L4,19.208862
3346,55.7667,L5,2.053067
3347,55.7833,L1,5.820818
3347,55.7833,L2,20.024427
3347,55.7833,L3,15.246088
3347,55.7833,L4,14.694873
3347,55.7833,L5,1.532043
3348,55.8000,L1,5.863405
3348,55.8000,L2,15.956164
3348,55.8000,L3,18.708741
3348,55.8000,L4,13.977205
3348,55.8000,L5,2.919920
3349,55.8167,L1,6.168056
3349,55.8167,L2,12.484820
3349,55.8167,L3,17.408574
3349,55.8167,L4,19.548061
3349,55.8167,L5,2.478427
3350,55.8333,L1,9.273015
3350,55.8333,L2,13.995293
3350,55.8333,L3,12.763737
3350,55.8333,L4,15.636697
3350,55.8333,L5,5.212665
3351,55.8500,L1,6.221102
3351,55.8500,L2,17.179537
3351,55.8500,L3,17.960361
3351,55.8500,L4,13.791017
3351,55.8500,L5,1.407016
3352,55.8667,L1,6.006355
3352,55.8667,L2,14.261632
3352,55.8667,L3,20.985772
3352,55.8667,L4,16.708430
3352,55.8667,L5,0.000000
3353,55.8833,L1,6.272592
3353,55.8833,L2,13.176700
3353,55.8833,L3,16.949107
3353,55.8833,L4,17.813111
3353,55.8833,L5,5.352270
3354,55.9000,L1,6.155548
3354,55.9000,L2,13.432641
3354,55.9000,L3,17.797914
3354,55.9000,L4,17.627409
3354,55.9000,L5,0.841924
3355,55.9167,L1,8.831157
3355,55.9167,L2,14.396500
3355,55.9167,L3,15.543274
3355,55.9167,L4,20.004968
3355,55.9167,L5,0.755054
3356,55.9333,L1,6.293782
3356,55.9333,L2,18.128067
3356,55.9333,L3,14.799423
3356,55.9333,L4,16.122709
3356,55.9333,L5,1.610389
3357,55.9500,L1,6.044178
3357,55.9500,L2,15.361093
3357,55.9500,L3,20.261998
3357,55.9500,L4,13.989365
3357,55.9500,L5,2.401398
3358,55.9667,L1,6.094967
3358,55.9667,L2,15.018888
3358,55.9667,L3,16.705803
3358,55.9667,L4,14.616147
3358,55.9667,L5,4.304082
3359,55.9833,L1,6.350325
3359,55.9833,L2,13.588394
3359,55.9833,L3,16.502361
3359,55.9833,L4,21.481780
3359,55.9833,L5,1.655504
3360,56.0000,L1,9.340664
3360,56.0000,L2,11.244008
3360,56.0000,L3,13.272558
3360,56.0000,L4,19.471698
3360,56.0000,L5,4.027602
3361,56.0167,L1,5.914408
3361,56.0167,L2,20.086897
3361,56.0167,L3,16.565887
3361,56.0167,L4,12.441114
3361,56.0167,L5,2.490585
3362,56.0333,L1,5.958978
3362,56.0333,L2,12.895850
3362,56.0333,L3,19.837682
3362,56.0333,L4,19.116869
3362,56.0333,L5,0.000000
3363,56.0500,L1,6.222861
3363,56.0500,L2,15.942137
3363,56.0500,L3,12.787331
3363,56.0500,L4,17.267650
3363,56.0500,L5,5.296106
3364,56.0667,L1,5.890953
3364,56.0667,L2,14.643594
3364,56.0667,L3,15.868271
3364,56.0667,L4,20.498771
3364,56.0667,L5,2.026207
3365,56.0833,L1,9.470093
3365,56.0833,L2,15.489753
3365,56.0833,L3,16.354118
3365,56.0833,L4,13.092537
3365,56.0833,L5,2.930163
3366,56.1000,L1,6.350717
3366,56.1000,L2,15.842142
3366,56.1000,L3,14.427934
3366,56.1000,L4,15.631386
3366,56.1000,L5,4.022968
3367,56.1167,L1,6.013769
3367,56.1167,L2,12.174264
3367,56.1167,L3,22.153951
3367,56.1167,L4,19.504257
3367,56.1167,L5,0.000000
3368,56.1333,L1,5.996486
3368,56.1333,L2,14.052832
3368,56.1333,L3,12.675510
3368,56.1333,L4,19.580558
3368,56.1333,L5,4.377204
3369,56.1500,L1,9.827699
3369,56.1500,L2,13.011019
3369,56.1500,L3,16.137029
3369,56.1500,L4,19.192955
3369,56.1500,L5,0.944819
3370,56.1667,L1,6.474862
3370,56.1667,L2,15.650575
3370,56.1667,L3,16.272371
3370,56.1667,L4,15.901454
3370,56.1667,L5,2.864717
3371,56.1833,L1,6.887604
3371,56.1833,L2,15.652610
3371,56.1833,L3,16.484080
3371,56.1833,L4,13.108216
3371,56.1833,L5,4.460552
3372,56.2000,L1,5.863283
3372,56.2000,L2,16.038530
3372,56.2000,L3,19.046068
3372,56.2000,L4,17.671560
3372,56.2000,L5,0.000000
3373,56.2167,L1,6.036600
3373,56.2167,L2,13.989853
3373,56.2167,L3,17.874141
3373,56.2167,L4,15.579688
3373,56.2167,L5,4.349816
3374,56.2333,L1,5.631117
3374,56.2333,L2,12.804171
3374,56.2333,L3,14.959354
3374,56.2333,L4,21.616443
3374,56.2333,L5,0.723963
3375,56.2500,L1,9.582763
3375,56.2500,L2,18.953594
3375,56.2500,L3,12.370461
3375,56.2500,L4,12.867219
3375,56.2500,L5,4.168888
3376,56.2667,L1,5.825147
3376,56.2667,L2,15.656840
3376,56.2667,L3,18.784737
3376,56.2667,L4,16.607318
3376,56.2667,L5,1.835289
3377,56.2833,L1,6.027736
3377,56.2833,L2,14.949054
3377,56.2833,L3,18.627434
3377,56.2833,L4,16.946627
3377,56.2833,L5,2.293339
3378,56.3000,L1,5.717855
3378,56.3000,L2,13.275546
3378,56.3000,L3,16.351575
3378,56.3000,L4,19.256961
3378,56.3000,L5,2.764535
3379,56.3167,L1,5.780594
3379,56.3167,L2,15.371271
3379,56.3167,L3,13.936575
3379,56.3167,L4,16.520732
3379,56.3167,L5,4.702859
3380,56.3333,L1,8.654256
3380,56.3333,L2,16.865411
3380,56.3333,L3,17.583360
3380,56.3333,L4,14.430070
3380,56.3333,L5,0.917736
3381,56.3500,L1,5.738525
3381,56.3500,L2,14.583826
3381,56.3500,L3,19.552427
3381,56.3500,L4,15.501570
3381,56.3500,L5,2.186765
3382,56.3667,L1,5.868851
3382,56.3667,L2,14.022265
3382,56.3667,L3,15.981770
3382,56.3667,L4,20.986124
3382,56.3667,L5,0.926772
3383,56.3833,L1,9.072437
3383,56.3833,L2,12.134952
3383,56.3833,L3,16.963634
3383,56.3833,L4,16.327100
3383,56.3833,L5,3.525767
3384,56.4000,L1,5.720507
3384,56.4000,L2,16.296819
3384,56.4000,L3,16.916781
3384,56.4000,L4,17.632849
3384,56.4000,L5,1.379373
3385,56.4167,L1,6.950632
3385,56.4167,L2,18.211546
3385,56.4167,L3,11.973039
3385,56.4167,L4,17.586143
3385,56.4167,L5,2.542180
3386,56.4333,L1,6.021739
3386,56.4333,L2,12.379760
3386,56.4333,L3,21.921814
3386,56.4333,L4,13.865000
3386,56.4333,L5,2.689181
3387,56.4500,L1,5.713176
3387,56.4500,L2,15.993357
3387,56.4500,L3,15.685413
3387,56.4500,L4,18.843103
3387,56.4500,L5,1.652450
3388,56.4667,L1,6.017966
3388,56.4667,L2,13.162246
3388,56.4667,L3,18.300728
3388,56.4667,L4,17.750315
3388,56.4667,L5,3.903064
3389,56.4833,L1,6.186302
3389,56.4833,L2,13.267390
3389,56.4833,L3,16.028105
3389,56.4833,L4,19.518452
3389,56.4833,L5,2.663375
3390,56.5000,L1,9.074990
3390,56.5000,L2,12.902687
3390,56.5000,L3,16.295708
3390,56.5000,L4,15.545928
3390,56.5000,L5,3.800475
3391,56.5167,L1,5.800417
3391,56.5167,L2,19.700645
3391,56.5167,L3,16.012136
3391,56.5167,L4,16.055855
3391,56.5167,L5,0.840935
3392,56.5333,L1,6.249501
3392,56.5333,L2,14.335104
3392,56.5333,L3,17.872530
3392,56.5333,L4,14.578221
3392,56.5333,L5,3.755855
3393,56.5500,L1,5.977940
3393,56.5500,L2,15.238411
3393,56.5500,L3,20.444953
3393,56.5500,L4,15.346647
3393,56.5500,L5,0.000000
3394,56.5667,L1,6.322703
3394,56.5667,L2,12.007573
3394,56.5667,L3,15.434899
3394,56.5667,L4,21.333646
3394,56.5667,L5,4.669453
3395,56.5833,L1,6.285083
3395,56.5833,L2,15.827214
3395,56.5833,L3,16.780802
3395,56.5833,L4,15.326842
3395,56.5833,L5,1.557915
3396,56.6000,L1,8.775842
3396,56.6000,L2,12.887091
3396,56.6000,L3,13.167316
3396,56.6000,L4,17.966146
3396,56.6000,L5,5.892546
3397,56.6167,L1,6.278664
3397,56.6167,L2,20.223966
3397,56.6167,L3,15.872862
3397,56.6167,L4,15.856917
3397,56.6167,L5,0.000000
3398,56.6333,L1,5.880319
3398,56.6333,L2,12.067985
3398,56.6333,L3,19.675721
3398,56.6333,L4,16.625763
3398,56.6333,L5,1.541746
3399,56.6500,L1,6.113995
3399,56.6500,L2,15.704011
3399,56.6500,L3,18.627126
3399,56.6500,L4,15.903083
3399,56.6500,L5,2.271266
3400,56.6667,L1,8.734403
3400,56.6667,L2,12.478755
3400,56.6667,L3,14.553710
3400,56.6667,L4,21.182527
3400,56.6667,L5,2.282524
3401,56.6833,L1,5.911010
3401,56.6833,L2,15.164318
3401,56.6833,L3,17.861797
3401,56.6833,L4,14.816387
3401,56.6833,L5,3.125186
3402,56.7000,L1,5.775970
3402,56.7000,L2,17.286711
3402,56.7000,L3,13.515072
3402,56.7000,L4,16.455053
3402,56.7000,L5,4.843361
3403,56.7167,L1,5.766561
3403,56.7167,L2,16.169555
3403,56.7167,L3,18.543124
3403,56.7167,L4,17.196039
3403,56.7167,L5,0.000000
3404,56.7333,L1,6.141048
3404,56.7333,L2,14.205975
3404,56.7333,L3,16.488746
3404,56.7333,L4,20.609958
3404,56.7333,L5,1.096739
3405,56.7500,L1,6.449643
3405,56.7500,L2,15.740739
3405,56.7500,L3,14.637381
3405,56.7500,L4,17.300477
3405,56.7500,L5,2.535999
3406,56.7667,L1,9.622694
3406,56.7667,L2,13.503296
3406,56.7667,L3,11.485095
3406,56.7667,L4,17.651957
3406,56.7667,L5,4.921183
3407,56.7833,L1,5.906613
3407,56.7833,L2,15.808523
3407,56.7833,L3,21.609443
3407,56.7833,L4,15.429668
3407,56.7833,L5,0.759637
3408,56.8000,L1,6.207723
3408,56.8000,L2,13.128260
3408,56.8000,L3,12.058782
3408,56.8000,L4,23.035544
3408,56.8000,L5,1.535814
3409,56.8167,L1,6.856951
3409,56.8167,L2,16.447950
3409,56.8167,L3,16.394560
3409,56.8167,L4,18.721207
3409,56.8167,L5,0.700698
3410,56.8333,L1,5.982934
3410,56.8333,L2,12.243720
3410,56.8333,L3,13.812260
3410,56.8333,L4,12.802324
3410,56.8333,L5,10.267450
3411,56.8500,L1,9.683839
3411,56.8500,L2,18.673194
3411,56.8500,L3,15.368381
3411,56.8500,L4,14.166120
3411,56.8500,L5,0.000000
3412,56.8667,L1,6.029908
3412,56.8667,L2,13.657039
3412,56.8667,L3,22.961432
3412,56.8667,L4,15.003957
3412,56.8667,L5,1.744373
3413,56.8833,L1,6.569442
3413,56.8833,L2,12.401107
3413,56.8833,L3,16.678575
3413,56.8833,L4,18.332991
3413,56.8833,L5,1.569777
3414,56.9000,L1,6.063051
3414,56.9000,L2,15.866272
3414,56.9000,L3,17.004296
3414,56.9000,L4,17.944694
3414,56.9000,L5,2.356391
3415,56.9167,L1,6.443118
3415,56.9167,L2,13.039609
3415,56.9167,L3,15.492041
3415,56.9167,L4,21.587439
3415,56.9167,L5,2.782494
3416,56.9333,L1,6.585302
3416,56.9333,L2,14.890451
3416,56.9333,L3,14.899914
3416,56.9333,L4,14.829697
3416,56.9333,L5,5.511352
3417,56.9500,L1,6.948723
3417,56.9500,L2,14.286960
3417,56.9500,L3,15.602060
3417,56.9500,L4,17.395719
3417,56.9500,L5,2.522679
3418,56.9667,L1,9.110282
3418,56.9667,L2,18.535282
3418,56.9667,L3,17.099400
3418,56.9667,L4,15.216287
3418,56.9667,L5,0.000000
3419,56.9833,L1,6.085127
3419,56.9833,L2,14.645937
3419,56.9833,L3,19.150035
3419,56.9833,L4,13.955605
3419,56.9833,L5,3.523180
3420,57.0000,L1,5.712292
3420,57.0000,L2,11.951705
3420,57.0000,L3,16.667416
3420,57.0000,L4,22.714393
3420,57.0000,L5,0.892068
3421,57.0167,L1,6.247632
3421,57.0167,L2,15.647456
3421,57.0167,L3,17.258673
3421,57.0167,L4,13.678629
3421,57.0167,L5,3.658528
3422,57.0333,L1,9.095342
3422,57.0333,L2,12.984694
3422,57.0333,L3,15.257591
3422,57.0333,L4,19.424353
3422,57.0333,L5,2.162216
3423,57.0500,L1,6.550262
3423,57.0500,L2,15.790218
3423,57.0500,L3,16.022876
3423,57.0500,L4,19.152757
3423,57.0500,L5,0.000000
3424,57.0667,L1,7.264471
3424,57.0667,L2,14.092618
3424,57.0667,L3,13.829836
3424,57.0667,L4,17.040365
3424,57.0667,L5,4.736080
3425,57.0833,L1,5.658352
3425,57.0833,L2,18.833771
3425,57.0833,L3,18.058493
3425,57.0833,L4,14.574287
3425,57.0833,L5,1.502891
3426,57.1000,L1,5.866348
3426,57.1000,L2,13.989712
3426,57.1000,L3,19.431886
3426,57.1000,L4,16.543672
3426,57.1000,L5,1.415559
3427,57.1167,L1,5.922855
3427,57.1167,L2,11.990409
3427,57.1167,L3,15.751181
3427,57.1167,L4,20.579178
3427,57.1167,L5,2.886439
3428,57.1333,L1,9.412405
3428,57.1333,L2,16.486343
3428,57.1333,L3,15.188089
3428,57.1333,L4,13.906236
3428,57.1333,L5,4.023989
3429,57.1500,L1,5.968844
3429,57.1500,L2,14.419584
3429,57.1500,L3,18.801967
3429,57.1500,L4,16.650943
3429,57.1500,L5,0.000000
3430,57.1667,L1,6.539146
3430,57.1667,L2,19.261376
3430,57.1667,L3,16.646789
3430,57.1667,L4,14.578851
3430,57.1667,L5,2.792116
3431,57.1833,L1,5.846761
3431,57.1833,L2,12.601109
3431,57.1833,L3,18.774887
3431,57.1833,L4,17.871972
3431,57.1833,L5,2.387071
3432,57.2000,L1,6.036049
3432,57.2000,L2,13.927089
3432,57.2000,L3,15.099431
3432,57.2000,L4,18.600189
3432,57.2000,L5,4.428883
3433,57.2167,L1,8.935460
3433,57.2167,L2,15.089636
3433,57.2167,L3,16.030685
3433,57.2167,L4,17.837691
3433,57.2167,L5,0.000000
3434,57.2333,L1,6.304840
3434,57.2333,L2,15.568025
3434,57.2333,L3,13.608720
3434,57.2333,L4,14.731779
3434,57.2333,L5,5.623045
3435,57.2500,L1,6.030244
3435,57.2500,L2,19.638371
3435,57.2500,L3,16.657682
3435,57.2500,L4,15.606794
3435,57.2500,L5,0.000000
3436,57.2667,L1,5.944857
3436,57.2667,L2,13.671932
3436,57.2667,L3,18.113555
3436,57.2667,L4,18.586202
3436,57.2667,L5,2.688025
3437,57.2833,L1,6.223620
3437,57.2833,L2,13.604419
3437,57.2833,L3,16.935253
3437,57.2833,L4,16.128506
3437,57.2833,L5,2.596564
3438,57.3000,L1,6.364974
3438,57.3000,L2,13.341413
3438,57.3000,L3,14.107876
3438,57.3000,L4,22.222403
3438,57.3000,L5,2.575361
3439,57.3167,L1,9.161284
3439,57.3167,L2,14.240606
3439,57.3167,L3,15.001783
3439,57.3167,L4,17.650917
3439,57.3167,L5,1.431804
3440,57.3333,L1,5.836966
3440,57.3333,L2,20.462646
3440,57.3333,L3,17.674447
3440,57.3333,L4,15.881667
3440,57.3333,L5,0.000000
3441,57.3500,L1,6.496726
3441,57.3500,L2,14.419305
3441,57.3500,L3,16.578702
3441,57.3500,L4,12.367859
3441,57.3500,L5,4.943620
3442,57.3667,L1,5.866280
3442,57.3667,L2,12.296267
3442,57.3667,L3,16.750391
3442,57.3667,L4,24.285207
3442,57.3667,L5,1.518686
3443,57.3833,L1,6.959015
3443,57.3833,L2,15.177437
3443,57.3833,L3,12.628260
3443,57.3833,L4,16.685688
3443,57.3833,L5,5.494261
3444,57.4000,L1,8.913502
3444,57.4000,L2,15.273991
3444,57.4000,L3,17.203419
3444,57.4000,L4,15.455885
3444,57.4000,L5,0.790876
3445,57.4167,L1,6.360749
3445,57.4167,L2,19.760961
3445,57.4167,L3,15.760309
3445,57.4167,L4,13.059836
3445,57.4167,L5,2.395966
3446,57.4333,L1,6.019461
3446,57.4333,L2,14.254204
3446,57.4333,L3,22.389912
3446,57.4333,L4,12.898696
3446,57.4333,L5,3.248606
3447,57.4500,L1,5.961019
3447,57.4500,L2,16.976758
3447,57.4500,L3,14.720703
3447,57.4500,L4,15.397577
3447,57.4500,L5,2.250128
3448,57.4667,L1,6.010966
3448,57.4667,L2,11.658045
3448,57.4667,L3,14.968803
3448,57.4667,L4,20.390667
3448,57.4667,L5,5.798523
3449,57.4833,L1,6.567074
3449,57.4833,L2,16.684383
3449,57.4833,L3,16.423632
3449,57.4833,L4,17.414267
3449,57.4833,L5,0.000000
3450,57.5000,L1,9.021143
3450,57.5000,L2,18.713526
3450,57.5000,L3,16.677579
3450,57.5000,L4,12.890174
3450,57.5000,L5,0.766602
3451,57.5167,L1,6.121047
3451,57.5167,L2,16.874108
3451,57.5167,L3,17.581906
3451,57.5167,L4,12.332047
3451,57.5167,L5,3.958992
3452,57.5333,L1,6.089261
3452,57.5333,L2,11.301826
3452,57.5333,L3,20.052280
3452,57.5333,L4,19.112112
3452,57.5333,L5,1.491853
3453,57.5500,L1,6.193225
3453,57.5500,L2,15.196005
3453,57.5500,L3,17.481071
3453,57.5500,L4,15.646354
3453,57.5500,L5,4.920273
3454,57.5667,L1,6.052725
3454,57.5667,L2,14.091826
3454,57.5667,L3,14.703446
3454,57.5667,L4,19.058291
3454,57.5667,L5,1.536773
3455,57.5833,L1,8.885256
3455,57.5833,L2,14.964832
3455,57.5833,L3,13.607860
3455,57.5833,L4,16.472232
3455,57.5833,L5,5.413922
3456,57.6000,L1,6.518836
3456,57.6000,L2,20.162748
3456,57.6000,L3,16.832692
3456,57.6000,L4,14.930496
3456,57.6000,L5,0.000000
3457,57.6167,L1,5.951850
3457,57.6167,L2,12.673840
3457,57.6167,L3,18.468102
3457,57.6167,L4,18.662565
3457,57.6167,L5,1.531488
3458,57.6333,L1,6.215821
3458,57.6333,L2,12.865941
3458,57.6333,L3,15.572535
3458,57.6333,L4,16.573525
3458,57.6333,L5,6.329210
3459,57.6500,L1,9.028141
3459,57.6500,L2,15.026438
3459,57.6500,L3,16.571181
3459,57.6500,L4,17.413774
3459,57.6500,L5,0.000000
3460,57.6667,L1,6.056367
3460,57.6667,L2,16.828876
3460,57.6667,L3,13.354303
3460,57.6667,L4,17.508049
3460,57.6667,L5,3.230442
3461,57.6833,L1,5.895393
3461,57.6833,L2,16.143480
3461,57.6833,L3,21.582339
3461,57.6833,L4,14.177715
3461,57.6833,L5,0.000000
3462,57.7000,L1,5.924416
3462,57.7000,L2,14.916128
3462,57.7000,L3,16.269414
3462,57.7000,L4,17.673355
3462,57.7000,L5,3.193722
3463,57.7167,L1,9.043528
3463,57.7167,L2,11.913653
3463,57.7167,L3,12.540801
3463,57.7167,L4,20.832240
3463,57.7167,L5,3.113447
3464,57.7333,L1,6.096356
3464,57.7333,L2,16.585447
3464,57.7333,L3,17.019572
3464,57.7333,L4,17.012006
3464,57.7333,L5,1.172239
3465,57.7500,L1,6.175563
3465,57.7500,L2,13.536190
3465,57.7500,L3,15.581170
3465,57.7500,L4,16.733316
3465,57.7500,L5,4.590470
3466,57.7667,L1,5.889583
3466,57.7667,L2,22.477146
3466,57.7667,L3,15.409664
3466,57.7667,L4,13.392147
3466,57.7667,L5,1.344517
3467,57.7833,L1,6.631425
3467,57.7833,L2,11.733832
3467,57.7833,L3,20.676905
3467,57.7833,L4,15.827650
3467,57.7833,L5,3.374212
3468,57.8000,L1,5.991380
3468,57.8000,L2,15.962908
3468,57.8000,L3,18.246260
3468,57.8000,L4,17.484962
3468,57.8000,L5,0.000000
3469,57.8167,L1,5.870166
3469,57.8167,L2,13.430748
3469,57.8167,L3,18.579495
3469,57.8167,L4,17.775865
3469,57.8167,L5,2.251446
3470,57.8333,L1,6.540843
3470,57.8333,L2,15.749366
3470,57.8333,L3,16.223105
3470,57.8333,L4,15.747602
3470,57.8333,L5,2.006776
3471,57.8500,L1,6.477566
3471,57.8500,L2,12.726509
3471,57.8500,L3,12.037236
3471,57.8500,L4,22.352150
3471,57.8500,L5,4.798694
3472,57.8667,L1,7.034457
3472,57.8667,L2,14.780677
3472,57.8667,L3,17.393621
3472,57.8667,L4,17.695689
3472,57.8667,L5,1.811949
3473,57.8833,L1,9.328368
3473,57.8833,L2,17.561003
3473,57.8833,L3,11.902718
3473,57.8833,L4,15.452327
3473,57.8833,L5,2.288076
3474,57.9000,L1,6.208470
3474,57.9000,L2,16.648126
3474,57.9000,L3,18.230508
3474,57.9000,L4,15.997731
3474,57.9000,L5,2.387063
3475,57.9167,L1,6.018116
3475,57.9167,L2,13.277619
3475,57.9167,L3,18.929501
3475,57.9167,L4,15.793531
3475,57.9167,L5,1.193093
3476,57.9333,L1,6.358493
3476,57.9333,L2,14.674109
3476,57.9333,L3,15.605900
3476,57.9333,L4,19.513402
3476,57.9333,L5,1.768046
3477,57.9500,L1,6.202209
3477,57.9500,L2,12.707221
3477,57.9500,L3,14.775601
3477,57.9500,L4,20.606401
3477,57.9500,L5,3.205515
3478,57.9667,L1,9.219216
3478,57.9667,L2,17.992526
3478,57.9667,L3,14.752591
3478,57.9667,L4,14.493114
3478,57.9667,L5,3.036851
3479,57.9833,L1,6.002969
3479,57.9833,L2,18.812305
3479,57.9833,L3,13.608497
3479,57.9833,L4,15.202580
3479,57.9833,L5,3.239090
3480,58.0000,L1,6.148326
3480,58.0000,L2,12.031816
3480,58.0000,L3,21.827657
3480,58.0000,L4,16.102057
3480,58.0000,L5,1.496375
3481,58.0167,L1,6.313153
3481,58.0167,L2,11.928878
3481,58.0167,L3,13.771846
3481,58.0167,L4,20.895736
3481,58.0167,L5,6.338312
3482,58.0333,L1,9.269859
3482,58.0333,L2,14.328925
3482,58.0333,L3,18.202495
3482,58.0333,L4,15.300065
3482,58.0333,L5,0.000000
3483,58.0500,L1,6.083299
3483,58.0500,L2,18.181139
3483,58.0500,L3,14.206370
3483,58.0500,L4,17.771095
3483,58.0500,L5,2.316879
3484,58.0667,L1,5.987095
3484,58.0667,L2,12.636765
3484,58.0667,L3,16.928010
3484,58.0667,L4,16.251839
3484,58.0667,L5,4.153118
3485,58.0833,L1,6.038808
3485,58.0833,L2,15.694863
3485,58.0833,L3,15.824942
3485,58.0833,L4,19.122256
3485,58.0833,L5,0.490907
3486,58.1000,L1,5.850716
3486,58.1000,L2,15.039556
3486,58.1000,L3,20.433077
3486,58.1000,L4,15.609730
3486,58.1000,L5,3.418965
3487,58.1167,L1,6.087125
3487,58.1167,L2,14.582002
3487,58.1167,L3,16.586063
3487,58.1167,L4,19.688429
3487,58.1167,L5,0.758835
3488,58.1333,L1,6.386263
3488,58.1333,L2,13.988294
3488,58.1333,L3,15.942698
3488,58.1333,L4,17.141095
3488,58.1333,L5,3.587819
3489,58.1500,L1,6.213147
3489,58.1500,L2,14.727276
3489,58.1500,L3,15.177829
3489,58.1500,L4,15.443902
3489,58.1500,L5,4.025898
3490,58.1667,L1,10.181209
3490,58.1667,L2,14.475732
3490,58.1667,L3,15.901868
3490,58.1667,L4,15.205320
3490,58.1667,L5,3.085584
3491,58.1833,L1,6.446224
3491,58.1833,L2,15.461249
3491,58.1833,L3,17.072049
3491,58.1833,L4,18.338417
3491,58.1833,L5,1.839930
3492,58.2000,L1,6.950584
3492,58.2000,L2,19.695652
3492,58.2000,L3,13.793717
3492,58.2000,L4,14.663106
3492,58.2000,L5,1.784116
3493,58.2167,L1,6.140517
3493,58.2167,L2,12.309219
3493,58.2167,L3,21.801091
3493,58.2167,L4,16.501514
3493,58.2167,L5,0.000000
3494,58.2333,L1,6.606020
3494,58.2333,L2,14.084921
3494,58.2333,L3,14.202395
3494,58.2333,L4,18.093737
3494,58.2333,L5,5.815751
3495,58.2500,L1,6.754611
3495,58.2500,L2,13.358399
3495,58.2500,L3,17.400791
3495,58.2500,L4,18.623327
3495,58.2500,L5,1.158270
3496,58.2667,L1,6.288918
3496,58.2667,L2,13.179884
3496,58.2667,L3,18.377416
3496,58.2667,L4,16.697483
3496,58.2667,L5,1.914478
3497,58.2833,L1,9.185562
3497,58.2833,L2,14.159882
3497,58.2833,L3,12.236339
3497,58.2833,L4,18.807599
3497,58.2833,L5,4.856127
3498,58.3000,L1,6.949517
3498,58.3000,L2,17.313138
3498,58.3000,L3,16.239158
3498,58.3000,L4,18.038338
3498,58.3000,L5,0.000000
3499,58.3167,L1,5.988321
3499,58.3167,L2,16.507940
3499,58.3167,L3,17.337561
3499,58.3167,L4,16.102941
3499,58.3167,L5,1.989861
3500,58.3333,L1,6.278920
3500,58.3333,L2,12.337190
3500,58.3333,L3,16.811506
3500,58.3333,L4,18.193432
3500,58.3333,L5,1.753032
3501,58.3500,L1,5.981163
3501,58.3500,L2,13.259490
3501,58.3500,L3,19.004397
3501,58.3500,L4,19.209663
3501,58.3500,L5,2.290161
3502,58.3667,L1,5.997259
3502,58.3667,L2,14.974671
3502,58.3667,L3,17.358516
3502,58.3667,L4,16.567389
3502,58.3667,L5,2.637121
3503,58.3833,L1,6.478285
3503,58.3833,L2,15.827718
3503,58.3833,L3,15.280073
3503,58.3833,L4,14.295348
3503,58.3833,L5,4.104229
3504,58.4000,L1,8.918208
3504,58.4000,L2,16.958362
3504,58.4000,L3,13.463976
3504,58.4000,L4,17.065463
3504,58.4000,L5,2.378323
3505,58.4167,L1,6.658143
3505,58.4167,L2,15.979375
3505,58.4167,L3,15.744718
3505,58.4167,L4,18.284701
3505,58.4167,L5,1.893491
3506,58.4333,L1,6.537744
3506,58.4333,L2,15.455224
3506,58.4333,L3,18.532071
3506,58.4333,L4,15.648300
3506,58.4333,L5,1.960227
3507,58.4500,L1,6.123931
3507,58.4500,L2,15.692321
3507,58.4500,L3,15.684694
3507,58.4500,L4,14.881150
3507,58.4500,L5,4.010397
3508,58.4667,L1,6.007766
3508,58.4667,L2,14.456082
3508,58.4667,L3,17.895629
3508,58.4667,L4,19.315692
3508,58.4667,L5,1.308104
3509,58.4833,L1,7.126374
3509,58.4833,L2,13.657718
3509,58.4833,L3,11.854820
3509,58.4833,L4,18.865111
3509,58.4833,L5,6.259429
3510,58.5000,L1,6.469832
3510,58.5000,L2,14.141958
3510,58.5000,L3,18.483161
3510,58.5000,L4,18.598803
3510,58.5000,L5,0.000000
3511,58.5167,L1,8.720669
3511,58.5167,L2,17.961099
3511,58.5167,L3,17.024775
3511,58.5167,L4,12.356699
3511,58.5167,L5,1.043877
3512,58.5333,L1,6.273207
3512,58.5333,L2,14.743728
3512,58.5333,L3,13.071138
3512,58.5333,L4,19.432724
3512,58.5333,L5,4.698704
3513,58.5500,L1,6.058147
3513,58.5500,L2,16.427857
3513,58.5500,L3,17.871886
3513,58.5500,L4,11.416681
3513,58.5500,L5,5.863984
3514,58.5667,L1,6.366679
3514,58.5667,L2,14.894569
3514,58.5667,L3,20.019821
3514,58.5667,L4,15.018330
3514,58.5667,L5,0.949140
3515,58.5833,L1,6.206350
3515,58.5833,L2,15.865915
3515,58.5833,L3,13.575494
3515,58.5833,L4,19.182925
3515,58.5833,L5,3.129502
3516,58.6000,L1,6.496757
3516,58.6000,L2,12.114739
3516,58.6000,L3,19.189694
3516,58.6000,L4,18.467679
3516,58.6000,L5,2.251514
3517,58.6167,L1,6.139247
3517,58.6167,L2,16.098230
3517,58.6167,L3,14.046117
3517,58.6167,L4,20.118705
3517,58.6167,L5,0.977458
3518,58.6333,L1,8.695603
3518,58.6333,L2,11.403760
3518,58.6333,L3,16.063076
3518,58.6333,L4,18.457944
3518,58.6333,L5,2.955596
3519,58.6500,L1,6.777448
3519,58.6500,L2,16.067466
3519,58.6500,L3,17.173033
3519,58.6500,L4,13.578125
3519,58.6500,L5,2.038319
3520,58.6667,L1,6.144741
3520,58.6667,L2,16.920162
3520,58.6667,L3,14.080502
3520,58.6667,L4,15.772982
3520,58.6667,L5,4.664254
3521,58.6833,L1,6.782342
3521,58.6833,L2,17.846681
3521,58.6833,L3,19.746020
3521,58.6833,L4,13.695019
3521,58.6833,L5,2.152705
3522,58.7000,L1,5.891006
3522,58.7000,L2,14.371339
3522,58.7000,L3,15.419418
3522,58.7000,L4,17.239017
3522,58.7000,L5,3.170200
3523,58.7167,L1,6.371552
3523,58.7167,L2,14.280166
3523,58.7167,L3,16.951501
3523,58.7167,L4,18.994669
3523,58.7167,L5,2.121316
3524,58.7333,L1,6.232614
3524,58.7333,L2,15.124555
3524,58.7333,L3,15.625450
3524,58.7333,L4,16.711425
3524,58.7333,L5,4.950155
3525,58.7500,L1,9.237614
3525,58.7500,L2,19.495775
3525,58.7500,L3,16.591319
3525,58.7500,L4,12.311446
3525,58.7500,L5,0.000000
3526,58.7667,L1,6.134008
3526,58.7667,L2,13.333961
3526,58.7667,L3,17.506732
3526,58.7667,L4,20.399694
3526,58.7667,L5,0.000000
3527,58.7833,L1,6.082199
3527,58.7833,L2,16.483517
3527,58.7833,L3,16.387371
3527,58.7833,L4,14.751922
3527,58.7833,L5,3.943802
3528,58.8000,L1,6.226480
3528,58.8000,L2,14.375649
3528,58.8000,L3,16.290798
3528,58.8000,L4,18.043373
3528,58.8000,L5,2.297922
3529,58.8167,L1,5.845552
3529,58.8167,L2,16.991507
3529,58.8167,L3,17.600134
3529,58.8167,L4,16.125468
3529,58.8167,L5,1.939916
3530,58.8333,L1,5.501613
3530,58.8333,L2,15.375022
3530,58.8333,L3,13.556793
3530,58.8333,L4,19.029956
3530,58.8333,L5,3.455362
3531,58.8500,L1,6.257033
3531,58.8500,L2,15.010231
3531,58.8500,L3,16.332989
3531,58.8500,L4,16.787914
3531,58.8500,L5,1.956851
3532,58.8667,L1,6.773922
3532,58.8667,L2,14.622993
3532,58.8667,L3,18.827789
3532,58.8667,L4,15.418882
3532,58.8667,L5,2.481834
3533,58.8833,L1,5.993585
3533,58.8833,L2,14.691271
3533,58.8833,L3,13.763033
3533,58.8833,L4,21.828323
3533,58.8833,L5,3.873340
3534,58.9000,L1,9.303106
3534,58.9000,L2,18.115268
3534,58.9000,L3,13.799311
3534,58.9000,L4,14.777657
3534,58.9000,L5,0.000000
3535,58.9167,L1,6.081229
3535,58.9167,L2,16.012224
3535,58.9167,L3,18.568249
3535,58.9167,L4,18.595989
3535,58.9167,L5,0.000000
3536,58.9333,L1,5.900916
3536,58.9333,L2,11.995128
3536,58.9333,L3,20.630812
3536,58.9333,L4,15.554322
3536,58.9333,L5,3.857635
3537,58.9500,L1,6.252310
3537,58.9500,L2,15.820244
3537,58.9500,L3,14.526242
3537,58.9500,L4,18.152844
3537,58.9500,L5,0.000000
3538,58.9667,L1,5.922061
3538,58.9667,L2,11.292875
3538,58.9667,L3,17.011586
3538,58.9667,L4,19.976471
3538,58.9667,L5,5.804460
3539,58.9833,L1,5.770837
3539,58.9833,L2,14.149387
3539,58.9833,L3,15.198236
3539,58.9833,L4,17.133631
3539,58.9833,L5,4.810432
3540,59.0000,L1,6.113249
3540,59.0000,L2,16.981050
3540,59.0000,L3,17.897823
3540,59.0000,L4,17.074260
3540,59.0000,L5,0.000000
3541,59.0167,L1,8.757448
3541,59.0167,L2,16.435585
3541,59.0167,L3,14.325197
3541,59.0167,L4,16.830094
3541,59.0167,L5,1.993349
3542,59.0333,L1,6.695379
3542,59.0333,L2,14.295865
3542,59.0333,L3,12.958722
3542,59.0333,L4,15.780667
3542,59.0333,L5,5.268401
3543,59.0500,L1,6.422790
3543,59.0500,L2,16.437891
3543,59.0500,L3,17.777186
3543,59.0500,L4,17.988810
3543,59.0500,L5,1.055992
3544,59.0667,L1,6.643516
3544,59.0667,L2,14.375553
3544,59.0667,L3,19.519030
3544,59.0667,L4,13.028600
3544,59.0667,L5,4.090120
3545,59.0833,L1,6.490278
3545,59.0833,L2,11.357375
3545,59.0833,L3,18.773405
3545,59.0833,L4,21.563141
3545,59.0833,L5,0.769161
3546,59.1000,L1,9.231868
3546,59.1000,L2,13.483312
3546,59.1000,L3,11.619709
3546,59.1000,L4,19.129142
3546,59.1000,L5,3.055497
3547,59.1167,L1,6.219263
3547,59.1167,L2,15.978410
3547,59.1167,L3,19.026511
3547,59.1167,L4,14.537734
3547,59.1167,L5,1.503002
3548,59.1333,L1,6.664585
3548,59.1333,L2,16.057542
3548,59.1333,L3,17.906318
3548,59.1333,L4,15.278603
3548,59.1333,L5,1.064136
3549,59.1500,L1,6.401986
3549,59.1500,L2,14.301048
3549,59.1500,L3,16.448513
3549,59.1500,L4,15.676568
3549,59.1500,L5,4.772932
3550,59.1667,L1,6.005619
3550,59.1667,L2,13.958731
3550,59.1667,L3,15.568311
3550,59.1667,L4,21.331567
3550,59.1667,L5,2.952817
3551,59.1833,L1,9.439065
3551,59.1833,L2,13.785451
3551,59.1833,L3,13.686660
3551,59.1833,L4,17.010486
3551,59.1833,L5,2.419411
3552,59.2000,L1,6.219848
3552,59.2000,L2,20.343725
3552,59.2000,L3,16.037489
3552,59.2000,L4,12.362409
3552,59.2000,L5,3.984497
3553,59.2167,L1,6.431586
3553,59.2167,L2,12.445265
3553,59.2167,L3,19.830277
3553,59.2167,L4,17.437844
3553,59.2167,L5,0.000000
3554,59.2333,L1,6.337390
3554,59.2333,L2,13.724475
3554,59.2333,L3,18.055495
3554,59.2333,L4,17.200813
3554,59.2333,L5,4.216451
3555,59.2500,L1,6.249221
3555,59.2500,L2,14.396398
3555,59.2500,L3,18.502431
3555,59.2500,L4,14.526249
3555,59.2500,L5,1.425399
3556,59.2667,L1,6.879017
3556,59.2667,L2,13.613326
3556,59.2667,L3,15.817591
3556,59.2667,L4,19.125450
3556,59.2667,L5,2.463894
3557,59.2833,L1,5.880986
3557,59.2833,L2,16.016617
3557,59.2833,L3,16.473874
3557,59.2833,L4,17.871753
3557,59.2833,L5,2.761911
3558,59.3000,L1,5.897010
3558,59.3000,L2,11.882050
3558,59.3000,L3,16.427051
3558,59.3000,L4,18.703185
3558,59.3000,L5,5.850189
3559,59.3167,L1,5.984876
3559,59.3167,L2,15.887111
3559,59.3167,L3,17.502024
3559,59.3167,L4,16.714227
3559,59.3167,L5,0.000000
3560,59.3333,L1,9.131533
3560,59.3333,L2,17.788452
3560,59.3333,L3,12.918813
3560,59.3333,L4,14.882159
3560,59.3333,L5,4.302703
3561,59.3500,L1,5.981281
3561,59.3500,L2,15.705038
3561,59.3500,L3,16.546645
3561,59.3500,L4,17.269369
3561,59.3500,L5,1.982580
3562,59.3667,L1,6.521977
3562,59.3667,L2,13.267993
3562,59.3667,L3,22.270080
3562,59.3667,L4,15.056505
3562,59.3667,L5,0.000000
3563,59.3833,L1,6.163527
3563,59.3833,L2,16.759989
3563,59.3833,L3,16.480734
3563,59.3833,L4,18.189800
3563,59.3833,L5,1.755484
3564,59.4000,L1,5.806384
3564,59.4000,L2,12.002008
3564,59.4000,L3,15.100199
3564,59.4000,L4,19.214702
3564,59.4000,L5,4.201984
3565,59.4167,L1,9.488874
3565,59.4167,L2,16.322162
3565,59.4167,L3,12.775115
3565,59.4167,L4,14.901826
3565,59.4167,L5,4.173776
3566,59.4333,L1,5.941510
3566,59.4333,L2,18.953085
3566,59.4333,L3,17.236285
3566,59.4333,L4,15.680441
3566,59.4333,L5,0.000000
3567,59.4500,L1,6.716315
3567,59.4500,L2,11.777826
3567,59.4500,L3,17.608945
3567,59.4500,L4,22.557963
3567,59.4500,L5,1.201821
3568,59.4667,L1,7.263356
3568,59.4667,L2,15.073551
3568,59.4667,L3,17.073034
3568,59.4667,L4,12.699695
3568,59.4667,L5,4.784420
3569,59.4833,L1,6.720087
3569,59.4833,L2,14.029009
3569,59.4833,L3,16.259193
3569,59.4833,L4,20.240047
3569,59.4833,L5,0.000000
3570,59.5000,L1,9.187004
3570,59.5000,L2,15.474162
3570,59.5000,L3,14.383178
3570,59.5000,L4,15.797775
3570,59.5000,L5,2.951132
3571,59.5167,L1,5.707729
3571,59.5167,L2,14.515025
3571,59.5167,L3,18.367071
3571,59.5167,L4,17.471944
3571,59.5167,L5,0.876256
3572,59.5333,L1,6.702212
3572,59.5333,L2,17.904851
3572,59.5333,L3,15.128859
3572,59.5333,L4,12.262351
3572,59.5333,L5,6.151410
3573,59.5500,L1,6.272160
3573,59.5500,L2,14.076248
3573,59.5500,L3,19.368580
3573,59.5500,L4,16.419996
3573,59.5500,L5,1.508994
3574,59.5667,L1,6.125802
3574,59.5667,L2,15.371647
3574,59.5667,L3,13.629771
3574,59.5667,L4,19.722644
3574,59.5667,L5,2.216146
3575,59.5833,L1,6.324698
3575,59.5833,L2,14.874958
3575,59.5833,L3,14.517923
3575,59.5833,L4,21.067301
3575,59.5833,L5,2.661509
3576,59.6000,L1,8.911308
3576,59.6000,L2,16.666363
3576,59.6000,L3,16.134243
3576,59.6000,L4,13.530134
3576,59.6000,L5,2.622071
3577,59.6167,L1,6.112233
3577,59.6167,L2,12.442666
3577,59.6167,L3,19.849145
3577,59.6167,L4,17.502748
3577,59.6167,L5,1.803440
3578,59.6333,L1,6.278735
3578,59.6333,L2,15.315036
3578,59.6333,L3,20.692180
3578,59.6333,L4,10.898073
3578,59.6333,L5,4.052113
3579,59.6500,L1,5.921859
3579,59.6500,L2,12.958229
3579,59.6500,L3,18.114431
3579,59.6500,L4,21.455863
3579,59.6500,L5,0.000000
3580,59.6667,L1,5.866587
3580,59.6667,L2,14.464058
3580,59.6667,L3,14.036596
3580,59.6667,L4,19.346593
3580,59.6667,L5,4.161162
3581,59.6833,L1,5.772701
3581,59.6833,L2,12.549849
3581,59.6833,L3,14.835840
3581,59.6833,L4,19.564071
3581,59.6833,L5,3.372807
3582,59.7000,L1,6.029282
3582,59.7000,L2,16.589058
3582,59.7000,L3,16.187926
3582,59.7000,L4,18.061059
3582,59.7000,L5,1.837193
3583,59.7167,L1,9.091167
3583,59.7167,L2,16.581054
3583,59.7167,L3,17.060826
3583,59.7167,L4,11.082071
3583,59.7167,L5,3.788886
3584,59.7333,L1,6.287539
3584,59.7333,L2,19.044663
3584,59.7333,L3,14.899587
3584,59.7333,L4,17.268749
3584,59.7333,L5,0.866132
3585,59.7500,L1,6.117620
3585,59.7500,L2,13.142412
3585,59.7500,L3,18.177802
3585,59.7500,L4,15.054097
3585,59.7500,L5,3.062945
3586,59.7667,L1,5.892443
3586,59.7667,L2,13.177384
3586,59.7667,L3,18.001653
3586,59.7667,L4,20.424041
3586,59.7667,L5,0.000000
3587,59.7833,L1,8.956780
3587,59.7833,L2,14.694064
3587,59.7833,L3,12.837760
3587,59.7833,L4,18.975486
3587,59.7833,L5,4.100691
3588,59.8000,L1,6.217677
3588,59.8000,L2,19.331155
3588,59.8000,L3,16.217974
3588,59.8000,L4,14.258100
3588,59.8000,L5,0.716819
3589,59.8167,L1,6.394381
3589,59.8167,L2,15.276870
3589,59.8167,L3,17.160154
3589,59.8167,L4,14.534076
3589,59.8167,L5,3.763126
3590,59.8333,L1,6.074364
3590,59.8333,L2,13.850176
3590,59.8333,L3,22.805208
3590,59.8333,L4,15.572337
3590,59.8333,L5,1.489952
3591,59.8500,L1,6.188508
3591,59.8500,L2,14.575218
3591,59.8500,L3,15.155793
3591,59.8500,L4,19.113065
3591,59.8500,L5,0.952902
3592,59.8667,L1,6.282675
3592,59.8667,L2,12.330861
3592,59.8667,L3,11.174746
3592,59.8667,L4,21.086363
3592,59.8667,L5,6.626136
3593,59.8833,L1,9.273532
3593,59.8833,L2,17.827706
3593,59.8833,L3,16.616885
3593,59.8833,L4,14.629900
3593,59.8833,L5,0.000000
3594,59.9000,L1,6.199640
3594,59.9000,L2,15.448136
3594,59.9000,L3,16.933871
3594,59.9000,L4,17.972189
3594,59.9000,L5,1.314258
3595,59.9167,L1,5.700734
3595,59.9167,L2,13.988459
3595,59.9167,L3,16.587307
3595,59.9167,L4,17.567865
3595,59.9167,L5,2.570097
3596,59.9333,L1,6.622983
3596,59.9333,L2,15.405050
3596,59.9333,L3,18.448357
3596,59.9333,L4,14.169886
3596,59.9333,L5,3.961661
3597,59.9500,L1,6.073093
3597,59.9500,L2,14.203608
3597,59.9500,L3,15.711472
3597,59.9500,L4,22.139925
3597,59.9500,L5,1.472867
3598,59.9667,L1,9.664906
3598,59.9667,L2,14.912807
3598,59.9667,L3,13.053210
3598,59.9667,L4,16.172019
3598,59.9667,L5,2.544445
3599,59.9833,L1,6.021992
3599,59.9833,L2,16.301938
3599,59.9833,L3,13.939575
3599,59.9833,L4,18.538974
3599,59.9833,L5,1.956647
3600,60.0000,L1,6.230525
3600,60.0000,L2,18.557165
3600,60.0000,L3,17.824129
3600,60.0000,L4,12.966907
3600,60.0000,L5,3.534277
3601,60.0167,L1,6.242738
3601,60.0167,L2,11.268740
3601,60.0167,L3,18.264722
3601,60.0167,L4,19.088184
3601,60.0167,L5,3.273949
3602,60.0333,L1,6.061156
3602,60.0333,L2,15.948607
3602,60.0333,L3,16.424734
3602,60.0333,L4,19.775079
3602,60.0333,L5,0.000000
3603,60.0500,L1,6.184409
3603,60.0500,L2,15.504410
3603,60.0500,L3,15.591903
3603,60.0500,L4,17.236615
3603,60.0500,L5,3.131332
3604,60.0667,L1,8.778583
3604,60.0667,L2,16.874641
3604,60.0667,L3,13.994162
3604,60.0667,L4,13.769802
3604,60.0667,L5,3.489234
3605,60.0833,L1,5.989988
3605,60.0833,L2,14.981235
3605,60.0833,L3,16.483096
3605,60.0833,L4,17.771817
3605,60.0833,L5,2.423169
3606,60.1000,L1,6.358488
3606,60.1000,L2,16.973041
3606,60.1000,L3,19.245316
3606,60.1000,L4,9.243991
3606,60.1000,L5,4.584367
3607,60.1167,L1,6.174957
3607,60.1167,L2,12.637717
3607,60.1167,L3,16.753449
3607,60.1167,L4,20.210827
3607,60.1167,L5,1.734245
3608,60.1333,L1,5.942684
3608,60.1333,L2,14.844652
3608,60.1333,L3,17.495842
3608,60.1333,L4,19.477632
3608,60.1333,L5,2.038397
3609,60.1500,L1,8.998408
3609,60.1500,L2,17.058009
3609,60.1500,L3,11.950015
3609,60.1500,L4,17.150783
3609,60.1500,L5,2.227030
3610,60.1667,L1,6.086124
3610,60.1667,L2,12.822684
3610,60.1667,L3,17.793021
3610,60.1667,L4,15.234214
3610,60.1667,L5,5.406657
3611,60.1833,L1,6.390492
3611,60.1833,L2,17.322206
3611,60.1833,L3,16.085156
3611,60.1833,L4,15.227127
3611,60.1833,L5,1.899203
3612,60.2000,L1,5.808768
3612,60.2000,L2,15.075666
3612,60.2000,L3,18.365176
3612,60.2000,L4,16.905760
3612,60.2000,L5,1.222385
3613,60.2167,L1,6.122345
3613,60.2167,L2,13.511800
3613,60.2167,L3,18.555819
3613,60.2167,L4,19.727188
3613,60.2167,L5,1.076474
3614,60.2333,L1,6.709706
3614,60.2333,L2,14.129190
3614,60.2333,L3,13.806114
3614,60.2333,L4,19.053956
3614,60.2333,L5,4.789934
3615,60.2500,L1,6.115730
3615,60.2500,L2,14.797069
3615,60.2500,L3,19.032616
3615,60.2500,L4,17.139825
3615,60.2500,L5,0.000000
3616,60.2667,L1,9.671537
3616,60.2667,L2,14.720597
3616,60.2667,L3,14.164298
3616,60.2667,L4,16.895785
3616,60.2667,L5,1.942953
3617,60.2833,L1,6.507125
3617,60.2833,L2,16.222274
3617,60.2833,L3,17.090113
3617,60.2833,L4,14.690111
3617,60.2833,L5,3.378985
3618,60.3000,L1,5.866526
3618,60.3000,L2,16.556114
3618,60.3000,L3,15.704183
3618,60.3000,L4,16.966824
3618,60.3000,L5,2.739392
3619,60.3167,L1,6.393305
3619,60.3167,L2,12.647573
3619,60.3167,L3,18.185322
3619,60.3167,L4,18.765951
3619,60.3167,L5,0.661321
3620,60.3333,L1,6.058588
3620,60.3333,L2,14.938480
3620,60.3333,L3,16.789296
3620,60.3333,L4,15.955971
3620,60.3333,L5,4.482275
3621,60.3500,L1,5.890469
3621,60.3500,L2,14.751330
3621,60.3500,L3,17.190852
3621,60.3500,L4,19.580100
3621,60.3500,L5,1.615634
3622,60.3667,L1,6.019777
3622,60.3667,L2,13.505189
3622,60.3667,L3,16.085169
3622,60.3667,L4,16.185259
3622,60.3667,L5,5.782885
3623,60.3833,L1,8.779454
3623,60.3833,L2,16.454352
3623,60.3833,L3,14.141749
3623,60.3833,L4,13.918603
3623,60.3833,L5,2.878748
3624,60.4000,L1,6.178704
3624,60.4000,L2,19.611216
3624,60.4000,L3,15.244505
3624,60.4000,L4,15.143818
3624,60.4000,L5,2.252763
3625,60.4167,L1,5.827115
3625,60.4167,L2,16.076173
3625,60.4167,L3,21.046458
3625,60.4167,L4,12.100886
3625,60.4167,L5,2.956881
3626,60.4333,L1,5.689930
3626,60.4333,L2,12.200935
3626,60.4333,L3,14.901405
3626,60.4333,L4,25.164754
3626,60.4333,L5,0.000000
3627,60.4500,L1,5.994049
3627,60.4500,L2,13.055944
3627,60.4500,L3,15.817873
3627,60.4500,L4,14.898182
3627,60.4500,L5,5.171526
3628,60.4667,L1,8.762448
3628,60.4667,L2,15.731101
3628,60.4667,L3,15.240535
3628,60.4667,L4,17.883040
3628,60.4667,L5,3.320579
3629,60.4833,L1,6.517037
3629,60.4833,L2,20.590537
3629,60.4833,L3,12.863496
3629,60.4833,L4,13.354820
3629,60.4833,L5,3.353296
3630,60.5000,L1,5.763028
3630,60.5000,L2,15.599036
3630,60.5000,L3,18.869865
3630,60.5000,L4,16.093249
3630,60.5000,L5,1.431000
3631,60.5167,L1,5.869537
3631,60.5167,L2,10.984604
3631,60.5167,L3,21.231517
3631,60.5167,L4,18.584404
3631,60.5167,L5,0.923499
3632,60.5333,L1,6.308750
3632,60.5333,L2,17.150142
3632,60.5333,L3,14.277564
3632,60.5333,L4,15.938704
3632,60.5333,L5,3.148037
3633,60.5500,L1,6.004069
3633,60.5500,L2,13.321763
3633,60.5500,L3,19.148405
3633,60.5500,L4,18.237544
3633,60.5500,L5,1.745191
3634,60.5667,L1,5.931634
3634,60.5667,L2,14.258109
3634,60.5667,L3,14.325857
3634,60.5667,L4,21.333375
3634,60.5667,L5,1.738465
3635,60.5833,L1,10.148820
3635,60.5833,L2,15.323846
3635,60.5833,L3,12.033605
3635,60.5833,L4,15.194879
3635,60.5833,L5,3.725824
3636,60.6000,L1,5.926235
3636,60.6000,L2,17.623914
3636,60.6000,L3,16.512285
3636,60.6000,L4,19.649237
3636,60.6000,L5,0.748262
3637,60.6167,L1,5.815364
3637,60.6167,L2,13.443023
3637,60.6167,L3,18.967323
3637,60.6167,L4,14.868974
3637,60.6167,L5,4.559053
3638,60.6333,L1,6.078287
3638,60.6333,L2,13.198459
3638,60.6333,L3,20.873967
3638,60.6333,L4,15.087126
3638,60.6333,L5,1.473542
3639,60.6500,L1,6.701868
3639,60.6500,L2,14.193416
3639,60.6500,L3,13.488035
3639,60.6500,L4,21.856123
3639,60.6500,L5,1.832117
3640,60.6667,L1,6.109257
3640,60.6667,L2,13.215230
3640,60.6667,L3,15.887478
3640,60.6667,L4,18.079800
3640,60.6667,L5,2.445372
3641,60.6833,L1,9.373221
3641,60.6833,L2,13.962909
3641,60.6833,L3,17.508692
3641,60.6833,L4,16.236095
3641,60.6833,L5,1.985867
3642,60.7000,L1,6.452686
3642,60.7000,L2,16.235635
3642,60.7000,L3,15.565329
3642,60.7000,L4,16.797978
3642,60.7000,L5,1.955503
3643,60.7167,L1,5.749639
3643,60.7167,L2,17.216275
3643,60.7167,L3,17.196339
3643,60.7167,L4,15.585097
3643,60.7167,L5,3.339579
3644,60.7333,L1,6.270112
3644,60.7333,L2,14.090755
3644,60.7333,L3,19.702144
3644,60.7333,L4,16.992202
3644,60.7333,L5,1.033838
3645,60.7500,L1,6.554108
3645,60.7500,L2,12.988640
3645,60.7500,L3,13.565292
3645,60.7500,L4,20.855112
3645,60.7500,L5,3.966988
3646,60.7667,L1,9.589670
3646,60.7667,L2,14.408477
3646,60.7667,L3,17.375959
3646,60.7667,L4,13.023482
3646,60.7667,L5,3.771806
3647,60.7833,L1,6.534578
3647,60.7833,L2,16.075027
3647,60.7833,L3,14.337938
3647,60.7833,L4,18.131490
3647,60.7833,L5,1.997868
3648,60.8000,L1,5.919167
3648,60.8000,L2,13.795262
3648,60.8000,L3,16.798805
3648,60.8000,L4,19.903226
3648,60.8000,L5,0.906496
3649,60.8167,L1,6.683684
3649,60.8167,L2,16.191388
3649,60.8167,L3,14.900087
3649,60.8167,L4,13.843295
3649,60.8167,L5,5.023081
3650,60.8333,L1,6.480613
3650,60.8333,L2,12.584811
3650,60.8333,L3,21.529076
3650,60.8333,L4,14.550112
3650,60.8333,L5,4.447479
3651,60.8500,L1,6.110840
3651,60.8500,L2,12.975068
3651,60.8500,L3,14.886191
3651,60.8500,L4,23.463966
3651,60.8500,L5,0.000000
3652,60.8667,L1,6.407319
3652,60.8667,L2,12.718551
3652,60.8667,L3,15.517927
3652,60.8667,L4,19.183776
3652,60.8667,L5,1.400778
3653,60.8833,L1,8.957357
3653,60.8833,L2,17.016958
3653,60.8833,L3,16.274225
3653,60.8833,L4,15.938106
3653,60.8833,L5,0.739014
3654,60.9000,L1,5.907564
3654,60.9000,L2,16.838659
3654,60.9000,L3,20.119172
3654,60.9000,L4,10.507880
3654,60.9000,L5,4.490428
3655,60.9167,L1,6.653765
3655,60.9167,L2,12.641087
3655,60.9167,L3,15.682583
3655,60.9167,L4,18.687306
3655,60.9167,L5,3.130749
3656,60.9333,L1,6.773527
3656,60.9333,L2,14.948618
3656,60.9333,L3,13.893985
3656,60.9333,L4,20.865082
3656,60.9333,L5,0.666354
3657,60.9500,L1,6.060422
3657,60.9500,L2,15.236617
3657,60.9500,L3,19.165634
3657,60.9500,L4,12.457379
3657,60.9500,L5,5.190503
3658,60.9667,L1,5.982586
3658,60.9667,L2,13.581421
3658,60.9667,L3,13.867281
3658,60.9667,L4,23.605374
3658,60.9667,L5,1.511988
3659,60.9833,L1,9.746569
3659,60.9833,L2,18.178517
3659,60.9833,L3,13.089496
3659,60.9833,L4,14.100917
3659,60.9833,L5,2.469118
3660,61.0000,L1,6.090619
3660,61.0000,L2,13.902904
3660,61.0000,L3,17.308854
3660,61.0000,L4,17.094538
3660,61.0000,L5,2.473534
3661,61.0167,L1,6.325387
3661,61.0167,L2,15.474329
3661,61.0167,L3,21.292829
3661,61.0167,L4,17.665782
3661,61.0167,L5,0.000000
3662,61.0333,L1,6.315323
3662,61.0333,L2,13.087891
3662,61.0333,L3,16.514226
3662,61.0333,L4,14.754290
3662,61.0333,L5,3.555425
3663,61.0500,L1,7.043716
3663,61.0500,L2,13.281472
3663,61.0500,L3,16.817868
3663,61.0500,L4,18.724498
3663,61.0500,L5,4.793522
3664,61.0667,L1,6.141492
3664,61.0667,L2,14.542470
3664,61.0667,L3,14.760393
3664,61.0667,L4,18.406511
3664,61.0667,L5,0.916276
3665,61.0833,L1,6.123368
3665,61.0833,L2,15.111482
3665,61.0833,L3,16.455605
3665,61.0833,L4,19.077788
3665,61.0833,L5,2.364460
3666,61.1000,L1,8.284076
3666,61.1000,L2,16.546738
3666,61.1000,L3,13.589776
3666,61.1000,L4,17.962724
3666,61.1000,L5,2.650181
3667,61.1167,L1,5.629243
3667,61.1167,L2,18.326205
3667,61.1167,L3,16.589584
3667,61.1167,L4,13.938236
3667,61.1167,L5,1.994291
3668,61.1333,L1,5.903747
3668,61.1333,L2,16.594430
3668,61.1333,L3,18.343866
3668,61.1333,L4,17.340731
3668,61.1333,L5,1.081836
3669,61.1500,L1,5.867298
3669,61.1500,L2,14.241769
3669,61.1500,L3,18.733544
3669,61.1500,L4,14.632688
3669,61.1500,L5,4.620370
3670,61.1667,L1,6.522545
3670,61.1667,L2,15.088072
3670,61.1667,L3,16.225234
3670,61.1667,L4,16.176935
3670,61.1667,L5,1.326173
3671,61.1833,L1,6.616242
3671,61.1833,L2,13.217031
3671,61.1833,L3,12.647297
3671,61.1833,L4,19.432279
3671,61.1833,L5,5.883849
3672,61.2000,L1,10.816527
3672,61.2000,L2,14.709296
3672,61.2000,L3,15.952716
3672,61.2000,L4,17.138282
3672,61.2000,L5,0.000000
3673,61.2167,L1,5.914331
3673,61.2167,L2,18.590269
3673,61.2167,L3,16.625456
3673,61.2167,L4,14.456555
3673,61.2167,L5,1.495761
3674,61.2333,L1,6.308843
3674,61.2333,L2,13.088375
3674,61.2333,L3,21.269988
3674,61.2333,L4,14.380056
3674,61.2333,L5,4.195938
3675,61.2500,L1,6.102080
3675,61.2500,L2,16.120459
3675,61.2500,L3,17.194319
3675,61.2500,L4,13.074946
3675,61.2500,L5,3.623502
3676,61.2667,L1,5.643405
3676,61.2667,L2,13.860072
3676,61.2667,L3,16.773229
3676,61.2667,L4,19.752441
3676,61.2667,L5,1.189536
3677,61.2833,L1,6.920064
3677,61.2833,L2,14.005877
3677,61.2833,L3,17.193675
3677,61.2833,L4,18.876549
3677,61.2833,L5,2.335287
3678,61.3000,L1,9.052256
3678,61.3000,L2,13.236624
3678,61.3000,L3,13.836446
3678,61.3000,L4,18.426305
3678,61.3000,L5,3.096812
3679,61.3167,L1,6.135955
3679,61.3167,L2,19.098802
3679,61.3167,L3,13.157164
3679,61.3167,L4,15.925607
3679,61.3167,L5,1.697617
3680,61.3333,L1,5.747959
3680,61.3333,L2,17.480585
3680,61.3333,L3,18.665042
3680,61.3333,L4,17.033171
3680,61.3333,L5,0.749740
3681,61.3500,L1,6.364046
3681,61.3500,L2,13.283886
3681,61.3500,L3,17.462100
3681,61.3500,L4,14.948835
3681,61.3500,L5,3.734037
3682,61.3667,L1,5.636135
3682,61.3667,L2,15.486144
3682,61.3667,L3,16.957455
3682,61.3667,L4,15.974371
3682,61.3667,L5,4.687566
3683,61.3833,L1,6.186536
3683,61.3833,L2,14.247381
3683,61.3833,L3,16.707116
3683,61.3833,L4,17.831275
3683,61.3833,L5,2.721633
3684,61.4000,L1,6.046867
3684,61.4000,L2,15.206902
3684,61.4000,L3,17.538982
3684,61.4000,L4,18.934592
3684,61.4000,L5,1.177335
3685,61.4167,L1,9.673503
3685,61.4167,L2,13.139235
3685,61.4167,L3,14.324044
3685,61.4167,L4,15.101428
3685,61.4167,L5,3.898169
3686,61.4333,L1,6.218230
3686,61.4333,L2,17.870520
3686,61.4333,L3,15.441319
3686,61.4333,L4,16.949246
3686,61.4333,L5,2.137761
3687,61.4500,L1,6.214758
3687,61.4500,L2,18.010056
3687,61.4500,L3,13.616222
3687,61.4500,L4,16.496863
3687,61.4500,L5,1.555984
3688,61.4667,L1,5.899817
3688,61.4667,L2,13.246658
3688,61.4667,L3,19.178751
3688,61.4667,L4,16.186187
3688,61.4667,L5,5.032825
3689,61.4833,L1,6.062350
3689,61.4833,L2,14.688275
3689,61.4833,L3,17.940016
3689,61.4833,L4,18.972618
3689,61.4833,L5,0.000000
3690,61.5000,L1,6.280738
3690,61.5000,L2,14.500513
3690,61.5000,L3,14.099194
3690,61.5000,L4,18.898931
3690,61.5000,L5,4.422879
3691,61.5167,L1,5.997899
3691,61.5167,L2,13.732301
3691,61.5167,L3,15.419535
3691,61.5167,L4,18.611842
3691,61.5167,L5,3.676413
3692,61.5333,L1,9.253962
3692,61.5333,L2,16.889199
3692,61.5333,L3,12.809472
3692,61.5333,L4,14.481240
3692,61.5333,L5,2.856519
3693,61.5500,L1,6.443491
3693,61.5500,L2,16.948795
3693,61.5500,L3,17.449548
3693,61.5500,L4,16.086503
3693,61.5500,L5,1.559378
3694,61.5667,L1,5.860641
3694,61.5667,L2,13.364422
3694,61.5667,L3,22.107561
3694,61.5667,L4,15.773251
3694,61.5667,L5,0.695993
3695,61.5833,L1,5.971081
3695,61.5833,L2,13.927944
3695,61.5833,L3,14.969801
3695,61.5833,L4,19.481159
3695,61.5833,L5,2.988722
3696,61.6000,L1,6.032327
3696,61.6000,L2,12.870020
3696,61.6000,L3,16.915426
3696,61.6000,L4,19.356727
3696,61.6000,L5,3.648306
3697,61.6167,L1,8.823394
3697,61.6167,L2,17.891349
3697,61.6167,L3,13.745436
3697,61.6167,L4,16.067576
3697,61.6167,L5,0.736702
3698,61.6333,L1,5.812137
3698,61.6333,L2,14.958672
3698,61.6333,L3,18.148981
3698,61.6333,L4,15.735510
3698,61.6333,L5,3.108382
3699,61.6500,L1,6.121028
3699,61.6500,L2,14.463395
3699,61.6500,L3,17.696429
3699,61.6500,L4,14.078228
3699,61.6500,L5,3.425618
3700,61.6667,L1,6.222535
3700,61.6667,L2,14.371779
3700,61.6667,L3,17.608503
3700,61.6667,L4,20.334761
3700,61.6667,L5,1.631272
3701,61.6833,L1,9.549006
3701,61.6833,L2,11.917579
3701,61.6833,L3,13.337135
3701,61.6833,L4,18.544234
3701,61.6833,L5,3.684875
3702,61.7000,L1,6.443513
3702,61.7000,L2,15.941247
3702,61.7000,L3,16.112404
3702,61.7000,L4,16.707361
3702,61.7000,L5,3.055780
3703,61.7167,L1,6.703073
3703,61.7167,L2,16.479810
3703,61.7167,L3,17.305618
3703,61.7167,L4,14.235963
3703,61.7167,L5,2.828662
3704,61.7333,L1,6.068995
3704,61.7333,L2,14.540971
3704,61.7333,L3,16.227058
3704,61.7333,L4,15.196459
3704,61.7333,L5,4.425228
3705,61.7500,L1,6.019734
3705,61.7500,L2,13.994115
3705,61.7500,L3,21.322426
3705,61.7500,L4,17.521599
3705,61.7500,L5,0.000000
3706,61.7667,L1,5.982358
3706,61.7667,L2,14.392868
3706,61.7667,L3,12.656653
3706,61.7667,L4,21.204592
3706,61.7667,L5,3.207651
3707,61.7833,L1,6.502893
3707,61.7833,L2,14.100595
3707,61.7833,L3,14.406397
3707,61.7833,L4,18.860542
3707,61.7833,L5,3.003232
3708,61.8000,L1,9.043241
3708,61.8000,L2,17.221919
3708,61.8000,L3,16.516630
3708,61.8000,L4,14.297292
3708,61.8000,L5,1.677442
3709,61.8167,L1,5.618932
3709,61.8167,L2,16.610813
3709,61.8167,L3,15.316117
3709,61.8167,L4,16.526698
3709,61.8167,L5,2.297865
3710,61.8333,L1,6.002869
3710,61.8333,L2,11.954709
3710,61.8333,L3,19.408319
3710,61.8333,L4,17.056360
3710,61.8333,L5,3.809286
3711,61.8500,L1,6.902356
3711,61.8500,L2,13.515428
3711,61.8500,L3,17.037635
3711,61.8500,L4,17.462825
3711,61.8500,L5,1.050208
3712,61.8667,L1,10.003625
3712,61.8667,L2,13.110174
3712,61.8667,L3,16.037175
3712,61.8667,L4,21.238959
3712,61.8667,L5,0.000000
3713,61.8833,L1,3.071812
3713,61.8833,L2,14.783038
3713,61.8833,L3,16.155623
3713,61.8833,L4,16.403822
3713,61.8833,L5,4.555758
3714,61.9000,L1,9.483152
3714,61.9000,L2,18.105322
3714,61.9000,L3,13.404157
3714,61.9000,L4,14.732176
3714,61.9000,L5,2.052458
3715,61.9167,L1,5.999238
3715,61.9167,L2,15.824179
3715,61.9167,L3,17.470823
3715,61.9167,L4,15.460608
3715,61.9167,L5,3.135719
3716,61.9333,L1,5.965192
3716,61.9333,L2,14.870358
3716,61.9333,L3,19.864474
3716,61.9333,L4,15.927574
3716,61.9333,L5,1.988273
3717,61.9500,L1,6.354592
3717,61.9500,L2,14.504844
3717,61.9500,L3,15.817515
3717,61.9500,L4,20.428816
3717,61.9500,L5,1.709682
3718,61.9667,L1,6.073699
3718,61.9667,L2,11.028931
3718,61.9667,L3,16.329077
3718,61.9667,L4,18.978156
3718,61.9667,L5,3.754555
3719,61.9833,L1,9.339722
3719,61.9833,L2,16.514793
3719,61.9833,L3,13.530569
3719,61.9833,L4,18.978135
3719,61.9833,L5,0.000000
3720,62.0000,L1,6.401689
3720,62.0000,L2,15.704545
3720,62.0000,L3,17.425615
3720,62.0000,L4,16.169212
3720,62.0000,L5,3.022418
3721,62.0167,L1,5.733672
3721,62.0167,L2,14.828495
3721,62.0167,L3,21.438483
3721,62.0167,L4,14.723335
3721,62.0167,L5,0.000000
3722,62.0333,L1,6.726745
3722,62.0333,L2,13.305543
3722,62.0333,L3,18.701881
3722,62.0333,L4,17.994210
3722,62.0333,L5,0.722925
3723,62.0500,L1,6.059740
3723,62.0500,L2,15.389937
3723,62.0500,L3,16.111354
3723,62.0500,L4,15.520506
3723,62.0500,L5,4.849529
3724,62.0667,L1,5.817611
3724,62.0667,L2,12.596229
3724,62.0667,L3,15.576221
3724,62.0667,L4,22.169346
3724,62.0667,L5,2.196902
3725,62.0833,L1,6.258092
3725,62.0833,L2,14.829226
3725,62.0833,L3,16.523632
3725,62.0833,L4,18.170953
3725,62.0833,L5,1.467045
3726,62.1000,L1,8.914844
3726,62.1000,L2,14.977475
3726,62.1000,L3,15.694063
3726,62.1000,L4,14.793818
3726,62.1000,L5,4.886168
3727,62.1167,L1,6.125384
3727,62.1167,L2,16.960089
3727,62.1167,L3,13.052866
3727,62.1167,L4,17.052402
3727,62.1167,L5,1.452937
3728,62.1333,L1,5.789666
3728,62.1333,L2,15.509448
3728,62.1333,L3,18.662689
3728,62.1333,L4,16.158233
3728,62.1333,L5,2.206480
3729,62.1500,L1,5.831538
3729,62.1500,L2,14.624407
3729,62.1500,L3,22.339101
3729,62.1500,L4,14.389212
3729,62.1500,L5,2.687789
3730,62.1667,L1,5.590440
3730,62.1667,L2,13.348371
3730,62.1667,L3,12.792313
3730,62.1667,L4,24.062512
3730,62.1667,L5,2.113289
3731,62.1833,L1,5.973354
3731,62.1833,L2,13.552438
3731,62.1833,L3,14.334410
3731,62.1833,L4,18.607506
3731,62.1833,L5,3.252963
3732,62.2000,L1,9.320633
3732,62.2000,L2,14.953349
3732,62.2000,L3,16.144946
3732,62.2000,L4,17.584736
3732,62.2000,L5,0.790154
3733,62.2167,L1,6.379414
3733,62.2167,L2,16.412476
3733,62.2167,L3,14.789839
3733,62.2167,L4,16.652671
3733,62.2167,L5,2.549606
3734,62.2333,L1,6.153663
3734,62.2333,L2,12.746094
3734,62.2333,L3,16.821943
3734,62.2333,L4,19.200481
3734,62.2333,L5,4.322223
3735,62.2500,L1,6.727093
3735,62.2500,L2,17.404657
3735,62.2500,L3,15.621928
3735,62.2500,L4,15.942717
3735,62.2500,L5,0.000000
3736,62.2667,L1,5.709731
3736,62.2667,L2,11.922867
3736,62.2667,L3,20.915973
3736,62.2667,L4,21.203701
3736,62.2667,L5,0.000000
3737,62.2833,L1,6.891083
3737,62.2833,L2,14.534726
3737,62.2833,L3,15.003220
3737,62.2833,L4,15.840579
3737,62.2833,L5,2.847791
3738,62.3000,L1,6.147547
3738,62.3000,L2,16.916644
3738,62.3000,L3,22.169715
3738,62.3000,L4,10.470483
3738,62.3000,L5,4.743176
3739,62.3167,L1,8.929703
3739,62.3167,L2,13.060901
3739,62.3167,L3,14.237540
3739,62.3167,L4,19.733384
3739,62.3167,L5,1.500202
3740,62.3333,L1,6.085994
3740,62.3333,L2,13.993310
3740,62.3333,L3,13.321421
3740,62.3333,L4,17.688038
3740,62.3333,L5,4.855937
3741,62.3500,L1,6.002212
3741,62.3500,L2,18.312007
3741,62.3500,L3,17.540085
3741,62.3500,L4,16.559362
3741,62.3500,L5,0.817719
3742,62.3667,L1,6.238432
3742,62.3667,L2,14.944794
3742,62.3667,L3,17.380386
3742,62.3667,L4,15.814063
3742,62.3667,L5,4.113485
3743,62.3833,L1,6.050389
3743,62.3833,L2,13.213703
3743,62.3833,L3,19.093560
3743,62.3833,L4,15.594867
3743,62.3833,L5,2.526161
3744,62.4000,L1,7.250936
3744,62.4000,L2,12.538894
3744,62.4000,L3,16.023656
3744,62.4000,L4,18.599437
3744,62.4000,L5,1.609509
3745,62.4167,L1,6.331382
3745,62.4167,L2,14.435172
3745,62.4167,L3,15.186185
3745,62.4167,L4,19.528028
3745,62.4167,L5,4.418406
3746,62.4333,L1,5.960360
3746,62.4333,L2,14.908436
3746,62.4333,L3,15.179305
3746,62.4333,L4,18.825416
3746,62.4333,L5,2.885557
3747,62.4500,L1,9.084379
3747,62.4500,L2,13.122107
3747,62.4500,L3,13.508126
3747,62.4500,L4,16.431650
3747,62.4500,L5,4.225952
3748,62.4667,L1,6.275316
3748,62.4667,L2,18.754627
3748,62.4667,L3,19.919647
3748,62.4667,L4,11.628830
3748,62.4667,L5,2.167146
3749,62.4833,L1,5.908201
3749,62.4833,L2,14.853666
3749,62.4833,L3,16.052755
3749,62.4833,L4,20.192374
3749,62.4833,L5,0.000000
3750,62.5000,L1,5.763106
3750,62.5000,L2,12.479479
3750,62.5000,L3,15.859715
3750,62.5000,L4,21.111701
3750,62.5000,L5,3.727909
3751,62.5167,L1,6.233808
3751,62.5167,L2,14.646246
3751,62.5167,L3,18.195214
3751,62.5167,L4,16.011061
3751,62.5167,L5,1.109570
3752,62.5333,L1,6.515435
3752,62.5333,L2,14.612838
3752,62.5333,L3,15.680137
3752,62.5333,L4,15.992208
3752,62.5333,L5,5.808141
3753,62.5500,L1,9.583571
3753,62.5500,L2,16.433864
3753,62.5500,L3,15.813768
3753,62.5500,L4,13.589710
3753,62.5500,L5,2.998001
3754,62.5667,L1,6.238192
3754,62.5667,L2,14.473166
3754,62.5667,L3,20.739934
3754,62.5667,L4,14.480232
3754,62.5667,L5,0.864634
3755,62.5833,L1,5.915168
3755,62.5833,L2,15.553304
3755,62.5833,L3,12.068763
3755,62.5833,L4,21.466550
3755,62.5833,L5,2.557539
3756,62.6000,L1,5.934839
3756,62.6000,L2,12.876624
3756,62.6000,L3,16.547457
3756,62.6000,L4,22.169904
3756,62.6000,L5,2.097346
3757,62.6167,L1,9.319830
3757,62.6167,L2,16.835025
3757,62.6167,L3,13.806443
3757,62.6167,L4,15.314740
3757,62.6167,L5,2.318714
3758,62.6333,L1,6.327622
3758,62.6333,L2,13.131048
3758,62.6333,L3,17.860874
3758,62.6333,L4,16.183738
3758,62.6333,L5,2.608976
3759,62.6500,L1,6.539763
3759,62.6500,L2,13.675044
3759,62.6500,L3,17.704364
3759,62.6500,L4,18.308423
3759,62.6500,L5,2.055818
3760,62.6667,L1,5.887263
3760,62.6667,L2,14.322014
3760,62.6667,L3,16.904071
3760,62.6667,L4,17.226935
3760,62.6667,L5,3.653942
3761,62.6833,L1,6.520969
3761,62.6833,L2,13.315094
3761,62.6833,L3,19.948158
3761,62.6833,L4,17.640354
3761,62.6833,L5,0.000000
3762,62.7000,L1,5.609385
3762,62.7000,L2,14.332403
3762,62.7000,L3,12.653056
3762,62.7000,L4,20.237119
3762,62.7000,L5,4.309635
3763,62.7167,L1,8.778446
3763,62.7167,L2,17.576298
3763,62.7167,L3,15.924473
3763,62.7167,L4,15.309313
3763,62.7167,L5,0.652950
3764,62.7333,L1,6.190256
3764,62.7333,L2,17.007391
3764,62.7333,L3,15.310699
3764,62.7333,L4,15.747577
3764,62.7333,L5,2.903771
3765,62.7500,L1,6.631503
3765,62.7500,L2,14.799351
3765,62.7500,L3,18.529950
3765,62.7500,L4,15.261736
3765,62.7500,L5,3.067777
3766,62.7667,L1,5.734862
3766,62.7667,L2,17.030794
3766,62.7667,L3,16.083267
3766,62.7667,L4,15.605734
3766,62.7667,L5,3.123071
3767,62.7833,L1,9.427768
3767,62.7833,L2,11.447068
3767,62.7833,L3,13.899349
3767,62.7833,L4,20.521085
3767,62.7833,L5,3.704959
3768,62.8000,L1,6.093544
3768,62.8000,L2,13.155625
3768,62.8000,L3,18.302607
3768,62.8000,L4,16.798579
3768,62.8000,L5,2.736019
3769,62.8167,L1,5.959372
3769,62.8167,L2,19.541558
3769,62.8167,L3,15.215024
3769,62.8167,L4,14.550284
3769,62.8167,L5,2.162775
3770,62.8333,L1,6.003585
3770,62.8333,L2,12.961912
3770,62.8333,L3,19.068478
3770,62.8333,L4,16.545937
3770,62.8333,L5,3.362380
3771,62.8500,L1,5.775358
3771,62.8500,L2,15.243521
3771,62.8500,L3,14.908436
3771,62.8500,L4,20.873345
3771,62.8500,L5,0.741347
3772,62.8667,L1,8.961576
3772,62.8667,L2,13.446973
3772,62.8667,L3,12.333001
3772,62.8667,L4,18.072771
3772,62.8667,L5,5.048910
3773,62.8833,L1,6.140630
3773,62.8833,L2,18.758083
3773,62.8833,L3,14.090083
3773,62.8833,L4,17.052871
3773,62.8833,L5,2.394954
3774,62.9000,L1,6.659761
3774,62.9000,L2,14.549208
3774,62.9000,L3,15.753886
3774,62.9000,L4,18.722039
3774,62.9000,L5,0.916467
3775,62.9167,L1,6.288322
3775,62.9167,L2,13.599399
3775,62.9167,L3,19.960662
3775,62.9167,L4,14.800736
3775,62.9167,L5,3.547435
3776,62.9333,L1,6.467352
3776,62.9333,L2,13.501206
3776,62.9333,L3,14.649482
3776,62.9333,L4,21.583081
3776,62.9333,L5,1.582065
3777,62.9500,L1,6.768564
3777,62.9500,L2,14.882429
3777,62.9500,L3,20.078398
3777,62.9500,L4,12.184332
3777,62.9500,L5,3.200314
3778,62.9667,L1,7.002237
3778,62.9667,L2,13.262851
3778,62.9667,L3,14.265940
3778,62.9667,L4,17.842530
3778,62.9667,L5,4.651533
3779,62.9833,L1,7.151690
3779,62.9833,L2,16.538914
3779,62.9833,L3,18.295434
3779,62.9833,L4,15.207163
3779,62.9833,L5,0.630261
3780,63.0000,L1,9.330269
3780,63.0000,L2,13.058555
3780,63.0000,L3,13.760588
3780,63.0000,L4,16.146461
3780,63.0000,L5,5.811910
3781,63.0167,L1,6.416519
3781,63.0167,L2,14.331554
3781,63.0167,L3,15.344515
3781,63.0167,L4,21.785238
3781,63.0167,L5,0.000000
3782,63.0333,L1,6.552958
3782,63.0333,L2,15.585683
3782,63.0333,L3,19.416584
3782,63.0333,L4,11.921064
3782,63.0333,L5,2.710133
3783,63.0500,L1,6.030524
3783,63.0500,L2,14.457685
3783,63.0500,L3,19.193801
3783,63.0500,L4,15.908376
3783,63.0500,L5,2.983462
3784,63.0667,L1,5.804487
3784,63.0667,L2,14.031421
3784,63.0667,L3,13.433611
3784,63.0667,L4,24.003202
3784,63.0667,L5,1.676873
3785,63.0833,L1,6.111918
3785,63.0833,L2,13.845047
3785,63.0833,L3,17.605096
3785,63.0833,L4,15.191424
3785,63.0833,L5,3.670524
3786,63.1000,L1,9.183745
3786,63.1000,L2,16.196385
3786,63.1000,L3,14.455565
3786,63.1000,L4,14.947351
3786,63.1000,L5,4.438468
3787,63.1167,L1,6.666552
3787,63.1167,L2,18.962694
3787,63.1167,L3,15.052326
3787,63.1167,L4,12.703584
3787,63.1167,L5,2.979293
3788,63.1333,L1,6.039229
3788,63.1333,L2,15.458113
3788,63.1333,L3,20.120978
3788,63.1333,L4,15.759620
3788,63.1333,L5,0.000000
3789,63.1500,L1,6.170312
3789,63.1500,L2,13.361412
3789,63.1500,L3,18.921769
3789,63.1500,L4,19.053934
3789,63.1500,L5,1.848839
3790,63.1667,L1,6.267193
3790,63.1667,L2,15.815509
3790,63.1667,L3,15.980758
3790,63.1667,L4,19.491340
3790,63.1667,L5,0.000000
3791,63.1833,L1,10.019701
3791,63.1833,L2,13.219465
3791,63.1833,L3,11.839444
3791,63.1833,L4,15.883037
3791,63.1833,L5,6.285958
3792,63.2000,L1,6.089530
3792,63.2000,L2,14.305000
3792,63.2000,L3,20.207150
3792,63.2000,L4,17.066635
3792,63.2000,L5,0.000000
3793,63.2167,L1,6.227455
3793,63.2167,L2,21.191699
3793,63.2167,L3,12.997603
3793,63.2167,L4,16.538060
3793,63.2167,L5,1.712026
3794,63.2333,L1,6.431063
3794,63.2333,L2,13.294767
3794,63.2333,L3,18.376541
3794,63.2333,L4,14.630520
3794,63.2333,L5,3.227350
3795,63.2500,L1,6.836333
3795,63.2500,L2,13.215792
3795,63.2500,L3,14.926809
3795,63.2500,L4,19.524455
3795,63.2500,L5,3.440341
3796,63.2667,L1,6.616961
3796,63.2667,L2,14.983950
3796,63.2667,L3,17.540689
3796,63.2667,L4,14.744468
3796,63.2667,L5,4.964635
3797,63.2833,L1,9.240440
3797,63.2833,L2,12.118354
3797,63.2833,L3,14.022220
3797,63.2833,L4,20.663636
3797,63.2833,L5,1.419705
3798,63.3000,L1,5.953356
3798,63.3000,L2,19.868620
3798,63.3000,L3,16.554058
3798,63.3000,L4,12.810829
3798,63.3000,L5,2.384287
3799,63.3167,L1,6.189486
3799,63.3167,L2,15.929675
3799,63.3167,L3,20.823001
3799,63.3167,L4,13.666116
3799,63.3167,L5,0.918978
3800,63.3333,L1,6.847907
3800,63.3333,L2,13.788951
3800,63.3333,L3,16.018714
3800,63.3333,L4,17.615218
3800,63.3333,L5,2.864546
3801,63.3500,L1,6.156494
3801,63.3500,L2,13.792337
3801,63.3500,L3,18.174994
3801,63.3500,L4,16.096040
3801,63.3500,L5,2.491040
3802,63.3667,L1,6.261868
3802,63.3667,L2,13.095580
3802,63.3667,L3,15.183685
3802,63.3667,L4,22.822146
3802,63.3667,L5,1.824350
3803,63.3833,L1,8.972256
3803,63.3833,L2,14.863319
3803,63.3833,L3,15.826391
3803,63.3833,L4,14.667524
3803,63.3833,L5,3.902746
3804,63.4000,L1,6.009071
3804,63.4000,L2,17.168618
3804,63.4000,L3,14.338871
3804,63.4000,L4,13.082781
3804,63.4000,L5,5.457603
3805,63.4167,L1,6.261286
3805,63.4167,L2,16.454040
3805,63.4167,L3,19.074326
3805,63.4167,L4,14.853195
3805,63.4167,L5,1.987753
3806,63.4333,L1,6.228285
3806,63.4333,L2,15.048772
3806,63.4333,L3,15.667683
3806,63.4333,L4,19.935354
3806,63.4333,L5,0.000000
3807,63.4500,L1,6.545714
3807,63.4500,L2,12.483569
3807,63.4500,L3,18.294928
3807,63.4500,L4,19.738668
3807,63.4500,L5,1.248967
3808,63.4667,L1,6.165678
3808,63.4667,L2,15.443879
3808,63.4667,L3,16.381836
3808,63.4667,L4,18.686668
3808,63.4667,L5,2.252689
3809,63.4833,L1,6.178559
3809,63.4833,L2,11.631621
3809,63.4833,L3,17.122195
3809,63.4833,L4,17.506467
3809,63.4833,L5,5.577764
3810,63.5000,L1,5.822517
3810,63.5000,L2,17.257524
3810,63.5000,L3,15.269093
3810,63.5000,L4,16.591211
3810,63.5000,L5,1.639983
3811,63.5167,L1,5.955997
3811,63.5167,L2,13.793838
3811,63.5167,L3,17.092512
3811,63.5167,L4,18.178731
3811,63.5167,L5,1.809809
3812,63.5333,L1,9.290392
3812,63.5333,L2,19.221135
3812,63.5333,L3,13.435085
3812,63.5333,L4,13.851936
3812,63.5333,L5,3.768376
3813,63.5500,L1,6.674376
3813,63.5500,L2,16.238330
3813,63.5500,L3,20.111672
3813,63.5500,L4,12.734631
3813,63.5500,L5,1.818712
3814,63.5667,L1,5.803357
3814,63.5667,L2,15.393435
3814,63.5667,L3,17.130408
3814,63.5667,L4,17.386793
3814,63.5667,L5,2.511024
3815,63.5833,L1,6.708047
3815,63.5833,L2,13.615359
3815,63.5833,L3,17.457582
3815,63.5833,L4,14.728998
3815,63.5833,L5,2.598099
3816,63.6000,L1,6.522682
3816,63.6000,L2,13.969365
3816,63.6000,L3,14.120673
3816,63.6000,L4,21.573581
3816,63.6000,L5,2.992928
3817,63.6167,L1,6.109877
3817,63.6167,L2,14.944573
3817,63.6167,L3,17.593863
3817,63.6167,L4,17.604622
3817,63.6167,L5,2.482309
3818,63.6333,L1,8.652836
3818,63.6333,L2,12.999279
3818,63.6333,L3,14.611044
3818,63.6333,L4,16.912464
3818,63.6333,L5,2.388027
3819,63.6500,L1,5.978422
3819,63.6500,L2,21.358295
3819,63.6500,L3,13.686800
3819,63.6500,L4,15.748386
3819,63.6500,L5,3.288364
3820,63.6667,L1,5.726505
3820,63.6667,L2,10.837163
3820,63.6667,L3,21.277386
3820,63.6667,L4,17.503862
3820,63.6667,L5,2.012365
3821,63.6833,L1,6.205743
3821,63.6833,L2,13.986007
3821,63.6833,L3,19.445920
3821,63.6833,L4,17.384760
3821,63.6833,L5,1.126227
3822,63.7000,L1,6.042213
3822,63.7000,L2,13.011914
3822,63.7000,L3,13.251929
3822,63.7000,L4,21.002972
3822,63.7000,L5,4.350542
3823,63.7167,L1,9.110596
3823,63.7167,L2,11.713413
3823,63.7167,L3,15.075111
3823,63.7167,L4,17.031821
3823,63.7167,L5,3.268736
3824,63.7333,L1,6.286933
3824,63.7333,L2,19.438130
3824,63.7333,L3,16.101964
3824,63.7333,L4,14.072278
3824,63.7333,L5,3.441322
3825,63.7500,L1,6.648459
3825,63.7500,L2,14.040760
3825,63.7500,L3,18.686830
3825,63.7500,L4,16.174450
3825,63.7500,L5,1.488335
3826,63.7667,L1,5.914247
3826,63.7667,L2,12.744757
3826,63.7667,L3,18.628418
3826,63.7667,L4,18.817092
3826,63.7667,L5,0.731837
3827,63.7833,L1,6.708143
3827,63.7833,L2,13.099138
3827,63.7833,L3,14.539189
3827,63.7833,L4,18.638797
3827,63.7833,L5,4.064817
3828,63.8000,L1,9.588097
3828,63.8000,L2,16.659804
3828,63.8000,L3,17.276187
3828,63.8000,L4,15.282716
3828,63.8000,L5,0.810700
3829,63.8167,L1,6.973926
3829,63.8167,L2,17.166744
3829,63.8167,L3,14.601606
3829,63.8167,L4,13.278017
3829,63.8167,L5,4.235890
3830,63.8333,L1,6.517828
3830,63.8333,L2,15.142849
3830,63.8333,L3,18.171896
3830,63.8333,L4,16.364782
3830,63.8333,L5,1.524902
3831,63.8500,L1,5.691929
3831,63.8500,L2,13.589023
3831,63.8500,L3,15.820676
3831,63.8500,L4,21.054997
3831,63.8500,L5,2.723549
3832,63.8667,L1,6.160191
3832,63.8667,L2,14.121588
3832,63.8667,L3,15.939452
3832,63.8667,L4,15.015789
3832,63.8667,L5,3.929321
3833,63.8833,L1,9.210733
3833,63.8833,L2,18.819926
3833,63.8833,L3,13.413222
3833,63.8833,L4,17.171292
3833,63.8833,L5,2.138106
3834,63.9000,L1,5.838711
3834,63.9000,L2,11.947841
3834,63.9000,L3,17.786620
3834,63.9000,L4,17.901467
3834,63.9000,L5,1.972783
3835,63.9167,L1,5.948565
3835,63.9167,L2,18.216075
3835,63.9167,L3,19.897339
3835,63.9167,L4,12.757771
3835,63.9167,L5,1.606339
3836,63.9333,L1,6.708434
3836,63.9333,L2,12.334611
3836,63.9333,L3,13.000930
3836,63.9333,L4,20.346888
3836,63.9333,L5,4.857216
3837,63.9500,L1,5.846394
3837,63.9500,L2,13.866538
3837,63.9500,L3,15.477714
3837,63.9500,L4,20.841674
3837,63.9500,L5,2.594123
3838,63.9667,L1,9.186203
3838,63.9667,L2,17.012644
3838,63.9667,L3,15.203744
3838,63.9667,L4,12.702112
3838,63.9667,L5,2.923835
3839,63.9833,L1,6.279453
3839,63.9833,L2,15.412685
3839,63.9833,L3,21.319337
3839,63.9833,L4,13.011775
3839,63.9833,L5,2.247379
3840,64.0000,L1,6.165665
3840,64.0000,L2,12.939617
3840,64.0000,L3,17.126376
3840,64.0000,L4,20.530032
3840,64.0000,L5,1.610158
3841,64.0167,L1,6.131845
3841,64.0167,L2,12.505020
3841,64.0167,L3,17.098653
3841,64.0167,L4,19.385153
3841,64.0167,L5,2.354265
3842,64.0333,L1,6.203086
3842,64.0333,L2,13.940927
3842,64.0333,L3,17.203497
3842,64.0333,L4,15.001819
3842,64.0333,L5,4.920890
3843,64.0500,L1,9.733373
3843,64.0500,L2,15.450736
3843,64.0500,L3,14.707698
3843,64.0500,L4,16.760158
3843,64.0500,L5,0.730560
3844,64.0667,L1,6.073195
3844,64.0667,L2,17.441673
3844,64.0667,L3,14.464188
3844,64.0667,L4,13.435645
3844,64.0667,L5,5.479156
3845,64.0833,L1,6.119125
3845,64.0833,L2,16.026503
3845,64.0833,L3,19.556121
3845,64.0833,L4,15.192212
3845,64.0833,L5,1.417569
3846,64.1000,L1,6.362815
3846,64.1000,L2,12.484942
3846,64.1000,L3,16.222245
3846,64.1000,L4,20.224012
3846,64.1000,L5,1.646163
3847,64.1167,L1,5.946696
3847,64.1167,L2,15.089210
3847,64.1167,L3,16.994005
3847,64.1167,L4,20.205797
3847,64.1167,L5,0.794380
3848,64.1333,L1,6.390080
3848,64.1333,L2,13.164744
3848,64.1333,L3,18.087465
3848,64.1333,L4,15.403065
3848,64.1333,L5,3.226603
3849,64.1500,L1,9.007869
3849,64.1500,L2,15.078784
3849,64.1500,L3,15.831727
3849,64.1500,L4,18.118097
3849,64.1500,L5,0.741797
3850,64.1667,L1,6.217841
3850,64.1667,L2,22.608548
3850,64.1667,L3,13.265320
3850,64.1667,L4,14.572110
3850,64.1667,L5,2.087039
3851,64.1833,L1,6.500848
3851,64.1833,L2,11.385744
3851,64.1833,L3,18.111896
3851,64.1833,L4,15.577601
3851,64.1833,L5,3.737867
3852,64.2000,L1,6.614612
3852,64.2000,L2,14.185109
3852,64.2000,L3,21.863536
3852,64.2000,L4,15.885386
3852,64.2000,L5,0.919935
3853,64.2167,L1,6.098107
3853,64.2167,L2,13.231654
3853,64.2167,L3,15.881904
3853,64.2167,L4,21.448534
3853,64.2167,L5,0.729578
3854,64.2333,L1,6.548326
3854,64.2333,L2,14.122950
3854,64.2333,L3,13.289413
3854,64.2333,L4,16.203188
3854,64.2333,L5,6.181392
3855,64.2500,L1,5.865155
3855,64.2500,L2,15.980431
3855,64.2500,L3,18.033904
3855,64.2500,L4,17.565459
3855,64.2500,L5,2.106290
3856,64.2667,L1,6.068411
3856,64.2667,L2,14.118160
3856,64.2667,L3,15.374024
3856,64.2667,L4,19.092896
3856,64.2667,L5,2.547455
3857,64.2833,L1,10.177100
3857,64.2833,L2,18.683111
3857,64.2833,L3,10.931976
3857,64.2833,L4,15.888348
3857,64.2833,L5,3.114635
3858,64.3000,L1,6.054434
3858,64.3000,L2,13.793310
3858,64.3000,L3,20.793293
3858,64.3000,L4,14.970038
3858,64.3000,L5,0.000000
3859,64.3167,L1,6.219134
3859,64.3167,L2,12.447007
3859,64.3167,L3,17.439124
3859,64.3167,L4,16.293926
3859,64.3167,L5,5.303901
3860,64.3333,L1,6.299721
3860,64.3333,L2,13.158361
3860,64.3333,L3,14.768181
3860,64.3333,L4,24.628235
3860,64.3333,L5,0.739769
3861,64.3500,L1,6.355744
3861,64.3500,L2,14.654968
3861,64.3500,L3,16.229073
3861,64.3500,L4,18.053962
3861,64.3500,L5,2.452847
3862,64.3667,L1,5.880839
3862,64.3667,L2,14.646624
3862,64.3667,L3,15.151472
3862,64.3667,L4,15.087537
3862,64.3667,L5,5.358083
3863,64.3833,L1,5.951210
3863,64.3833,L2,14.978268
3863,64.3833,L3,18.720689
3863,64.3833,L4,18.825680
3863,64.3833,L5,0.000000
3864,64.4000,L1,9.463595
3864,64.4000,L2,16.848773
3864,64.4000,L3,11.724758
3864,64.4000,L4,14.239700
3864,64.4000,L5,4.781804
3865,64.4167,L1,6.592223
3865,64.4167,L2,17.245287
3865,64.4167,L3,18.044895
3865,64.4167,L4,13.677784
3865,64.4167,L5,3.917781
3866,64.4333,L1,6.310023
3866,64.4333,L2,16.776966
3866,64.4333,L3,15.749749
3866,64.4333,L4,13.722868
3866,64.4333,L5,3.650047
3867,64.4500,L1,6.154740
3867,64.4500,L2,11.621857
3867,64.4500,L3,20.704875
3867,64.4500,L4,20.081184
3867,64.4500,L5,0.000000
3868,64.4667,L1,6.126852
3868,64.4667,L2,12.889857
3868,64.4667,L3,15.619083
3868,64.4667,L4,19.595520
3868,64.4667,L5,3.330439
3869,64.4833,L1,5.848712
3869,64.4833,L2,17.364677
3869,64.4833,L3,15.094285
3869,64.4833,L4,16.295293
3869,64.4833,L5,3.882604
3870,64.5000,L1,8.299126
3870,64.5000,L2,20.491440
3870,64.5000,L3,17.912679
3870,64.5000,L4,10.441518
3870,64.5000,L5,0.875671
3871,64.5167,L1,6.115467
3871,64.5167,L2,12.942761
3871,64.5167,L3,16.961963
3871,64.5167,L4,17.634620
3871,64.5167,L5,2.093707
3872,64.5333,L1,6.709770
3872,64.5333,L2,13.507192
3872,64.5333,L3,16.080748
3872,64.5333,L4,15.993774
3872,64.5333,L5,4.811853
3873,64.5500,L1,5.728241
3873,64.5500,L2,13.035238
3873,64.5500,L3,16.348229
3873,64.5500,L4,22.992419
3873,64.5500,L5,1.231588
3874,64.5667,L1,6.928501
3874,64.5667,L2,13.942818
3874,64.5667,L3,16.745690
3874,64.5667,L4,14.534203
3874,64.5667,L5,6.150734
3875,64.5833,L1,6.392496
3875,64.5833,L2,15.255791
3875,64.5833,L3,15.726095
3875,64.5833,L4,18.471206
3875,64.5833,L5,1.727740
3876,64.6000,L1,9.895657
3876,64.6000,L2,12.855990
3876,64.6000,L3,13.320659
3876,64.6000,L4,15.646454
3876,64.6000,L5,5.584988
3877,64.6167,L1,5.527944
3877,64.6167,L2,22.227197
3877,64.6167,L3,20.415605
3877,64.6167,L4,9.111067
3877,64.6167,L5,0.000000
3878,64.6333,L1,5.864139
3878,64.6333,L2,13.152410
3878,64.6333,L3,11.887091
3878,64.6333,L4,24.146930
3878,64.6333,L5,2.396077
3879,64.6500,L1,6.027984
3879,64.6500,L2,15.483462
3879,64.6500,L3,19.588620
3879,64.6500,L4,15.738459
3879,64.6500,L5,0.000000
3880,64.6667,L1,6.225368
3880,64.6667,L2,14.195671
3880,64.6667,L3,17.476721
3880,64.6667,L4,16.140273
3880,64.6667,L5,4.944320
3881,64.6833,L1,6.319524
3881,64.6833,L2,13.936351
3881,64.6833,L3,17.072104
3881,64.6833,L4,18.373554
3881,64.6833,L5,1.666330
3882,64.7000,L1,6.567938
3882,64.7000,L2,12.207441
3882,64.7000,L3,14.799118
3882,64.7000,L4,20.130804
3882,64.7000,L5,3.402061
3883,64.7167,L1,7.057546
3883,64.7167,L2,15.524962
3883,64.7167,L3,15.841349
3883,64.7167,L4,17.685560
3883,64.7167,L5,3.489486
3884,64.7333,L1,9.096020
3884,64.7333,L2,13.036023
3884,64.7333,L3,13.268614
3884,64.7333,L4,18.912204
3884,64.7333,L5,2.526200
3885,64.7500,L1,6.172504
3885,64.7500,L2,17.943935
3885,64.7500,L3,17.252824
3885,64.7500,L4,14.995229
3885,64.7500,L5,1.202477
3886,64.7667,L1,6.518073
3886,64.7667,L2,12.732405
3886,64.7667,L3,18.851188
3886,64.7667,L4,15.086056
3886,64.7667,L5,3.870980
3887,64.7833,L1,6.828196
3887,64.7833,L2,13.066769
3887,64.7833,L3,19.090795
3887,64.7833,L4,17.462904
3887,64.7833,L5,2.296131
3888,64.8000,L1,5.591067
3888,64.8000,L2,15.528925
3888,64.8000,L3,15.359936
3888,64.8000,L4,19.881359
3888,64.8000,L5,0.000000
3889,64.8167,L1,6.341933
3889,64.8167,L2,14.741580
3889,64.8167,L3,13.707391
3889,64.8167,L4,20.652487
3889,64.8167,L5,3.491230
3890,64.8333,L1,9.245582
3890,64.8333,L2,13.454409
3890,64.8333,L3,13.759619
3890,64.8333,L4,18.551584
3890,64.8333,L5,0.861952
3891,64.8500,L1,6.421063
3891,64.8500,L2,18.412546
3891,64.8500,L3,13.717232
3891,64.8500,L4,16.389412
3891,64.8500,L5,4.896055
3892,64.8667,L1,5.906238
3892,64.8667,L2,14.963955
3892,64.8667,L3,15.885772
3892,64.8667,L4,15.503240
3892,64.8667,L5,4.092849
3893,64.8833,L1,5.813634
3893,64.8833,L2,16.920861
3893,64.8833,L3,18.413778
3893,64.8833,L4,14.590462
3893,64.8833,L5,1.474703
3894,64.9000,L1,6.686272
3894,64.9000,L2,12.277959
3894,64.9000,L3,19.435587
3894,64.9000,L4,17.832756
3894,64.9000,L5,1.506708
3895,64.9167,L1,6.180630
3895,64.9167,L2,13.284986
3895,64.9167,L3,15.235482
3895,64.9167,L4,18.960798
3895,64.9167,L5,3.968548
3896,64.9333,L1,6.092435
3896,64.9333,L2,13.589221
3896,64.9333,L3,15.527719
3896,64.9333,L4,19.789535
3896,64.9333,L5,4.424759
3897,64.9500,L1,6.914249
3897,64.9500,L2,15.123323
3897,64.9500,L3,16.733599
3897,64.9500,L4,18.673018
3897,64.9500,L5,0.993898
3898,64.9667,L1,5.993941
3898,64.9667,L2,15.701098
3898,64.9667,L3,15.505741
3898,64.9667,L4,15.160477
3898,64.9667,L5,5.208231
3899,64.9833,L1,8.745830
3899,64.9833,L2,15.603245
3899,64.9833,L3,14.789284
3899,64.9833,L4,15.919478
3899,64.9833,L5,1.361134
3900,65.0000,L1,6.000178
3900,65.0000,L2,18.792848
3900,65.0000,L3,17.805484
3900,65.0000,L4,14.274643
3900,65.0000,L5,2.230634
3901,65.0167,L1,6.381480
3901,65.0167,L2,13.649190
3901,65.0167,L3,18.554039
3901,65.0167,L4,16.480040
3901,65.0167,L5,1.785592
3902,65.0333,L1,5.782360
3902,65.0333,L2,14.061642
3902,65.0333,L3,17.046973
3902,65.0333,L4,18.670038
3902,65.0333,L5,2.162262
3903,65.0500,L1,6.009330
3903,65.0500,L2,13.291135
3903,65.0500,L3,16.470630
3903,65.0500,L4,21.800156
3903,65.0500,L5,0.000000
3904,65.0667,L1,5.909620
3904,65.0667,L2,13.861818
3904,65.0667,L3,15.523827
3904,65.0667,L4,17.426037
3904,65.0667,L5,4.732365
3905,65.0833,L1,9.171494
3905,65.0833,L2,15.973063
3905,65.0833,L3,16.611996
3905,65.0833,L4,16.283519
3905,65.0833,L5,0.000000
3906,65.1000,L1,5.724243
3906,65.1000,L2,15.335884
3906,65.1000,L3,17.464868
3906,65.1000,L4,17.870454
3906,65.1000,L5,1.465899
3907,65.1167,L1,6.264676
3907,65.1167,L2,13.505233
3907,65.1167,L3,19.608098
3907,65.1167,L4,13.498848
3907,65.1167,L5,4.400971
3908,65.1333,L1,6.193801
3908,65.1333,L2,14.189696
3908,65.1333,L3,15.885960
3908,65.1333,L4,18.444154
3908,65.1333,L5,2.073134
3909,65.1500,L1,5.993993
3909,65.1500,L2,16.434138
3909,65.1500,L3,16.944495
3909,65.1500,L4,17.631475
3909,65.1500,L5,0.000000
3910,65.1667,L1,6.360057
3910,65.1667,L2,11.989089
3910,65.1667,L3,13.898895
3910,65.1667,L4,18.490725
3910,65.1667,L5,7.417046
3911,65.1833,L1,6.130461
3911,65.1833,L2,15.047133
3911,65.1833,L3,17.975390
3911,65.1833,L4,18.340568
3911,65.1833,L5,1.119655
3912,65.2000,L1,9.438359
3912,65.2000,L2,16.760269
3912,65.2000,L3,14.680865
3912,65.2000,L4,13.518240
3912,65.2000,L5,2.489596
3913,65.2167,L1,6.194608
3913,65.2167,L2,15.854283
3913,65.2167,L3,17.325389
3913,65.2167,L4,18.044416
3913,65.2167,L5,1.821079
3914,65.2333,L1,6.179274
3914,65.2333,L2,16.192820
3914,65.2333,L3,19.059373
3914,65.2333,L4,12.366222
3914,65.2333,L5,3.120791
3915,65.2500,L1,6.064925
3915,65.2500,L2,11.641984
3915,65.2500,L3,16.440803
3915,65.2500,L4,22.162564
3915,65.2500,L5,2.705358
3916,65.2667,L1,9.943555
3916,65.2667,L2,14.549868
3916,65.2667,L3,13.791321
3916,65.2667,L4,15.965493
3916,65.2667,L5,2.400793
3917,65.2833,L1,5.711219
3917,65.2833,L2,13.534567
3917,65.2833,L3,17.826185
3917,65.2833,L4,19.037274
3917,65.2833,L5,1.583948
3918,65.3000,L1,6.746438
3918,65.3000,L2,19.563178
3918,65.3000,L3,11.871038
3918,65.3000,L4,13.753014
3918,65.3000,L5,5.236658
3919,65.3167,L1,6.247314
3919,65.3167,L2,12.951910
3919,65.3167,L3,20.098913
3919,65.3167,L4,17.804092
3919,65.3167,L5,1.943205
3920,65.3333,L1,6.417105
3920,65.3333,L2,16.109079
3920,65.3333,L3,16.363348
3920,65.3333,L4,13.871429
3920,65.3333,L5,3.288892
3921,65.3500,L1,6.136767
3921,65.3500,L2,11.574565
3921,65.3500,L3,18.288419
3921,65.3500,L4,21.299533
3921,65.3500,L5,2.009446
3922,65.3667,L1,6.014782
3922,65.3667,L2,15.165271
3922,65.3667,L3,15.573241
3922,65.3667,L4,14.771139
3922,65.3667,L5,4.501024
3923,65.3833,L1,9.573470
3923,65.3833,L2,18.591939
3923,65.3833,L3,11.257883
3923,65.3833,L4,15.084790
3923,65.3833,L5,4.554041
3924,65.4000,L1,6.188497
3924,65.4000,L2,12.792774
3924,65.4000,L3,21.305758
3924,65.4000,L4,17.052920
3924,65.4000,L5,0.000000
3925,65.4167,L1,6.427071
3925,65.4167,L2,12.906415
3925,65.4167,L3,18.383548
3925,65.4167,L4,18.128165
3925,65.4167,L5,0.977647
3926,65.4333,L1,6.265474
3926,65.4333,L2,14.809187
3926,65.4333,L3,14.397901
3926,65.4333,L4,15.534645
3926,65.4333,L5,5.679186
3927,65.4500,L1,9.590485
3927,65.4500,L2,11.257399
3927,65.4500,L3,17.026845
3927,65.4500,L4,21.945803
3927,65.4500,L5,0.761909
3928,65.4667,L1,6.316904
3928,65.4667,L2,17.787058
3928,65.4667,L3,16.451494
3928,65.4667,L4,13.925053
3928,65.4667,L5,1.504222
3929,65.4833,L1,5.860338
3929,65.4833,L2,15.052995
3929,65.4833,L3,18.432913
3929,65.4833,L4,15.817555
3929,65.4833,L5,3.280008
3930,65.5000,L1,6.388059
3930,65.5000,L2,14.061291
3930,65.5000,L3,15.003892
3930,65.5000,L4,21.139196
3930,65.5000,L5,1.629364
3931,65.5167,L1,8.895104
3931,65.5167,L2,14.237630
3931,65.5167,L3,14.076473
3931,65.5167,L4,14.768134
3931,65.5167,L5,5.824489
3932,65.5333,L1,6.624341
3932,65.5333,L2,16.452034
3932,65.5333,L3,14.983295
3932,65.5333,L4,18.144220
3932,65.5333,L5,1.318301
3933,65.5500,L1,6.282975
3933,65.5500,L2,16.021114
3933,65.5500,L3,18.293991
3933,65.5500,L4,16.213291
3933,65.5500,L5,0.715757
3934,65.5667,L1,6.148206
3934,65.5667,L2,12.966184
3934,65.5667,L3,19.802242
3934,65.5667,L4,17.532345
3934,65.5667,L5,1.676338
3935,65.5833,L1,6.125652
3935,65.5833,L2,14.542453
3935,65.5833,L3,13.535290
3935,65.5833,L4,13.908485
3935,65.5833,L5,6.935754
3936,65.6000,L1,5.858017
3936,65.6000,L2,12.039081
3936,65.6000,L3,16.277536
3936,65.6000,L4,22.609798
3936,65.6000,L5,1.249874
3937,65.6167,L1,5.866378
3937,65.6167,L2,13.339550
3937,65.6167,L3,17.400726
3937,65.6167,L4,17.412365
3937,65.6167,L5,3.377295
3938,65.6333,L1,9.048815
3938,65.6333,L2,15.620801
3938,65.6333,L3,14.191481
3938,65.6333,L4,16.244693
3938,65.6333,L5,3.268279
3939,65.6500,L1,6.140988
3939,65.6500,L2,14.849304
3939,65.6500,L3,19.981227
3939,65.6500,L4,14.584043
3939,65.6500,L5,2.150435
3940,65.6667,L1,5.796802
3940,65.6667,L2,16.225054
3940,65.6667,L3,14.822083
3940,65.6667,L4,18.085847
3940,65.6667,L5,2.816937
3941,65.6833,L1,5.779917
3941,65.6833,L2,11.834297
3941,65.6833,L3,16.778688
3941,65.6833,L4,19.261162
3941,65.6833,L5,3.841574
3942,65.7000,L1,9.402354
3942,65.7000,L2,15.842275
3942,65.7000,L3,14.035582
3942,65.7000,L4,16.827552
3942,65.7000,L5,2.093087
3943,65.7167,L1,6.033368
3943,65.7167,L2,16.237626
3943,65.7167,L3,16.588333
3943,65.7167,L4,16.626350
3943,65.7167,L5,2.118079
3944,65.7333,L1,6.092685
3944,65.7333,L2,16.524074
3944,65.7333,L3,21.314986
3944,65.7333,L4,14.088658
3944,65.7333,L5,0.706085
3945,65.7500,L1,6.758685
3945,65.7500,L2,12.798436
3945,65.7500,L3,16.050098
3945,65.7500,L4,17.575861
3945,65.7500,L5,4.470443
3946,65.7667,L1,6.087945
3946,65.7667,L2,13.052406
3946,65.7667,L3,15.733218
3946,65.7667,L4,18.927682
3946,65.7667,L5,2.296226
3947,65.7833,L1,5.894979
3947,65.7833,L2,15.031103
3947,65.7833,L3,14.287453
3947,65.7833,L4,21.087010
3947,65.7833,L5,2.143736
3948,65.8000,L1,8.882189
3948,65.8000,L2,14.027932
3948,65.8000,L3,18.630975
3948,65.8000,L4,16.019305
3948,65.8000,L5,1.463217
3949,65.8167,L1,6.546634
3949,65.8167,L2,21.032261
3949,65.8167,L3,13.114403
3949,65.8167,L4,11.644098
3949,65.8167,L5,3.655098
3950,65.8333,L1,5.915021
3950,65.8333,L2,14.637862
3950,65.8333,L3,17.095730
3950,65.8333,L4,19.330407
3950,65.8333,L5,0.900034
3951,65.8500,L1,5.826672
3951,65.8500,L2,13.410991
3951,65.8500,L3,22.847111
3951,65.8500,L4,14.322475
3951,65.8500,L5,2.210733
3952,65.8667,L1,6.191547
3952,65.8667,L2,14.526204
3952,65.8667,L3,18.763671
3952,65.8667,L4,15.735018
3952,65.8667,L5,1.424093
3953,65.8833,L1,6.400534
3953,65.8833,L2,12.916925
3953,65.8833,L3,14.565100
3953,65.8833,L4,22.762673
3953,65.8833,L5,1.026756
3954,65.9000,L1,6.756105
3954,65.9000,L2,12.367040
3954,65.9000,L3,13.978656
3954,65.9000,L4,17.142104
3954,65.9000,L5,5.444050
3955,65.9167,L1,10.081117
3955,65.9167,L2,15.557626
3955,65.9167,L3,15.970488
3955,65.9167,L4,14.725617
3955,65.9167,L5,3.379856
3956,65.9333,L1,6.028720
3956,65.9333,L2,19.864744
3956,65.9333,L3,17.265859
3956,65.9333,L4,14.334106
3956,65.9333,L5,0.924908
3957,65.9500,L1,6.474954
3957,65.9500,L2,15.175284
3957,65.9500,L3,14.759910
3957,65.9500,L4,19.420526
3957,65.9500,L5,0.870585
3958,65.9667,L1,5.987917
3958,65.9667,L2,12.034018
3958,65.9667,L3,18.695362
3958,65.9667,L4,17.871745
3958,65.9667,L5,3.314407
3959,65.9833,L1,6.885344
3959,65.9833,L2,15.941565
3959,65.9833,L3,14.317472
3959,65.9833,L4,17.653233
3959,65.9833,L5,3.305463
3960,66.0000,L1,8.590218
3960,66.0000,L2,17.156918
3960,66.0000,L3,15.366612
3960,66.0000,L4,15.224089
3960,66.0000,L5,1.475918
3961,66.0167,L1,6.123073
3961,66.0167,L2,15.881049
3961,66.0167,L3,15.831666
3961,66.0167,L4,19.099438
3961,66.0167,L5,0.722346
3962,66.0333,L1,6.300204
3962,66.0333,L2,15.174904
3962,66.0333,L3,16.122529
3962,66.0333,L4,16.389427
3962,66.0333,L5,2.634747
3963,66.0500,L1,5.896072
3963,66.0500,L2,15.168806
3963,66.0500,L3,19.582190
3963,66.0500,L4,15.795405
3963,66.0500,L5,1.692528
3964,66.0667,L1,5.626099
3964,66.0667,L2,13.729408
3964,66.0667,L3,15.014132
3964,66.0667,L4,21.555647
3964,66.0667,L5,3.258649
3965,66.0833,L1,9.602254
3965,66.0833,L2,15.404519
3965,66.0833,L3,14.478560
3965,66.0833,L4,14.365891
3965,66.0833,L5,3.633386
3966,66.1000,L1,6.077236
3966,66.1000,L2,14.841745
3966,66.1000,L3,16.135752
3966,66.1000,L4,17.143164
3966,66.1000,L5,0.816429
3967,66.1167,L1,5.581544
3967,66.1167,L2,16.015241
3967,66.1167,L3,21.306748
3967,66.1167,L4,12.572167
3967,66.1167,L5,4.497548
3968,66.1333,L1,6.037655
3968,66.1333,L2,14.441947
3968,66.1333,L3,16.221477
3968,66.1333,L4,19.429529
3968,66.1333,L5,2.205889
3969,66.1500,L1,6.093321
3969,66.1500,L2,12.256575
3969,66.1500,L3,18.602761
3969,66.1500,L4,17.664491
3969,66.1500,L5,1.430581
3970,66.1667,L1,5.623330
3970,66.1667,L2,16.271791
3970,66.1667,L3,14.777532
3970,66.1667,L4,20.636115
3970,66.1667,L5,2.018770
3971,66.1833,L1,9.346902
3971,66.1833,L2,13.607116
3971,66.1833,L3,16.101834
3971,66.1833,L4,15.738687
3971,66.1833,L5,1.678384
3972,66.2000,L1,6.011458
3972,66.2000,L2,17.811301
3972,66.2000,L3,15.333885
3972,66.2000,L4,13.957205
3972,66.2000,L5,3.866303
3973,66.2167,L1,6.347185
3973,66.2167,L2,13.747524
3973,66.2167,L3,17.213714
3973,66.2167,L4,16.964114
3973,66.2167,L5,3.621543
3974,66.2333,L1,6.106393
3974,66.2333,L2,12.772911
3974,66.2333,L3,18.665743
3974,66.2333,L4,17.795634
3974,66.2333,L5,2.196117
3975,66.2500,L1,6.221905
3975,66.2500,L2,13.099090
3975,66.2500,L3,16.186311
3975,66.2500,L4,22.538040
3975,66.2500,L5,0.000000
3976,66.2667,L1,6.406941
3976,66.2667,L2,13.890853
3976,66.2667,L3,15.203762
3976,66.2667,L4,16.936566
3976,66.2667,L5,4.315084
3977,66.2833,L1,8.798777
3977,66.2833,L2,16.951474
3977,66.2833,L3,14.241262
3977,66.2833,L4,15.809924
3977,66.2833,L5,2.065819
3978,66.3000,L1,6.489394
3978,66.3000,L2,15.605531
3978,66.3000,L3,14.564151
3978,66.3000,L4,18.624555
3978,66.3000,L5,2.239619
3979,66.3167,L1,6.663169
3979,66.3167,L2,14.231752
3979,66.3167,L3,20.200622
3979,66.3167,L4,11.440549
3979,66.3167,L5,5.179525
3980,66.3333,L1,6.820522
3980,66.3333,L2,13.886910
3980,66.3333,L3,18.549417
3980,66.3333,L4,18.369138
3980,66.3333,L5,0.909952
3981,66.3500,L1,5.843097
3981,66.3500,L2,15.426153
3981,66.3500,L3,15.758849
3981,66.3500,L4,19.151241
3981,66.3500,L5,1.454835
3982,66.3667,L1,9.216717
3982,66.3667,L2,13.743903
3982,66.3667,L3,14.124883
3982,66.3667,L4,18.051710
3982,66.3667,L5,3.680300
3983,66.3833,L1,5.886409
3983,66.3833,L2,16.313923
3983,66.3833,L3,14.581677
3983,66.3833,L4,16.319721
3983,66.3833,L5,2.654948
3984,66.4000,L1,6.005830
3984,66.4000,L2,17.631642
3984,66.4000,L3,19.590442
3984,66.4000,L4,15.178438
3984,66.4000,L5,0.863379
3985,66.4167,L1,5.681930
3985,66.4167,L2,13.425688
3985,66.4167,L3,17.017879
3985,66.4167,L4,17.653808
3985,66.4167,L5,2.257173
3986,66.4333,L1,5.719002
3986,66.4333,L2,13.551689
3986,66.4333,L3,17.156340
3986,66.4333,L4,15.460787
3986,66.4333,L5,5.709321
3987,66.4500,L1,9.434388
3987,66.4500,L2,12.640574
3987,66.4500,L3,16.652563
3987,66.4500,L4,19.249917
3987,66.4500,L5,0.708352
3988,66.4667,L1,6.775246
3988,66.4667,L2,19.782635
3988,66.4667,L3,13.155675
3988,66.4667,L4,15.879291
3988,66.4667,L5,2.297835
3989,66.4833,L1,5.778238
3989,66.4833,L2,17.141506
3989,66.4833,L3,16.439127
3989,66.4833,L4,14.949882
3989,66.4833,L5,3.144971
3990,66.5000,L1,5.954662
3990,66.5000,L2,14.591683
3990,66.5000,L3,18.595699
3990,66.5000,L4,17.156756
3990,66.5000,L5,1.632870
3991,66.5167,L1,5.767720
3991,66.5167,L2,12.730226
3991,66.5167,L3,17.959930
3991,66.5167,L4,19.645330
3991,66.5167,L5,2.433726
3992,66.5333,L1,6.088605
3992,66.5333,L2,14.592903
3992,66.5333,L3,17.447015
3992,66.5333,L4,18.069873
3992,66.5333,L5,1.899260
3993,66.5500,L1,6.706948
3993,66.5500,L2,15.138170
3993,66.5500,L3,14.765292
3993,66.5500,L4,13.820938
3993,66.5500,L5,6.309222
3994,66.5667,L1,8.819619
3994,66.5667,L2,17.668311
3994,66.5667,L3,14.972774
3994,66.5667,L4,15.847208
3994,66.5667,L5,0.000000
3995,66.5833,L1,5.654371
3995,66.5833,L2,12.450031
3995,66.5833,L3,17.892464
3995,66.5833,L4,19.196379
3995,66.5833,L5,1.834248
3996,66.6000,L1,6.691698
3996,66.6000,L2,15.925209
3996,66.6000,L3,17.852193
3996,66.6000,L4,15.314586
3996,66.6000,L5,2.912544
3997,66.6167,L1,6.574943
3997,66.6167,L2,13.850469
3997,66.6167,L3,17.107830
3997,66.6167,L4,18.085355
3997,66.6167,L5,0.762365
3998,66.6333,L1,6.197995
3998,66.6333,L2,13.542738
3998,66.6333,L3,17.255378
3998,66.6333,L4,19.750848
3998,66.6333,L5,3.046677
3999,66.6500,L1,6.740207
3999,66.6500,L2,12.548159
3999,66.6500,L3,15.693234
3999,66.6500,L4,16.909177
3999,66.6500,L5,3.531825
4000,66.6667,L1,10.298434
4000,66.6667,L2,14.705967
4000,66.6667,L3,15.657545
4000,66.6667,L4,18.607439
4000,66.6667,L5,0.000000
4001,66.6833,L1,6.063920
4001,66.6833,L2,17.580191
4001,66.6833,L3,14.289802
4001,66.6833,L4,15.173712
4001,66.6833,L5,4.496016
4002,66.7000,L1,6.195501
4002,66.7000,L2,17.181649
4002,66.7000,L3,14.136601
4002,66.7000,L4,15.885582
4002,66.7000,L5,3.672432
4003,66.7167,L1,5.932531
4003,66.7167,L2,13.086158
4003,66.7167,L3,24.189562
4003,66.7167,L4,13.864305
4003,66.7167,L5,0.668011
4004,66.7333,L1,6.755287
4004,66.7333,L2,14.576332
4004,66.7333,L3,15.848129
4004,66.7333,L4,16.370309
4004,66.7333,L5,2.788852
4005,66.7500,L1,5.562135
4005,66.7500,L2,13.773865
4005,66.7500,L3,16.503513
4005,66.7500,L4,22.075105
4005,66.7500,L5,1.116668
4006,66.7667,L1,10.292693
4006,66.7667,L2,14.396637
4006,66.7667,L3,14.312659
4006,66.7667,L4,15.672053
4006,66.7667,L5,2.380263
4007,66.7833,L1,6.504375
4007,66.7833,L2,14.358984
4007,66.7833,L3,18.727753
4007,66.7833,L4,17.432305
4007,66.7833,L5,1.595812
4008,66.8000,L1,6.211984
4008,66.8000,L2,17.018676
4008,66.8000,L3,17.442838
4008,66.8000,L4,16.785788
4008,66.8000,L5,1.786367
4009,66.8167,L1,5.670385
4009,66.8167,L2,14.295896
4009,66.8167,L3,18.538614
4009,66.8167,L4,15.526119
4009,66.8167,L5,3.194758
4010,66.8333,L1,5.961395
4010,66.8333,L2,17.007147
4010,66.8333,L3,15.427243
4010,66.8333,L4,14.391292
4010,66.8333,L5,3.220565
4011,66.8500,L1,9.562687
4011,66.8500,L2,12.207626
4011,66.8500,L3,12.501547
4011,66.8500,L4,18.527684
4011,66.8500,L5,4.819673
4012,66.8667,L1,5.733069
4012,66.8667,L2,17.306347
4012,66.8667,L3,15.891103
4012,66.8667,L4,19.141954
4012,66.8667,L5,0.000000
4013,66.8833,L1,6.324049
4013,66.8833,L2,17.476679
4013,66.8833,L3,16.731843
4013,66.8833,L4,15.663557
4013,66.8833,L5,1.831070
4014,66.9000,L1,6.379767
4014,66.9000,L2,15.186347
4014,66.9000,L3,16.008930
4014,66.9000,L4,19.035321
4014,66.9000,L5,0.930897
4015,66.9167,L1,6.194869
4015,66.9167,L2,12.138514
4015,66.9167,L3,16.515434
4015,66.9167,L4,16.362992
4015,66.9167,L5,5.132410
4016,66.9333,L1,6.296630
4016,66.9333,L2,14.424700
4016,66.9333,L3,15.927111
4016,66.9333,L4,21.604336
4016,66.9333,L5,1.243988
4017,66.9500,L1,9.787880
4017,66.9500,L2,14.572137
4017,66.9500,L3,12.562003
4017,66.9500,L4,13.741261
4017,66.9500,L5,6.680405
4018,66.9667,L1,6.475068
4018,66.9667,L2,17.853580
4018,66.9667,L3,15.703151
4018,66.9667,L4,13.531774
4018,66.9667,L5,2.842320
4019,66.9833,L1,6.198814
4019,66.9833,L2,14.376973
4019,66.9833,L3,19.514756
4019,66.9833,L4,15.726221
4019,66.9833,L5,2.885212
4020,67.0000,L1,6.146579
4020,67.0000,L2,12.749311
4020,67.0000,L3,18.733353
4020,67.0000,L4,19.139475
4020,67.0000,L5,0.000000
4021,67.0167,L1,6.084911
4021,67.0167,L2,15.020227
4021,67.0167,L3,18.126018
4021,67.0167,L4,19.512657
4021,67.0167,L5,0.000000
4022,67.0333,L1,6.126010
4022,67.0333,L2,14.237024
4022,67.0333,L3,14.333540
4022,67.0333,L4,15.431102
4022,67.0333,L5,5.988945
4023,67.0500,L1,9.033409
4023,67.0500,L2,18.068950
4023,67.0500,L3,12.134318
4023,67.0500,L4,19.756786
4023,67.0500,L5,1.463578
4024,67.0667,L1,6.523688
4024,67.0667,L2,13.788108
4024,67.0667,L3,19.243229
4024,67.0667,L4,14.433019
4024,67.0667,L5,2.384476
4025,67.0833,L1,6.308931
4025,67.0833,L2,15.273063
4025,67.0833,L3,16.224011
4025,67.0833,L4,18.158972
4025,67.0833,L5,2.102182
4026,67.1000,L1,6.162218
4026,67.1000,L2,12.061318
4026,67.1000,L3,15.586660
4026,67.1000,L4,17.628297
4026,67.1000,L5,6.544949
4027,67.1167,L1,6.364220
4027,67.1167,L2,14.307427
4027,67.1167,L3,14.258060
4027,67.1167,L4,20.076120
4027,67.1167,L5,2.301590
4028,67.1333,L1,8.611773
4028,67.1333,L2,17.010657
4028,67.1333,L3,16.671903
4028,67.1333,L4,14.943448
4028,67.1333,L5,0.767360
4029,67.1500,L1,6.952751
4029,67.1500,L2,15.377334
4029,67.1500,L3,19.939159
4029,67.1500,L4,13.560605
4029,67.1500,L5,1.532636
4030,67.1667,L1,6.855928
4030,67.1667,L2,14.087797
4030,67.1667,L3,15.628569
4030,67.1667,L4,16.887501
4030,67.1667,L5,4.586525
4031,67.1833,L1,5.948162
4031,67.1833,L2,13.525286
4031,67.1833,L3,17.780726
4031,67.1833,L4,20.939822
4031,67.1833,L5,0.000000
4032,67.2000,L1,6.367784
4032,67.2000,L2,15.314153
4032,67.2000,L3,14.887535
4032,67.2000,L4,14.790223
4032,67.2000,L5,4.329406
4033,67.2167,L1,6.339423
4033,67.2167,L2,14.543108
4033,67.2167,L3,17.946708
4033,67.2167,L4,17.407629
4033,67.2167,L5,3.692803
4034,67.2333,L1,8.807270
4034,67.2333,L2,11.730265
4034,67.2333,L3,12.184854
4034,67.2333,L4,21.742632
4034,67.2333,L5,2.362062
4035,67.2500,L1,5.949024
4035,67.2500,L2,17.678928
4035,67.2500,L3,14.865972
4035,67.2500,L4,14.296955
4035,67.2500,L5,2.557109
4036,67.2667,L1,5.975544
4036,67.2667,L2,17.484822
4036,67.2667,L3,17.737337
4036,67.2667,L4,15.380626
4036,67.2667,L5,3.826764
4037,67.2833,L1,5.893410
4037,67.2833,L2,13.904868
4037,67.2833,L3,19.816603
4037,67.2833,L4,18.120452
4037,67.2833,L5,0.714725
4038,67.3000,L1,6.377135
4038,67.3000,L2,11.370596
4038,67.3000,L3,17.303040
4038,67.3000,L4,19.669120
4038,67.3000,L5,1.848440
4039,67.3167,L1,6.683983
4039,67.3167,L2,15.690843
4039,67.3167,L3,15.358993
4039,67.3167,L4,16.233555
4039,67.3167,L5,4.343450
4040,67.3333,L1,9.473190
4040,67.3333,L2,12.655404
4040,67.3333,L3,15.268396
4040,67.3333,L4,16.785531
4040,67.3333,L5,2.607549
4041,67.3500,L1,5.788621
4041,67.3500,L2,15.169001
4041,67.3500,L3,16.484742
4041,67.3500,L4,19.255397
4041,67.3500,L5,1.670226
4042,67.3667,L1,6.349458
4042,67.3667,L2,18.622645
4042,67.3667,L3,13.626656
4042,67.3667,L4,17.396526
4042,67.3667,L5,0.984291
4043,67.3833,L1,5.883539
4043,67.3833,L2,14.663077
4043,67.3833,L3,18.871440
4043,67.3833,L4,15.390793
4043,67.3833,L5,3.484658
4044,67.4000,L1,5.858922
4044,67.4000,L2,11.277987
4044,67.4000,L3,19.615014
4044,67.4000,L4,18.262545
4044,67.4000,L5,0.779889
4045,67.4167,L1,6.296463
4045,67.4167,L2,13.521183
4045,67.4167,L3,13.746041
4045,67.4167,L4,17.901629
4045,67.4167,L5,6.123530
4046,67.4333,L1,9.079534
4046,67.4333,L2,13.904145
4046,67.4333,L3,16.121661
4046,67.4333,L4,16.831310
4046,67.4333,L5,2.009488
4047,67.4500,L1,6.094031
4047,67.4500,L2,20.373238
4047,67.4500,L3,14.845819
4047,67.4500,L4,16.720734
4047,67.4500,L5,1.884496
4048,67.4667,L1,6.921314
4048,67.4667,L2,11.876515
4048,67.4667,L3,19.279440
4048,67.4667,L4,15.029602
4048,67.4667,L5,2.893219
4049,67.4833,L1,6.380985
4049,67.4833,L2,13.907288
4049,67.4833,L3,21.116862
4049,67.4833,L4,16.728940
4049,67.4833,L5,0.924278
4050,67.5000,L1,5.882466
4050,67.5000,L2,14.523804
4050,67.5000,L3,13.137848
4050,67.5000,L4,17.748110
4050,67.5000,L5,4.816571
4051,67.5167,L1,9.230100
4051,67.5167,L2,13.199572
4051,67.5167,L3,12.470265
4051,67.5167,L4,18.447634
4051,67.5167,L5,4.200197
4052,67.5333,L1,3.309793
4052,67.5333,L2,16.565810
4052,67.5333,L3,17.526368
4052,67.5333,L4,15.954345
4052,67.5333,L5,3.181167
4053,67.5500,L1,9.070533
4053,67.5500,L2,18.741690
4053,67.5500,L3,16.032224
4053,67.5500,L4,15.009646
4053,67.5500,L5,1.783318
4054,67.5667,L1,5.973006
4054,67.5667,L2,11.886599
4054,67.5667,L3,16.196222
4054,67.5667,L4,20.737399
4054,67.5667,L5,0.578836
4055,67.5833,L1,5.991585
4055,67.5833,L2,16.934509
4055,67.5833,L3,20.483696
4055,67.5833,L4,11.873018
4055,67.5833,L5,2.284375
4056,67.6000,L1,5.847014
4056,67.6000,L2,14.528258
4056,67.6000,L3,15.824174
4056,67.6000,L4,22.335862
4056,67.6000,L5,0.758202
4057,67.6167,L1,6.047628
4057,67.6167,L2,17.197295
4057,67.6167,L3,17.923431
4057,67.6167,L4,10.630849
4057,67.6167,L5,4.462541
4058,67.6333,L1,5.709091
4058,67.6333,L2,12.300600
4058,67.6333,L3,16.235518
4058,67.6333,L4,23.013277
4058,67.6333,L5,1.238723
4059,67.6500,L1,9.178737
4059,67.6500,L2,12.841959
4059,67.6500,L3,12.280486
4059,67.6500,L4,17.244244
4059,67.6500,L5,5.937768
4060,67.6667,L1,5.958864
4060,67.6667,L2,18.823063
4060,67.6667,L3,20.855440
4060,67.6667,L4,12.844108
4060,67.6667,L5,0.000000
4061,67.6833,L1,5.506061
4061,67.6833,L2,16.360316
4061,67.6833,L3,16.298370
4061,67.6833,L4,17.905273
4061,67.6833,L5,0.000000
4062,67.7000,L1,6.012537
4062,67.7000,L2,13.452780
4062,67.7000,L3,16.806055
4062,67.7000,L4,18.872720
4062,67.7000,L5,2.163303
4063,67.7167,L1,6.075876
4063,67.7167,L2,15.023305
4063,67.7167,L3,20.536235
4063,67.7167,L4,16.190489
4063,67.7167,L5,2.083439
4064,67.7333,L1,6.491589
4064,67.7333,L2,13.189811
4064,67.7333,L3,13.795303
4064,67.7333,L4,22.088549
4064,67.7333,L5,2.631403
4065,67.7500,L1,6.191161
4065,67.7500,L2,14.389648
4065,67.7500,L3,15.912645
4065,67.7500,L4,15.947371
4065,67.7500,L5,4.592454
4066,67.7667,L1,8.819223
4066,67.7667,L2,14.764670
4066,67.7667,L3,15.588607
4066,67.7667,L4,14.621886
4066,67.7667,L5,1.140263
4067,67.7833,L1,5.878810
4067,67.7833,L2,18.570164
4067,67.7833,L3,13.585865
4067,67.7833,L4,16.556685
4067,67.7833,L5,5.062207
4068,67.8000,L1,6.105324
4068,67.8000,L2,13.211080
4068,67.8000,L3,21.307350
4068,67.8000,L4,16.650845
4068,67.8000,L5,0.885528
4069,67.8167,L1,6.007421
4069,67.8167,L2,14.642796
4069,67.8167,L3,14.310082
4069,67.8167,L4,19.530861
4069,67.8167,L5,3.847577
4070,67.8333,L1,5.794202
4070,67.8333,L2,15.287650
4070,67.8333,L3,16.279992
4070,67.8333,L4,16.531206
4070,67.8333,L5,1.461551
4071,67.8500,L1,9.658384
4071,67.8500,L2,12.563479
4071,67.8500,L3,14.414016
4071,67.8500,L4,19.313289
4071,67.8500,L5,4.026110
4072,67.8667,L1,6.108774
4072,67.8667,L2,18.280612
4072,67.8667,L3,16.605331
4072,67.8667,L4,15.826907
4072,67.8667,L5,0.706172
4073,67.8833,L1,6.369030
4073,67.8833,L2,12.997892
4073,67.8833,L3,15.237348
4073,67.8833,L4,17.198407
4073,67.8833,L5,4.306199
4074,67.9000,L1,5.678699
4074,67.9000,L2,16.516484
4074,67.9000,L3,18.137184
4074,67.9000,L4,14.100968
4074,67.9000,L5,4.164458
4075,67.9167,L1,5.855783
4075,67.9167,L2,12.130008
4075,67.9167,L3,19.035097
4075,67.9167,L4,17.119665
4075,67.9167,L5,2.438862
4076,67.9333,L1,6.169860
4076,67.9333,L2,15.318909
4076,67.9333,L3,17.872523
4076,67.9333,L4,17.975944
4076,67.9333,L5,1.800150
4077,67.9500,L1,9.412810
4077,67.9500,L2,15.223308
4077,67.9500,L3,12.293603
4077,67.9500,L4,18.525364
4077,67.9500,L5,2.202800
4078,67.9667,L1,6.418082
4078,67.9667,L2,18.260611
4078,67.9667,L3,15.716926
4078,67.9667,L4,14.527776
4078,67.9667,L5,2.951805
4079,67.9833,L1,5.933101
4079,67.9833,L2,13.651669
4079,67.9833,L3,18.662104
4079,67.9833,L4,13.131943
4079,67.9833,L5,4.858377
4080,68.0000,L1,6.342064
4080,68.0000,L2,16.320974
4080,68.0000,L3,17.998613
4080,68.0000,L4,16.950216
4080,68.0000,L5,0.873459
4081,68.0167,L1,5.865681
4081,68.0167,L2,13.749094
4081,68.0167,L3,16.782020
4081,68.0167,L4,20.847655
4081,68.0167,L5,0.000000
4082,68.0333,L1,9.024409
4082,68.0333,L2,11.799608
4082,68.0333,L3,14.229790
4082,68.0333,L4,19.159321
4082,68.0333,L5,4.755083
4083,68.0500,L1,6.458314
4083,68.0500,L2,19.568658
4083,68.0500,L3,14.263127
4083,68.0500,L4,14.154081
4083,68.0500,L5,2.261509
4084,68.0667,L1,5.865172
4084,68.0667,L2,15.088763
4084,68.0667,L3,16.996395
4084,68.0667,L4,18.950657
4084,68.0667,L5,0.000000
4085,68.0833,L1,5.638225
4085,68.0833,L2,14.300636
4085,68.0833,L3,18.500755
4085,68.0833,L4,17.182321
4085,68.0833,L5,3.346942
4086,68.1000,L1,6.414307
4086,68.1000,L2,13.959105
4086,68.1000,L3,18.135804
4086,68.1000,L4,16.235096
4086,68.1000,L5,1.825330
4087,68.1167,L1,5.690270
4087,68.1167,L2,15.761690
4087,68.1167,L3,14.131637
4087,68.1167,L4,18.523775
4087,68.1167,L5,3.761717
4088,68.1333,L1,8.749892
4088,68.1333,L2,11.347917
4088,68.1333,L3,16.042827
4088,68.1333,L4,17.279958
4088,68.1333,L5,4.424758
4089,68.1500,L1,5.950198
4089,68.1500,L2,15.168730
4089,68.1500,L3,16.621027
4089,68.1500,L4,14.732692
4089,68.1500,L5,4.628074
4090,68.1667,L1,5.806834
4090,68.1667,L2,19.626654
4090,68.1667,L3,17.212309
4090,68.1667,L4,13.647431
4090,68.1667,L5,2.596230
4091,68.1833,L1,6.127909
4091,68.1833,L2,13.552265
4091,68.1833,L3,22.532252
4091,68.1833,L4,15.584769
4091,68.1833,L5,0.000000
4092,68.2000,L1,6.457778
4092,68.2000,L2,13.522556
4092,68.2000,L3,13.551423
4092,68.2000,L4,20.236726
4092,68.2000,L5,3.172094
4093,68.2167,L1,6.823868
4093,68.2167,L2,15.195108
4093,68.2167,L3,14.848322
4093,68.2167,L4,18.296351
4093,68.2167,L5,2.814222
4094,68.2333,L1,8.832974
4094,68.2333,L2,16.389444
4094,68.2333,L3,14.538331
4094,68.2333,L4,17.070152
4094,68.2333,L5,1.183645
4095,68.2500,L1,5.799338
4095,68.2500,L2,12.484103
4095,68.2500,L3,15.197331
4095,68.2500,L4,16.583621
4095,68.2500,L5,4.978275
4096,68.2667,L1,6.028480
4096,68.2667,L2,14.665374
4096,68.2667,L3,21.424721
4096,68.2667,L4,15.126129
4096,68.2667,L5,1.710192
4097,68.2833,L1,6.026115
4097,68.2833,L2,15.459726
4097,68.2833,L3,15.137076
4097,68.2833,L4,20.079430
4097,68.2833,L5,1.985816
4098,68.3000,L1,6.485350
4098,68.3000,L2,15.108441
4098,68.3000,L3,15.323503
4098,68.3000,L4,17.612061
4098,68.3000,L5,1.728657
4099,68.3167,L1,6.041426
4099,68.3167,L2,14.554908
4099,68.3167,L3,13.086066
4099,68.3167,L4,16.054755
4099,68.3167,L5,7.228597
4100,68.3333,L1,9.460999
4100,68.3333,L2,16.295986
4100,68.3333,L3,15.398549
4100,68.3333,L4,18.929232
4100,68.3333,L5,0.000000
4101,68.3500,L1,6.193791
4101,68.3500,L2,17.333276
4101,68.3500,L3,17.289110
4101,68.3500,L4,15.896139
4101,68.3500,L5,0.000000
4102,68.3667,L1,5.758744
4102,68.3667,L2,11.441679
4102,68.3667,L3,20.003320
4102,68.3667,L4,17.374292
4102,68.3667,L5,3.441167
4103,68.3833,L1,6.384794
4103,68.3833,L2,13.901221
4103,68.3833,L3,15.293511
4103,68.3833,L4,16.103521
4103,68.3833,L5,5.896735
4104,68.4000,L1,6.081261
4104,68.4000,L2,15.244933
4104,68.4000,L3,17.029993
4104,68.4000,L4,16.965167
4104,68.4000,L5,0.000000
4105,68.4167,L1,8.969622
4105,68.4167,L2,13.673110
4105,68.4167,L3,12.005081
4105,68.4167,L4,23.502782
4105,68.4167,L5,2.704120
4106,68.4333,L1,5.923680
4106,68.4333,L2,16.373570
4106,68.4333,L3,15.309190
4106,68.4333,L4,15.109942
4106,68.4333,L5,3.070302
4107,68.4500,L1,5.905405
4107,68.4500,L2,17.248110
4107,68.4500,L3,18.427976
4107,68.4500,L4,15.203782
4107,68.4500,L5,1.553345
4108,68.4667,L1,6.505970
4108,68.4667,L2,13.813498
4108,68.4667,L3,19.219608
4108,68.4667,L4,16.168926
4108,68.4667,L5,1.082370
4109,68.4833,L1,6.715458
4109,68.4833,L2,13.658285
4109,68.4833,L3,16.365696
4109,68.4833,L4,21.814458
4109,68.4833,L5,0.797370
4110,68.5000,L1,6.996755
4110,68.5000,L2,14.592393
4110,68.5000,L3,11.726778
4110,68.5000,L4,17.652315
4110,68.5000,L5,6.745688
4111,68.5167,L1,5.785660
4111,68.5167,L2,13.120568
4111,68.5167,L3,15.780611
4111,68.5167,L4,15.548695
4111,68.5167,L5,3.531922
4112,68.5333,L1,10.201957
4112,68.5333,L2,16.717043
4112,68.5333,L3,15.111991
4112,68.5333,L4,17.413109
4112,68.5333,L5,1.781373
4113,68.5500,L1,6.856181
4113,68.5500,L2,14.611862
4113,68.5500,L3,13.950995
4113,68.5500,L4,16.477546
4113,68.5500,L5,3.481299
4114,68.5667,L1,5.878592
4114,68.5667,L2,15.765520
4114,68.5667,L3,20.139237
4114,68.5667,L4,14.976318
4114,68.5667,L5,1.808935
4115,68.5833,L1,6.236332
4115,68.5833,L2,13.733195
4115,68.5833,L3,20.133041
4115,68.5833,L4,15.884813
4115,68.5833,L5,1.816567
4116,68.6000,L1,5.827239
4116,68.6000,L2,13.952415
4116,68.6000,L3,14.047823
4116,68.6000,L4,23.059846
4116,68.6000,L5,1.734521
4117,68.6167,L1,6.393000
4117,68.6167,L2,14.109550
4117,68.6167,L3,16.388916
4117,68.6167,L4,13.818452
4117,68.6167,L5,6.072158
4118,68.6333,L1,8.715499
4118,68.6333,L2,17.866988
4118,68.6333,L3,16.759293
4118,68.6333,L4,13.332980
4118,68.6333,L5,0.709373
4119,68.6500,L1,6.481478
4119,68.6500,L2,16.034859
4119,68.6500,L3,15.198628
4119,68.6500,L4,20.099582
4119,68.6500,L5,0.732885
4120,68.6667,L1,5.993390
4120,68.6667,L2,14.989400
4120,68.6667,L3,15.994715
4120,68.6667,L4,16.220797
4120,68.6667,L5,3.860483
4121,68.6833,L1,6.140980
4121,68.6833,L2,11.466767
4121,68.6833,L3,17.877679
4121,68.6833,L4,19.634262
4121,68.6833,L5,1.917562
4122,68.7000,L1,6.469730
4122,68.7000,L2,13.604884
4122,68.7000,L3,15.642335
4122,68.7000,L4,19.984640
4122,68.7000,L5,2.265688
4123,68.7167,L1,6.134860
4123,68.7167,L2,15.887538
4123,68.7167,L3,15.957075
4123,68.7167,L4,17.369212
4123,68.7167,L5,3.035265
4124,68.7333,L1,9.107018
4124,68.7333,L2,17.028505
4124,68.7333,L3,13.935829
4124,68.7333,L4,13.568893
4124,68.7333,L5,3.106493
4125,68.7500,L1,5.727823
4125,68.7500,L2,14.124236
4125,68.7500,L3,15.256152
4125,68.7500,L4,18.923098
4125,68.7500,L5,2.566195
4126,68.7667,L1,5.791176
4126,68.7667,L2,16.587858
4126,68.7667,L3,20.435256
4126,68.7667,L4,15.808467
4126,68.7667,L5,0.000000
4127,68.7833,L1,6.327446
4127,68.7833,L2,13.941129
4127,68.7833,L3,15.424372
4127,68.7833,L4,19.080778
4127,68.7833,L5,4.045479
4128,68.8000,L1,5.783373
4128,68.8000,L2,15.038871
4128,68.8000,L3,18.807689
4128,68.8000,L4,15.426118
4128,68.8000,L5,2.500227
4129,68.8167,L1,8.992378
4129,68.8167,L2,12.473806
4129,68.8167,L3,15.050726
4129,68.8167,L4,17.195417
4129,68.8167,L5,3.485050
4130,68.8333,L1,6.009333
4130,68.8333,L2,17.288152
4130,68.8333,L3,15.391762
4130,68.8333,L4,14.776175
4130,68.8333,L5,3.440325
4131,68.8500,L1,6.616525
4131,68.8500,L2,16.230075
4131,68.8500,L3,18.804865
4131,68.8500,L4,13.893412
4131,68.8500,L5,2.972939
4132,68.8667,L1,6.094648
4132,68.8667,L2,13.060839
4132,68.8667,L3,18.473246
4132,68.8667,L4,20.570214
4132,68.8667,L5,0.000000
4133,68.8833,L1,6.833009
4133,68.8833,L2,11.015327
4133,68.8833,L3,18.462781
4133,68.8833,L4,17.534522
4133,68.8833,L5,1.625544
4134,68.9000,L1,6.691642
4134,68.9000,L2,14.944874
4134,68.9000,L3,17.716822
4134,68.9000,L4,16.929436
4134,68.9000,L5,1.867653
4135,68.9167,L1,6.112194
4135,68.9167,L2,15.023942
4135,68.9167,L3,13.278079
4135,68.9167,L4,21.694722
4135,68.9167,L5,1.398913
4136,68.9333,L1,9.263722
4136,68.9333,L2,15.751394
4136,68.9333,L3,19.357768
4136,68.9333,L4,11.039660
4136,68.9333,L5,3.472816
4137,68.9500,L1,6.467709
4137,68.9500,L2,13.552477
4137,68.9500,L3,14.305215
4137,68.9500,L4,23.383834
4137,68.9500,L5,0.000000
4138,68.9667,L1,6.944769
4138,68.9667,L2,15.990285
4138,68.9667,L3,13.820567
4138,68.9667,L4,17.604299
4138,68.9667,L5,2.184468
4139,68.9833,L1,5.542418
4139,68.9833,L2,14.699087
4139,68.9833,L3,17.756709
4139,68.9833,L4,16.850422
4139,68.9833,L5,4.297824
4140,69.0000,L1,6.986203
4140,69.0000,L2,14.389804
4140,69.0000,L3,18.153316
4140,69.0000,L4,17.081197
4140,69.0000,L5,0.697591
4141,69.0167,L1,6.181788
4141,69.0167,L2,13.077256
4141,69.0167,L3,12.569971
4141,69.0167,L4,22.657154
4141,69.0167,L5,3.715927
4142,69.0333,L1,6.208363
4142,69.0333,L2,13.963687
4142,69.0333,L3,18.713242
4142,69.0333,L4,15.241826
4142,69.0333,L5,2.789457
4143,69.0500,L1,5.838727
4143,69.0500,L2,14.869823
4143,69.0500,L3,16.438138
4143,69.0500,L4,19.441915
4143,69.0500,L5,1.610730
4144,69.0667,L1,9.447995
4144,69.0667,L2,18.519965
4144,69.0667,L3,11.586383
4144,69.0667,L4,15.870945
4144,69.0667,L5,1.034416
4145,69.0833,L1,5.895827
4145,69.0833,L2,14.240931
4145,69.0833,L3,18.497092
4145,69.0833,L4,16.374492
4145,69.0833,L5,4.074923
4146,69.1000,L1,6.871248
4146,69.1000,L2,13.788990
4146,69.1000,L3,17.403782
4146,69.1000,L4,16.351324
4146,69.1000,L5,2.553810
4147,69.1167,L1,6.110572
4147,69.1167,L2,13.531544
4147,69.1167,L3,15.652416
4147,69.1167,L4,19.632009
4147,69.1167,L5,0.703228
4148,69.1333,L1,5.902605
4148,69.1333,L2,13.748667
4148,69.1333,L3,15.942369
4148,69.1333,L4,18.284520
4148,69.1333,L5,4.240814
4149,69.1500,L1,8.598066
4149,69.1500,L2,17.226444
4149,69.1500,L3,15.371733
4149,69.1500,L4,16.546163
4149,69.1500,L5,2.296398
4150,69.1667,L1,5.956417
4150,69.1667,L2,15.489013
4150,69.1667,L3,16.795542
4150,69.1667,L4,15.172851
4150,69.1667,L5,2.738223
4151,69.1833,L1,5.893141
4151,69.1833,L2,15.727224
4151,69.1833,L3,16.757704
4151,69.1833,L4,14.082151
4151,69.1833,L5,3.821819
4152,69.2000,L1,6.061988
4152,69.2000,L2,13.277369
4152,69.2000,L3,17.264884
4152,69.2000,L4,23.172640
4152,69.2000,L5,0.000000
4153,69.2167,L1,8.979834
4153,69.2167,L2,15.687411
4153,69.2167,L3,16.676468
4153,69.2167,L4,12.344833
4153,69.2167,L5,3.212660
4154,69.2333,L1,6.257990
4154,69.2333,L2,15.380448
4154,69.2333,L3,16.389786
4154,69.2333,L4,15.134826
4154,69.2333,L5,3.980429
4155,69.2500,L1,6.144744
4155,69.2500,L2,13.003316
4155,69.2500,L3,21.804239
4155,69.2500,L4,16.360911
4155,69.2500,L5,0.000000
4156,69.2667,L1,6.342906
4156,69.2667,L2,13.068428
4156,69.2667,L3,15.038115
4156,69.2667,L4,22.781432
4156,69.2667,L5,2.300906
4157,69.2833,L1,6.869571
4157,69.2833,L2,15.377311
4157,69.2833,L3,17.120001
4157,69.2833,L4,13.135246
4157,69.2833,L5,4.887775
4158,69.3000,L1,8.789329
4158,69.3000,L2,15.580933
4158,69.3000,L3,14.435711
4158,69.3000,L4,17.471643
4158,69.3000,L5,0.912005
4159,69.3167,L1,5.665497
4159,69.3167,L2,16.409836
4159,69.3167,L3,20.176433
4159,69.3167,L4,13.467703
4159,69.3167,L5,2.159397
4160,69.3333,L1,6.236726
4160,69.3333,L2,13.541232
4160,69.3333,L3,16.518761
4160,69.3333,L4,18.548653
4160,69.3333,L5,2.382644
4161,69.3500,L1,6.062500
4161,69.3500,L2,14.052862
4161,69.3500,L3,16.553766
4161,69.3500,L4,17.554032
4161,69.3500,L5,3.028476
4162,69.3667,L1,6.930380
4162,69.3667,L2,15.702370
4162,69.3667,L3,15.359247
4162,69.3667,L4,18.409918
4162,69.3667,L5,2.719616
4163,69.3833,L1,9.118520
4163,69.3833,L2,16.394816
4163,69.3833,L3,10.919040
4163,69.3833,L4,14.903526
4163,69.3833,L5,4.759558
4164,69.4000,L1,6.310204
4164,69.4000,L2,16.761771
4164,69.4000,L3,21.939105
4164,69.4000,L4,12.647034
4164,69.4000,L5,0.858415
4165,69.4167,L1,5.948209
4165,69.4167,L2,12.533480
4165,69.4167,L3,18.172450
4165,69.4167,L4,19.052357
4165,69.4167,L5,1.633863
4166,69.4333,L1,6.344804
4166,69.4333,L2,15.096779
4166,69.4333,L3,16.306415
4166,69.4333,L4,18.837078
4166,69.4333,L5,1.148390
4167,69.4500,L1,6.745986
4167,69.4500,L2,13.372913
4167,69.4500,L3,14.326244
4167,69.4500,L4,19.416350
4167,69.4500,L5,2.327576
4168,69.4667,L1,9.591951
4168,69.4667,L2,17.138670
4168,69.4667,L3,14.321642
4168,69.4667,L4,16.835754
4168,69.4667,L5,1.905183
4169,69.4833,L1,5.697302
4169,69.4833,L2,16.309470
4169,69.4833,L3,17.117825
4169,69.4833,L4,14.187481
4169,69.4833,L5,4.599536
4170,69.5000,L1,6.640271
4170,69.5000,L2,13.317151
4170,69.5000,L3,16.939673
4170,69.5000,L4,15.225711
4170,69.5000,L5,3.019585
4171,69.5167,L1,6.700875
4171,69.5167,L2,13.870932
4171,69.5167,L3,16.559876
4171,69.5167,L4,21.805947
4171,69.5167,L5,0.969979
4172,69.5333,L1,5.780501
4172,69.5333,L2,13.993707
4172,69.5333,L3,15.143158
4172,69.5333,L4,19.645771
4172,69.5333,L5,3.227546
4173,69.5500,L1,9.346343
4173,69.5500,L2,14.552342
4173,69.5500,L3,15.929908
4173,69.5500,L4,14.540937
4173,69.5500,L5,2.941293
4174,69.5667,L1,5.860355
4174,69.5667,L2,14.549840
4174,69.5667,L3,14.384465
4174,69.5667,L4,17.219512
4174,69.5667,L5,3.636600
4175,69.5833,L1,5.981957
4175,69.5833,L2,17.979226
4175,69.5833,L3,20.947843
4175,69.5833,L4,12.200560
4175,69.5833,L5,2.269177
4176,69.6000,L1,6.389750
4176,69.6000,L2,12.584665
4176,69.6000,L3,16.001919
4176,69.6000,L4,22.261304
4176,69.6000,L5,0.685021
4177,69.6167,L1,6.220100
4177,69.6167,L2,15.129426
4177,69.6167,L3,15.119027
4177,69.6167,L4,16.249862
4177,69.6167,L5,5.270473
4178,69.6333,L1,5.911986
4178,69.6333,L2,14.425363
4178,69.6333,L3,16.648049
4178,69.6333,L4,16.971930
4178,69.6333,L5,0.781024
4179,69.6500,L1,8.778245
4179,69.6500,L2,18.333705
4179,69.6500,L3,13.412580
4179,69.6500,L4,15.878210
4179,69.6500,L5,3.970798
4180,69.6667,L1,6.440842
4180,69.6667,L2,15.817391
4180,69.6667,L3,16.193006
4180,69.6667,L4,15.968122
4180,69.6667,L5,2.653151
4181,69.6833,L1,6.300587
4181,69.6833,L2,13.640104
4181,69.6833,L3,19.596054
4181,69.6833,L4,18.604852
4181,69.6833,L5,0.000000
4182,69.7000,L1,5.981907
4182,69.7000,L2,13.069593
4182,69.7000,L3,13.557351
4182,69.7000,L4,18.285424
4182,69.7000,L5,4.714541
4183,69.7167,L1,6.200538
4183,69.7167,L2,14.015454
4183,69.7167,L3,16.747819
4183,69.7167,L4,20.985584
4183,69.7167,L5,1.630521
4184,69.7333,L1,9.258997
4184,69.7333,L2,17.554371
4184,69.7333,L3,11.859947
4184,69.7333,L4,12.779782
4184,69.7333,L5,4.958501
4185,69.7500,L1,5.973517
4185,69.7500,L2,17.743486
4185,69.7500,L3,17.581164
4185,69.7500,L4,15.708860
4185,69.7500,L5,0.697481
4186,69.7667,L1,5.856806
4186,69.7667,L2,10.728768
4186,69.7667,L3,19.200481
4186,69.7667,L4,20.140956
4186,69.7667,L5,2.644285
4187,69.7833,L1,6.290294
4187,69.7833,L2,14.371169
4187,69.7833,L3,15.183232
4187,69.7833,L4,18.987473
4187,69.7833,L5,3.377189
4188,69.8000,L1,5.840424
4188,69.8000,L2,15.626193
4188,69.8000,L3,15.733370
4188,69.8000,L4,16.277897
4188,69.8000,L5,2.932684
4189,69.8167,L1,8.978614
4189,69.8167,L2,16.866542
4189,69.8167,L3,14.465674
4189,69.8167,L4,16.233683
4189,69.8167,L5,2.318462
4190,69.8333,L1,6.193739
4190,69.8333,L2,14.569452
4190,69.8333,L3,17.661561
4190,69.8333,L4,15.034810
4190,69.8333,L5,2.123326
4191,69.8500,L1,5.932774
4191,69.8500,L2,15.311015
4191,69.8500,L3,18.876423
4191,69.8500,L4,16.923388
4191,69.8500,L5,2.439371
4192,69.8667,L1,5.725976
4192,69.8667,L2,13.210297
4192,69.8667,L3,13.904507
4192,69.8667,L4,19.753459
4192,69.8667,L5,3.552251
4193,69.8833,L1,9.227363
4193,69.8833,L2,12.118770
4193,69.8833,L3,13.978162
4193,69.8833,L4,21.452908
4193,69.8833,L5,2.133238
4194,69.9000,L1,5.846460
4194,69.9000,L2,19.668016
4194,69.9000,L3,14.396654
4194,69.9000,L4,13.368269
4194,69.9000,L5,4.860545
4195,69.9167,L1,6.652577
4195,69.9167,L2,14.498512
4195,69.9167,L3,17.159625
4195,69.9167,L4,15.949314
4195,69.9167,L5,2.143078
4196,69.9333,L1,6.091867
4196,69.9333,L2,12.461356
4196,69.9333,L3,21.528587
4196,69.9333,L4,15.258202
4196,69.9333,L5,1.535716
4197,69.9500,L1,6.063975
4197,69.9500,L2,15.977514
4197,69.9500,L3,12.917468
4197,69.9500,L4,24.889080
4197,69.9500,L5,0.000000
4198,69.9667,L1,5.676461
4198,69.9667,L2,12.564528
4198,69.9667,L3,16.200416
4198,69.9667,L4,15.892491
4198,69.9667,L5,6.464749
4199,69.9833,L1,9.704674
4199,69.9833,L2,17.072372
4199,69.9833,L3,13.765369
4199,69.9833,L4,16.674777
4199,69.9833,L5,0.000000
4200,70.0000,L1,6.401269
4200,70.0000,L2,13.421589
4200,70.0000,L3,16.516024
4200,70.0000,L4,18.184361
4200,70.0000,L5,2.221258
4201,70.0167,L1,6.020898
4201,70.0167,L2,15.115637
4201,70.0167,L3,17.465935
4201,70.0167,L4,15.010996
4201,70.0167,L5,4.525818
4202,70.0333,L1,6.548397
4202,70.0333,L2,12.697680
4202,70.0333,L3,20.089538
4202,70.0333,L4,17.863644
4202,70.0333,L5,0.000000
4203,70.0500,L1,9.669053
4203,70.0500,L2,13.355340
4203,70.0500,L3,14.071693
4203,70.0500,L4,18.041330
4203,70.0500,L5,4.165013
4204,70.0667,L1,6.286073
4204,70.0667,L2,17.303121
4204,70.0667,L3,13.663928
4204,70.0667,L4,15.365358
4204,70.0667,L5,4.368610
4205,70.0833,L1,6.223783
4205,70.0833,L2,17.186587
4205,70.0833,L3,16.095366
4205,70.0833,L4,15.717308
4205,70.0833,L5,1.911800
4206,70.1000,L1,5.963929
4206,70.1000,L2,12.393436
4206,70.1000,L3,20.611582
4206,70.1000,L4,17.697339
4206,70.1000,L5,1.387355
4207,70.1167,L1,6.127492
4207,70.1167,L2,13.172956
4207,70.1167,L3,14.314768
4207,70.1167,L4,18.586922
4207,70.1167,L5,5.466665
4208,70.1333,L1,9.552566
4208,70.1333,L2,16.313876
4208,70.1333,L3,12.935062
4208,70.1333,L4,14.448724
4208,70.1333,L5,3.184814
4209,70.1500,L1,5.898090
4209,70.1500,L2,14.499170
4209,70.1500,L3,22.862697
4209,70.1500,L4,15.673111
4209,70.1500,L5,0.000000
4210,70.1667,L1,5.912451
4210,70.1667,L2,13.788944
4210,70.1667,L3,15.129793
4210,70.1667,L4,16.140663
4210,70.1667,L5,4.256906
4211,70.1833,L1,6.179065
4211,70.1833,L2,14.540866
4211,70.1833,L3,16.699022
4211,70.1833,L4,20.751348
4211,70.1833,L5,2.138995
4212,70.2000,L1,9.788345
4212,70.2000,L2,13.822898
4212,70.2000,L3,15.508526
4212,70.2000,L4,15.594496
4212,70.2000,L5,2.305270
4213,70.2167,L1,6.258965
4213,70.2167,L2,18.588688
4213,70.2167,L3,13.360773
4213,70.2167,L4,13.574122
4213,70.2167,L5,6.008546
4214,70.2333,L1,6.108391
4214,70.2333,L2,14.913642
4214,70.2333,L3,18.728207
4214,70.2333,L4,16.398854
4214,70.2333,L5,0.000000
4215,70.2500,L1,5.985184
4215,70.2500,L2,11.759678
4215,70.2500,L3,19.236664
4215,70.2500,L4,19.523870
4215,70.2500,L5,2.362965
4216,70.2667,L1,5.844484
4216,70.2667,L2,15.466214
4216,70.2667,L3,18.573035
4216,70.2667,L4,14.997036
4216,70.2667,L5,2.219257
4217,70.2833,L1,8.835668
4217,70.2833,L2,10.559387
4217,70.2833,L3,13.730449
4217,70.2833,L4,22.248154
4217,70.2833,L5,1.879727
4218,70.3000,L1,6.867453
4218,70.3000,L2,18.776599
4218,70.3000,L3,15.539934
4218,70.3000,L4,14.786346
4218,70.3000,L5,2.890505
4219,70.3167,L1,6.435294
4219,70.3167,L2,16.335171
4219,70.3167,L3,13.907565
4219,70.3167,L4,14.036208
4219,70.3167,L5,5.424816
4220,70.3333,L1,6.038563
4220,70.3333,L2,12.929730
4220,70.3333,L3,23.466791
4220,70.3333,L4,16.479100
4220,70.3333,L5,0.000000
4221,70.3500,L1,6.120544
4221,70.3500,L2,12.011048
4221,70.3500,L3,18.489927
4221,70.3500,L4,20.736740
4221,70.3500,L5,0.000000
4222,70.3667,L1,9.448087
4222,70.3667,L2,14.971527
4222,70.3667,L3,15.073059
4222,70.3667,L4,12.506687
4222,70.3667,L5,4.689759
4223,70.3833,L1,7.187448
4223,70.3833,L2,16.244817
4223,70.3833,L3,13.930856
4223,70.3833,L4,19.498003
4223,70.3833,L5,1.540456
4224,70.4000,L1,6.451852
4224,70.4000,L2,15.907782
4224,70.4000,L3,15.867787
4224,70.4000,L4,14.438148
4224,70.4000,L5,4.955068
4225,70.4167,L1,6.319228
4225,70.4167,L2,12.005646
4225,70.4167,L3,19.074734
4225,70.4167,L4,18.144435
4225,70.4167,L5,1.983759
4226,70.4333,L1,5.972099
4226,70.4333,L2,14.629663
4226,70.4333,L3,20.987526
4226,70.4333,L4,15.175832
4226,70.4333,L5,1.942206
4227,70.4500,L1,6.240001
4227,70.4500,L2,12.618713
4227,70.4500,L3,15.675652
4227,70.4500,L4,16.733855
4227,70.4500,L5,3.269098
4228,70.4667,L1,5.939747
4228,70.4667,L2,12.925390
4228,70.4667,L3,15.465443
4228,70.4667,L4,21.726781
4228,70.4667,L5,4.047995
4229,70.4833,L1,8.736134
4229,70.4833,L2,17.383758
4229,70.4833,L3,12.690092
4229,70.4833,L4,14.118549
4229,70.4833,L5,2.347153
4230,70.5000,L1,5.840537
4230,70.5000,L2,15.275687
4230,70.5000,L3,17.027763
4230,70.5000,L4,18.459047
4230,70.5000,L5,1.380502
4231,70.5167,L1,5.613453
4231,70.5167,L2,17.462343
4231,70.5167,L3,19.604561
4231,70.5167,L4,15.302395
4231,70.5167,L5,1.460730
4232,70.5333,L1,6.937686
4232,70.5333,L2,11.779285
4232,70.5333,L3,16.049802
4232,70.5333,L4,18.548338
4232,70.5333,L5,2.768386
4233,70.5500,L1,5.641567
4233,70.5500,L2,14.143055
4233,70.5500,L3,14.370720
4233,70.5500,L4,21.622563
4233,70.5500,L5,3.166929
4234,70.5667,L1,6.529298
4234,70.5667,L2,13.640033
4234,70.5667,L3,16.466180
4234,70.5667,L4,15.883782
4234,70.5667,L5,4.128465
4235,70.5833,L1,9.046391
4235,70.5833,L2,16.348552
4235,70.5833,L3,18.438511
4235,70.5833,L4,15.388979
4235,70.5833,L5,0.000000
4236,70.6000,L1,5.820279
4236,70.6000,L2,15.625843
4236,70.6000,L3,18.173887
4236,70.6000,L4,13.280359
4236,70.6000,L5,3.083751
4237,70.6167,L1,5.898655
4237,70.6167,L2,14.161315
4237,70.6167,L3,18.615122
4237,70.6167,L4,15.455965
4237,70.6167,L5,3.088282
4238,70.6333,L1,5.780858
4238,70.6333,L2,13.846713
4238,70.6333,L3,16.945700
4238,70.6333,L4,18.871125
4238,70.6333,L5,3.216594
4239,70.6500,L1,8.805487
4239,70.6500,L2,17.701477
4239,70.6500,L3,15.674230
4239,70.6500,L4,12.202101
4239,70.6500,L5,4.049198
4240,70.6667,L1,5.810952
4240,70.6667,L2,17.751256
4240,70.6667,L3,13.103944
4240,70.6667,L4,20.206692
4240,70.6667,L5,1.248302
4241,70.6833,L1,6.318652
4241,70.6833,L2,11.651695
4241,70.6833,L3,19.169650
4241,70.6833,L4,16.560846
4241,70.6833,L5,3.534481
4242,70.7000,L1,6.592954
4242,70.7000,L2,14.128899
4242,70.7000,L3,16.589513
4242,70.7000,L4,20.672406
4242,70.7000,L5,0.000000
4243,70.7167,L1,5.882248
4243,70.7167,L2,13.639413
4243,70.7167,L3,15.044720
4243,70.7167,L4,17.914794
4243,70.7167,L5,3.203410
4244,70.7333,L1,6.340444
4244,70.7333,L2,13.443101
4244,70.7333,L3,16.078465
4244,70.7333,L4,19.148230
4244,70.7333,L5,4.018051
4245,70.7500,L1,6.642045
4245,70.7500,L2,15.276881
4245,70.7500,L3,14.481984
4245,70.7500,L4,18.003806
4245,70.7500,L5,2.060385
4246,70.7667,L1,9.543679
4246,70.7667,L2,14.995609
4246,70.7667,L3,12.694091
4246,70.7667,L4,16.772427
4246,70.7667,L5,3.715886
4247,70.7833,L1,6.445531
4247,70.7833,L2,14.811177
4247,70.7833,L3,17.974719
4247,70.7833,L4,18.516445
4247,70.7833,L5,0.902689
4248,70.8000,L1,6.151108
4248,70.8000,L2,16.882084
4248,70.8000,L3,16.596239
4248,70.8000,L4,14.286762
4248,70.8000,L5,3.117634
4249,70.8167,L1,6.154899
4249,70.8167,L2,13.904360
4249,70.8167,L3,16.313561
4249,70.8167,L4,19.170820
4249,70.8167,L5,0.887661
4250,70.8333,L1,6.281925
4250,70.8333,L2,14.083397
4250,70.8333,L3,14.637145
4250,70.8333,L4,17.209058
4250,70.8333,L5,6.578380
4251,70.8500,L1,8.948076
4251,70.8500,L2,13.775586
4251,70.8500,L3,14.951140
4251,70.8500,L4,17.334565
4251,70.8500,L5,2.631745
4252,70.8667,L1,6.293454
4252,70.8667,L2,19.983589
4252,70.8667,L3,13.010386
4252,70.8667,L4,12.786315
4252,70.8667,L5,4.399156
4253,70.8833,L1,6.585085
4253,70.8833,L2,12.922725
4253,70.8833,L3,21.405130
4253,70.8833,L4,16.250962
4253,70.8833,L5,1.570667
4254,70.9000,L1,6.529985
4254,70.9000,L2,13.415641
4254,70.9000,L3,16.492573
4254,70.9000,L4,21.075304
4254,70.9000,L5,0.797644
4255,70.9167,L1,8.349354
4255,70.9167,L2,16.293143
4255,70.9167,L3,13.736611
4255,70.9167,L4,14.180627
4255,70.9167,L5,4.533563
4256,70.9333,L1,5.666493
4256,70.9333,L2,14.709919
4256,70.9333,L3,18.618421
4256,70.9333,L4,17.605565
4256,70.9333,L5,0.750898
4257,70.9500,L1,6.297261
4257,70.9500,L2,16.842919
4257,70.9500,L3,16.661414
4257,70.9500,L4,12.792559
4257,70.9500,L5,4.012568
4258,70.9667,L1,5.748599
4258,70.9667,L2,13.409373
4258,70.9667,L3,17.260871
4258,70.9667,L4,20.512956
4258,70.9667,L5,1.379338
4259,70.9833,L1,6.245879
4259,70.9833,L2,13.270708
4259,70.9833,L3,17.709779
4259,70.9833,L4,18.504018
4259,70.9833,L5,2.941907
4260,71.0000,L1,6.373039
4260,71.0000,L2,15.283609
4260,71.0000,L3,15.471497
4260,71.0000,L4,16.171402
4260,71.0000,L5,3.632061
4261,71.0167,L1,9.418690
4261,71.0167,L2,12.806859
4261,71.0167,L3,16.009162
4261,71.0167,L4,15.787775
4261,71.0167,L5,2.126612
4262,71.0333,L1,5.858914
4262,71.0333,L2,14.447695
4262,71.0333,L3,16.812469
4262,71.0333,L4,16.194598
4262,71.0333,L5,4.974869
4263,71.0500,L1,6.006409
4263,71.0500,L2,17.340075
4263,71.0500,L3,21.994270
4263,71.0500,L4,13.326830
4263,71.0500,L5,0.000000
4264,71.0667,L1,5.876003
4264,71.0667,L2,10.383343
4264,71.0667,L3,15.410137
4264,71.0667,L4,22.878589
4264,71.0667,L5,0.994620
4265,71.0833,L1,6.312206
4265,71.0833,L2,14.650231
4265,71.0833,L3,16.326784
4265,71.0833,L4,16.848628
4265,71.0833,L5,2.833690
4266,71.1000,L1,8.892096
4266,71.1000,L2,13.527247
4266,71.1000,L3,14.807420
4266,71.1000,L4,21.377733
4266,71.1000,L5,0.899284
4267,71.1167,L1,6.373777
4267,71.1167,L2,22.175833
4267,71.1167,L3,14.061104
4267,71.1167,L4,12.467580
4267,71.1167,L5,3.818258
4268,71.1333,L1,6.003621
4268,71.1333,L2,11.512798
4268,71.1333,L3,20.453518
4268,71.1333,L4,14.736689
4268,71.1333,L5,3.640282
4269,71.1500,L1,5.921589
4269,71.1500,L2,12.910506
4269,71.1500,L3,16.287039
4269,71.1500,L4,23.219324
4269,71.1500,L5,0.849214
4270,71.1667,L1,6.284473
4270,71.1667,L2,14.644127
4270,71.1667,L3,16.403414
4270,71.1667,L4,19.148744
4270,71.1667,L5,1.567512
4271,71.1833,L1,8.893829
4271,71.1833,L2,19.230917
4271,71.1833,L3,12.402017
4271,71.1833,L4,13.384664
4271,71.1833,L5,3.450655
4272,71.2000,L1,5.864014
4272,71.2000,L2,12.568312
4272,71.2000,L3,20.181671
4272,71.2000,L4,17.130031
4272,71.2000,L5,1.521435
4273,71.2167,L1,6.493892
4273,71.2167,L2,14.159759
4273,71.2167,L3,15.225544
4273,71.2167,L4,17.938123
4273,71.2167,L5,3.861787
4274,71.2333,L1,6.105205
4274,71.2333,L2,12.519026
4274,71.2333,L3,18.175646
4274,71.2333,L4,15.776662
4274,71.2333,L5,2.121358
4275,71.2500,L1,6.543226
4275,71.2500,L2,14.739685
4275,71.2500,L3,14.790528
4275,71.2500,L4,19.573193
4275,71.2500,L5,3.505696
4276,71.2667,L1,9.068894
4276,71.2667,L2,13.925808
4276,71.2667,L3,17.118628
4276,71.2667,L4,16.341301
4276,71.2667,L5,0.719202
4277,71.2833,L1,6.234601
4277,71.2833,L2,20.234579
4277,71.2833,L3,14.127658
4277,71.2833,L4,12.927493
4277,71.2833,L5,4.758195
4278,71.3000,L1,6.885607
4278,71.3000,L2,13.479171
4278,71.3000,L3,16.462342
4278,71.3000,L4,15.949402
4278,71.3000,L5,4.559142
4279,71.3167,L1,5.558246
4279,71.3167,L2,15.800651
4279,71.3167,L3,17.842573
4279,71.3167,L4,16.964909
4279,71.3167,L5,2.384407
4280,71.3333,L1,5.933241
4280,71.3333,L2,12.268052
4280,71.3333,L3,13.130859
4280,71.3333,L4,24.246642
4280,71.3333,L5,2.127428
4281,71.3500,L1,9.237166
4281,71.3500,L2,15.427894
4281,71.3500,L3,16.994622
4281,71.3500,L4,13.350317
4281,71.3500,L5,2.481264
4282,71.3667,L1,5.747785
4282,71.3667,L2,15.133946
4282,71.3667,L3,16.739518
4282,71.3667,L4,19.057208
4282,71.3667,L5,0.000000
4283,71.3833,L1,6.814789
4283,71.3833,L2,16.726116
4283,71.3833,L3,17.309698
4283,71.3833,L4,12.753934
4283,71.3833,L5,3.998627
4284,71.4000,L1,6.283769
4284,71.4000,L2,12.285007
4284,71.4000,L3,17.135373
4284,71.4000,L4,21.300481
4284,71.4000,L5,0.000000
4285,71.4167,L1,6.619159
4285,71.4167,L2,11.664655
4285,71.4167,L3,15.074911
4285,71.4167,L4,19.362783
4285,71.4167,L5,4.926079
4286,71.4333,L1,9.008560
4286,71.4333,L2,16.690075
4286,71.4333,L3,16.029561
4286,71.4333,L4,16.333420
4286,71.4333,L5,2.236811
4287,71.4500,L1,6.214179
4287,71.4500,L2,17.472894
4287,71.4500,L3,16.680390
4287,71.4500,L4,16.175830
4287,71.4500,L5,0.000000
4288,71.4667,L1,6.235792
4288,71.4667,L2,14.924025
4288,71.4667,L3,17.843576
4288,71.4667,L4,17.600595
4288,71.4667,L5,1.937818
4289,71.4833,L1,5.735797
4289,71.4833,L2,15.104416
4289,71.4833,L3,17.765726
4289,71.4833,L4,16.920958
4289,71.4833,L5,2.336531
4290,71.5000,L1,6.133362
4290,71.5000,L2,13.608608
4290,71.5000,L3,17.552579
4290,71.5000,L4,16.366166
4290,71.5000,L5,2.375103
4291,71.5167,L1,6.009462
4291,71.5167,L2,13.899823
4291,71.5167,L3,11.403755
4291,71.5167,L4,20.659280
4291,71.5167,L5,5.440010
4292,71.5333,L1,8.790662
4292,71.5333,L2,15.088961
4292,71.5333,L3,15.315190
4292,71.5333,L4,17.828234
4292,71.5333,L5,2.066482
4293,71.5500,L1,5.725798
4293,71.5500,L2,16.573126
4293,71.5500,L3,15.873879
4293,71.5500,L4,17.238284
4293,71.5500,L5,0.685381
4294,71.5667,L1,5.963140
4294,71.5667,L2,17.321430
4294,71.5667,L3,15.787562
4294,71.5667,L4,16.442649
4294,71.5667,L5,3.419844
4295,71.5833,L1,5.840665
4295,71.5833,L2,13.086022
4295,71.5833,L3,17.853820
4295,71.5833,L4,16.425226
4295,71.5833,L5,1.682316
4296,71.6000,L1,5.838462
4296,71.6000,L2,13.589451
4296,71.6000,L3,15.559199
4296,71.6000,L4,18.374780
4296,71.6000,L5,4.494646
4297,71.6167,L1,8.973866
4297,71.6167,L2,17.806132
4297,71.6167,L3,13.365932
4297,71.6167,L4,16.763333
4297,71.6167,L5,2.286822
4298,71.6333,L1,6.470322
4298,71.6333,L2,16.145070
4298,71.6333,L3,16.365326
4298,71.6333,L4,12.276930
4298,71.6333,L5,5.383865
4299,71.6500,L1,6.708206
4299,71.6500,L2,10.862514
4299,71.6500,L3,22.277988
4299,71.6500,L4,18.044618
4299,71.6500,L5,0.000000
4300,71.6667,L1,6.095562
4300,71.6667,L2,15.111829
4300,71.6667,L3,14.864892
4300,71.6667,L4,19.224396
4300,71.6667,L5,3.389313
4301,71.6833,L1,5.902411
4301,71.6833,L2,14.359346
4301,71.6833,L3,16.463119
4301,71.6833,L4,18.184138
4301,71.6833,L5,2.791263
4302,71.7000,L1,8.896389
4302,71.7000,L2,16.119839
4302,71.7000,L3,16.090649
4302,71.7000,L4,15.978273
4302,71.7000,L5,0.000000
4303,71.7167,L1,6.644898
4303,71.7167,L2,13.732674
4303,71.7167,L3,17.887240
4303,71.7167,L4,17.575490
4303,71.7167,L5,2.609812
4304,71.7333,L1,6.274699
4304,71.7333,L2,13.924222
4304,71.7333,L3,13.500214
4304,71.7333,L4,16.671080
4304,71.7333,L5,5.295214
4305,71.7500,L1,6.087385
4305,71.7500,L2,14.094650
4305,71.7500,L3,19.044427
4305,71.7500,L4,17.695188
4305,71.7500,L5,1.348000
4306,71.7667,L1,6.522755
4306,71.7667,L2,12.508189
4306,71.7667,L3,17.179764
4306,71.7667,L4,20.642596
4306,71.7667,L5,2.381337
4307,71.7833,L1,6.145101
4307,71.7833,L2,13.105114
4307,71.7833,L3,16.397104
4307,71.7833,L4,18.792148
4307,71.7833,L5,2.290867
4308,71.8000,L1,8.884276
4308,71.8000,L2,19.312558
4308,71.8000,L3,16.016954
4308,71.8000,L4,9.907712
4308,71.8000,L5,4.066753
4309,71.8167,L1,5.950349
4309,71.8167,L2,14.606328
4309,71.8167,L3,15.225080
4309,71.8167,L4,19.755779
4309,71.8167,L5,0.702999
4310,71.8333,L1,6.153227
4310,71.8333,L2,13.155103
4310,71.8333,L3,17.471066
4310,71.8333,L4,19.218344
4310,71.8333,L5,3.437979
4311,71.8500,L1,5.729751
4311,71.8500,L2,13.721087
4311,71.8500,L3,13.182494
4311,71.8500,L4,21.183943
4311,71.8500,L5,2.853080
4312,71.8667,L1,10.040779
4312,71.8667,L2,15.557054
4312,71.8667,L3,15.007505
4312,71.8667,L4,16.103363
4312,71.8667,L5,2.098493
4313,71.8833,L1,5.685149
4313,71.8833,L2,16.419985
4313,71.8833,L3,14.940078
4313,71.8833,L4,17.213018
4313,71.8833,L5,3.425026
4314,71.9000,L1,5.823240
4314,71.9000,L2,14.567085
4314,71.9000,L3,21.809918
4314,71.9000,L4,12.103453
4314,71.9000,L5,3.077871
4315,71.9167,L1,6.212924
4315,71.9167,L2,13.028734
4315,71.9167,L3,14.290221
4315,71.9167,L4,21.214015
4315,71.9167,L5,2.830397
4316,71.9333,L1,6.947243
4316,71.9333,L2,12.808857
4316,71.9333,L3,17.711663
4316,71.9333,L4,15.611449
4316,71.9333,L5,3.173591
4317,71.9500,L1,8.940996
4317,71.9500,L2,17.536409
4317,71.9500,L3,13.778176
4317,71.9500,L4,17.118688
4317,71.9500,L5,1.552631
4318,71.9667,L1,5.811146
4318,71.9667,L2,16.758864
4318,71.9667,L3,14.808630
4318,71.9667,L4,17.057862
4318,71.9667,L5,3.124799
4319,71.9833,L1,6.361706
4319,71.9833,L2,15.031455
4319,71.9833,L3,19.047135
4319,71.9833,L4,15.092504
4319,71.9833,L5,2.239618
4320,72.0000,L1,6.105265
4320,72.0000,L2,13.984937
4320,72.0000,L3,17.317897
4320,72.0000,L4,18.382233
4320,72.0000,L5,2.083649
4321,72.0167,L1,6.595926
4321,72.0167,L2,12.989381
4321,72.0167,L3,13.602161
4321,72.0167,L4,18.890772
4321,72.0167,L5,5.084078
4322,72.0333,L1,9.085891
4322,72.0333,L2,13.639816
4322,72.0333,L3,17.797333
4322,72.0333,L4,15.774536
4322,72.0333,L5,1.790613
4323,72.0500,L1,6.474727
4323,72.0500,L2,19.035547
4323,72.0500,L3,16.048277
4323,72.0500,L4,13.808983
4323,72.0500,L5,0.000000
4324,72.0667,L1,6.090795
4324,72.0667,L2,16.796999
4324,72.0667,L3,15.314247
4324,72.0667,L4,13.903788
4324,72.0667,L5,6.972631
4325,72.0833,L1,5.940233
4325,72.0833,L2,15.356155
4325,72.0833,L3,19.332830
4325,72.0833,L4,16.233578
4325,72.0833,L5,1.404726
4326,72.1000,L1,8.465229
4326,72.1000,L2,11.043047
4326,72.1000,L3,14.644254
4326,72.1000,L4,21.257082
4326,72.1000,L5,1.849657
4327,72.1167,L1,6.142238
4327,72.1167,L2,18.456129
4327,72.1167,L3,15.679318
4327,72.1167,L4,15.754022
4327,72.1167,L5,2.056087
4328,72.1333,L1,6.216395
4328,72.1333,L2,12.898748
4328,72.1333,L3,20.775953
4328,72.1333,L4,13.834011
4328,72.1333,L5,2.854913
4329,72.1500,L1,6.549286
4329,72.1500,L2,14.075688
4329,72.1500,L3,16.046441
4329,72.1500,L4,18.352385
4329,72.1500,L5,2.305661
4330,72.1667,L1,5.915462
4330,72.1667,L2,14.077989
4330,72.1667,L3,13.947574
4330,72.1667,L4,20.702586
4330,72.1667,L5,3.444050
4331,72.1833,L1,6.088043
4331,72.1833,L2,14.651480
4331,72.1833,L3,12.989468
4331,72.1833,L4,19.323538
4331,72.1833,L5,4.209907
4332,72.2000,L1,5.596555
4332,72.2000,L2,13.369535
4332,72.2000,L3,15.745068
4332,72.2000,L4,19.762032
4332,72.2000,L5,0.996471
4333,72.2167,L1,9.895242
4333,72.2167,L2,16.863095
4333,72.2167,L3,13.328476
4333,72.2167,L4,13.565067
4333,72.2167,L5,4.662074
4334,72.2333,L1,6.261514
4334,72.2333,L2,17.289088
4334,72.2333,L3,21.959134
4334,72.2333,L4,13.699099
4334,72.2333,L5,0.000000
4335,72.2500,L1,6.951840
4335,72.2500,L2,13.236817
4335,72.2500,L3,13.469541
4335,72.2500,L4,20.272640
4335,72.2500,L5,3.152468
4336,72.2667,L1,6.050976
4336,72.2667,L2,14.649768
4336,72.2667,L3,20.871763
4336,72.2667,L4,13.916370
4336,72.2667,L5,2.270473
4337,72.2833,L1,5.675224
4337,72.2833,L2,11.619330
4337,72.2833,L3,14.206599
4337,72.2833,L4,24.561308
4337,72.2833,L5,2.224649
4338,72.3000,L1,8.956844
4338,72.3000,L2,16.978923
4338,72.3000,L3,13.556560
4338,72.3000,L4,15.171648
4338,72.3000,L5,3.327882
4339,72.3167,L1,6.349545
4339,72.3167,L2,19.918451
4339,72.3167,L3,16.785908
4339,72.3167,L4,12.401491
4339,72.3167,L5,1.074911
4340,72.3333,L1,6.475844
4340,72.3333,L2,13.215758
4340,72.3333,L3,17.243433
4340,72.3333,L4,15.919350
4340,72.3333,L5,4.400402
4341,72.3500,L1,6.262743
4341,72.3500,L2,13.241470
4341,72.3500,L3,18.214263
4341,72.3500,L4,18.697837
4341,72.3500,L5,2.604684
4342,72.3667,L1,6.524965
4342,72.3667,L2,13.554088
4342,72.3667,L3,15.171597
4342,72.3667,L4,18.293670
4342,72.3667,L5,2.460139
4343,72.3833,L1,5.862736
4343,72.3833,L2,12.830215
4343,72.3833,L3,14.295599
4343,72.3833,L4,19.178475
4343,72.3833,L5,4.566706
4344,72.4000,L1,8.926168
4344,72.4000,L2,21.594653
4344,72.4000,L3,15.068057
4344,72.4000,L4,12.439858
4344,72.4000,L5,1.305510
4345,72.4167,L1,6.562208
4345,72.4167,L2,11.998053
4345,72.4167,L3,20.606834
4345,72.4167,L4,17.539163
4345,72.4167,L5,0.000000
4346,72.4333,L1,6.134068
4346,72.4333,L2,15.408878
4346,72.4333,L3,16.677974
4346,72.4333,L4,17.148461
4346,72.4333,L5,4.018640
4347,72.4500,L1,5.868755
4347,72.4500,L2,11.826677
4347,72.4500,L3,16.858556
4347,72.4500,L4,21.628491
4347,72.4500,L5,0.764720
4348,72.4667,L1,5.837771
4348,72.4667,L2,15.255836
4348,72.4667,L3,17.111936
4348,72.4667,L4,13.250931
4348,72.4667,L5,4.784700
4349,72.4833,L1,8.838052
4349,72.4833,L2,18.656355
4349,72.4833,L3,14.667194
4349,72.4833,L4,16.069191
4349,72.4833,L5,1.465062
4350,72.5000,L1,5.786762
4350,72.5000,L2,12.617532
4350,72.5000,L3,19.389637
4350,72.5000,L4,14.504688
4350,72.5000,L5,5.465916
4351,72.5167,L1,5.833746
4351,72.5167,L2,14.168558
4351,72.5167,L3,16.419565
4351,72.5167,L4,20.127025
4351,72.5167,L5,0.680829
4352,72.5333,L1,6.721576
4352,72.5333,L2,14.609484
4352,72.5333,L3,16.760724
4352,72.5333,L4,16.282368
4352,72.5333,L5,3.443896
4353,72.5500,L1,8.917395
4353,72.5500,L2,20.038985
4353,72.5500,L3,13.565227
4353,72.5500,L4,14.084373
4353,72.5500,L5,0.988666
4354,72.5667,L1,6.029716
4354,72.5667,L2,12.512133
4354,72.5667,L3,15.798016
4354,72.5667,L4,17.042066
4354,72.5667,L5,4.726998
4355,72.5833,L1,6.076356
4355,72.5833,L2,12.526139
4355,72.5833,L3,18.151999
4355,72.5833,L4,19.910268
4355,72.5833,L5,2.214151
4356,72.6000,L1,6.196808
4356,72.6000,L2,13.142433
4356,72.6000,L3,17.565097
4356,72.6000,L4,17.116076
4356,72.6000,L5,1.290811
4357,72.6167,L1,9.597257
4357,72.6167,L2,17.668983
4357,72.6167,L3,12.721885
4357,72.6167,L4,15.734325
4357,72.6167,L5,3.270130
4358,72.6333,L1,6.359580
4358,72.6333,L2,15.431672
4358,72.6333,L3,18.967323
4358,72.6333,L4,15.478432
4358,72.6333,L5,1.520379
4359,72.6500,L1,6.470090
4359,72.6500,L2,12.837208
4359,72.6500,L3,20.316741
4359,72.6500,L4,14.930235
4359,72.6500,L5,2.424572
4360,72.6667,L1,5.607915
4360,72.6667,L2,12.785162
4360,72.6667,L3,14.503881
4360,72.6667,L4,22.443641
4360,72.6667,L5,3.658586
4361,72.6833,L1,6.016633
4361,72.6833,L2,15.741789
4361,72.6833,L3,19.046039
4361,72.6833,L4,17.223581
4361,72.6833,L5,0.000000
4362,72.7000,L1,8.469417
4362,72.7000,L2,15.737796
4362,72.7000,L3,14.630131
4362,72.7000,L4,15.804907
4362,72.7000,L5,0.851982
4363,72.7167,L1,6.665107
4363,72.7167,L2,17.480890
4363,72.7167,L3,16.864172
4363,72.7167,L4,14.412912
4363,72.7167,L5,3.155459
4364,72.7333,L1,5.939777
4364,72.7333,L2,14.926899
4364,72.7333,L3,18.214358
4364,72.7333,L4,14.032680
4364,72.7333,L5,4.520029
4365,72.7500,L1,6.280828
4365,72.7500,L2,11.237385
4365,72.7500,L3,10.073795
4365,72.7500,L4,22.575814
4365,72.7500,L5,6.657072
4366,72.7667,L1,9.318572
4366,72.7667,L2,14.963989
4366,72.7667,L3,16.725695
4366,72.7667,L4,17.497495
4366,72.7667,L5,0.000000
4367,72.7833,L1,6.179203
4367,72.7833,L2,13.680230
4367,72.7833,L3,17.414763
4367,72.7833,L4,19.130084
4367,72.7833,L5,0.984255
4368,72.8000,L1,5.923671
4368,72.8000,L2,16.128006
4368,72.8000,L3,17.806162
4368,72.8000,L4,14.767001
4368,72.8000,L5,3.996741
4369,72.8167,L1,6.773834
4369,72.8167,L2,14.622577
4369,72.8167,L3,18.529788
4369,72.8167,L4,13.853223
4369,72.8167,L5,2.832083
4370,72.8333,L1,6.048986
4370,72.8333,L2,13.044776
4370,72.8333,L3,19.301686
4370,72.8333,L4,20.265340
4370,72.8333,L5,0.000000
4371,72.8500,L1,6.310003
4371,72.8500,L2,13.523800
4371,72.8500,L3,16.198602
4371,72.8500,L4,14.361446
4371,72.8500,L5,4.549192
4372,72.8667,L1,7.203823
4372,72.8667,L2,15.195431
4372,72.8667,L3,17.180959
4372,72.8667,L4,18.515753
4372,72.8667,L5,2.337825
4373,72.8833,L1,8.758231
4373,72.8833,L2,16.374594
4373,72.8833,L3,11.787498
4373,72.8833,L4,15.129897
4373,72.8833,L5,3.828033
4374,72.9000,L1,6.713867
4374,72.9000,L2,17.310602
4374,72.9000,L3,17.644674
4374,72.9000,L4,15.061102
4374,72.9000,L5,2.122742
4375,72.9167,L1,6.068274
4375,72.9167,L2,14.949838
4375,72.9167,L3,17.929025
4375,72.9167,L4,15.351316
4375,72.9167,L5,1.942913
4376,72.9333,L1,5.778849
4376,72.9333,L2,12.672648
4376,72.9333,L3,17.255652
4376,72.9333,L4,19.391396
4376,72.9333,L5,3.272574
4377,72.9500,L1,5.782535
4377,72.9500,L2,13.959141
4377,72.9500,L3,17.360569
4377,72.9500,L4,20.310547
4377,72.9500,L5,0.996558
4378,72.9667,L1,9.542458
4378,72.9667,L2,19.037411
4378,72.9667,L3,11.428157
4378,72.9667,L4,10.754978
4378,72.9667,L5,5.924287
4379,72.9833,L1,5.717436
4379,72.9833,L2,12.390545
4379,72.9833,L3,22.463835
4379,72.9833,L4,18.471739
4379,72.9833,L5,0.000000
4380,73.0000,L1,6.592024
4380,73.0000,L2,14.366098
4380,73.0000,L3,15.343958
4380,73.0000,L4,15.328220
4380,73.0000,L5,3.972400
4381,73.0167,L1,5.683015
4381,73.0167,L2,14.925007
4381,73.0167,L3,16.291701
4381,73.0167,L4,21.409568
4381,73.0167,L5,0.961150
4382,73.0333,L1,8.703144
4382,73.0333,L2,14.183744
4382,73.0333,L3,15.183196
4382,73.0333,L4,15.727340
4382,73.0333,L5,3.703531
4383,73.0500,L1,5.677323
4383,73.0500,L2,18.861107
4383,73.0500,L3,14.721131
4383,73.0500,L4,15.578332
4383,73.0500,L5,1.000254
4384,73.0667,L1,6.148597
4384,73.0667,L2,15.914696
4384,73.0667,L3,17.990397
4384,73.0667,L4,13.596835
4384,73.0667,L5,4.661422
4385,73.0833,L1,6.439642
4385,73.0833,L2,14.427141
4385,73.0833,L3,14.593829
4385,73.0833,L4,18.699379
4385,73.0833,L5,5.171200
4386,73.1000,L1,5.852479
4386,73.1000,L2,14.243349
4386,73.1000,L3,17.409005
4386,73.1000,L4,13.242878
4386,73.1000,L5,4.414482
4387,73.1167,L1,9.297857
4387,73.1167,L2,16.072197
4387,73.1167,L3,15.125681
4387,73.1167,L4,18.382697
4387,73.1167,L5,0.000000
4388,73.1333,L1,6.885761
4388,73.1333,L2,16.458116
4388,73.1333,L3,13.487689
4388,73.1333,L4,15.851098
4388,73.1333,L5,5.838428
4389,73.1500,L1,5.904423
4389,73.1500,L2,14.374308
4389,73.1500,L3,20.303478
4389,73.1500,L4,15.935997
4389,73.1500,L5,0.000000
4390,73.1667,L1,6.086229
4390,73.1667,L2,12.702840
4390,73.1667,L3,20.031817
4390,73.1667,L4,16.564721
4390,73.1667,L5,2.454835
4391,73.1833,L1,5.776718
4391,73.1833,L2,12.900539
4391,73.1833,L3,13.769510
4391,73.1833,L4,21.583325
4391,73.1833,L5,2.340505
4392,73.2000,L1,9.454038
4392,73.2000,L2,16.240480
4392,73.2000,L3,16.344286
4392,73.2000,L4,17.033810
4392,73.2000,L5,0.668110
4393,73.2167,L1,5.850181
4393,73.2167,L2,13.340259
4393,73.2167,L3,15.259001
4393,73.2167,L4,17.037042
4393,73.2167,L5,5.739290
4394,73.2333,L1,6.015841
4394,73.2333,L2,20.086813
4394,73.2333,L3,14.115528
4394,73.2333,L4,13.441769
4394,73.2333,L5,2.247161
4395,73.2500,L1,6.309738
4395,73.2500,L2,15.427406
4395,73.2500,L3,19.190443
4395,73.2500,L4,14.197089
4395,73.2500,L5,2.774411
4396,73.2667,L1,6.246041
4396,73.2667,L2,14.332117
4396,73.2667,L3,18.718560
4396,73.2667,L4,16.546914
4396,73.2667,L5,3.040812
4397,73.2833,L1,6.475902
4397,73.2833,L2,14.349427
4397,73.2833,L3,15.440101
4397,73.2833,L4,20.265724
4397,73.2833,L5,0.000000
4398,73.3000,L1,5.524401
4398,73.3000,L2,14.706374
4398,73.3000,L3,12.556912
4398,73.3000,L4,19.425223
4398,73.3000,L5,4.198540
4399,73.3167,L1,9.012086
4399,73.3167,L2,17.254799
4399,73.3167,L3,14.122134
4399,73.3167,L4,14.761374
4399,73.3167,L5,4.207461
4400,73.3333,L1,5.910424
4400,73.3333,L2,16.630612
4400,73.3333,L3,20.588086
4400,73.3333,L4,15.552759
4400,73.3333,L5,0.000000
4401,73.3500,L1,6.152046
4401,73.3500,L2,15.723056
4401,73.3500,L3,15.789901
4401,73.3500,L4,18.011276
4401,73.3500,L5,0.673813
4402,73.3667,L1,5.556688
4402,73.3667,L2,15.188400
4402,73.3667,L3,19.671115
4402,73.3667,L4,15.192569
4402,73.3667,L5,3.144013
4403,73.3833,L1,5.750110
4403,73.3833,L2,12.677198
4403,73.3833,L3,14.986656
4403,73.3833,L4,21.359202
4403,73.3833,L5,2.507113
4404,73.4000,L1,5.860061
4404,73.4000,L2,14.430314
4404,73.4000,L3,14.910224
4404,73.4000,L4,16.164497
4404,73.4000,L5,6.961899
4405,73.4167,L1,9.064718
4405,73.4167,L2,17.296531
4405,73.4167,L3,16.861284
4405,73.4167,L4,13.487813
4405,73.4167,L5,0.000000
4406,73.4333,L1,6.448431
4406,73.4333,L2,15.929887
4406,73.4333,L3,16.290699
4406,73.4333,L4,17.164163
4406,73.4333,L5,2.511820
4407,73.4500,L1,5.971376
4407,73.4500,L2,12.621674
4407,73.4500,L3,24.030783
4407,73.4500,L4,13.973953
4407,73.4500,L5,0.000000
4408,73.4667,L1,6.270205
4408,73.4667,L2,14.787692
4408,73.4667,L3,16.624954
4408,73.4667,L4,16.314143
4408,73.4667,L5,3.944197
4409,73.4833,L1,6.174987
4409,73.4833,L2,11.414955
4409,73.4833,L3,14.773341
4409,73.4833,L4,19.747134
4409,73.4833,L5,4.283962
4410,73.5000,L1,9.002935
4410,73.5000,L2,16.544250
4410,73.5000,L3,13.389206
4410,73.5000,L4,14.969894
4410,73.5000,L5,5.503849
4411,73.5167,L1,5.742941
4411,73.5167,L2,17.583757
4411,73.5167,L3,19.236553
4411,73.5167,L4,12.996919
4411,73.5167,L5,0.810209
4412,73.5333,L1,6.085690
4412,73.5333,L2,14.663982
4412,73.5333,L3,16.664298
4412,73.5333,L4,17.427798
4412,73.5333,L5,2.090232
4413,73.5500,L1,5.990161
4413,73.5500,L2,13.480223
4413,73.5500,L3,16.600238
4413,73.5500,L4,21.019693
4413,73.5500,L5,0.915842
4414,73.5667,L1,6.098968
4414,73.5667,L2,13.779551
4414,73.5667,L3,13.334183
4414,73.5667,L4,19.356721
4414,73.5667,L5,4.725256
4415,73.5833,L1,6.584503
4415,73.5833,L2,14.946781
4415,73.5833,L3,14.420276
4415,73.5833,L4,17.463643
4415,73.5833,L5,4.068281
4416,73.6000,L1,8.801745
4416,73.6000,L2,17.009063
4416,73.6000,L3,13.600093
4416,73.6000,L4,14.181973
4416,73.6000,L5,3.173046
4417,73.6167,L1,6.656243
4417,73.6167,L2,14.812306
4417,73.6167,L3,21.420775
4417,73.6167,L4,15.795342
4417,73.6167,L5,0.000000
4418,73.6333,L1,6.135459
4418,73.6333,L2,14.729711
4418,73.6333,L3,15.807412
4418,73.6333,L4,17.116625
4418,73.6333,L5,3.411587
4419,73.6500,L1,9.009033
4419,73.6500,L2,12.333006
4419,73.6500,L3,14.679741
4419,73.6500,L4,19.658452
4419,73.6500,L5,3.109524
4420,73.6667,L1,6.015557
4420,73.6667,L2,14.592925
4420,73.6667,L3,15.813441
4420,73.6667,L4,18.469309
4420,73.6667,L5,2.102729
4421,73.6833,L1,5.646173
4421,73.6833,L2,19.938724
4421,73.6833,L3,15.351616
4421,73.6833,L4,13.640308
4421,73.6833,L5,2.638458
4422,73.7000,L1,5.817155
4422,73.7000,L2,14.377085
4422,73.7000,L3,19.434612
4422,73.7000,L4,15.489600
4422,73.7000,L5,2.401724
4423,73.7167,L1,6.409916
4423,73.7167,L2,12.052120
4423,73.7167,L3,15.230644
4423,73.7167,L4,21.532017
4423,73.7167,L5,3.479604
4424,73.7333,L1,5.920930
4424,73.7333,L2,15.478034
4424,73.7333,L3,16.056843
4424,73.7333,L4,17.296154
4424,73.7333,L5,0.516026
4425,73.7500,L1,8.786934
4425,73.7500,L2,16.593554
4425,73.7500,L3,13.965451
4425,73.7500,L4,14.891747
4425,73.7500,L5,3.907755
4426,73.7667,L1,6.368068
4426,73.7667,L2,16.800401
4426,73.7667,L3,19.794435
4426,73.7667,L4,14.715274
4426,73.7667,L5,0.000000
4427,73.7833,L1,5.899482
4427,73.7833,L2,13.757449
4427,73.7833,L3,15.596183
4427,73.7833,L4,17.431475
4427,73.7833,L5,5.042823
4428,73.8000,L1,6.258061
4428,73.8000,L2,12.198398
4428,73.8000,L3,17.165175
4428,73.8000,L4,19.656640
4428,73.8000,L5,3.346558
4429,73.8167,L1,5.939374
4429,73.8167,L2,14.645448
4429,73.8167,L3,16.432235
4429,73.8167,L4,19.878882
4429,73.8167,L5,0.000000
4430,73.8333,L1,9.378223
4430,73.8333,L2,15.886721
4430,73.8333,L3,13.653176
4430,73.8333,L4,15.119057
4430,73.8333,L5,3.740720
4431,73.8500,L1,6.117703
4431,73.8500,L2,17.056339
4431,73.8500,L3,18.036089
4431,73.8500,L4,13.187106
4431,73.8500,L5,4.473137
4432,73.8667,L1,5.859770
4432,73.8667,L2,13.091366
4432,73.8667,L3,19.522673
4432,73.8667,L4,17.507647
4432,73.8667,L5,0.000000
4433,73.8833,L1,6.186027
4433,73.8833,L2,12.322310
4433,73.8833,L3,15.478672
4433,73.8833,L4,18.459062
4433,73.8833,L5,4.766898
4434,73.9000,L1,6.266962
4434,73.9000,L2,13.496348
4434,73.9000,L3,16.569607
4434,73.9000,L4,20.068277
4434,73.9000,L5,2.470930
4435,73.9167,L1,9.177227
4435,73.9167,L2,18.156769
4435,73.9167,L3,14.583098
4435,73.9167,L4,12.778685
4435,73.9167,L5,2.026066
4436,73.9333,L1,5.927364
4436,73.9333,L2,16.885318
4436,73.9333,L3,17.505094
4436,73.9333,L4,16.053895
4436,73.9333,L5,0.905418
4437,73.9500,L1,5.900784
4437,73.9500,L2,11.932108
4437,73.9500,L3,17.164223
4437,73.9500,L4,23.135621
4437,73.9500,L5,1.677075
4438,73.9667,L1,6.353343
4438,73.9667,L2,14.027942
4438,73.9667,L3,17.003716
4438,73.9667,L4,15.607196
4438,73.9667,L5,2.210174
4439,73.9833,L1,9.494879
4439,73.9833,L2,16.037955
4439,73.9833,L3,14.153424
4439,73.9833,L4,15.149820
4439,73.9833,L5,3.197843
4440,74.0000,L1,5.774388
4440,74.0000,L2,16.577096
4440,74.0000,L3,15.812300
4440,74.0000,L4,18.092897
4440,74.0000,L5,2.914868
4441,74.0167,L1,6.374955
4441,74.0167,L2,14.971788
4441,74.0167,L3,17.363326
4441,74.0167,L4,10.240990
4441,74.0167,L5,6.475390
4442,74.0333,L1,6.398296
4442,74.0333,L2,14.310194
4442,74.0333,L3,15.320154
4442,74.0333,L4,21.008889
4442,74.0333,L5,0.832592
4443,74.0500,L1,6.323661
4443,74.0500,L2,13.363705
4443,74.0500,L3,12.356908
4443,74.0500,L4,22.309085
4443,74.0500,L5,4.019440
4444,74.0667,L1,9.618141
4444,74.0667,L2,18.628061
4444,74.0667,L3,14.150190
4444,74.0667,L4,14.046774
4444,74.0667,L5,1.434003
4445,74.0833,L1,6.749783
4445,74.0833,L2,14.053994
4445,74.0833,L3,19.444306
4445,74.0833,L4,15.119250
4445,74.0833,L5,1.441626
4446,74.1000,L1,6.032887
4446,74.1000,L2,11.796147
4446,74.1000,L3,22.037262
4446,74.1000,L4,15.426725
4446,74.1000,L5,3.900470
4447,74.1167,L1,6.643743
4447,74.1167,L2,13.178472
4447,74.1167,L3,16.395334
4447,74.1167,L4,17.965061
4447,74.1167,L5,3.456769
4448,74.1333,L1,6.153800
4448,74.1333,L2,14.311768
4448,74.1333,L3,15.215398
4448,74.1333,L4,20.330359
4448,74.1333,L5,2.320744
4449,74.1500,L1,10.623326
4449,74.1500,L2,15.549813
4449,74.1500,L3,12.548069
4449,74.1500,L4,13.502910
4449,74.1500,L5,5.175030
4450,74.1667,L1,5.955258
4450,74.1667,L2,13.548366
4450,74.1667,L3,17.570285
4450,74.1667,L4,18.087281
4450,74.1667,L5,0.685468
4451,74.1833,L1,6.143567
4451,74.1833,L2,19.422988
4451,74.1833,L3,16.005921
4451,74.1833,L4,15.045196
4451,74.1833,L5,2.296489
4452,74.2000,L1,5.623642
4452,74.2000,L2,9.939491
4452,74.2000,L3,21.584837
4452,74.2000,L4,16.834711
4452,74.2000,L5,2.378277
4453,74.2167,L1,9.270175
4453,74.2167,L2,14.817794
4453,74.2167,L3,14.092830
4453,74.2167,L4,18.971558
4453,74.2167,L5,1.862029
4454,74.2333,L1,6.718808
4454,74.2333,L2,16.621140
4454,74.2333,L3,13.882098
4454,74.2333,L4,17.361841
4454,74.2333,L5,2.971304
4455,74.2500,L1,5.856712
4455,74.2500,L2,14.054220
4455,74.2500,L3,19.377097
4455,74.2500,L4,17.199498
4455,74.2500,L5,0.720941
4456,74.2667,L1,6.081973
4456,74.2667,L2,16.787123
4456,74.2667,L3,18.048687
4456,74.2667,L4,13.559294
4456,74.2667,L5,3.364408
4457,74.2833,L1,6.049842
4457,74.2833,L2,13.521493
4457,74.2833,L3,16.714461
4457,74.2833,L4,17.595328
4457,74.2833,L5,2.784295
4458,74.3000,L1,9.192141
4458,74.3000,L2,13.979139
4458,74.3000,L3,13.932166
4458,74.3000,L4,17.110427
4458,74.3000,L5,4.644521
4459,74.3167,L1,6.109253
4459,74.3167,L2,15.665300
4459,74.3167,L3,17.865392
4459,74.3167,L4,16.895821
4459,74.3167,L5,1.566238
4460,74.3333,L1,5.706920
4460,74.3333,L2,19.853422
4460,74.3333,L3,17.081660
4460,74.3333,L4,13.309867
4460,74.3333,L5,1.343088
4461,74.3500,L1,6.503954
4461,74.3500,L2,12.281425
4461,74.3500,L3,17.329840
4461,74.3500,L4,19.407795
4461,74.3500,L5,2.499911
4462,74.3667,L1,6.100850
4462,74.3667,L2,15.344380
4462,74.3667,L3,16.712121
4462,74.3667,L4,14.430548
4462,74.3667,L5,4.915204
4463,74.3833,L1,9.002643
4463,74.3833,L2,12.674873
4463,74.3833,L3,12.094721
4463,74.3833,L4,20.252871
4463,74.3833,L5,1.711568
4464,74.4000,L1,6.389087
4464,74.4000,L2,18.278007
4464,74.4000,L3,13.701107
4464,74.4000,L4,15.129606
4464,74.4000,L5,4.751350
4465,74.4167,L1,6.754958
4465,74.4167,L2,12.615332
4465,74.4167,L3,18.195599
4465,74.4167,L4,16.945917
4465,74.4167,L5,1.892487
4466,74.4333,L1,6.118185
4466,74.4333,L2,19.557101
4466,74.4333,L3,14.896180
4466,74.4333,L4,14.984820
4466,74.4333,L5,2.267581
4467,74.4500,L1,5.907022
4467,74.4500,L2,12.528063
4467,74.4500,L3,18.192269
4467,74.4500,L4,16.531644
4467,74.4500,L5,4.090740
4468,74.4667,L1,6.824968
4468,74.4667,L2,12.553686
4468,74.4667,L3,16.338618
4468,74.4667,L4,20.922276
4468,74.4667,L5,2.595627
4469,74.4833,L1,10.220652
4469,74.4833,L2,19.397713
4469,74.4833,L3,15.651385
4469,74.4833,L4,12.599378
4469,74.4833,L5,0.463247
4470,74.5000,L1,7.195060
4470,74.5000,L2,14.514481
4470,74.5000,L3,14.566624
4470,74.5000,L4,17.169882
4470,74.5000,L5,4.020099
4471,74.5167,L1,5.999830
4471,74.5167,L2,13.585647
4471,74.5167,L3,20.578466
4471,74.5167,L4,13.761238
4471,74.5167,L5,2.575471
4472,74.5333,L1,6.967207
4472,74.5333,L2,13.212389
4472,74.5333,L3,16.026096
4472,74.5333,L4,19.724515
4472,74.5333,L5,2.503596
4473,74.5500,L1,8.942731
4473,74.5500,L2,11.958351
4473,74.5500,L3,16.923490
4473,74.5500,L4,17.220374
4473,74.5500,L5,2.005240
4474,74.5667,L1,2.997378
4474,74.5667,L2,15.586115
4474,74.5667,L3,16.738363
4474,74.5667,L4,20.236386
4474,74.5667,L5,1.183000
4475,74.5833,L1,8.947782
4475,74.5833,L2,19.899012
4475,74.5833,L3,15.658722
4475,74.5833,L4,8.751040
4475,74.5833,L5,4.974194
4476,74.6000,L1,5.879735
4476,74.6000,L2,16.104272
4476,74.6000,L3,17.313003
4476,74.6000,L4,19.212669
4476,74.6000,L5,0.000000
4477,74.6167,L1,5.840387
4477,74.6167,L2,11.916562
4477,74.6167,L3,19.129346
4477,74.6167,L4,20.405496
4477,74.6167,L5,0.000000
4478,74.6333,L1,6.002150
4478,74.6333,L2,11.881958
4478,74.6333,L3,14.920613
4478,74.6333,L4,16.986724
4478,74.6333,L5,5.469117
4479,74.6500,L1,9.414028
4479,74.6500,L2,13.168244
4479,74.6500,L3,14.695483
4479,74.6500,L4,16.513250
4479,74.6500,L5,5.460440
4480,74.6667,L1,6.261651
4480,74.6667,L2,18.121302
4480,74.6667,L3,20.373831
4480,74.6667,L4,12.852476
4480,74.6667,L5,0.000000
4481,74.6833,L1,6.476612
4481,74.6833,L2,11.689505
4481,74.6833,L3,19.047831
4481,74.6833,L4,18.431246
4481,74.6833,L5,2.220095
4482,74.7000,L1,6.241035
4482,74.7000,L2,14.530555
4482,74.7000,L3,15.885717
4482,74.7000,L4,19.619474
4482,74.7000,L5,1.092100
4483,74.7167,L1,6.442426
4483,74.7167,L2,14.232932
4483,74.7167,L3,13.547569
4483,74.7167,L4,16.773272
4483,74.7167,L5,4.041477
4484,74.7333,L1,5.993198
4484,74.7333,L2,13.611961
4484,74.7333,L3,17.667330
4484,74.7333,L4,20.147025
4484,74.7333,L5,1.347461
4485,74.7500,L1,9.508553
4485,74.7500,L2,16.344688
4485,74.7500,L3,13.436124
4485,74.7500,L4,13.778265
4485,74.7500,L5,5.470530
4486,74.7667,L1,5.813365
4486,74.7667,L2,16.542687
4486,74.7667,L3,16.263061
4486,74.7667,L4,16.918764
4486,74.7667,L5,2.118662
4487,74.7833,L1,6.224408
4487,74.7833,L2,13.051766
4487,74.7833,L3,22.526333
4487,74.7833,L4,16.342789
4487,74.7833,L5,0.000000
4488,74.8000,L1,6.023451
4488,74.8000,L2,12.366766
4488,74.8000,L3,14.220530
4488,74.8000,L4,20.381907
4488,74.8000,L5,5.316824
4489,74.8167,L1,6.088049
4489,74.8167,L2,15.669580
4489,74.8167,L3,18.063628
4489,74.8167,L4,15.639480
4489,74.8167,L5,0.000000
4490,74.8333,L1,9.037143
4490,74.8333,L2,14.490177
4490,74.8333,L3,14.056745
4490,74.8333,L4,15.969014
4490,74.8333,L5,5.399454
4491,74.8500,L1,5.889687
4491,74.8500,L2,17.290328
4491,74.8500,L3,16.214037
4491,74.8500,L4,15.702335
4491,74.8500,L5,3.127248
4492,74.8667,L1,5.962523
4492,74.8667,L2,15.166707
4492,74.8667,L3,17.443742
4492,74.8667,L4,17.632979
4492,74.8667,L5,0.804995
4493,74.8833,L1,6.963474
4493,74.8833,L2,13.277987
4493,74.8833,L3,18.719268
4493,74.8833,L4,16.981470
4493,74.8833,L5,0.000000
4494,74.9000,L1,6.117241
4494,74.9000,L2,11.993277
4494,74.9000,L3,15.301918
4494,74.9000,L4,20.835676
4494,74.9000,L5,5.767415
4495,74.9167,L1,6.585120
4495,74.9167,L2,13.350394
4495,74.9167,L3,17.292468
4495,74.9167,L4,14.603030
4495,74.9167,L5,3.506690
4496,74.9333,L1,9.593895
4496,74.9333,L2,19.438025
4496,74.9333,L3,12.342433
4496,74.9333,L4,15.639638
4496,74.9333,L5,1.579961
4497,74.9500,L1,6.252155
4497,74.9500,L2,16.044591
4497,74.9500,L3,19.256336
4497,74.9500,L4,16.669871
4497,74.9500,L5,0.000000
4498,74.9667,L1,6.697633
4498,74.9667,L2,11.290254
4498,74.9667,L3,20.375879
4498,74.9667,L4,15.693424
4498,74.9667,L5,2.735528
4499,74.9833,L1,6.478769
4499,74.9833,L2,15.128329
4499,74.9833,L3,15.611238
4499,74.9833,L4,21.698951
4499,74.9833,L5,0.000000
4500,75.0000,L1,6.002102
4500,75.0000,L2,13.911997
4500,75.0000,L3,13.198528
4500,75.0000,L4,17.400687
4500,75.0000,L5,5.236403
4501,75.0167,L1,9.161437
4501,75.0167,L2,18.273429
4501,75.0167,L3,11.367609
4501,75.0167,L4,16.817430
4501,75.0167,L5,3.445134
4502,75.0333,L1,5.880737
4502,75.0333,L2,15.718345
4502,75.0333,L3,16.906260
4502,75.0333,L4,15.814605
4502,75.0333,L5,3.380757
4503,75.0500,L1,6.250451
4503,75.0500,L2,14.786738
4503,75.0500,L3,22.085617
4503,75.0500,L4,13.015933
4503,75.0500,L5,0.000000
4504,75.0667,L1,6.093146
4504,75.0667,L2,14.219307
4504,75.0667,L3,12.427664
4504,75.0667,L4,21.354291
4504,75.0667,L5,4.135570
4505,75.0833,L1,6.082983
4505,75.0833,L2,11.989281
4505,75.0833,L3,21.526599
4505,75.0833,L4,18.293320
4505,75.0833,L5,0.784100
4506,75.1000,L1,6.212206
4506,75.1000,L2,14.096229
4506,75.1000,L3,16.425384
4506,75.1000,L4,16.678462
4506,75.1000,L5,2.585271
4507,75.1167,L1,6.737305
4507,75.1167,L2,14.577353
4507,75.1167,L3,15.639395
4507,75.1167,L4,17.124332
4507,75.1167,L5,3.137789
4508,75.1333,L1,9.131501
4508,75.1333,L2,17.405928
4508,75.1333,L3,15.589138
4508,75.1333,L4,14.784761
4508,75.1333,L5,2.291115
4509,75.1500,L1,5.947390
4509,75.1500,L2,14.953276
4509,75.1500,L3,16.526202
4509,75.1500,L4,17.788628
4509,75.1500,L5,2.202411
4510,75.1667,L1,6.062660
4510,75.1667,L2,17.691260
4510,75.1667,L3,13.736503
4510,75.1667,L4,15.498016
4510,75.1667,L5,3.545550
4511,75.1833,L1,5.923042
4511,75.1833,L2,12.460708
4511,75.1833,L3,23.315236
4511,75.1833,L4,12.994348
4511,75.1833,L5,2.384194
4512,75.2000,L1,5.743790
4512,75.2000,L2,14.116679
4512,75.2000,L3,12.678780
4512,75.2000,L4,22.330492
4512,75.2000,L5,4.798424
4513,75.2167,L1,9.452138
4513,75.2167,L2,13.278530
4513,75.2167,L3,14.043167
4513,75.2167,L4,16.018963
4513,75.2167,L5,3.278432
4514,75.2333,L1,5.971988
4514,75.2333,L2,19.623515
4514,75.2333,L3,14.915329
4514,75.2333,L4,16.716632
4514,75.2333,L5,0.842449
4515,75.2500,L1,6.712256
4515,75.2500,L2,12.806093
4515,75.2500,L3,19.511666
4515,75.2500,L4,16.082007
4515,75.2500,L5,1.465744
4516,75.2667,L1,7.025755
4516,75.2667,L2,13.835807
4516,75.2667,L3,20.383360
4516,75.2667,L4,16.926189
4516,75.2667,L5,1.070151
4517,75.2833,L1,6.272856
4517,75.2833,L2,14.360535
4517,75.2833,L3,14.858442
4517,75.2833,L4,17.455396
4517,75.2833,L5,3.130949
4518,75.3000,L1,6.302131
4518,75.3000,L2,11.227459
4518,75.3000,L3,14.353972
4518,75.3000,L4,21.539196
4518,75.3000,L5,4.111448
4519,75.3167,L1,9.904742
4519,75.3167,L2,14.365681
4519,75.3167,L3,18.478540
4519,75.3167,L4,14.273637
4519,75.3167,L5,2.357130
4520,75.3333,L1,6.649293
4520,75.3333,L2,18.737803
4520,75.3333,L3,13.647566
4520,75.3333,L4,11.961540
4520,75.3333,L5,4.029832
4521,75.3500,L1,6.432909
4521,75.3500,L2,14.027321
4521,75.3500,L3,19.207136
4521,75.3500,L4,18.442103
4521,75.3500,L5,1.263469
4522,75.3667,L1,5.975204
4522,75.3667,L2,12.245492
4522,75.3667,L3,15.303809
4522,75.3667,L4,21.131911
4522,75.3667,L5,1.457755
4523,75.3833,L1,6.363613
4523,75.3833,L2,14.439896
4523,75.3833,L3,19.279894
4523,75.3833,L4,16.054057
4523,75.3833,L5,2.294224
4524,75.4000,L1,9.024154
4524,75.4000,L2,12.531438
4524,75.4000,L3,14.984691
4524,75.4000,L4,17.913886
4524,75.4000,L5,2.957451
4525,75.4167,L1,6.319977
4525,75.4167,L2,19.655003
4525,75.4167,L3,16.066462
4525,75.4167,L4,13.873888
4525,75.4167,L5,2.014398
4526,75.4333,L1,6.136175
4526,75.4333,L2,13.671268
4526,75.4333,L3,20.153259
4526,75.4333,L4,15.827190
4526,75.4333,L5,2.227587
4527,75.4500,L1,6.151285
4527,75.4500,L2,15.941117
4527,75.4500,L3,17.130678
4527,75.4500,L4,16.843442
4527,75.4500,L5,0.000000
4528,75.4667,L1,5.945656
4528,75.4667,L2,13.058097
4528,75.4667,L3,13.708598
4528,75.4667,L4,18.431225
4528,75.4667,L5,7.274359
4529,75.4833,L1,5.756670
4529,75.4833,L2,13.564565
4529,75.4833,L3,13.268194
4529,75.4833,L4,19.599602
4529,75.4833,L5,4.238341
4530,75.5000,L1,9.299086
4530,75.5000,L2,16.461429
4530,75.5000,L3,16.835387
4530,75.5000,L4,15.817016
4530,75.5000,L5,0.000000
4531,75.5167,L1,6.512774
4531,75.5167,L2,15.920713
4531,75.5167,L3,16.027014
4531,75.5167,L4,14.241607
4531,75.5167,L5,3.567335
4532,75.5333,L1,6.429369
4532,75.5333,L2,15.847086
4532,75.5333,L3,18.510021
4532,75.5333,L4,15.428437
4532,75.5333,L5,4.200892
4533,75.5500,L1,5.971856
4533,75.5500,L2,13.015558
4533,75.5500,L3,16.517217
4533,75.5500,L4,20.989279
4533,75.5500,L5,0.000000
4534,75.5667,L1,6.796733
4534,75.5667,L2,12.168264
4534,75.5667,L3,13.818169
4534,75.5667,L4,19.634993
4534,75.5667,L5,4.441659
4535,75.5833,L1,10.046969
4535,75.5833,L2,13.281463
4535,75.5833,L3,17.191293
4535,75.5833,L4,16.976915
4535,75.5833,L5,0.584468
4536,75.6000,L1,5.950851
4536,75.6000,L2,17.664790
4536,75.6000,L3,16.199308
4536,75.6000,L4,15.464127
4536,75.6000,L5,1.684085
4537,75.6167,L1,6.284661
4537,75.6167,L2,17.963061
4537,75.6167,L3,14.837357
4537,75.6167,L4,15.507760
4537,75.6167,L5,4.726289
4538,75.6333,L1,5.909640
4538,75.6333,L2,13.773120
4538,75.6333,L3,15.533754
4538,75.6333,L4,17.122060
4538,75.6333,L5,3.318086
4539,75.6500,L1,6.377879
4539,75.6500,L2,13.304567
4539,75.6500,L3,19.227038
4539,75.6500,L4,16.546831
4539,75.6500,L5,1.111270
4540,75.6667,L1,6.296695
4540,75.6667,L2,14.051716
4540,75.6667,L3,16.252906
4540,75.6667,L4,22.021620
4540,75.6667,L5,1.540989
4541,75.6833,L1,5.903654
4541,75.6833,L2,13.215145
4541,75.6833,L3,16.932888
4541,75.6833,L4,16.856344
4541,75.6833,L5,3.959594
4542,75.7000,L1,8.823483
4542,75.7000,L2,16.202161
4542,75.7000,L3,15.468874
4542,75.7000,L4,12.666970
4542,75.7000,L5,4.690841
4543,75.7167,L1,6.011036
4543,75.7167,L2,17.660602
4543,75.7167,L3,15.768168
4543,75.7167,L4,13.995170
4543,75.7167,L5,2.628156
4544,75.7333,L1,6.214240
4544,75.7333,L2,13.667434
4544,75.7333,L3,17.983291
4544,75.7333,L4,18.772211
4544,75.7333,L5,3.090914
4545,75.7500,L1,6.461310
4545,75.7500,L2,13.572805
4545,75.7500,L3,16.392460
4545,75.7500,L4,20.251961
4545,75.7500,L5,0.000000
4546,75.7667,L1,9.853658
4546,75.7667,L2,13.958469
4546,75.7667,L3,15.003805
4546,75.7667,L4,15.719510
4546,75.7667,L5,3.916443
4547,75.7833,L1,6.168016
4547,75.7833,L2,18.919333
4547,75.7833,L3,13.077283
4547,75.7833,L4,13.124306
4547,75.7833,L5,4.747906
4548,75.8000,L1,5.968126
4548,75.8000,L2,12.444001
4548,75.8000,L3,21.963906
4548,75.8000,L4,16.865959
4548,75.8000,L5,1.173638
4549,75.8167,L1,6.125129
4549,75.8167,L2,13.942400
4549,75.8167,L3,17.429210
4549,75.8167,L4,16.301023
4549,75.8167,L5,2.353469
4550,75.8333,L1,7.028121
4550,75.8333,L2,12.507724
4550,75.8333,L3,16.879736
4550,75.8333,L4,18.181327
4550,75.8333,L5,2.433882
4551,75.8500,L1,9.529933
4551,75.8500,L2,12.049093
4551,75.8500,L3,12.937307
4551,75.8500,L4,17.692845
4551,75.8500,L5,7.902151
4552,75.8667,L1,5.992068
4552,75.8667,L2,19.214656
4552,75.8667,L3,17.323599
4552,75.8667,L4,13.234272
4552,75.8667,L5,0.000000
4553,75.8833,L1,6.288305
4553,75.8833,L2,15.327291
4553,75.8833,L3,18.750977
4553,75.8833,L4,18.257681
4553,75.8833,L5,0.000000
4554,75.9000,L1,6.930276
4554,75.9000,L2,15.154831
4554,75.9000,L3,16.978849
4554,75.9000,L4,16.348380
4554,75.9000,L5,0.916061
4555,75.9167,L1,5.860085
4555,75.9167,L2,12.163278
4555,75.9167,L3,14.834343
4555,75.9167,L4,22.648776
4555,75.9167,L5,3.777540
4556,75.9333,L1,6.733335
4556,75.9333,L2,12.873674
4556,75.9333,L3,16.306100
4556,75.9333,L4,17.162874
4556,75.9333,L5,2.504191
4557,75.9500,L1,9.647561
4557,75.9500,L2,18.174119
4557,75.9500,L3,15.809617
4557,75.9500,L4,14.902582
4557,75.9500,L5,0.761639
4558,75.9667,L1,5.911731
4558,75.9667,L2,14.987874
4558,75.9667,L3,14.536303
4558,75.9667,L4,16.398262
4558,75.9667,L5,5.620652
4559,75.9833,L1,5.996194
4559,75.9833,L2,16.411361
4559,75.9833,L3,19.681980
4559,75.9833,L4,15.962880
4559,75.9833,L5,0.000000
4560,76.0000,L1,5.913160
4560,76.0000,L2,11.084664
4560,76.0000,L3,19.451641
4560,76.0000,L4,19.932458
4560,76.0000,L5,1.588644
4561,76.0167,L1,6.386170
4561,76.0167,L2,12.662673
4561,76.0167,L3,13.155474
4561,76.0167,L4,19.064955
4561,76.0167,L5,5.521579
4562,76.0333,L1,10.327389
4562,76.0333,L2,14.095033
4562,76.0333,L3,13.644378
4562,76.0333,L4,15.829885
4562,76.0333,L5,2.425326
4563,76.0500,L1,3.217960
4563,76.0500,L2,16.112201
4563,76.0500,L3,17.843623
4563,76.0500,L4,18.709877
4563,76.0500,L5,2.552124
4564,76.0667,L1,9.025352
4564,76.0667,L2,19.738974
4564,76.0667,L3,15.807353
4564,76.0667,L4,12.495063
4564,76.0667,L5,1.172987
4565,76.0833,L1,5.989553
4565,76.0833,L2,13.360184
4565,76.0833,L3,18.665776
4565,76.0833,L4,19.393769
4565,76.0833,L5,0.000000
4566,76.1000,L1,5.788291
4566,76.1000,L2,12.523458
4566,76.1000,L3,18.304783
4566,76.1000,L4,15.974805
4566,76.1000,L5,4.590904
4567,76.1167,L1,6.279693
4567,76.1167,L2,15.970657
4567,76.1167,L3,17.024813
4567,76.1167,L4,16.274060
4567,76.1167,L5,2.161653
4568,76.1333,L1,9.030538
4568,76.1333,L2,15.627509
4568,76.1333,L3,12.104034
4568,76.1333,L4,16.950410
4568,76.1333,L5,2.869298
4569,76.1500,L1,6.457852
4569,76.1500,L2,16.518988
4569,76.1500,L3,19.475564
4569,76.1500,L4,13.588802
4569,76.1500,L5,0.927564
4570,76.1667,L1,5.988311
4570,76.1667,L2,12.214372
4570,76.1667,L3,18.551278
4570,76.1667,L4,15.921232
4570,76.1667,L5,5.759017
4571,76.1833,L1,5.983185
4571,76.1833,L2,13.396683
4571,76.1833,L3,13.917785
4571,76.1833,L4,21.178503
4571,76.1833,L5,1.926745
4572,76.2000,L1,9.220213
4572,76.2000,L2,19.317428
4572,76.2000,L3,14.372405
4572,76.2000,L4,15.195919
4572,76.2000,L5,1.085715
4573,76.2167,L1,6.645076
4573,76.2167,L2,13.238762
4573,76.2167,L3,15.671286
4573,76.2167,L4,16.020112
4573,76.2167,L5,4.337512
4574,76.2333,L1,6.043814
4574,76.2333,L2,13.422754
4574,76.2333,L3,18.958984
4574,76.2333,L4,20.616020
4574,76.2333,L5,0.708195
4575,76.2500,L1,6.461284
4575,76.2500,L2,13.155881
4575,76.2500,L3,15.768583
4575,76.2500,L4,17.251487
4575,76.2500,L5,4.688478
4576,76.2667,L1,9.754474
4576,76.2667,L2,14.835212
4576,76.2667,L3,15.389765
4576,76.2667,L4,18.283305
4576,76.2667,L5,0.000000
4577,76.2833,L1,6.199084
4577,76.2833,L2,16.061993
4577,76.2833,L3,15.856607
4577,76.2833,L4,11.998069
4577,76.2833,L5,6.246633
4578,76.3000,L1,6.540145
4578,76.3000,L2,16.363837
4578,76.3000,L3,15.320324
4578,76.3000,L4,16.099132
4578,76.3000,L5,2.212289
4579,76.3167,L1,6.374772
4579,76.3167,L2,14.576917
4579,76.3167,L3,21.046092
4579,76.3167,L4,17.660222
4579,76.3167,L5,0.000000
4580,76.3333,L1,6.122759
4580,76.3333,L2,13.925528
4580,76.3333,L3,16.446117
4580,76.3333,L4,13.490143
4580,76.3333,L5,5.110100
4581,76.3500,L1,6.240593
4581,76.3500,L2,12.347878
4581,76.3500,L3,18.857634
4581,76.3500,L4,20.302909
4581,76.3500,L5,2.112851
4582,76.3667,L1,6.372207
4582,76.3667,L2,13.077217
4582,76.3667,L3,16.499326
4582,76.3667,L4,20.766200
4582,76.3667,L5,1.116455
4583,76.3833,L1,8.966223
4583,76.3833,L2,16.197709
4583,76.3833,L3,14.700352
4583,76.3833,L4,13.964794
4583,76.3833,L5,2.864771
4584,76.4000,L1,5.895613
4584,76.4000,L2,15.266943
4584,76.4000,L3,17.291330
4584,76.4000,L4,16.063049
4584,76.4000,L5,3.797101
4585,76.4167,L1,6.558001
4585,76.4167,L2,14.528464
4585,76.4167,L3,20.720825
4585,76.4167,L4,13.205602
4585,76.4167,L5,2.292291
4586,76.4333,L1,6.167116
4586,76.4333,L2,13.046661
4586,76.4333,L3,14.275872
4586,76.4333,L4,17.836855
4586,76.4333,L5,3.694408
4587,76.4500,L1,9.196097
4587,76.4500,L2,13.855444
4587,76.4500,L3,13.920006
4587,76.4500,L4,23.625955
4587,76.4500,L5,0.000000
4588,76.4667,L1,6.202880
4588,76.4667,L2,16.146370
4588,76.4667,L3,15.714663
4588,76.4667,L4,15.937641
4588,76.4667,L5,2.158841
4589,76.4833,L1,6.757630
4589,76.4833,L2,17.370213
4589,76.4833,L3,13.657899
4589,76.4833,L4,20.004749
4589,76.4833,L5,0.000000
4590,76.5000,L1,6.251443
4590,76.5000,L2,14.401650
4590,76.5000,L3,19.746344
4590,76.5000,L4,13.960953
4590,76.5000,L5,4.394692
4591,76.5167,L1,6.149962
4591,76.5167,L2,13.836430
4591,76.5167,L3,14.881542
4591,76.5167,L4,17.600796
4591,76.5167,L5,2.993790
4592,76.5333,L1,9.297981
4592,76.5333,L2,14.404438
4592,76.5333,L3,15.196915
4592,76.5333,L4,19.048733
4592,76.5333,L5,1.881973
4593,76.5500,L1,6.071066
4593,76.5500,L2,14.837661
4593,76.5500,L3,16.339090
4593,76.5500,L4,14.552979
4593,76.5500,L5,4.696654
4594,76.5667,L1,5.808522
4594,76.5667,L2,17.926788
4594,76.5667,L3,17.440145
4594,76.5667,L4,17.525608
4594,76.5667,L5,0.000000
4595,76.5833,L1,6.463992
4595,76.5833,L2,13.946774
4595,76.5833,L3,17.959649
4595,76.5833,L4,14.093577
4595,76.5833,L5,4.171380
4596,76.6000,L1,6.584608
4596,76.6000,L2,13.858779
4596,76.6000,L3,17.167292
4596,76.6000,L4,16.490763
4596,76.6000,L5,2.885767
4597,76.6167,L1,6.675555
4597,76.6167,L2,14.080987
4597,76.6167,L3,15.533347
4597,76.6167,L4,18.424628
4597,76.6167,L5,1.949392
4598,76.6333,L1,6.427789
4598,76.6333,L2,12.854435
4598,76.6333,L3,14.682169
4598,76.6333,L4,19.432873
4598,76.6333,L5,4.759441
4599,76.6500,L1,9.303185
4599,76.6500,L2,18.185589
4599,76.6500,L3,14.786768
4599,76.6500,L4,17.200914
4599,76.6500,L5,0.000000
4600,76.6667,L1,6.183403
4600,76.6667,L2,15.129069
4600,76.6667,L3,15.609629
4600,76.6667,L4,17.230020
4600,76.6667,L5,2.532316
4601,76.6833,L1,6.345001
4601,76.6833,L2,16.107722
4601,76.6833,L3,17.796791
4601,76.6833,L4,13.625391
4601,76.6833,L5,2.816115
4602,76.7000,L1,6.176595
4602,76.7000,L2,13.497516
4602,76.7000,L3,18.496824
4602,76.7000,L4,16.695554
4602,76.7000,L5,4.268416
4603,76.7167,L1,6.025860
4603,76.7167,L2,12.441059
4603,76.7167,L3,15.219432
4603,76.7167,L4,19.384991
4603,76.7167,L5,4.466815
4604,76.7333,L1,6.096558
4604,76.7333,L2,16.398490
4604,76.7333,L3,16.734628
4604,76.7333,L4,16.273228
4604,76.7333,L5,0.000000
4605,76.7500,L1,9.606239
4605,76.7500,L2,14.744610
4605,76.7500,L3,16.139683
4605,76.7500,L4,16.143174
4605,76.7500,L5,1.348602
4606,76.7667,L1,6.562435
4606,76.7667,L2,18.839966
4606,76.7667,L3,14.858092
4606,76.7667,L4,13.891961
4606,76.7667,L5,4.825972
4607,76.7833,L1,5.959728
4607,76.7833,L2,12.555045
4607,76.7833,L3,17.461768
4607,76.7833,L4,19.718277
4607,76.7833,L5,0.000000
4608,76.8000,L1,6.361155
4608,76.8000,L2,14.300111
4608,76.8000,L3,17.081702
4608,76.8000,L4,17.898292
4608,76.8000,L5,3.564414
4609,76.8167,L1,9.201994
4609,76.8167,L2,14.671372
4609,76.8167,L3,17.818531
4609,76.8167,L4,14.676553
4609,76.8167,L5,1.284644
4610,76.8333,L1,5.918560
4610,76.8333,L2,16.639551
4610,76.8333,L3,13.392087
4610,76.8333,L4,16.830907
4610,76.8333,L5,3.622837
4611,76.8500,L1,5.562508
4611,76.8500,L2,17.177322
4611,76.8500,L3,19.844402
4611,76.8500,L4,11.899364
4611,76.8500,L5,2.011205
4612,76.8667,L1,6.079502
4612,76.8667,L2,13.927710
4612,76.8667,L3,16.724642
4612,76.8667,L4,18.425169
4612,76.8667,L5,3.720960
4613,76.8833,L1,6.042858
4613,76.8833,L2,14.332431
4613,76.8833,L3,17.811070
4613,76.8833,L4,18.105973
4613,76.8833,L5,1.682852
4614,76.9000,L1,6.095766
4614,76.9000,L2,13.887927
4614,76.9000,L3,14.981832
4614,76.9000,L4,18.988609
4614,76.9000,L5,2.663924
4615,76.9167,L1,9.177366
4615,76.9167,L2,17.516140
4615,76.9167,L3,12.336921
4615,76.9167,L4,15.216325
4615,76.9167,L5,3.819287
4616,76.9333,L1,5.913920
4616,76.9333,L2,15.820534
4616,76.9333,L3,18.220905
4616,76.9333,L4,17.111841
4616,76.9333,L5,1.092673
4617,76.9500,L1,5.951992
4617,76.9500,L2,15.408869
4617,76.9500,L3,17.745007
4617,76.9500,L4,16.868965
4617,76.9500,L5,1.764823
4618,76.9667,L1,6.331789
4618,76.9667,L2,13.104399
4618,76.9667,L3,12.938809
4618,76.9667,L4,20.097771
4618,76.9667,L5,4.178284
4619,76.9833,L1,6.282740
4619,76.9833,L2,13.125125
4619,76.9833,L3,15.419204
4619,76.9833,L4,20.232361
4619,76.9833,L5,2.789893
4620,77.0000,L1,9.532283
4620,77.0000,L2,15.667481
4620,77.0000,L3,13.304509
4620,77.0000,L4,15.186724
4620,77.0000,L5,2.491116
4621,77.0167,L1,6.215351
4621,77.0167,L2,17.481398
4621,77.0167,L3,19.472484
4621,77.0167,L4,16.751230
4621,77.0167,L5,0.000000
4622,77.0333,L1,5.934124
4622,77.0333,L2,13.368615
4622,77.0333,L3,17.807879
4622,77.0333,L4,16.604495
4622,77.0333,L5,3.727283
4623,77.0500,L1,6.296758
4623,77.0500,L2,14.207696
4623,77.0500,L3,16.007728
4623,77.0500,L4,16.976941
4623,77.0500,L5,1.553118
4624,77.0667,L1,6.424494
4624,77.0667,L2,12.185672
4624,77.0667,L3,14.083347
4624,77.0667,L4,21.058801
4624,77.0667,L5,5.354216
4625,77.0833,L1,6.242784
4625,77.0833,L2,15.605370
4625,77.0833,L3,16.995903
4625,77.0833,L4,16.562117
4625,77.0833,L5,1.837847
4626,77.1000,L1,9.182893
4626,77.1000,L2,14.268042
4626,77.1000,L3,15.953435
4626,77.1000,L4,16.278715
4626,77.1000,L5,1.808054
4627,77.1167,L1,6.676333
4627,77.1167,L2,16.422183
4627,77.1167,L3,14.682634
4627,77.1167,L4,16.895623
4627,77.1167,L5,3.036879
4628,77.1333,L1,6.879805
4628,77.1333,L2,15.170654
4628,77.1333,L3,17.010095
4628,77.1333,L4,14.599967
4628,77.1333,L5,3.500258
4629,77.1500,L1,5.669517
4629,77.1500,L2,13.910091
4629,77.1500,L3,18.567295
4629,77.1500,L4,19.506266
4629,77.1500,L5,0.000000
4630,77.1667,L1,6.186642
4630,77.1667,L2,14.721659
4630,77.1667,L3,15.389197
4630,77.1667,L4,18.290775
4630,77.1667,L5,5.085368
4631,77.1833,L1,6.494507
4631,77.1833,L2,15.226050
4631,77.1833,L3,17.067558
4631,77.1833,L4,16.423449
4631,77.1833,L5,0.926753
4632,77.2000,L1,9.385398
4632,77.2000,L2,14.611410
4632,77.2000,L3,13.302592
4632,77.2000,L4,19.099140
4632,77.2000,L5,2.104875
4633,77.2167,L1,6.476661
4633,77.2167,L2,16.929027
4633,77.2167,L3,14.645425
4633,77.2167,L4,13.538731
4633,77.2167,L5,5.525150
4634,77.2333,L1,6.479645
4634,77.2333,L2,17.987679
4634,77.2333,L3,14.876779
4634,77.2333,L4,17.585571
4634,77.2333,L5,1.269439
4635,77.2500,L1,5.588040
4635,77.2500,L2,12.438795
4635,77.2500,L3,17.255580
4635,77.2500,L4,19.757135
4635,77.2500,L5,0.976826
4636,77.2667,L1,6.228288
4636,77.2667,L2,15.053297
4636,77.2667,L3,17.887116
4636,77.2667,L4,11.417626
4636,77.2667,L5,6.937043
4637,77.2833,L1,9.605083
4637,77.2833,L2,12.876849
4637,77.2833,L3,12.916725
4637,77.2833,L4,22.986222
4637,77.2833,L5,1.088489
4638,77.3000,L1,6.000983
4638,77.3000,L2,15.142761
4638,77.3000,L3,16.053603
4638,77.3000,L4,16.948529
4638,77.3000,L5,1.114666
4639,77.3167,L1,5.689045
4639,77.3167,L2,15.334151
4639,77.3167,L3,19.135772
4639,77.3167,L4,17.298908
4639,77.3167,L5,0.741918
4640,77.3333,L1,6.046857
4640,77.3333,L2,17.981445
4640,77.3333,L3,16.457415
4640,77.3333,L4,9.705156
4640,77.3333,L5,7.004346
4641,77.3500,L1,6.564662
4641,77.3500,L2,15.459595
4641,77.3500,L3,18.079777
4641,77.3500,L4,17.571884
4641,77.3500,L5,0.000000
4642,77.3667,L1,6.099535
4642,77.3667,L2,13.096874
4642,77.3667,L3,12.449541
4642,77.3667,L4,25.372558
4642,77.3667,L5,1.847734
4643,77.3833,L1,9.216322
4643,77.3833,L2,13.650328
4643,77.3833,L3,15.359101
4643,77.3833,L4,18.280371
4643,77.3833,L5,1.665573
4644,77.4000,L1,6.111526
4644,77.4000,L2,15.902559
4644,77.4000,L3,13.988163
4644,77.4000,L4,13.264393
4644,77.4000,L5,6.523002
4645,77.4167,L1,6.103607
4645,77.4167,L2,17.842422
4645,77.4167,L3,19.771261
4645,77.4167,L4,13.301802
4645,77.4167,L5,1.150515
4646,77.4333,L1,6.460922
4646,77.4333,L2,12.862166
4646,77.4333,L3,16.228763
4646,77.4333,L4,18.584478
4646,77.4333,L5,2.831887
4647,77.4500,L1,6.144527
4647,77.4500,L2,14.042896
4647,77.4500,L3,16.508524
4647,77.4500,L4,16.866251
4647,77.4500,L5,4.470495
4648,77.4667,L1,5.987442
4648,77.4667,L2,15.425825
4648,77.4667,L3,17.368578
4648,77.4667,L4,19.135238
4648,77.4667,L5,0.560259
4649,77.4833,L1,9.150656
4649,77.4833,L2,15.597762
4649,77.4833,L3,13.648819
4649,77.4833,L4,17.379810
4649,77.4833,L5,1.716521
4650,77.5000,L1,6.669326
4650,77.5000,L2,13.374542
4650,77.5000,L3,15.260623
4650,77.5000,L4,15.329445
4650,77.5000,L5,5.956223
4651,77.5167,L1,6.011706
4651,77.5167,L2,15.568518
4651,77.5167,L3,19.459721
4651,77.5167,L4,16.565531
4651,77.5167,L5,1.095911
4652,77.5333,L1,6.616758
4652,77.5333,L2,14.112629
4652,77.5333,L3,20.263684
4652,77.5333,L4,14.802428
4652,77.5333,L5,1.063390
4653,77.5500,L1,5.931792
4653,77.5500,L2,14.178791
4653,77.5500,L3,12.990052
4653,77.5500,L4,17.984923
4653,77.5500,L5,4.871675
4654,77.5667,L1,10.944277
4654,77.5667,L2,12.940167
4654,77.5667,L3,14.181728
4654,77.5667,L4,18.478011
4654,77.5667,L5,1.136246
4655,77.5833,L1,6.641057
4655,77.5833,L2,16.295320
4655,77.5833,L3,14.278354
4655,77.5833,L4,18.261364
4655,77.5833,L5,3.488260
4656,77.6000,L1,5.936281
4656,77.6000,L2,15.828497
4656,77.6000,L3,18.841899
4656,77.6000,L4,16.074083
4656,77.6000,L5,0.000000
4657,77.6167,L1,6.672600
4657,77.6167,L2,14.292834
4657,77.6167,L3,19.331592
4657,77.6167,L4,16.301225
4657,77.6167,L5,1.545854
4658,77.6333,L1,6.024309
4658,77.6333,L2,13.189627
4658,77.6333,L3,14.991128
4658,77.6333,L4,19.343430
4658,77.6333,L5,4.520997
4659,77.6500,L1,9.237439
4659,77.6500,L2,14.162763
4659,77.6500,L3,14.309467
4659,77.6500,L4,16.245083
4659,77.6500,L5,2.937294
4660,77.6667,L1,6.146332
4660,77.6667,L2,18.514970
4660,77.6667,L3,14.921404
4660,77.6667,L4,14.561299
4660,77.6667,L5,3.424927
4661,77.6833,L1,6.032319
4661,77.6833,L2,13.909357
4661,77.6833,L3,20.020429
4661,77.6833,L4,15.228129
4661,77.6833,L5,2.252947
4662,77.7000,L1,5.886145
4662,77.7000,L2,14.883406
4662,77.7000,L3,16.483592
4662,77.7000,L4,15.450785
4662,77.7000,L5,5.511572
4663,77.7167,L1,6.165865
4663,77.7167,L2,14.180288
4663,77.7167,L3,12.614524
4663,77.7167,L4,22.446793
4663,77.7167,L5,0.898298
4664,77.7333,L1,9.247310
4664,77.7333,L2,15.488112
4664,77.7333,L3,16.602559
4664,77.7333,L4,15.595879
4664,77.7333,L5,1.516760
4665,77.7500,L1,6.383359
4665,77.7500,L2,21.186659
4665,77.7500,L3,14.936495
4665,77.7500,L4,12.662182
4665,77.7500,L5,3.128157
4666,77.7667,L1,5.748838
4666,77.7667,L2,13.793437
4666,77.7667,L3,18.851819
4666,77.7667,L4,16.743420
4666,77.7667,L5,1.098424
4667,77.7833,L1,6.309568
4667,77.7833,L2,11.589786
4667,77.7833,L3,18.244385
4667,77.7833,L4,20.383137
4667,77.7833,L5,2.047587
4668,77.8000,L1,5.957208
4668,77.8000,L2,13.588582
4668,77.8000,L3,14.344611
4668,77.8000,L4,17.942936
4668,77.8000,L5,3.788326
4669,77.8167,L1,9.768448
4669,77.8167,L2,14.337769
4669,77.8167,L3,14.637453
4669,77.8167,L4,17.154415
4669,77.8167,L5,2.546418
4670,77.8333,L1,6.115170
4670,77.8333,L2,18.225979
4670,77.8333,L3,14.953617
4670,77.8333,L4,17.041831
4670,77.8333,L5,2.835293
4671,77.8500,L1,5.721882
4671,77.8500,L2,15.020877
4671,77.8500,L3,16.257495
4671,77.8500,L4,16.753142
4671,77.8500,L5,2.349379
4672,77.8667,L1,6.315636
4672,77.8667,L2,13.775872
4672,77.8667,L3,21.546602
4672,77.8667,L4,14.169365
4672,77.8667,L5,3.558026
4673,77.8833,L1,6.794892
4673,77.8833,L2,14.177119
4673,77.8833,L3,14.128727
4673,77.8833,L4,22.162398
4673,77.8833,L5,0.000000
4674,77.9000,L1,6.120342
4674,77.9000,L2,15.121904
4674,77.9000,L3,16.478099
4674,77.9000,L4,13.911835
4674,77.9000,L5,4.467530
4675,77.9167,L1,8.830368
4675,77.9167,L2,14.964742
4675,77.9167,L3,13.396702
4675,77.9167,L4,15.597360
4675,77.9167,L5,5.238730
4676,77.9333,L1,6.028397
4676,77.9333,L2,20.042369
4676,77.9333,L3,15.476496
4676,77.9333,L4,14.724629
4676,77.9333,L5,2.342238
4677,77.9500,L1,6.324676
4677,77.9500,L2,12.997980
4677,77.9500,L3,20.509994
4677,77.9500,L4,17.662409
4677,77.9500,L5,0.000000
4678,77.9667,L1,5.677866
4678,77.9667,L2,14.222510
4678,77.9667,L3,17.610533
4678,77.9667,L4,13.297796
4678,77.9667,L5,5.303722
4679,77.9833,L1,6.480922
4679,77.9833,L2,12.412146
4679,77.9833,L3,15.312956
4679,77.9833,L4,22.428970
4679,77.9833,L5,0.000000
4680,78.0000,L1,5.859066
4680,78.0000,L2,14.283271
4680,78.0000,L3,16.414054
4680,78.0000,L4,21.241021
4680,78.0000,L5,2.207857
4681,78.0167,L1,5.983054
4681,78.0167,L2,15.286155
4681,78.0167,L3,15.158816
4681,78.0167,L4,17.652940
4681,78.0167,L5,2.437503
4682,78.0333,L1,8.696718
4682,78.0333,L2,18.712734
4682,78.0333,L3,11.317637
4682,78.0333,L4,17.511787
4682,78.0333,L5,1.957033
4683,78.0500,L1,6.147450
4683,78.0500,L2,14.629019
4683,78.0500,L3,18.293393
4683,78.0500,L4,11.901998
4683,78.0500,L5,4.441772
4684,78.0667,L1,5.845126
4684,78.0667,L2,14.521273
4684,78.0667,L3,21.461100
4684,78.0667,L4,16.962754
4684,78.0667,L5,1.155853
4685,78.0833,L1,6.204628
4685,78.0833,L2,12.813485
4685,78.0833,L3,15.569836
4685,78.0833,L4,19.408673
4685,78.0833,L5,3.567320
4686,78.1000,L1,6.355122
4686,78.1000,L2,14.858036
4686,78.1000,L3,15.486241
4686,78.1000,L4,17.902022
4686,78.1000,L5,2.445664
4687,78.1167,L1,8.869327
4687,78.1167,L2,17.382734
4687,78.1167,L3,14.229810
4687,78.1167,L4,17.295997
4687,78.1167,L5,0.000000
4688,78.1333,L1,6.146466
4688,78.1333,L2,13.805562
4688,78.1333,L3,14.295506
4688,78.1333,L4,17.746998
4688,78.1333,L5,4.071185
4689,78.1500,L1,6.473009
4689,78.1500,L2,13.730690
4689,78.1500,L3,20.111492
4689,78.1500,L4,15.311104
4689,78.1500,L5,2.522785
4690,78.1667,L1,6.056127
4690,78.1667,L2,13.717844
4690,78.1667,L3,19.201983
4690,78.1667,L4,18.993201
4690,78.1667,L5,1.136836
4691,78.1833,L1,5.976415
4691,78.1833,L2,13.992303
4691,78.1833,L3,13.564701
4691,78.1833,L4,18.522533
4691,78.1833,L5,2.979985
4692,78.2000,L1,5.977620
4692,78.2000,L2,11.970882
4692,78.2000,L3,15.352392
4692,78.2000,L4,23.568866
4692,78.2000,L5,2.692713
4693,78.2167,L1,8.846659
4693,78.2167,L2,18.208715
4693,78.2167,L3,13.642663
4693,78.2167,L4,12.796610
4693,78.2167,L5,3.542224
4694,78.2333,L1,6.509175
4694,78.2333,L2,17.980644
4694,78.2333,L3,16.448970
4694,78.2333,L4,15.165564
4694,78.2333,L5,1.916295
4695,78.2500,L1,6.253803
4695,78.2500,L2,13.320091
4695,78.2500,L3,20.375270
4695,78.2500,L4,13.858701
4695,78.2500,L5,1.992363
4696,78.2667,L1,6.013429
4696,78.2667,L2,11.298530
4696,78.2667,L3,15.801577
4696,78.2667,L4,19.558874
4696,78.2667,L5,4.832607
4697,78.2833,L1,9.450369
4697,78.2833,L2,12.775669
4697,78.2833,L3,15.449811
4697,78.2833,L4,18.785276
4697,78.2833,L5,1.972746
4698,78.3000,L1,6.509705
4698,78.3000,L2,18.401424
4698,78.3000,L3,18.194692
4698,78.3000,L4,13.172838
4698,78.3000,L5,1.705121
4699,78.3167,L1,5.963324
4699,78.3167,L2,12.749536
4699,78.3167,L3,19.893261
4699,78.3167,L4,17.413637
4699,78.3167,L5,1.541474
4700,78.3333,L1,5.848227
4700,78.3333,L2,14.309349
4700,78.3333,L3,18.013262
4700,78.3333,L4,14.537133
4700,78.3333,L5,5.287011
4701,78.3500,L1,6.556125
4701,78.3500,L2,12.856228
4701,78.3500,L3,17.514525
4701,78.3500,L4,19.592691
4701,78.3500,L5,1.911450
4702,78.3667,L1,9.013022
4702,78.3667,L2,14.241485
4702,78.3667,L3,13.296897
4702,78.3667,L4,18.847178
4702,78.3667,L5,1.099935
4703,78.3833,L1,6.341952
4703,78.3833,L2,18.332322
4703,78.3833,L3,14.801865
4703,78.3833,L4,13.117910
4703,78.3833,L5,3.710055
4704,78.4000,L1,6.040833
4704,78.4000,L2,13.372710
4704,78.4000,L3,21.365765
4704,78.4000,L4,15.857723
4704,78.4000,L5,1.638617
4705,78.4167,L1,6.346121
4705,78.4167,L2,14.444057
4705,78.4167,L3,15.796375
4705,78.4167,L4,15.020924
4705,78.4167,L5,4.997771
4706,78.4333,L1,5.922557
4706,78.4333,L2,14.457847
4706,78.4333,L3,15.633584
4706,78.4333,L4,23.522583
4706,78.4333,L5,0.000000
4707,78.4500,L1,8.702468
4707,78.4500,L2,14.604510
4707,78.4500,L3,14.350856
4707,78.4500,L4,15.500453
4707,78.4500,L5,3.034526
4708,78.4667,L1,6.387509
4708,78.4667,L2,14.550419
4708,78.4667,L3,14.525906
4708,78.4667,L4,16.025457
4708,78.4667,L5,5.312724
4709,78.4833,L1,6.573642
4709,78.4833,L2,16.988579
4709,78.4833,L3,18.452144
4709,78.4833,L4,18.130444
4709,78.4833,L5,0.000000
4710,78.5000,L1,6.103594
4710,78.5000,L2,12.275560
4710,78.5000,L3,17.551825
4710,78.5000,L4,17.837268
4710,78.5000,L5,3.152670
4711,78.5167,L1,6.223615
4711,78.5167,L2,12.998514
4711,78.5167,L3,15.839573
4711,78.5167,L4,21.244743
4711,78.5167,L5,1.263043
4712,78.5333,L1,5.960935
4712,78.5333,L2,12.981471
4712,78.5333,L3,17.664876
4712,78.5333,L4,15.054352
4712,78.5333,L5,4.218474
4713,78.5500,L1,9.145981
4713,78.5500,L2,15.175357
4713,78.5500,L3,15.606903
4713,78.5500,L4,16.662181
4713,78.5500,L5,1.914000
4714,78.5667,L1,5.912021
4714,78.5667,L2,18.283762
4714,78.5667,L3,14.032493
4714,78.5667,L4,16.268459
4714,78.5667,L5,4.357978
4715,78.5833,L1,5.713375
4715,78.5833,L2,17.381410
4715,78.5833,L3,24.009267
4715,78.5833,L4,9.744249
4715,78.5833,L5,1.232188
4716,78.6000,L1,6.091914
4716,78.6000,L2,12.111673
4716,78.6000,L3,12.663189
4716,78.6000,L4,21.941839
4716,78.6000,L5,3.930601
4717,78.6167,L1,6.298103
4717,78.6167,L2,14.777881
4717,78.6167,L3,14.636371
4717,78.6167,L4,17.451471
4717,78.6167,L5,4.976931
4718,78.6333,L1,6.369288
4718,78.6333,L2,14.304749
4718,78.6333,L3,18.794427
4718,78.6333,L4,17.874575
4718,78.6333,L5,0.000000
4719,78.6500,L1,9.321303
4719,78.6500,L2,18.681026
4719,78.6500,L3,11.936431
4719,78.6500,L4,13.021330
4719,78.6500,L5,3.067820
4720,78.6667,L1,6.680152
4720,78.6667,L2,13.451382
4720,78.6667,L3,22.296285
4720,78.6667,L4,14.997700
4720,78.6667,L5,0.000000
4721,78.6833,L1,6.061083
4721,78.6833,L2,13.899713
4721,78.6833,L3,17.230871
4721,78.6833,L4,18.810006
4721,78.6833,L5,2.705072
4722,78.7000,L1,6.146174
4722,78.7000,L2,13.381843
4722,78.7000,L3,15.937674
4722,78.7000,L4,17.296352
4722,78.7000,L5,3.788320
4723,78.7167,L1,9.727474
4723,78.7167,L2,15.559335
4723,78.7167,L3,16.329654
4723,78.7167,L4,16.883778
4723,78.7167,L5,0.000000
4724,78.7333,L1,6.329068
4724,78.7333,L2,18.467344
4724,78.7333,L3,17.106989
4724,78.7333,L4,14.173373
4724,78.7333,L5,2.428769
4725,78.7500,L1,6.445001
4725,78.7500,L2,11.735611
4725,78.7500,L3,16.254525
4725,78.7500,L4,14.423325
4725,78.7500,L5,6.598324
4726,78.7667,L1,6.145032
4726,78.7667,L2,13.762201
4726,78.7667,L3,15.974245
4726,78.7667,L4,21.046902
4726,78.7667,L5,1.114610
4727,78.7833,L1,9.150285
4727,78.7833,L2,13.642584
4727,78.7833,L3,12.089113
4727,78.7833,L4,18.458274
4727,78.7833,L5,4.174548
4728,78.8000,L1,6.158179
4728,78.8000,L2,17.509019
4728,78.8000,L3,17.128663
4728,78.8000,L4,18.732732
4728,78.8000,L5,0.000000
4729,78.8167,L1,6.431273
4729,78.8167,L2,13.324167
4729,78.8167,L3,20.074036
4729,78.8167,L4,13.606702
4729,78.8167,L5,3.981787
4730,78.8333,L1,6.204096
4730,78.8333,L2,12.899352
4730,78.8333,L3,16.458205
4730,78.8333,L4,18.018822
4730,78.8333,L5,3.082889
4731,78.8500,L1,6.915617
4731,78.8500,L2,13.352939
4731,78.8500,L3,17.271399
4731,78.8500,L4,17.102783
4731,78.8500,L5,3.744056
4732,78.8667,L1,6.187104
4732,78.8667,L2,14.068436
4732,78.8667,L3,14.281998
4732,78.8667,L4,19.388326
4732,78.8667,L5,1.352951
4733,78.8833,L1,8.894771
4733,78.8833,L2,14.444514
4733,78.8833,L3,14.190971
4733,78.8833,L4,19.033069
4733,78.8833,L5,2.659321
4734,78.9000,L1,2.999640
4734,78.9000,L2,16.202627
4734,78.9000,L3,17.602141
4734,78.9000,L4,18.886258
4734,78.9000,L5,0.998468
4735,78.9167,L1,8.477333
4735,78.9167,L2,20.343431
4735,78.9167,L3,14.559770
4735,78.9167,L4,13.292374
4735,78.9167,L5,3.017801
4736,78.9333,L1,5.887290
4736,78.9333,L2,12.651578
4736,78.9333,L3,19.584468
4736,78.9333,L4,15.609414
4736,78.9333,L5,3.236449
4737,78.9500,L1,6.172262
4737,78.9500,L2,14.160464
4737,78.9500,L3,15.616909
4737,78.9500,L4,17.271302
4737,78.9500,L5,3.025573
4738,78.9667,L1,8.877380
4738,78.9667,L2,12.427357
4738,78.9667,L3,13.806611
4738,78.9667,L4,21.558469
4738,78.9667,L5,2.493532
4739,78.9833,L1,6.022513
4739,78.9833,L2,21.170817
4739,78.9833,L3,13.677089
4739,78.9833,L4,11.844316
4739,78.9833,L5,4.169855
4740,79.0000,L1,6.259335
4740,79.0000,L2,13.969205
4740,79.0000,L3,18.505319
4740,79.0000,L4,15.830880
4740,79.0000,L5,2.947050
4741,79.0167,L1,6.249140
4741,79.0167,L2,14.450545
4741,79.0167,L3,17.893472
4741,79.0167,L4,17.544449
4741,79.0167,L5,1.368839
4742,79.0333,L1,6.137536
4742,79.0333,L2,13.119623
4742,79.0333,L3,14.483358
4742,79.0333,L4,23.243242
4742,79.0333,L5,1.052768
4743,79.0500,L1,6.176731
4743,79.0500,L2,15.303245
4743,79.0500,L3,15.881604
4743,79.0500,L4,17.831945
4743,79.0500,L5,1.069085
4744,79.0667,L1,8.842801
4744,79.0667,L2,16.878316
4744,79.0667,L3,15.910531
4744,79.0667,L4,15.939115
4744,79.0667,L5,1.256483
4745,79.0833,L1,6.890028
4745,79.0833,L2,16.148568
4745,79.0833,L3,15.317784
4745,79.0833,L4,13.214315
4745,79.0833,L5,5.106264
4746,79.1000,L1,6.183954
4746,79.1000,L2,14.438618
4746,79.1000,L3,19.731460
4746,79.1000,L4,17.326322
4746,79.1000,L5,0.000000
4747,79.1167,L1,5.734310
4747,79.1167,L2,14.292778
4747,79.1167,L3,14.351334
4747,79.1167,L4,18.746662
4747,79.1167,L5,3.242319
4748,79.1333,L1,6.389098
4748,79.1333,L2,13.651405
4748,79.1333,L3,16.632177
4748,79.1333,L4,16.200505
4748,79.1333,L5,6.886371
4749,79.1500,L1,9.086319
4749,79.1500,L2,15.593494
4749,79.1500,L3,16.276473
4749,79.1500,L4,13.929765
4749,79.1500,L5,2.087322
4750,79.1667,L1,6.064975
4750,79.1667,L2,18.119600
4750,79.1667,L3,16.472662
4750,79.1667,L4,16.815417
4750,79.1667,L5,1.029956
4751,79.1833,L1,6.487683
4751,79.1833,L2,13.213007
4751,79.1833,L3,17.141691
4751,79.1833,L4,15.792116
4751,79.1833,L5,3.215328
4752,79.2000,L1,6.216884
4752,79.2000,L2,13.588895
4752,79.2000,L3,19.503202
4752,79.2000,L4,17.668711
4752,79.2000,L5,1.419702
4753,79.2167,L1,6.064396
4753,79.2167,L2,12.471990
4753,79.2167,L3,15.995877
4753,79.2167,L4,20.922002
4753,79.2167,L5,3.762264
4754,79.2333,L1,9.292304
4754,79.2333,L2,14.531808
4754,79.2333,L3,14.370369
4754,79.2333,L4,16.723162
4754,79.2333,L5,0.536057
4755,79.2500,L1,6.681097
4755,79.2500,L2,18.450289
4755,79.2500,L3,16.498817
4755,79.2500,L4,15.200483
4755,79.2500,L5,2.755046
4756,79.2667,L1,6.396916
4756,79.2667,L2,13.519910
4756,79.2667,L3,16.950996
4756,79.2667,L4,15.548363
4756,79.2667,L5,3.475368
4757,79.2833,L1,6.665544
4757,79.2833,L2,12.506997
4757,79.2833,L3,17.554935
4757,79.2833,L4,18.124741
4757,79.2833,L5,3.093684
4758,79.3000,L1,6.012315
4758,79.3000,L2,15.705923
4758,79.3000,L3,16.808682
4758,79.3000,L4,18.007911
4758,79.3000,L5,0.646295
4759,79.3167,L1,9.412846
4759,79.3167,L2,13.320892
4759,79.3167,L3,12.661228
4759,79.3167,L4,18.036799
4759,79.3167,L5,4.885327
4760,79.3333,L1,6.093141
4760,79.3333,L2,16.632005
4760,79.3333,L3,16.288633
4760,79.3333,L4,17.890234
4760,79.3333,L5,0.000000
4761,79.3500,L1,6.119974
4761,79.3500,L2,17.314610
4761,79.3500,L3,12.677399
4761,79.3500,L4,18.866772
4761,79.3500,L5,3.751708
4762,79.3667,L1,7.340161
4762,79.3667,L2,13.172133
4762,79.3667,L3,17.643401
4762,79.3667,L4,13.554156
4762,79.3667,L5,3.704237
4763,79.3833,L1,6.254642
4763,79.3833,L2,14.030993
4763,79.3833,L3,19.499699
4763,79.3833,L4,19.742180
4763,79.3833,L5,0.846655
4764,79.4000,L1,5.680436
4764,79.4000,L2,14.885358
4764,79.4000,L3,13.760610
4764,79.4000,L4,19.367409
4764,79.4000,L5,0.673532
4765,79.4167,L1,6.017567
4765,79.4167,L2,12.437085
4765,79.4167,L3,15.655160
4765,79.4167,L4,18.389987
4765,79.4167,L5,5.321497
4766,79.4333,L1,9.589189
4766,79.4333,L2,15.565005
4766,79.4333,L3,16.605391
4766,79.4333,L4,14.349322
4766,79.4333,L5,2.082796
4767,79.4500,L1,6.121497
4767,79.4500,L2,18.875075
4767,79.4500,L3,15.618633
4767,79.4500,L4,15.943830
4767,79.4500,L5,2.094912
4768,79.4667,L1,6.083005
4768,79.4667,L2,13.413577
4768,79.4667,L3,18.968956
4768,79.4667,L4,13.886216
4768,79.4667,L5,4.977272
4769,79.4833,L1,6.501285
4769,79.4833,L2,13.929807
4769,79.4833,L3,17.063331
4769,79.4833,L4,20.573108
4769,79.4833,L5,1.033334
4770,79.5000,L1,7.040628
4770,79.5000,L2,14.679554
4770,79.5000,L3,16.266357
4770,79.5000,L4,18.054466
4770,79.5000,L5,1.256370
4771,79.5167,L1,8.839529
4771,79.5167,L2,11.589922
4771,79.5167,L3,12.488949
4771,79.5167,L4,18.661299
4771,79.5167,L5,6.321746
4772,79.5333,L1,6.407534
4772,79.5333,L2,20.265951
4772,79.5333,L3,18.162169
4772,79.5333,L4,12.399936
4772,79.5333,L5,0.000000
4773,79.5500,L1,6.178660
4773,79.5500,L2,16.145350
4773,79.5500,L3,13.789244
4773,79.5500,L4,16.382105
4773,79.5500,L5,3.260972
4774,79.5667,L1,6.896584
4774,79.5667,L2,13.436892
4774,79.5667,L3,18.569681
4774,79.5667,L4,15.012291
4774,79.5667,L5,3.896613
4775,79.5833,L1,6.143439
4775,79.5833,L2,13.219120
4775,79.5833,L3,18.562681
4775,79.5833,L4,19.444778
4775,79.5833,L5,1.691029
4776,79.6000,L1,6.592026
4776,79.6000,L2,14.491284
4776,79.6000,L3,14.298649
4776,79.6000,L4,18.405628
4776,79.6000,L5,2.411415
4777,79.6167,L1,9.143419
4777,79.6167,L2,16.344136
4777,79.6167,L3,13.394362
4777,79.6167,L4,17.347379
4777,79.6167,L5,2.557369
4778,79.6333,L1,5.811954
4778,79.6333,L2,15.954800
4778,79.6333,L3,17.355807
4778,79.6333,L4,17.107871
4778,79.6333,L5,2.009348
4779,79.6500,L1,6.704560
4779,79.6500,L2,12.654684
4779,79.6500,L3,17.243036
4779,79.6500,L4,13.617756
4779,79.6500,L5,4.348399
4780,79.6667,L1,6.398163
4780,79.6667,L2,17.212770
4780,79.6667,L3,20.060879
4780,79.6667,L4,13.636147
4780,79.6667,L5,2.004075
4781,79.6833,L1,6.001847
4781,79.6833,L2,12.597755
4781,79.6833,L3,14.367422
4781,79.6833,L4,22.449551
4781,79.6833,L5,2.041275
4782,79.7000,L1,6.107699
4782,79.7000,L2,13.211999
4782,79.7000,L3,17.543265
4782,79.7000,L4,18.790832
4782,79.7000,L5,2.451166
4783,79.7167,L1,9.185631
4783,79.7167,L2,13.694296
4783,79.7167,L3,15.928007
4783,79.7167,L4,17.056240
4783,79.7167,L5,2.250759
4784,79.7333,L1,5.871994
4784,79.7333,L2,16.214170
4784,79.7333,L3,17.344735
4784,79.7333,L4,15.696889
4784,79.7333,L5,2.746002
4785,79.7500,L1,6.770107
4785,79.7500,L2,14.911132
4785,79.7500,L3,15.929576
4785,79.7500,L4,13.641352
4785,79.7500,L5,3.578871
4786,79.7667,L1,5.499401
4786,79.7667,L2,16.712470
4786,79.7667,L3,21.079051
4786,79.7667,L4,15.692899
4786,79.7667,L5,0.000000
4787,79.7833,L1,6.239050
4787,79.7833,L2,13.803797
4787,79.7833,L3,13.341595
4787,79.7833,L4,20.045157
4787,79.7833,L5,5.022531
4788,79.8000,L1,5.993221
4788,79.8000,L2,13.995436
4788,79.8000,L3,16.137918
4788,79.8000,L4,20.018846
4788,79.8000,L5,0.000000
4789,79.8167,L1,9.172912
4789,79.8167,L2,12.656936
4789,79.8167,L3,14.340652
4789,79.8167,L4,16.389209
4789,79.8167,L5,6.063984
4790,79.8333,L1,5.974229
4790,79.8333,L2,19.584497
4790,79.8333,L3,11.743350
4790,79.8333,L4,15.446175
4790,79.8333,L5,3.840613
4791,79.8500,L1,6.246495
4791,79.8500,L2,13.966990
4791,79.8500,L3,22.744680
4791,79.8500,L4,15.027237
4791,79.8500,L5,0.000000
4792,79.8667,L1,6.150151
4792,79.8667,L2,12.853666
4792,79.8667,L3,15.996744
4792,79.8667,L4,20.744391
4792,79.8667,L5,3.127547
4793,79.8833,L1,6.149241
4793,79.8833,L2,13.706843
4793,79.8833,L3,17.530564
4793,79.8833,L4,19.204980
4793,79.8833,L5,0.000000
4794,79.9000,L1,6.857881
4794,79.9000,L2,13.568413
4794,79.9000,L3,15.151024
4794,79.9000,L4,19.312293
4794,79.9000,L5,3.392370
4795,79.9167,L1,9.217841
4795,79.9167,L2,15.734804
4795,79.9167,L3,13.310211
4795,79.9167,L4,14.865028
4795,79.9167,L5,4.767220
4796,79.9333,L1,6.356801
4796,79.9333,L2,18.603245
4796,79.9333,L3,15.982044
4796,79.9333,L4,15.845387
4796,79.9333,L5,1.209498
4797,79.9500,L1,6.221849
4797,79.9500,L2,13.870178
4797,79.9500,L3,19.877906
4797,79.9500,L4,15.789558
4797,79.9500,L5,0.700523
4798,79.9667,L1,5.947640
4798,79.9667,L2,12.567224
4798,79.9667,L3,18.054485
4798,79.9667,L4,21.102841
4798,79.9667,L5,1.125895
4799,79.9833,L1,6.177095
4799,79.9833,L2,13.824793
4799,79.9833,L3,14.281013
4799,79.9833,L4,17.650634
4799,79.9833,L5,4.875946
4800,80.0000,L1,6.880985
4800,80.0000,L2,15.135332
4800,80.0000,L3,13.344122
4800,80.0000,L4,19.279021
4800,80.0000,L5,0.995152
4801,80.0167,L1,6.525922
4801,80.0167,L2,13.957167
4801,80.0167,L3,16.000067
4801,80.0167,L4,16.345970
4801,80.0167,L5,4.988025
4802,80.0333,L1,9.244997
4802,80.0333,L2,17.213420
4802,80.0333,L3,14.168807
4802,80.0333,L4,15.864047
4802,80.0333,L5,2.085710
4803,80.0500,L1,6.286044
4803,80.0500,L2,15.070716
4803,80.0500,L3,16.506116
4803,80.0500,L4,18.362728
4803,80.0500,L5,1.957839
4804,80.0667,L1,6.026462
4804,80.0667,L2,13.675330
4804,80.0667,L3,20.861519
4804,80.0667,L4,15.688280
4804,80.0667,L5,0.939704
4805,80.0833,L1,6.175697
4805,80.0833,L2,14.519584
4805,80.0833,L3,16.016068
4805,80.0833,L4,15.798691
4805,80.0833,L5,4.405891
4806,80.1000,L1,5.806540
4806,80.1000,L2,12.978221
4806,80.1000,L3,15.719217
4806,80.1000,L4,23.013746
4806,80.1000,L5,2.101800
4807,80.1167,L1,6.067438
4807,80.1167,L2,16.673192
4807,80.1167,L3,16.287823
4807,80.1167,L4,16.069354
4807,80.1167,L5,2.378171
4808,80.1333,L1,9.147426
4808,80.1333,L2,17.007361
4808,80.1333,L3,13.510542
4808,80.1333,L4,15.719621
4808,80.1333,L5,1.540376
4809,80.1500,L1,6.862592
4809,80.1500,L2,15.741878
4809,80.1500,L3,15.611038
4809,80.1500,L4,16.390209
4809,80.1500,L5,2.182847
4810,80.1667,L1,6.170120
4810,80.1667,L2,13.645652
4810,80.1667,L3,19.586729
4810,80.1667,L4,17.110948
4810,80.1667,L5,2.998154
4811,80.1833,L1,6.217666
4811,80.1833,L2,13.364438
4811,80.1833,L3,14.978380
4811,80.1833,L4,16.517646
4811,80.1833,L5,5.558877
4812,80.2000,L1,9.219585
4812,80.2000,L2,12.518707
4812,80.2000,L3,15.004522
4812,80.2000,L4,19.236856
4812,80.2000,L5,2.217779
4813,80.2167,L1,5.955245
4813,80.2167,L2,17.348232
4813,80.2167,L3,16.105352
4813,80.2167,L4,16.447765
4813,80.2167,L5,1.143628
4814,80.2333,L1,5.910053
4814,80.2333,L2,15.074076
4814,80.2333,L3,19.067823
4814,80.2333,L4,15.265232
4814,80.2333,L5,2.502694
4815,80.2500,L1,6.188412
4815,80.2500,L2,13.386674
4815,80.2500,L3,19.802049
4815,80.2500,L4,16.391003
4815,80.2500,L5,1.452084
4816,80.2667,L1,5.589763
4816,80.2667,L2,13.915737
4816,80.2667,L3,15.595780
4816,80.2667,L4,17.475002
4816,80.2667,L5,4.365794
4817,80.2833,L1,6.132200
4817,80.2833,L2,13.942430
4817,80.2833,L3,15.499887
4817,80.2833,L4,21.220523
4817,80.2833,L5,1.635828
4818,80.3000,L1,10.077111
4818,80.3000,L2,16.297533
4818,80.3000,L3,13.564061
4818,80.3000,L4,14.823561
4818,80.3000,L5,3.081641
4819,80.3167,L1,6.309991
4819,80.3167,L2,15.124642
4819,80.3167,L3,14.758152
4819,80.3167,L4,15.583903
4819,80.3167,L5,4.120861
4820,80.3333,L1,6.363814
4820,80.3333,L2,17.345825
4820,80.3333,L3,18.914575
4820,80.3333,L4,16.480243
4820,80.3333,L5,0.000000
4821,80.3500,L1,7.114359
4821,80.3500,L2,12.571690
4821,80.3500,L3,16.634729
4821,80.3500,L4,15.452764
4821,80.3500,L5,3.741496
4822,80.3667,L1,6.157586
4822,80.3667,L2,14.754719
4822,80.3667,L3,17.669160
4822,80.3667,L4,18.965746
4822,80.3667,L5,0.678053
4823,80.3833,L1,6.356622
4823,80.3833,L2,11.877422
4823,80.3833,L3,17.253032
4823,80.3833,L4,20.109052
4823,80.3833,L5,3.348554
4824,80.4000,L1,9.107770
4824,80.4000,L2,17.724395
4824,80.4000,L3,16.862930
4824,80.4000,L4,13.394205
4824,80.4000,L5,0.816314
4825,80.4167,L1,5.986947
4825,80.4167,L2,17.337363
4825,80.4167,L3,16.051901
4825,80.4167,L4,15.292493
4825,80.4167,L5,3.927401
4826,80.4333,L1,6.086030
4826,80.4333,L2,13.934258
4826,80.4333,L3,16.737839
4826,80.4333,L4,16.404941
4826,80.4333,L5,3.932014
4827,80.4500,L1,5.684499
4827,80.4500,L2,14.931624
4827,80.4500,L3,19.502221
4827,80.4500,L4,18.025631
4827,80.4500,L5,0.000000
4828,80.4667,L1,9.676413
4828,80.4667,L2,12.941191
4828,80.4667,L3,13.689386
4828,80.4667,L4,18.946173
4828,80.4667,L5,2.253933
4829,80.4833,L1,6.775480
4829,80.4833,L2,17.244924
4829,80.4833,L3,13.331786
4829,80.4833,L4,14.371011
4829,80.4833,L5,4.113933
4830,80.5000,L1,6.842724
4830,80.5000,L2,15.967265
4830,80.5000,L3,16.790612
4830,80.5000,L4,17.049908
4830,80.5000,L5,2.441470
4831,80.5167,L1,6.146880
4831,80.5167,L2,13.845944
4831,80.5167,L3,18.255442
4831,80.5167,L4,15.942489
4831,80.5167,L5,3.014346
4832,80.5333,L1,6.096712
4832,80.5333,L2,11.931283
4832,80.5333,L3,15.638665
4832,80.5333,L4,19.127200
4832,80.5333,L5,2.691294
4833,80.5500,L1,5.984958
4833,80.5500,L2,14.416138
4833,80.5500,L3,16.710174
4833,80.5500,L4,20.132696
4833,80.5500,L5,0.000000
4834,80.5667,L1,8.941627
4834,80.5667,L2,12.745299
4834,80.5667,L3,14.571252
4834,80.5667,L4,18.807486
4834,80.5667,L5,4.119619
4835,80.5833,L1,6.013734
4835,80.5833,L2,18.134660
4835,80.5833,L3,15.691435
4835,80.5833,L4,17.983984
4835,80.5833,L5,0.816727
4836,80.6000,L1,6.214222
4836,80.6000,L2,16.035058
4836,80.6000,L3,13.738584
4836,80.6000,L4,15.372434
4836,80.6000,L5,4.482161
4837,80.6167,L1,5.990287
4837,80.6167,L2,15.780987
4837,80.6167,L3,17.792282
4837,80.6167,L4,15.367373
4837,80.6167,L5,2.632672
4838,80.6333,L1,6.477122
4838,80.6333,L2,12.547761
4838,80.6333,L3,15.682069
4838,80.6333,L4,23.478696
4838,80.6333,L5,1.656823
4839,80.6500,L1,6.280401
4839,80.6500,L2,14.512629
4839,80.6500,L3,14.860471
4839,80.6500,L4,17.490232
4839,80.6500,L5,3.687288
4840,80.6667,L1,9.470928
4840,80.6667,L2,12.758051
4840,80.6667,L3,13.730375
4840,80.6667,L4,16.657813
4840,80.6667,L5,5.196024
4841,80.6833,L1,5.998706
4841,80.6833,L2,18.154223
4841,80.6833,L3,17.151655
4841,80.6833,L4,11.306962
4841,80.6833,L5,3.699647
4842,80.7000,L1,6.262659
4842,80.7000,L2,15.209885
4842,80.7000,L3,17.725231
4842,80.7000,L4,16.099412
4842,80.7000,L5,1.457477
4843,80.7167,L1,6.146377
4843,80.7167,L2,13.579155
4843,80.7167,L3,18.606126
4843,80.7167,L4,18.811650
4843,80.7167,L5,0.000000
4844,80.7333,L1,9.812675
4844,80.7333,L2,12.449985
4844,80.7333,L3,13.673280
4844,80.7333,L4,21.976464
4844,80.7333,L5,3.030044
4845,80.7500,L1,5.931583
4845,80.7500,L2,14.967958
4845,80.7500,L3,16.594916
4845,80.7500,L4,17.121879
4845,80.7500,L5,2.674092
4846,80.7667,L1,7.196718
4846,80.7667,L2,15.325915
4846,80.7667,L3,16.767551
4846,80.7667,L4,10.777170
4846,80.7667,L5,5.802046
4847,80.7833,L1,6.374674
4847,80.7833,L2,13.869958
4847,80.7833,L3,18.003370
4847,80.7833,L4,18.373496
4847,80.7833,L5,2.020979
4848,80.8000,L1,5.985367
4848,80.8000,L2,13.805274
4848,80.8000,L3,15.571612
4848,80.8000,L4,19.281794
4848,80.8000,L5,1.967590
4849,80.8167,L1,5.886168
4849,80.8167,L2,15.071824
4849,80.8167,L3,16.227887
4849,80.8167,L4,18.693022
4849,80.8167,L5,2.708149
4850,80.8333,L1,9.419539
4850,80.8333,L2,15.597271
4850,80.8333,L3,14.395240
4850,80.8333,L4,16.662884
4850,80.8333,L5,1.280547
4851,80.8500,L1,6.032829
4851,80.8500,L2,14.895639
4851,80.8500,L3,17.492940
4851,80.8500,L4,15.643095
4851,80.8500,L5,2.240339
4852,80.8667,L1,6.230469
4852,80.8667,L2,17.877639
4852,80.8667,L3,19.685338
4852,80.8667,L4,16.057248
4852,80.8667,L5,0.667550
4853,80.8833,L1,6.234253
4853,80.8833,L2,12.326969
4853,80.8833,L3,16.573692
4853,80.8833,L4,17.672388
4853,80.8833,L5,4.048690
4854,80.9000,L1,6.233713
4854,80.9000,L2,13.527031
4854,80.9000,L3,16.421519
4854,80.9000,L4,17.123201
4854,80.9000,L5,4.479328
4855,80.9167,L1,7.172533
4855,80.9167,L2,13.560016
4855,80.9167,L3,13.240550
4855,80.9167,L4,17.340901
4855,80.9167,L5,4.559672
4856,80.9333,L1,6.287177
4856,80.9333,L2,12.057457
4856,80.9333,L3,18.802842
4856,80.9333,L4,19.846403
4856,80.9333,L5,0.000000
4857,80.9500,L1,9.201152
4857,80.9500,L2,14.958118
4857,80.9500,L3,15.181129
4857,80.9500,L4,18.237984
4857,80.9500,L5,1.214514
4858,80.9667,L1,6.518899
4858,80.9667,L2,16.109830
4858,80.9667,L3,13.752792
4858,80.9667,L4,14.523044
4858,80.9667,L5,6.238562
4859,80.9833,L1,6.610102
4859,80.9833,L2,15.543687
4859,80.9833,L3,17.349022
4859,80.9833,L4,14.729830
4859,80.9833,L5,3.595720
4860,81.0000,L1,6.031010
4860,81.0000,L2,13.836500
4860,81.0000,L3,19.674626
4860,81.0000,L4,20.035228
4860,81.0000,L5,0.000000
4861,81.0167,L1,5.932684
4861,81.0167,L2,13.533998
4861,81.0167,L3,15.712697
4861,81.0167,L4,17.817899
4861,81.0167,L5,1.791246
4862,81.0333,L1,6.012713
4862,81.0333,L2,15.388484
4862,81.0333,L3,15.003679
4862,81.0333,L4,21.307328
4862,81.0333,L5,1.169532
4863,81.0500,L1,10.211981
4863,81.0500,L2,15.975624
4863,81.0500,L3,16.771631
4863,81.0500,L4,12.262586
4863,81.0500,L5,3.406965
4864,81.0667,L1,5.882184
4864,81.0667,L2,18.302577
4864,81.0667,L3,18.691275
4864,81.0667,L4,10.443385
4864,81.0667,L5,4.719261
4865,81.0833,L1,6.198991
4865,81.0833,L2,12.453295
4865,81.0833,L3,14.976291
4865,81.0833,L4,21.780879
4865,81.0833,L5,0.000000
4866,81.1000,L1,6.541999
4866,81.1000,L2,10.897249
4866,81.1000,L3,17.809271
4866,81.1000,L4,20.396612
4866,81.1000,L5,3.863107
4867,81.1167,L1,6.231300
4867,81.1167,L2,14.754177
4867,81.1167,L3,16.137992
4867,81.1167,L4,16.382498
4867,81.1167,L5,3.194490
4868,81.1333,L1,9.201548
4868,81.1333,L2,13.674209
4868,81.1333,L3,15.928448
4868,81.1333,L4,19.128298
4868,81.1333,L5,0.000000
4869,81.1500,L1,6.145565
4869,81.1500,L2,19.430690
4869,81.1500,L3,14.036807
4869,81.1500,L4,15.734017
4869,81.1500,L5,1.497184
4870,81.1667,L1,5.590017
4870,81.1667,L2,14.804941
4870,81.1667,L3,17.020600
4870,81.1667,L4,18.403291
4870,81.1667,L5,2.195607
4871,81.1833,L1,6.580244
4871,81.1833,L2,13.189429
4871,81.1833,L3,21.214316
4871,81.1833,L4,14.992468
4871,81.1833,L5,2.440466
4872,81.2000,L1,6.583791
4872,81.2000,L2,13.787482
4872,81.2000,L3,15.207571
4872,81.2000,L4,15.821087
4872,81.2000,L5,5.718989
4873,81.2167,L1,6.450290
4873,81.2167,L2,16.106643
4873,81.2167,L3,14.294315
4873,81.2167,L4,22.158135
4873,81.2167,L5,0.669696
4874,81.2333,L1,5.905322
4874,81.2333,L2,12.264681
4874,81.2333,L3,18.163054
4874,81.2333,L4,16.051478
4874,81.2333,L5,3.321653
4875,81.2500,L1,9.134739
4875,81.2500,L2,14.732597
4875,81.2500,L3,13.038415
4875,81.2500,L4,16.925222
4875,81.2500,L5,4.930144
4876,81.2667,L1,6.059880
4876,81.2667,L2,18.757933
4876,81.2667,L3,17.694134
4876,81.2667,L4,13.805375
4876,81.2667,L5,1.584611
4877,81.2833,L1,5.979231
4877,81.2833,L2,15.188068
4877,81.2833,L3,18.079248
4877,81.2833,L4,14.253176
4877,81.2833,L5,4.401135
4878,81.3000,L1,6.218498
4878,81.3000,L2,14.672690
4878,81.3000,L3,17.840424
4878,81.3000,L4,18.839102
4878,81.3000,L5,0.000000
4879,81.3167,L1,6.406947
4879,81.3167,L2,13.485307
4879,81.3167,L3,13.568401
4879,81.3167,L4,21.468583
4879,81.3167,L5,2.833609
4880,81.3333,L1,5.826179
4880,81.3333,L2,13.298176
4880,81.3333,L3,15.583909
4880,81.3333,L4,18.629254
4880,81.3333,L5,4.333449
4881,81.3500,L1,6.065002
4881,81.3500,L2,15.634331
4881,81.3500,L3,16.228000
4881,81.3500,L4,17.373021
4881,81.3500,L5,0.000000
4882,81.3667,L1,9.606208
4882,81.3667,L2,18.963857
4882,81.3667,L3,14.001271
4882,81.3667,L4,12.011203
4882,81.3667,L5,3.660918
4883,81.3833,L1,7.345145
4883,81.3833,L2,11.161949
4883,81.3833,L3,19.707489
4883,81.3833,L4,19.030168
4883,81.3833,L5,1.154398
4884,81.4000,L1,5.758747
4884,81.4000,L2,15.862740
4884,81.4000,L3,17.522760
4884,81.4000,L4,17.792403
4884,81.4000,L5,1.573502
4885,81.4167,L1,6.748314
4885,81.4167,L2,14.623600
4885,81.4167,L3,17.145204
4885,81.4167,L4,14.810062
4885,81.4167,L5,4.610165
4886,81.4333,L1,5.888243
4886,81.4333,L2,11.427424
4886,81.4333,L3,15.228559
4886,81.4333,L4,22.072751
4886,81.4333,L5,2.575384
4887,81.4500,L1,6.181447
4887,81.4500,L2,13.851017
4887,81.4500,L3,15.192023
4887,81.4500,L4,14.182712
4887,81.4500,L5,6.191585
4888,81.4667,L1,9.900130
4888,81.4667,L2,14.725324
4888,81.4667,L3,16.264885
4888,81.4667,L4,16.268623
4888,81.4667,L5,1.685864
4889,81.4833,L1,6.398032
4889,81.4833,L2,16.167292
4889,81.4833,L3,15.419230
4889,81.4833,L4,17.071201
4889,81.4833,L5,1.478376
4890,81.5000,L1,6.292012
4890,81.5000,L2,16.049330
4890,81.5000,L3,20.146931
4890,81.5000,L4,15.449297
4890,81.5000,L5,0.741747
4891,81.5167,L1,6.205909
4891,81.5167,L2,12.448437
4891,81.5167,L3,19.990171
4891,81.5167,L4,17.148192
4891,81.5167,L5,2.335196
4892,81.5333,L1,6.810205
4892,81.5333,L2,12.537655
4892,81.5333,L3,13.330733
4892,81.5333,L4,19.909527
4892,81.5333,L5,4.876421
4893,81.5500,L1,6.954264
4893,81.5500,L2,14.534235
4893,81.5500,L3,15.717391
4893,81.5500,L4,16.248474
4893,81.5500,L5,2.301113
4894,81.5667,L1,9.353677
4894,81.5667,L2,18.245873
4894,81.5667,L3,12.461416
4894,81.5667,L4,13.072008
4894,81.5667,L5,6.044059
4895,81.5833,L1,6.111135
4895,81.5833,L2,15.248891
4895,81.5833,L3,20.545688
4895,81.5833,L4,16.572354
4895,81.5833,L5,0.000000
4896,81.6000,L1,6.212899
4896,81.6000,L2,14.237781
4896,81.6000,L3,17.905788
4896,81.6000,L4,17.486102
4896,81.6000,L5,0.000000
4897,81.6167,L1,6.366812
4897,81.6167,L2,13.489056
4897,81.6167,L3,17.575570
4897,81.6167,L4,17.096129
4897,81.6167,L5,4.826574
4898,81.6333,L1,9.751947
4898,81.6333,L2,12.126143
4898,81.6333,L3,14.263196
4898,81.6333,L4,19.764421
4898,81.6333,L5,2.128317
4899,81.6500,L1,2.971711
4899,81.6500,L2,17.621169
4899,81.6500,L3,17.457744
4899,81.6500,L4,17.737815
4899,81.6500,L5,1.894987
4900,81.6667,L1,9.938136
4900,81.6667,L2,12.571620
4900,81.6667,L3,13.612110
4900,81.6667,L4,16.382099
4900,81.6667,L5,4.501585
4901,81.6833,L1,6.258206
4901,81.6833,L2,15.211516
4901,81.6833,L3,16.542101
4901,81.6833,L4,17.250419
4901,81.6833,L5,0.690527
4902,81.7000,L1,6.658292
4902,81.7000,L2,17.142710
4902,81.7000,L3,19.534570
4902,81.7000,L4,12.677792
4902,81.7000,L5,3.768874
4903,81.7167,L1,5.952902
4903,81.7167,L2,14.343587
4903,81.7167,L3,21.658088
4903,81.7167,L4,15.912824
4903,81.7167,L5,0.000000
4904,81.7333,L1,6.316383
4904,81.7333,L2,14.647877
4904,81.7333,L3,16.566744
4904,81.7333,L4,17.594373
4904,81.7333,L5,2.115036
4905,81.7500,L1,9.554710
4905,81.7500,L2,12.197541
4905,81.7500,L3,11.005110
4905,81.7500,L4,16.653173
4905,81.7500,L5,7.171826
4906,81.7667,L1,6.214986
4906,81.7667,L2,16.913257
4906,81.7667,L3,16.410038
4906,81.7667,L4,18.328026
4906,81.7667,L5,0.000000
4907,81.7833,L1,5.961481
4907,81.7833,L2,16.238699
4907,81.7833,L3,15.772488
4907,81.7833,L4,16.976412
4907,81.7833,L5,1.541978
4908,81.8000,L1,5.887832
4908,81.8000,L2,14.542710
4908,81.8000,L3,22.192659
4908,81.8000,L4,14.583426
4908,81.8000,L5,2.588669
4909,81.8167,L1,6.123510
4909,81.8167,L2,14.455708
4909,81.8167,L3,13.259346
4909,81.8167,L4,17.408054
4909,81.8167,L5,4.236689
4910,81.8333,L1,6.296221
4910,81.8333,L2,13.866453
4910,81.8333,L3,17.560963
4910,81.8333,L4,21.151863
4910,81.8333,L5,0.000000
4911,81.8500,L1,6.310024
4911,81.8500,L2,14.022379
4911,81.8500,L3,15.744824
4911,81.8500,L4,17.465224
4911,81.8500,L5,4.565023
4912,81.8667,L1,10.378328
4912,81.8667,L2,15.128782
4912,81.8667,L3,12.212188
4912,81.8667,L4,14.757860
4912,81.8667,L5,4.110772
4913,81.8833,L1,6.077434
4913,81.8833,L2,14.879024
4913,81.8833,L3,18.717902
4913,81.8833,L4,17.328811
4913,81.8833,L5,0.000000
4914,81.9000,L1,6.312159
4914,81.9000,L2,16.109456
4914,81.9000,L3,13.619706
4914,81.9000,L4,17.588312
4914,81.9000,L5,4.783170
4915,81.9167,L1,6.246943
4915,81.9167,L2,13.493575
4915,81.9167,L3,18.694553
4915,81.9167,L4,20.035660
4915,81.9167,L5,0.000000
4916,81.9333,L1,6.263302
4916,81.9333,L2,14.419738
4916,81.9333,L3,16.393570
4916,81.9333,L4,14.932464
4916,81.9333,L5,5.069363
4917,81.9500,L1,6.477888
4917,81.9500,L2,13.128286
4917,81.9500,L3,15.819207
4917,81.9500,L4,21.003990
4917,81.9500,L5,1.583352
4918,81.9667,L1,9.498675
4918,81.9667,L2,12.940742
4918,81.9667,L3,12.899845
4918,81.9667,L4,15.712820
4918,81.9667,L5,5.090435
4919,81.9833,L1,6.267308
4919,81.9833,L2,18.399879
4919,81.9833,L3,14.390395
4919,81.9833,L4,14.317230
4919,81.9833,L5,3.337886
4920,82.0000,L1,5.979338
4920,82.0000,L2,14.680572
4920,82.0000,L3,19.922797
4920,82.0000,L4,15.919573
4920,82.0000,L5,1.870985
4921,82.0167,L1,6.288437
4921,82.0167,L2,13.712276
4921,82.0167,L3,17.601286
4921,82.0167,L4,19.783135
4921,82.0167,L5,1.896721
4922,82.0333,L1,6.293767
4922,82.0333,L2,13.919660
4922,82.0333,L3,15.419449
4922,82.0333,L4,18.540949
4922,82.0333,L5,2.814165
4923,82.0500,L1,6.362999
4923,82.0500,L2,14.614096
4923,82.0500,L3,17.558557
4923,82.0500,L4,17.524998
4923,82.0500,L5,1.949698
4924,82.0667,L1,9.198055
4924,82.0667,L2,19.810549
4924,82.0667,L3,14.933926
4924,82.0667,L4,11.152568
4924,82.0667,L5,2.449903
4925,82.0833,L1,6.078587
4925,82.0833,L2,12.762507
4925,82.0833,L3,16.977118
4925,82.0833,L4,17.616539
4925,82.0833,L5,3.696569
4926,82.1000,L1,6.717550
4926,82.1000,L2,15.587656
4926,82.1000,L3,19.961827
4926,82.1000,L4,12.030335
4926,82.1000,L5,1.967546
4927,82.1167,L1,6.034724
4927,82.1167,L2,11.582290
4927,82.1167,L3,13.754118
4927,82.1167,L4,23.673828
4927,82.1167,L5,3.717813
4928,82.1333,L1,6.320928
4928,82.1333,L2,14.653293
4928,82.1333,L3,14.803171
4928,82.1333,L4,17.644292
4928,82.1333,L5,2.844329
4929,82.1500,L1,9.053310
4929,82.1500,L2,16.100635
4929,82.1500,L3,16.566312
4929,82.1500,L4,16.369080
4929,82.1500,L5,0.000000
4930,82.1667,L1,6.430153
4930,82.1667,L2,21.214098
4930,82.1667,L3,16.572408
4930,82.1667,L4,15.540911
4930,82.1667,L5,0.000000
4931,82.1833,L1,6.354971
4931,82.1833,L2,12.568484
4931,82.1833,L3,17.805663
4931,82.1833,L4,14.666943
4931,82.1833,L5,3.750238
4932,82.2000,L1,6.311555
4932,82.2000,L2,14.129463
4932,82.2000,L3,13.579853
4932,82.2000,L4,20.363451
4932,82.2000,L5,5.478810
4933,82.2167,L1,6.048284
4933,82.2167,L2,14.552467
4933,82.2167,L3,16.533935
4933,82.2167,L4,17.268727
4933,82.2167,L5,0.000000
4934,82.2333,L1,6.077849
4934,82.2333,L2,13.887319
4934,82.2333,L3,14.690106
4934,82.2333,L4,21.978043
4934,82.2333,L5,2.698949
4935,82.2500,L1,11.140432
4935,82.2500,L2,14.181429
4935,82.2500,L3,13.274004
4935,82.2500,L4,14.791560
4935,82.2500,L5,4.819230
4936,82.2667,L1,6.423366
4936,82.2667,L2,18.717745
4936,82.2667,L3,16.352440
4936,82.2667,L4,16.699785
4936,82.2667,L5,0.000000
4937,82.2833,L1,7.060474
4937,82.2833,L2,14.370824
4937,82.2833,L3,17.482103
4937,82.2833,L4,14.320960
4937,82.2833,L5,4.464066
4938,82.3000,L1,6.857859
4938,82.3000,L2,14.114097
4938,82.3000,L3,17.217703
4938,82.3000,L4,15.889635
4938,82.3000,L5,3.295349
4939,82.3167,L1,6.290276
4939,82.3167,L2,13.126540
4939,82.3167,L3,16.511346
4939,82.3167,L4,18.060152
4939,82.3167,L5,1.890894
4940,82.3333,L1,6.267336
4940,82.3333,L2,13.328335
4940,82.3333,L3,17.471580
4940,82.3333,L4,21.849055
4940,82.3333,L5,0.670364
4941,82.3500,L1,6.833042
4941,82.3500,L2,14.565794
4941,82.3500,L3,16.099787
4941,82.3500,L4,14.696639
4941,82.3500,L5,3.381387
4942,82.3667,L1,5.763950
4942,82.3667,L2,12.942813
4942,82.3667,L3,14.664327
4942,82.3667,L4,20.969714
4942,82.3667,L5,4.548128
4943,82.3833,L1,9.959065
4943,82.3833,L2,14.638721
4943,82.3833,L3,17.349373
4943,82.3833,L4,16.128520
4943,82.3833,L5,0.000000
4944,82.4000,L1,6.289777
4944,82.4000,L2,14.432525
4944,82.4000,L3,16.542821
4944,82.4000,L4,19.057670
4944,82.4000,L5,0.913610
4945,82.4167,L1,6.259165
4945,82.4167,L2,18.669489
4945,82.4167,L3,15.055683
4945,82.4167,L4,14.542430
4945,82.4167,L5,3.579056
4946,82.4333,L1,6.784987
4946,82.4333,L2,11.635749
4946,82.4333,L3,19.802726
4946,82.4333,L4,12.757069
4946,82.4333,L5,5.049835
4947,82.4500,L1,5.953090
4947,82.4500,L2,14.535706
4947,82.4500,L3,16.209021
4947,82.4500,L4,20.687102
4947,82.4500,L5,0.000000
4948,82.4667,L1,6.567677
4948,82.4667,L2,13.253836
4948,82.4667,L3,18.032226
4948,82.4667,L4,18.321485
4948,82.4667,L5,3.679820
4949,82.4833,L1,9.112151
4949,82.4833,L2,15.085076
4949,82.4833,L3,13.433925
4949,82.4833,L4,16.943693
4949,82.4833,L5,2.082513
4950,82.5000,L1,6.393206
4950,82.5000,L2,16.928222
4950,82.5000,L3,13.396884
4950,82.5000,L4,17.860136
4950,82.5000,L5,3.871740
4951,82.5167,L1,6.054722
4951,82.5167,L2,15.956711
4951,82.5167,L3,19.740599
4951,82.5167,L4,13.871329
4951,82.5167,L5,1.687936
4952,82.5333,L1,6.004374
4952,82.5333,L2,14.361893
4952,82.5333,L3,17.073333
4952,82.5333,L4,19.596603
4952,82.5333,L5,0.678874
4953,82.5500,L1,5.924233
4953,82.5500,L2,12.401286
4953,82.5500,L3,17.310749
4953,82.5500,L4,16.573716
4953,82.5500,L5,4.596696
4954,82.5667,L1,6.136403
4954,82.5667,L2,14.192272
4954,82.5667,L3,17.253774
4954,82.5667,L4,18.046088
4954,82.5667,L5,2.251240
4955,82.5833,L1,9.652677
4955,82.5833,L2,12.991244
4955,82.5833,L3,13.493276
4955,82.5833,L4,16.929353
4955,82.5833,L5,3.537396
4956,82.6000,L1,6.009072
4956,82.6000,L2,17.772175
4956,82.6000,L3,14.415136
4956,82.6000,L4,17.803315
4956,82.6000,L5,3.410632
4957,82.6167,L1,5.932260
4957,82.6167,L2,15.511787
4957,82.6167,L3,17.867807
4957,82.6167,L4,14.919893
4957,82.6167,L5,2.009728
4958,82.6333,L1,5.918229
4958,82.6333,L2,16.826488
4958,82.6333,L3,19.646109
4958,82.6333,L4,16.284207
4958,82.6333,L5,0.000000
4959,82.6500,L1,6.116807
4959,82.6500,L2,13.117392
4959,82.6500,L3,16.824567
4959,82.6500,L4,13.403071
4959,82.6500,L5,7.465211
4960,82.6667,L1,6.741057
4960,82.6667,L2,15.176095
4960,82.6667,L3,17.717721
4960,82.6667,L4,16.446675
4960,82.6667,L5,0.000000
4961,82.6833,L1,5.902361
4961,82.6833,L2,14.640523
4961,82.6833,L3,12.840139
4961,82.6833,L4,22.260222
4961,82.6833,L5,1.859977
4962,82.7000,L1,9.275512
4962,82.7000,L2,13.516857
4962,82.7000,L3,16.832077
4962,82.7000,L4,17.068528
4962,82.7000,L5,2.736790
4963,82.7167,L1,7.033064
4963,82.7167,L2,18.527077
4963,82.7167,L3,14.086317
4963,82.7167,L4,16.817157
4963,82.7167,L5,1.096466
4964,82.7333,L1,7.212265
4964,82.7333,L2,13.452415
4964,82.7333,L3,20.061842
4964,82.7333,L4,12.579734
4964,82.7333,L5,2.654084
4965,82.7500,L1,6.083292
4965,82.7500,L2,13.770944
4965,82.7500,L3,16.518076
4965,82.7500,L4,15.864693
4965,82.7500,L5,5.818316
4966,82.7667,L1,5.853350
4966,82.7667,L2,14.625375
4966,82.7667,L3,16.718681
4966,82.7667,L4,19.916431
4966,82.7667,L5,1.364580
4967,82.7833,L1,6.197966
4967,82.7833,L2,16.197873
4967,82.7833,L3,14.607950
4967,82.7833,L4,18.449702
4967,82.7833,L5,2.809144
4968,82.8000,L1,10.319721
4968,82.8000,L2,11.255063
4968,82.8000,L3,14.891214
4968,82.8000,L4,16.593610
4968,82.8000,L5,3.479561
4969,82.8167,L1,6.740097
4969,82.8167,L2,15.371467
4969,82.8167,L3,17.507106
4969,82.8167,L4,16.628110
4969,82.8167,L5,2.376228
4970,82.8333,L1,6.186513
4970,82.8333,L2,17.054180
4970,82.8333,L3,14.552692
4970,82.8333,L4,18.424215
4970,82.8333,L5,0.000000
4971,82.8500,L1,6.361438
4971,82.8500,L2,18.515466
4971,82.8500,L3,18.725827
4971,82.8500,L4,16.138468
4971,82.8500,L5,0.000000
4972,82.8667,L1,6.626241
4972,82.8667,L2,11.746637
4972,82.8667,L3,16.998926
4972,82.8667,L4,14.837963
4972,82.8667,L5,6.589338
4973,82.8833,L1,6.287977
4973,82.8833,L2,13.090981
4973,82.8833,L3,17.336070
4973,82.8833,L4,21.604572
4973,82.8833,L5,0.000000
4974,82.9000,L1,6.747094
4974,82.9000,L2,12.994693
4974,82.9000,L3,16.953213
4974,82.9000,L4,11.864635
4974,82.9000,L5,6.431232
4975,82.9167,L1,9.440707
4975,82.9167,L2,15.655915
4975,82.9167,L3,15.333134
4975,82.9167,L4,18.923190
4975,82.9167,L5,0.955504
4976,82.9333,L1,6.250861
4976,82.9333,L2,16.240118
4976,82.9333,L3,14.190501
4976,82.9333,L4,15.857092
4976,82.9333,L5,2.502812
4977,82.9500,L1,6.224056
4977,82.9500,L2,17.320091
4977,82.9500,L3,14.709267
4977,82.9500,L4,18.350012
4977,82.9500,L5,2.461127
4978,82.9667,L1,7.070057
4978,82.9667,L2,12.702023
4978,82.9667,L3,20.122508
4978,82.9667,L4,15.605285
4978,82.9667,L5,2.020451
4979,82.9833,L1,6.548673
4979,82.9833,L2,13.981327
4979,82.9833,L3,15.384414
4979,82.9833,L4,20.992964
4979,82.9833,L5,2.078219
4980,83.0000,L1,5.744014
4980,83.0000,L2,14.159111
4980,83.0000,L3,14.164894
4980,83.0000,L4,17.598631
4980,83.0000,L5,5.377446
4981,83.0167,L1,9.253633
4981,83.0167,L2,17.126874
4981,83.0167,L3,17.243677
4981,83.0167,L4,11.383882
4981,83.0167,L5,1.336571
4982,83.0333,L1,6.400921
4982,83.0333,L2,17.279265
4982,83.0333,L3,13.056243
4982,83.0333,L4,16.415633
4982,83.0333,L5,4.193546
4983,83.0500,L1,6.083545
4983,83.0500,L2,15.418472
4983,83.0500,L3,16.625451
4983,83.0500,L4,17.082233
4983,83.0500,L5,2.934964
4984,83.0667,L1,6.638951
4984,83.0667,L2,14.857146
4984,83.0667,L3,20.972188
4984,83.0667,L4,15.149828
4984,83.0667,L5,0.915011
4985,83.0833,L1,6.177022
4985,83.0833,L2,13.963550
4985,83.0833,L3,16.829142
4985,83.0833,L4,18.428689
4985,83.0833,L5,2.016100
4986,83.1000,L1,5.984155
4986,83.1000,L2,13.031607
4986,83.1000,L3,14.342945
4986,83.1000,L4,19.131102
4986,83.1000,L5,5.769796
4987,83.1167,L1,6.038127
4987,83.1167,L2,15.736692
4987,83.1167,L3,16.876655
4987,83.1167,L4,17.844629
4987,83.1167,L5,0.000000
4988,83.1333,L1,9.365904
4988,83.1333,L2,14.211658
4988,83.1333,L3,17.946427
4988,83.1333,L4,13.912816
4988,83.1333,L5,1.898377
4989,83.1500,L1,6.795122
4989,83.1500,L2,17.833859
4989,83.1500,L3,19.568729
4989,83.1500,L4,13.070887
4989,83.1500,L5,1.888603
4990,83.1667,L1,6.321771
4990,83.1667,L2,15.930537
4990,83.1667,L3,15.475989
4990,83.1667,L4,15.159291
4990,83.1667,L5,4.700595
4991,83.1833,L1,6.160173
4991,83.1833,L2,12.539055
4991,83.1833,L3,15.757223
4991,83.1833,L4,20.997634
4991,83.1833,L5,1.583174
4992,83.2000,L1,6.871191
4992,83.2000,L2,14.245218
4992,83.2000,L3,15.699491
4992,83.2000,L4,17.842336
4992,83.2000,L5,2.067552
4993,83.2167,L1,9.210009
4993,83.2167,L2,15.869565
4993,83.2167,L3,14.571368
4993,83.2167,L4,17.288245
4993,83.2167,L5,1.589931
4994,83.2333,L1,6.073145
4994,83.2333,L2,15.887985
4994,83.2333,L3,17.416538
4994,83.2333,L4,15.965879
4994,83.2333,L5,2.282037
4995,83.2500,L1,6.832762
4995,83.2500,L2,12.412829
4995,83.2500,L3,16.940063
4995,83.2500,L4,14.737503
4995,83.2500,L5,6.636619
4996,83.2667,L1,6.382088
4996,83.2667,L2,16.517826
4996,83.2667,L3,17.043595
4996,83.2667,L4,16.863539
4996,83.2667,L5,0.592472
4997,83.2833,L1,6.508498
4997,83.2833,L2,11.620723
4997,83.2833,L3,18.192899
4997,83.2833,L4,19.078327
4997,83.2833,L5,2.354746
4998,83.3000,L1,6.196821
4998,83.3000,L2,12.173740
4998,83.3000,L3,17.882057
4998,83.3000,L4,17.503837
4998,83.3000,L5,2.547981
4999,83.3167,L1,9.910261
4999,83.3167,L2,12.494157
4999,83.3167,L3,15.030851
4999,83.3167,L4,18.703703
4999,83.3167,L5,3.204700
5000,83.3333,L1,6.111117
5000,83.3333,L2,15.303816
5000,83.3333,L3,16.937984
5000,83.3333,L4,18.461360
5000,83.3333,L5,0.000000
5001,83.3500,L1,6.235957
5001,83.3500,L2,14.968620
5001,83.3500,L3,14.686014
5001,83.3500,L4,15.132923
5001,83.3500,L5,7.365642
5002,83.3667,L1,7.042173
5002,83.3667,L2,14.766930
5002,83.3667,L3,15.679540
5002,83.3667,L4,15.896766
5002,83.3667,L5,2.728496
5003,83.3833,L1,6.042708
5003,83.3833,L2,16.368632
5003,83.3833,L3,14.693334
5003,83.3833,L4,17.058798
5003,83.3833,L5,1.896677
5004,83.4000,L1,6.297560
5004,83.4000,L2,17.918805
5004,83.4000,L3,20.338952
5004,83.4000,L4,12.716245
5004,83.4000,L5,0.660618
5005,83.4167,L1,6.507918
5005,83.4167,L2,13.755249
5005,83.4167,L3,16.708504
5005,83.4167,L4,20.877164
5005,83.4167,L5,2.370067
5006,83.4333,L1,5.939828
5006,83.4333,L2,13.531939
5006,83.4333,L3,18.338681
5006,83.4333,L4,16.100476
5006,83.4333,L5,2.882028
5007,83.4500,L1,6.017519
5007,83.4500,L2,14.932114
5007,83.4500,L3,14.428113
5007,83.4500,L4,19.664429
5007,83.4500,L5,3.399549
5008,83.4667,L1,6.389310
5008,83.4667,L2,12.576850
5008,83.4667,L3,17.747038
5008,83.4667,L4,14.542128
5008,83.4667,L5,3.897167
5009,83.4833,L1,10.150270
5009,83.4833,L2,13.900561
5009,83.4833,L3,14.534235
5009,83.4833,L4,16.913052
5009,83.4833,L5,3.139009
5010,83.5000,L1,6.756409
5010,83.5000,L2,15.992496
5010,83.5000,L3,16.841348
5010,83.5000,L4,16.800730
5010,83.5000,L5,2.270241
5011,83.5167,L1,5.783258
5011,83.5167,L2,12.606452
5011,83.5167,L3,18.411025
5011,83.5167,L4,17.330699
5011,83.5167,L5,1.812910
5012,83.5333,L1,6.520357
5012,83.5333,L2,19.529192
5012,83.5333,L3,16.863643
5012,83.5333,L4,15.111120
5012,83.5333,L5,1.677572
5013,83.5500,L1,6.146360
5013,83.5500,L2,14.701750
5013,83.5500,L3,17.366778
5013,83.5500,L4,14.012241
5013,83.5500,L5,3.908994
5014,83.5667,L1,6.846975
5014,83.5667,L2,13.864846
5014,83.5667,L3,16.667278
5014,83.5667,L4,17.907802
5014,83.5667,L5,2.740996
5015,83.5833,L1,6.777036
5015,83.5833,L2,15.112693
5015,83.5833,L3,16.455306
5015,83.5833,L4,17.198496
5015,83.5833,L5,2.232452
5016,83.6000,L1,6.857277
5016,83.6000,L2,12.154039
5016,83.6000,L3,12.911826
5016,83.6000,L4,23.639903
5016,83.6000,L5,2.065485
5017,83.6167,L1,9.839705
5017,83.6167,L2,14.121385
5017,83.6167,L3,15.679917
5017,83.6167,L4,17.661305
5017,83.6167,L5,0.000000
5018,83.6333,L1,6.755607
5018,83.6333,L2,16.273099
5018,83.6333,L3,13.143190
5018,83.6333,L4,14.623130
5018,83.6333,L5,7.291069
5019,83.6500,L1,6.097048
5019,83.6500,L2,14.591840
5019,83.6500,L3,14.849797
5019,83.6500,L4,17.756327
5019,83.6500,L5,3.355259
5020,83.6667,L1,5.908679
5020,83.6667,L2,15.453035
5020,83.6667,L3,17.772946
5020,83.6667,L4,18.221582
5020,83.6667,L5,1.117196
5021,83.6833,L1,6.282225
5021,83.6833,L2,13.983437
5021,83.6833,L3,18.203422
5021,83.6833,L4,18.243641
5021,83.6833,L5,1.543966
5022,83.7000,L1,6.258484
5022,83.7000,L2,13.871005
5022,83.7000,L3,18.386648
5022,83.7000,L4,14.249206
5022,83.7000,L5,3.152169
5023,83.7167,L1,6.177998
5023,83.7167,L2,13.970155
5023,83.7167,L3,13.716054
5023,83.7167,L4,24.270275
5023,83.7167,L5,0.842881
5024,83.7333,L1,9.139305
5024,83.7333,L2,17.379715
5024,83.7333,L3,13.969367
5024,83.7333,L4,14.720736
5024,83.7333,L5,2.607663
5025,83.7500,L1,6.566592
5025,83.7500,L2,12.716970
5025,83.7500,L3,17.188312
5025,83.7500,L4,18.015542
5025,83.7500,L5,1.757823
5026,83.7667,L1,6.467973
5026,83.7667,L2,17.200165
5026,83.7667,L3,14.829435
5026,83.7667,L4,15.678347
5026,83.7667,L5,3.840477
5027,83.7833,L1,6.073157
5027,83.7833,L2,13.201480
5027,83.7833,L3,20.097115
5027,83.7833,L4,17.941391
5027,83.7833,L5,1.394488
5028,83.8000,L1,5.948181
5028,83.8000,L2,12.537569
5028,83.8000,L3,20.211213
5028,83.8000,L4,16.738960
5028,83.8000,L5,1.797106
5029,83.8167,L1,5.805962
5029,83.8167,L2,13.553968
5029,83.8167,L3,16.587625
5029,83.8167,L4,14.965508
5029,83.8167,L5,5.409927
5030,83.8333,L1,6.171757
5030,83.8333,L2,13.476226
5030,83.8333,L3,15.833182
5030,83.8333,L4,21.349919
5030,83.8333,L5,1.231468
5031,83.8500,L1,9.274477
5031,83.8500,L2,12.031944
5031,83.8500,L3,14.920740
5031,83.8500,L4,17.201332
5031,83.8500,L5,4.650974
5032,83.8667,L1,5.982607
5032,83.8667,L2,15.062602
5032,83.8667,L3,13.691318
5032,83.8667,L4,20.451698
5032,83.8667,L5,1.594784
5033,83.8833,L1,6.383647
5033,83.8833,L2,17.421378
5033,83.8833,L3,18.185082
5033,83.8833,L4,12.747955
5033,83.8833,L5,2.378503
5034,83.9000,L1,6.000066
5034,83.9000,L2,14.033136
5034,83.9000,L3,19.738658
5034,83.9000,L4,18.186112
5034,83.9000,L5,1.468917
5035,83.9167,L1,6.239131
5035,83.9167,L2,14.821539
5035,83.9167,L3,16.086935
5035,83.9167,L4,17.356312
5035,83.9167,L5,1.745513
5036,83.9333,L1,6.824982
5036,83.9333,L2,13.656523
5036,83.9333,L3,14.170301
5036,83.9333,L4,18.227448
5036,83.9333,L5,4.810599
5037,83.9500,L1,6.318050
5037,83.9500,L2,15.154861
5037,83.9500,L3,15.463117
5037,83.9500,L4,18.850717
5037,83.9500,L5,1.744281
5038,83.9667,L1,9.741961
5038,83.9667,L2,14.668613
5038,83.9667,L3,13.996152
5038,83.9667,L4,16.654060
5038,83.9667,L5,3.789408
5039,83.9833,L1,6.324245
5039,83.9833,L2,15.824572
5039,83.9833,L3,16.489157
5039,83.9833,L4,17.143831
5039,83.9833,L5,0.000000
5040,84.0000,L1,6.531037
5040,84.0000,L2,15.215891
5040,84.0000,L3,19.533383
5040,84.0000,L4,14.756323
5040,84.0000,L5,2.503630
5041,84.0167,L1,6.184236
5041,84.0167,L2,12.590443
5041,84.0167,L3,16.932972
5041,84.0167,L4,16.643287
5041,84.0167,L5,5.009542
5042,84.0333,L1,5.919102
5042,84.0333,L2,13.109760
5042,84.0333,L3,15.136447
5042,84.0333,L4,19.320834
5042,84.0333,L5,2.716774
5043,84.0500,L1,8.992975
5043,84.0500,L2,14.296339
5043,84.0500,L3,13.731713
5043,84.0500,L4,15.656687
5043,84.0500,L5,5.528984
5044,84.0667,L1,2.824931
5044,84.0667,L2,16.701200
5044,84.0667,L3,18.931469
5044,84.0667,L4,18.787839
5044,84.0667,L5,0.000000
5045,84.0833,L1,9.080974
5045,84.0833,L2,16.323236
5045,84.0833,L3,13.031002
5045,84.0833,L4,18.041384
5045,84.0833,L5,0.894965
5046,84.1000,L1,6.138853
5046,84.1000,L2,15.422899
5046,84.1000,L3,20.817666
5046,84.1000,L4,14.126024
5046,84.1000,L5,3.006453
5047,84.1167,L1,6.666727
5047,84.1167,L2,11.922582
5047,84.1167,L3,14.362213
5047,84.1167,L4,22.036211
5047,84.1167,L5,2.733283
5048,84.1333,L1,5.731853
5048,84.1333,L2,12.175989
5048,84.1333,L3,16.254691
5048,84.1333,L4,19.241041
5048,84.1333,L5,2.908167
5049,84.1500,L1,9.029524
5049,84.1500,L2,13.677885
5049,84.1500,L3,17.056462
5049,84.1500,L4,16.497715
5049,84.1500,L5,1.792342
5050,84.1667,L1,6.091502
5050,84.1667,L2,18.028637
5050,84.1667,L3,15.054553
5050,84.1667,L4,13.533768
5050,84.1667,L5,4.319196
5051,84.1833,L1,5.837440
5051,84.1833,L2,15.437775
5051,84.1833,L3,17.963842
5051,84.1833,L4,19.336384
5051,84.1833,L5,0.000000
5052,84.2000,L1,6.660919
5052,84.2000,L2,12.774524
5052,84.2000,L3,13.240297
5052,84.2000,L4,17.816311
5052,84.2000,L5,5.249942
5053,84.2167,L1,5.978024
5053,84.2167,L2,13.839981
5053,84.2167,L3,18.108402
5053,84.2167,L4,21.548134
5053,84.2167,L5,0.000000
5054,84.2333,L1,6.635063
5054,84.2333,L2,12.800586
5054,84.2333,L3,14.596628
5054,84.2333,L4,16.823960
5054,84.2333,L5,5.278225
5055,84.2500,L1,10.497959
5055,84.2500,L2,19.915830
5055,84.2500,L3,14.564090
5055,84.2500,L4,12.209360
5055,84.2500,L5,1.383469
5056,84.2667,L1,5.894414
5056,84.2667,L2,15.415249
5056,84.2667,L3,17.689103
5056,84.2667,L4,17.291669
5056,84.2667,L5,1.215236
5057,84.2833,L1,6.676650
5057,84.2833,L2,14.440735
5057,84.2833,L3,14.296875
5057,84.2833,L4,19.832391
5057,84.2833,L5,2.704625
5058,84.3000,L1,6.269858
5058,84.3000,L2,12.463738
5058,84.3000,L3,21.320936
5058,84.3000,L4,16.285469
5058,84.3000,L5,1.031332
5059,84.3167,L1,5.719860
5059,84.3167,L2,15.380553
5059,84.3167,L3,14.068423
5059,84.3167,L4,19.250763
5059,84.3167,L5,1.853714
5060,84.3333,L1,5.873155
5060,84.3333,L2,14.814413
5060,84.3333,L3,16.218711
5060,84.3333,L4,14.758942
5060,84.3333,L5,5.831644
5061,84.3500,L1,8.700085
5061,84.3500,L2,11.120219
5061,84.3500,L3,14.667221
5061,84.3500,L4,22.514139
5061,84.3500,L5,2.124220
5062,84.3667,L1,3.038169
5062,84.3667,L2,16.174521
5062,84.3667,L3,15.225587
5062,84.3667,L4,18.822949
5062,84.3667,L5,3.381191
5063,84.3833,L1,8.960167
5063,84.3833,L2,13.465174
5063,84.3833,L3,18.505045
5063,84.3833,L4,14.633366
5063,84.3833,L5,1.279274
5064,84.4000,L1,6.049674
5064,84.4000,L2,18.348279
5064,84.4000,L3,16.837349
5064,84.4000,L4,13.744026
5064,84.4000,L5,4.712308
5065,84.4167,L1,5.975688
5065,84.4167,L2,17.392410
5065,84.4167,L3,15.615693
5065,84.4167,L4,17.254765
5065,84.4167,L5,1.073301
5066,84.4333,L1,5.986006
5066,84.4333,L2,14.848943
5066,84.4333,L3,14.728197
5066,84.4333,L4,15.247577
5066,84.4333,L5,4.531383
5067,84.4500,L1,6.235045
5067,84.4500,L2,13.731482
5067,84.4500,L3,20.556011
5067,84.4500,L4,12.077870
5067,84.4500,L5,4.911210
5068,84.4667,L1,6.127882
5068,84.4667,L2,12.150553
5068,84.4667,L3,14.236363
5068,84.4667,L4,22.673179
5068,84.4667,L5,1.667332
5069,84.4833,L1,9.793730
5069,84.4833,L2,16.217797
5069,84.4833,L3,14.594383
5069,84.4833,L4,14.573922
5069,84.4833,L5,4.638365
5070,84.5000,L1,5.655053
5070,84.5000,L2,16.372143
5070,84.5000,L3,16.989771
5070,84.5000,L4,14.449530
5070,84.5000,L5,2.454173
5071,84.5167,L1,5.993676
5071,84.5167,L2,16.356774
5071,84.5167,L3,18.576741
5071,84.5167,L4,14.397719
5071,84.5167,L5,3.434920
5072,84.5333,L1,6.641072
5072,84.5333,L2,12.810229
5072,84.5333,L3,20.799796
5072,84.5333,L4,17.529866
5072,84.5333,L5,0.000000
5073,84.5500,L1,9.212337
5073,84.5500,L2,12.507599
5073,84.5500,L3,13.817073
5073,84.5500,L4,18.921468
5073,84.5500,L5,3.506787
5074,84.5667,L1,7.106670
5074,84.5667,L2,16.043070
5074,84.5667,L3,14.950807
5074,84.5667,L4,14.059828
5074,84.5667,L5,5.541996
5075,84.5833,L1,6.210897
5075,84.5833,L2,16.773202
5075,84.5833,L3,16.751060
5075,84.5833,L4,17.905628
5075,84.5833,L5,0.000000
5076,84.6000,L1,5.694588
5076,84.6000,L2,12.472933
5076,84.6000,L3,16.637256
5076,84.6000,L4,19.744294
5076,84.6000,L5,1.406250
5077,84.6167,L1,6.673927
5077,84.6167,L2,12.822398
5077,84.6167,L3,17.556050
5077,84.6167,L4,16.327156
5077,84.6167,L5,5.835988
5078,84.6333,L1,5.864280
5078,84.6333,L2,13.649904
5078,84.6333,L3,17.690275
5078,84.6333,L4,20.493664
5078,84.6333,L5,0.000000
5079,84.6500,L1,6.196165
5079,84.6500,L2,13.795033
5079,84.6500,L3,17.235606
5079,84.6500,L4,17.510815
5079,84.6500,L5,2.786146
5080,84.6667,L1,9.111808
5080,84.6667,L2,18.932241
5080,84.6667,L3,12.699318
5080,84.6667,L4,12.141732
5080,84.6667,L5,4.128168
5081,84.6833,L1,6.281315
5081,84.6833,L2,14.649278
5081,84.6833,L3,17.400008
5081,84.6833,L4,17.834606
5081,84.6833,L5,1.708967
5082,84.7000,L1,5.918206
5082,84.7000,L2,14.179654
5082,84.7000,L3,18.235255
5082,84.7000,L4,16.662296
5082,84.7000,L5,1.879767
5083,84.7167,L1,6.485229
5083,84.7167,L2,11.170318
5083,84.7167,L3,16.099438
5083,84.7167,L4,20.005122
5083,84.7167,L5,2.259509
5084,84.7333,L1,9.252891
5084,84.7333,L2,12.901737
5084,84.7333,L3,16.918435
5084,84.7333,L4,16.744806
5084,84.7333,L5,4.700797
5085,84.7500,L1,5.953680
5085,84.7500,L2,16.968198
5085,84.7500,L3,18.631189
5085,84.7500,L4,14.690704
5085,84.7500,L5,0.932428
5086,84.7667,L1,6.611146
5086,84.7667,L2,17.918014
5086,84.7667,L3,14.076731
5086,84.7667,L4,14.663156
5086,84.7667,L5,3.836955
5087,84.7833,L1,6.164289
5087,84.7833,L2,13.628952
5087,84.7833,L3,18.844000
5087,84.7833,L4,15.989734
5087,84.7833,L5,1.703773
5088,84.8000,L1,6.623611
5088,84.8000,L2,12.530341
5088,84.8000,L3,19.926334
5088,84.8000,L4,18.005353
5088,84.8000,L5,2.151031
5089,84.8167,L1,6.111218
5089,84.8167,L2,13.928598
5089,84.8167,L3,19.324358
5089,84.8167,L4,16.385782
5089,84.8167,L5,0.489394
5090,84.8333,L1,9.490209
5090,84.8333,L2,16.162677
5090,84.8333,L3,12.039565
5090,84.8333,L4,20.236259
5090,84.8333,L5,1.148296
5091,84.8500,L1,6.093526
5091,84.8500,L2,19.073433
5091,84.8500,L3,14.069928
5091,84.8500,L4,12.474709
5091,84.8500,L5,4.402841
5092,84.8667,L1,6.501086
5092,84.8667,L2,13.301118
5092,84.8667,L3,17.325687
5092,84.8667,L4,16.818033
5092,84.8667,L5,4.064721
5093,84.8833,L1,6.150636
5093,84.8833,L2,14.484428
5093,84.8833,L3,18.545380
5093,84.8833,L4,14.916973
5093,84.8833,L5,2.960644
5094,84.9000,L1,5.885184
5094,84.9000,L2,11.600685
5094,84.9000,L3,16.319832
5094,84.9000,L4,23.119052
5094,84.9000,L5,0.000000
5095,84.9167,L1,6.138360
5095,84.9167,L2,15.372512
5095,84.9167,L3,16.997629
5095,84.9167,L4,17.296317
5095,84.9167,L5,0.962832
5096,84.9333,L1,9.526058
5096,84.9333,L2,18.706506
5096,84.9333,L3,13.310306
5096,84.9333,L4,13.430904
5096,84.9333,L5,5.234934
5097,84.9500,L1,5.702599
5097,84.9500,L2,15.776199
5097,84.9500,L3,21.101056
5097,84.9500,L4,15.648596
5097,84.9500,L5,0.000000
5098,84.9667,L1,5.564358
5098,84.9667,L2,13.223492
5098,84.9667,L3,14.149380
5098,84.9667,L4,20.217563
5098,84.9667,L5,3.748125
5099,84.9833,L1,5.996916
5099,84.9833,L2,12.242068
5099,84.9833,L3,18.874083
5099,84.9833,L4,16.124999
5099,84.9833,L5,4.131450
5100,85.0000,L1,8.824579
5100,85.0000,L2,16.780978
5100,85.0000,L3,16.730741
5100,85.0000,L4,15.297188
5100,85.0000,L5,0.000000
5101,85.0167,L1,6.069285
5101,85.0167,L2,17.078788
5101,85.0167,L3,17.942653
5101,85.0167,L4,13.063783
5101,85.0167,L5,3.360394
5102,85.0333,L1,6.567594
5102,85.0333,L2,13.973331
5102,85.0333,L3,17.843503
5102,85.0333,L4,15.299645
5102,85.0333,L5,4.731423
5103,85.0500,L1,5.760642
5103,85.0500,L2,11.273326
5103,85.0500,L3,15.814684
5103,85.0500,L4,17.663648
5103,85.0500,L5,4.413630
5104,85.0667,L1,9.524682
5104,85.0667,L2,14.213097
5104,85.0667,L3,14.665815
5104,85.0667,L4,19.074850
5104,85.0667,L5,1.358055
5105,85.0833,L1,6.569740
5105,85.0833,L2,19.361622
5105,85.0833,L3,12.008662
5105,85.0833,L4,16.787343
5105,85.0833,L5,2.157990
5106,85.1000,L1,5.844519
5106,85.1000,L2,17.091273
5106,85.1000,L3,16.991721
5106,85.1000,L4,17.549961
5106,85.1000,L5,1.870034
5107,85.1167,L1,6.082714
5107,85.1167,L2,11.446046
5107,85.1167,L3,20.606113
5107,85.1167,L4,12.053302
5107,85.1167,L5,6.071490
5108,85.1333,L1,5.994221
5108,85.1333,L2,11.819373
5108,85.1333,L3,16.737408
5108,85.1333,L4,22.510650
5108,85.1333,L5,0.973648
5109,85.1500,L1,9.162480
5109,85.1500,L2,13.845978
5109,85.1500,L3,15.717577
5109,85.1500,L4,14.540977
5109,85.1500,L5,4.309208
5110,85.1667,L1,6.438398
5110,85.1667,L2,17.084875
5110,85.1667,L3,11.470775
5110,85.1667,L4,19.041961
5110,85.1667,L5,2.638192
5111,85.1833,L1,6.374582
5111,85.1833,L2,15.855034
5111,85.1833,L3,18.983145
5111,85.1833,L4,14.911365
5111,85.1833,L5,1.081855
5112,85.2000,L1,5.982698
5112,85.2000,L2,13.981254
5112,85.2000,L3,20.429834
5112,85.2000,L4,14.595919
5112,85.2000,L5,4.223763
5113,85.2167,L1,6.231566
5113,85.2167,L2,13.011339
5113,85.2167,L3,12.648505
5113,85.2167,L4,21.667923
5113,85.2167,L5,4.219196
5114,85.2333,L1,9.137678
5114,85.2333,L2,14.191456
5114,85.2333,L3,17.778898
5114,85.2333,L4,15.687166
5114,85.2333,L5,0.981055
5115,85.2500,L1,6.006590
5115,85.2500,L2,19.623041
5115,85.2500,L3,15.320951
5115,85.2500,L4,13.937499
5115,85.2500,L5,2.118877
5116,85.2667,L1,5.986038
5116,85.2667,L2,13.815134
5116,85.2667,L3,19.141422
5116,85.2667,L4,15.635693
5116,85.2667,L5,2.711793
5117,85.2833,L1,5.574766
5117,85.2833,L2,14.345701
5117,85.2833,L3,14.400784
5117,85.2833,L4,20.015258
5117,85.2833,L5,4.207992
5118,85.3000,L1,6.344595
5118,85.3000,L2,13.281812
5118,85.3000,L3,22.670578
5118,85.3000,L4,12.890844
5118,85.3000,L5,0.563768
5119,85.3167,L1,5.996040
5119,85.3167,L2,13.384762
5119,85.3167,L3,15.192556
5119,85.3167,L4,22.047474
5119,85.3167,L5,0.915858
5120,85.3333,L1,9.000562
5120,85.3333,L2,16.367260
5120,85.3333,L3,15.695962
5120,85.3333,L4,15.365505
5120,85.3333,L5,3.248634
5121,85.3500,L1,6.562360
5121,85.3500,L2,16.868475
5121,85.3500,L3,15.989426
5121,85.3500,L4,15.126189
5121,85.3500,L5,1.121065
5122,85.3667,L1,6.041579
5122,85.3667,L2,13.171515
5122,85.3667,L3,19.470853
5122,85.3667,L4,15.017359
5122,85.3667,L5,4.010655
5123,85.3833,L1,6.474930
5123,85.3833,L2,14.068183
5123,85.3833,L3,15.123118
5123,85.3833,L4,17.430441
5123,85.3833,L5,3.983474
5124,85.4000,L1,6.079902
5124,85.4000,L2,13.090028
5124,85.4000,L3,16.478645
5124,85.4000,L4,19.529721
5124,85.4000,L5,3.837532
5125,85.4167,L1,9.174718
5125,85.4167,L2,17.520025
5125,85.4167,L3,13.593711
5125,85.4167,L4,15.951430
5125,85.4167,L5,0.945010
5126,85.4333,L1,5.956367
5126,85.4333,L2,15.002189
5126,85.4333,L3,20.053164
5126,85.4333,L4,16.103626
5126,85.4333,L5,1.656847
5127,85.4500,L1,6.103435
5127,85.4500,L2,15.617571
5127,85.4500,L3,17.185204
5127,85.4500,L4,15.446584
5127,85.4500,L5,1.030493
5128,85.4667,L1,5.728871
5128,85.4667,L2,12.493093
5128,85.4667,L3,11.721310
5128,85.4667,L4,22.675215
5128,85.4667,L5,6.217237
5129,85.4833,L1,6.508058
5129,85.4833,L2,14.366513
5129,85.4833,L3,16.674917
5129,85.4833,L4,17.478586
5129,85.4833,L5,2.408195
5130,85.5000,L1,9.034207
5130,85.5000,L2,11.651311
5130,85.5000,L3,17.149452
5130,85.5000,L4,16.317841
5130,85.5000,L5,3.766878
5131,85.5167,L1,6.473298
5131,85.5167,L2,15.459094
5131,85.5167,L3,14.810726
5131,85.5167,L4,13.971191
5131,85.5167,L5,5.287765
5132,85.5333,L1,6.384158
5132,85.5333,L2,15.133257
5132,85.5333,L3,14.601942
5132,85.5333,L4,19.565023
5132,85.5333,L5,1.491928
5133,85.5500,L1,6.058506
5133,85.5500,L2,16.157234
5133,85.5500,L3,22.083847
5133,85.5500,L4,14.623268
5133,85.5500,L5,0.000000
5134,85.5667,L1,6.109142
5134,85.5667,L2,14.503633
5134,85.5667,L3,16.630129
5134,85.5667,L4,17.329517
5134,85.5667,L5,1.123329
5135,85.5833,L1,6.396963
5135,85.5833,L2,12.212537
5135,85.5833,L3,14.649796
5135,85.5833,L4,22.207166
5135,85.5833,L5,5.128248
5136,85.6000,L1,5.899187
5136,85.6000,L2,14.096316
5136,85.6000,L3,15.787140
5136,85.6000,L4,16.069517
5136,85.6000,L5,3.777814
5137,85.6167,L1,8.655291
5137,85.6167,L2,17.256715
5137,85.6167,L3,14.970845
5137,85.6167,L4,16.373623
5137,85.6167,L5,0.540764
5138,85.6333,L1,6.245099
5138,85.6333,L2,16.357023
5138,85.6333,L3,18.649044
5138,85.6333,L4,11.818524
5138,85.6333,L5,4.708503
5139,85.6500,L1,6.114478
5139,85.6500,L2,14.217564
5139,85.6500,L3,13.654894
5139,85.6500,L4,23.814125
5139,85.6500,L5,1.576910
5140,85.6667,L1,8.545107
5140,85.6667,L2,15.241652
5140,85.6667,L3,15.762528
5140,85.6667,L4,14.484899
5140,85.6667,L5,2.797636
5141,85.6833,L1,6.046161
5141,85.6833,L2,18.016543
5141,85.6833,L3,15.940227
5141,85.6833,L4,16.485225
5141,85.6833,L5,1.398983
5142,85.7000,L1,5.836623
5142,85.7000,L2,12.486248
5142,85.7000,L3,20.230039
5142,85.7000,L4,14.238102
5142,85.7000,L5,4.853118
5143,85.7167,L1,6.444592
5143,85.7167,L2,13.331329
5143,85.7167,L3,16.165979
5143,85.7167,L4,16.498283
5143,85.7167,L5,2.633650
5144,85.7333,L1,5.876853
5144,85.7333,L2,13.340473
5144,85.7333,L3,18.344702
5144,85.7333,L4,19.381307
5144,85.7333,L5,2.277183
5145,85.7500,L1,8.643913
5145,85.7500,L2,14.480893
5145,85.7500,L3,13.921961
5145,85.7500,L4,19.771069
5145,85.7500,L5,1.704633
5146,85.7667,L1,6.251865
5146,85.7667,L2,19.546810
5146,85.7667,L3,12.231245
5146,85.7667,L4,12.078175
5146,85.7667,L5,6.424221
5147,85.7833,L1,6.085487
5147,85.7833,L2,17.410210
5147,85.7833,L3,17.034534
5147,85.7833,L4,17.623957
5147,85.7833,L5,0.000000
5148,85.8000,L1,5.784367
5148,85.8000,L2,13.258824
5148,85.8000,L3,22.305670
5148,85.8000,L4,15.521690
5148,85.8000,L5,1.495204
5149,85.8167,L1,6.243787
5149,85.8167,L2,13.361392
5149,85.8167,L3,15.357259
5149,85.8167,L4,19.554863
5149,85.8167,L5,1.964438
5150,85.8333,L1,5.855872
5150,85.8333,L2,11.654001
5150,85.8333,L3,14.604603
5150,85.8333,L4,21.577470
5150,85.8333,L5,3.728036
5151,85.8500,L1,9.009221
5151,85.8500,L2,15.379498
5151,85.8500,L3,13.986437
5151,85.8500,L4,14.860540
5151,85.8500,L5,4.454886
5152,85.8667,L1,6.206923
5152,85.8667,L2,17.210052
5152,85.8667,L3,17.332944
5152,85.8667,L4,14.743909
5152,85.8667,L5,1.934828
5153,85.8833,L1,6.179142
5153,85.8833,L2,16.220308
5153,85.8833,L3,16.126901
5153,85.8833,L4,17.102744
5153,85.8833,L5,1.936774
5154,85.9000,L1,5.905624
5154,85.9000,L2,13.389604
5154,85.9000,L3,14.621840
5154,85.9000,L4,19.207394
5154,85.9000,L5,3.206690
5155,85.9167,L1,6.213206
5155,85.9167,L2,11.381466
5155,85.9167,L3,15.364366
5155,85.9167,L4,20.038912
5155,85.9167,L5,4.698809
5156,85.9333,L1,9.203076
5156,85.9333,L2,16.432416
5156,85.9333,L3,15.712124
5156,85.9333,L4,15.394206
5156,85.9333,L5,1.707242
5157,85.9500,L1,6.798246
5157,85.9500,L2,14.449644
5157,85.9500,L3,15.891911
5157,85.9500,L4,19.402635
5157,85.9500,L5,2.337163
5158,85.9667,L1,6.362734
5158,85.9667,L2,15.823385
5158,85.9667,L3,17.632046
5158,85.9667,L4,13.581992
5158,85.9667,L5,4.428406
5159,85.9833,L1,6.245297
5159,85.9833,L2,13.587150
5159,85.9833,L3,21.907555
5159,85.9833,L4,14.161670
5159,85.9833,L5,0.749009
5160,86.0000,L1,6.296096
5160,86.0000,L2,14.015540
5160,86.0000,L3,13.707241
5160,86.0000,L4,19.221023
5160,86.0000,L5,4.109209
5161,86.0167,L1,6.333578
5161,86.0167,L2,14.305418
5161,86.0167,L3,14.409020
5161,86.0167,L4,18.477214
5161,86.0167,L5,2.793921
5162,86.0333,L1,9.574238
5162,86.0333,L2,13.992589
5162,86.0333,L3,15.232241
5162,86.0333,L4,17.075945
5162,86.0333,L5,4.013826
5163,86.0500,L1,5.905869
5163,86.0500,L2,15.418600
5163,86.0500,L3,16.708844
5163,86.0500,L4,17.928841
5163,86.0500,L5,0.000000
5164,86.0667,L1,6.091608
5164,86.0667,L2,18.985380
5164,86.0667,L3,14.023115
5164,86.0667,L4,14.692190
5164,86.0667,L5,5.246934
5165,86.0833,L1,5.988205
5165,86.0833,L2,11.756681
5165,86.0833,L3,21.536420
5165,86.0833,L4,15.482437
5165,86.0833,L5,1.521923
5166,86.1000,L1,6.508297
5166,86.1000,L2,13.056643
5166,86.1000,L3,19.455077
5166,86.1000,L4,19.148109
5166,86.1000,L5,0.702043
5167,86.1167,L1,5.795035
5167,86.1167,L2,14.964854
5167,86.1167,L3,14.380913
5167,86.1167,L4,18.973463
5167,86.1167,L5,3.624676
5168,86.1333,L1,6.217870
5168,86.1333,L2,14.386856
5168,86.1333,L3,15.473477
5168,86.1333,L4,17.469857
5168,86.1333,L5,1.951619
5169,86.1500,L1,8.848900
5169,86.1500,L2,14.288961
5169,86.1500,L3,17.390378
5169,86.1500,L4,16.174281
5169,86.1500,L5,1.402919
5170,86.1667,L1,6.153866
5170,86.1667,L2,19.297211
5170,86.1667,L3,14.289010
5170,86.1667,L4,13.288633
5170,86.1667,L5,6.107628
5171,86.1833,L1,5.799208
5171,86.1833,L2,14.084856
5171,86.1833,L3,15.917483
5171,86.1833,L4,19.997596
5171,86.1833,L5,0.000000
5172,86.2000,L1,6.315820
5172,86.2000,L2,14.545884
5172,86.2000,L3,16.869699
5172,86.2000,L4,14.864657
5172,86.2000,L5,4.724384
5173,86.2167,L1,6.320579
5173,86.2167,L2,13.632751
5173,86.2167,L3,18.555123
5173,86.2167,L4,17.630367
5173,86.2167,L5,2.408309
5174,86.2333,L1,6.294619
5174,86.2333,L2,12.191545
5174,86.2333,L3,13.615558
5174,86.2333,L4,22.185764
5174,86.2333,L5,4.346354
5175,86.2500,L1,8.784786
5175,86.2500,L2,13.227037
5175,86.2500,L3,18.784927
5175,86.2500,L4,15.509185
5175,86.2500,L5,1.307888
5176,86.2667,L1,5.852398
5176,86.2667,L2,20.667242
5176,86.2667,L3,12.305032
5176,86.2667,L4,13.306158
5176,86.2667,L5,5.218856
5177,86.2833,L1,6.560168
5177,86.2833,L2,15.138382
5177,86.2833,L3,18.554839
5177,86.2833,L4,17.293396
5177,86.2833,L5,0.000000
5178,86.3000,L1,6.775799
5178,86.3000,L2,12.563963
5178,86.3000,L3,18.335751
5178,86.3000,L4,15.199885
5178,86.3000,L5,3.820489
5179,86.3167,L1,6.079304
5179,86.3167,L2,13.681819
5179,86.3167,L3,16.769054
5179,86.3167,L4,20.727575
5179,86.3167,L5,1.171964
5180,86.3333,L1,5.907756
5180,86.3333,L2,11.773974
5180,86.3333,L3,12.973643
5180,86.3333,L4,21.845643
5180,86.3333,L5,5.078578
5181,86.3500,L1,9.061570
5181,86.3500,L2,17.767315
5181,86.3500,L3,15.029642
5181,86.3500,L4,14.186707
5181,86.3500,L5,1.805623
5182,86.3667,L1,5.933417
5182,86.3667,L2,15.871804
5182,86.3667,L3,17.464839
5182,86.3667,L4,17.604466
5182,86.3667,L5,1.106120
5183,86.3833,L1,6.569871
5183,86.3833,L2,15.199613
5183,86.3833,L3,18.783351
5183,86.3833,L4,13.517449
5183,86.3833,L5,1.775392
5184,86.4000,L1,5.808036
5184,86.4000,L2,12.769302
5184,86.4000,L3,14.647594
5184,86.4000,L4,21.179155
5184,86.4000,L5,4.192253
5185,86.4167,L1,6.312517
5185,86.4167,L2,15.603311
5185,86.4167,L3,17.149267
5185,86.4167,L4,13.126579
5185,86.4167,L5,4.306047
5186,86.4333,L1,6.266712
5186,86.4333,L2,13.522363
5186,86.4333,L3,15.413372
5186,86.4333,L4,21.748373
5186,86.4333,L5,0.000000
5187,86.4500,L1,9.156988
5187,86.4500,L2,14.408788
5187,86.4500,L3,14.399122
5187,86.4500,L4,16.469609
5187,86.4500,L5,4.319454
5188,86.4667,L1,7.030289
5188,86.4667,L2,18.106446
5188,86.4667,L3,19.474957
5188,86.4667,L4,11.514457
5188,86.4667,L5,2.766124
5189,86.4833,L1,6.507574
5189,86.4833,L2,14.712253
5189,86.4833,L3,15.597412
5189,86.4833,L4,14.826287
5189,86.4833,L5,3.776955
5190,86.5000,L1,5.918899
5190,86.5000,L2,13.472768
5190,86.5000,L3,15.447954
5190,86.5000,L4,22.733437
5190,86.5000,L5,2.018734
5191,86.5167,L1,6.550339
5191,86.5167,L2,12.651088
5191,86.5167,L3,16.941273
5191,86.5167,L4,17.715925
5191,86.5167,L5,3.298131
5192,86.5333,L1,9.333178
5192,86.5333,L2,14.034586
5192,86.5333,L3,16.442926
5192,86.5333,L4,16.007643
5192,86.5333,L5,2.010872
5193,86.5500,L1,5.764528
5193,86.5500,L2,15.175038
5193,86.5500,L3,15.697232
5193,86.5500,L4,15.590972
5193,86.5500,L5,3.639394
5194,86.5667,L1,6.278443
5194,86.5667,L2,18.730222
5194,86.5667,L3,14.902133
5194,86.5667,L4,17.548295
5194,86.5667,L5,0.000000
5195,86.5833,L1,6.531936
5195,86.5833,L2,14.411358
5195,86.5833,L3,20.563835
5195,86.5833,L4,15.192180
5195,86.5833,L5,1.917161
5196,86.6000,L1,6.301295
5196,86.6000,L2,12.918456
5196,86.6000,L3,17.755472
5196,86.6000,L4,17.097154
5196,86.6000,L5,3.661468
5197,86.6167,L1,6.050866
5197,86.6167,L2,13.497684
5197,86.6167,L3,15.107519
5197,86.6167,L4,18.529740
5197,86.6167,L5,3.298401
5198,86.6333,L1,9.748327
5198,86.6333,L2,15.860205
5198,86.6333,L3,15.018256
5198,86.6333,L4,14.900200
5198,86.6333,L5,2.674824
5199,86.6500,L1,6.227894
5199,86.6500,L2,17.354830
5199,86.6500,L3,13.120828
5199,86.6500,L4,16.402706
5199,86.6500,L5,4.999200
5200,86.6667,L1,6.025558
5200,86.6667,L2,14.633930
5200,86.6667,L3,18.426755
5200,86.6667,L4,16.568892
5200,86.6667,L5,1.632153
5201,86.6833,L1,5.694899
5201,86.6833,L2,11.691721
5201,86.6833,L3,18.437644
5201,86.6833,L4,22.537798
5201,86.6833,L5,0.000000
5202,86.7000,L1,6.432110
5202,86.7000,L2,17.457505
5202,86.7000,L3,15.313338
5202,86.7000,L4,17.673544
5202,86.7000,L5,0.946284
5203,86.7167,L1,9.260244
5203,86.7167,L2,11.314158
5203,86.7167,L3,14.055006
5203,86.7167,L4,16.029776
5203,86.7167,L5,5.698047
5204,86.7333,L1,5.903508
5204,86.7333,L2,18.139859
5204,86.7333,L3,17.007703
5204,86.7333,L4,16.771914
5204,86.7333,L5,0.349160
5205,86.7500,L1,6.753523
5205,86.7500,L2,15.138768
5205,86.7500,L3,18.226327
5205,86.7500,L4,15.423380
5205,86.7500,L5,1.901742
5206,86.7667,L1,6.150920
5206,86.7667,L2,14.600586
5206,86.7667,L3,15.400895
5206,86.7667,L4,15.420566
5206,86.7667,L5,4.092802
5207,86.7833,L1,5.955063
5207,86.7833,L2,13.436288
5207,86.7833,L3,17.660225
5207,86.7833,L4,20.021048
5207,86.7833,L5,2.146864
5208,86.8000,L1,9.336522
5208,86.8000,L2,14.801882
5208,86.8000,L3,14.099340
5208,86.8000,L4,19.583955
5208,86.8000,L5,0.000000
5209,86.8167,L1,6.111713
5209,86.8167,L2,15.707921
5209,86.8167,L3,13.512425
5209,86.8167,L4,13.267299
5209,86.8167,L5,7.527491
5210,86.8333,L1,5.883480
5210,86.8333,L2,16.108257
5210,86.8333,L3,15.744932
5210,86.8333,L4,18.955959
5210,86.8333,L5,1.603752
5211,86.8500,L1,6.523487
5211,86.8500,L2,13.597293
5211,86.8500,L3,20.145331
5211,86.8500,L4,15.586439
5211,86.8500,L5,0.809831
5212,86.8667,L1,6.222441
5212,86.8667,L2,15.730494
5212,86.8667,L3,17.548908
5212,86.8667,L4,15.515478
5212,86.8667,L5,3.767663
5213,86.8833,L1,5.557486
5213,86.8833,L2,13.609347
5213,86.8833,L3,16.225290
5213,86.8833,L4,20.265667
5213,86.8833,L5,2.109273
5214,86.9000,L1,6.408892
5214,86.9000,L2,13.795869
5214,86.9000,L3,15.815321
5214,86.9000,L4,19.645105
5214,86.9000,L5,1.859981
5215,86.9167,L1,9.082592
5215,86.9167,L2,16.842812
5215,86.9167,L3,12.770422
5215,86.9167,L4,12.800362
5215,86.9167,L5,5.596739
5216,86.9333,L1,6.116125
5216,86.9333,L2,15.975408
5216,86.9333,L3,21.078331
5216,86.9333,L4,14.625734
5216,86.9333,L5,0.000000
5217,86.9500,L1,5.833901
5217,86.9500,L2,14.870949
5217,86.9500,L3,17.560214
5217,86.9500,L4,17.603384
5217,86.9500,L5,1.387793
5218,86.9667,L1,5.873816
5218,86.9667,L2,15.166836
5218,86.9667,L3,15.996217
5218,86.9667,L4,17.177299
5218,86.9667,L5,2.090746
5219,86.9833,L1,6.165958
5219,86.9833,L2,12.899121
5219,86.9833,L3,16.411676
5219,86.9833,L4,19.240539
5219,86.9833,L5,3.981933
5220,87.0000,L1,9.153663
5220,87.0000,L2,15.796665
5220,87.0000,L3,15.550522
5220,87.0000,L4,17.219071
5220,87.0000,L5,1.664300
5221,87.0167,L1,6.796171
5221,87.0167,L2,15.576972
5221,87.0167,L3,14.474910
5221,87.0167,L4,15.850036
5221,87.0167,L5,2.716649
5222,87.0333,L1,6.720193
5222,87.0333,L2,16.398363
5222,87.0333,L3,19.418531
5222,87.0333,L4,13.446577
5222,87.0333,L5,1.793494
5223,87.0500,L1,6.165492
5223,87.0500,L2,13.423651
5223,87.0500,L3,19.828017
5223,87.0500,L4,16.277323
5223,87.0500,L5,2.535174
5224,87.0667,L1,6.104999
5224,87.0667,L2,13.472029
5224,87.0667,L3,13.712492
5224,87.0667,L4,20.529978
5224,87.0667,L5,1.316629
5225,87.0833,L1,6.076023
5225,87.0833,L2,12.104643
5225,87.0833,L3,16.704837
5225,87.0833,L4,19.640476
5225,87.0833,L5,5.566373
5226,87.1000,L1,9.287103
5226,87.1000,L2,15.226554
5226,87.1000,L3,15.323193
5226,87.1000,L4,15.060442
5226,87.1000,L5,1.845873
5227,87.1167,L1,5.837148
5227,87.1167,L2,18.734943
5227,87.1167,L3,17.230144
5227,87.1167,L4,15.615288
5227,87.1167,L5,0.937202
5228,87.1333,L1,6.314340
5228,87.1333,L2,16.095634
5228,87.1333,L3,16.971777
5228,87.1333,L4,17.184976
5228,87.1333,L5,0.913546
5229,87.1500,L1,5.642773
5229,87.1500,L2,11.960082
5229,87.1500,L3,17.267444
5229,87.1500,L4,16.503434
5229,87.1500,L5,4.908160
5230,87.1667,L1,6.534497
5230,87.1667,L2,15.310207
5230,87.1667,L3,17.105019
5230,87.1667,L4,17.076565
5230,87.1667,L5,3.301471
5231,87.1833,L1,5.926023
5231,87.1833,L2,16.402613
5231,87.1833,L3,16.811315
5231,87.1833,L4,15.988371
5231,87.1833,L5,0.861222
5232,87.2000,L1,5.714981
5232,87.2000,L2,12.916642
5232,87.2000,L3,13.795013
5232,87.2000,L4,23.517349
5232,87.2000,L5,2.431442
5233,87.2167,L1,6.103486
5233,87.2167,L2,14.812366
5233,87.2167,L3,16.831788
5233,87.2167,L4,17.491760
5233,87.2167,L5,2.142681
5234,87.2333,L1,10.581237
5234,87.2333,L2,14.982441
5234,87.2333,L3,14.725739
5234,87.2333,L4,15.320601
5234,87.2333,L5,3.433274
5235,87.2500,L1,6.430834
5235,87.2500,L2,17.800274
5235,87.2500,L3,15.520095
5235,87.2500,L4,15.161696
5235,87.2500,L5,2.586441
5236,87.2667,L1,6.269928
5236,87.2667,L2,17.151232
5236,87.2667,L3,17.702165
5236,87.2667,L4,14.915731
5236,87.2667,L5,1.890772
5237,87.2833,L1,6.160070
5237,87.2833,L2,12.770911
5237,87.2833,L3,21.118334
5237,87.2833,L4,16.718228
5237,87.2833,L5,1.476226
5238,87.3000,L1,6.765330
5238,87.3000,L2,14.024837
5238,87.3000,L3,17.458572
5238,87.3000,L4,14.003389
5238,87.3000,L5,4.462916
5239,87.3167,L1,6.177923
5239,87.3167,L2,14.001072
5239,87.3167,L3,14.550489
5239,87.3167,L4,21.894996
5239,87.3167,L5,1.575686
5240,87.3333,L1,6.356167
5240,87.3333,L2,17.432938
5240,87.3333,L3,17.941946
5240,87.3333,L4,13.213795
5240,87.3333,L5,2.840499
5241,87.3500,L1,9.094562
5241,87.3500,L2,13.271949
5241,87.3500,L3,14.618814
5241,87.3500,L4,18.045600
5241,87.3500,L5,2.447359
5242,87.3667,L1,6.353116
5242,87.3667,L2,17.794339
5242,87.3667,L3,17.202527
5242,87.3667,L4,15.744064
5242,87.3667,L5,0.591907
5243,87.3833,L1,6.209750
5243,87.3833,L2,13.738869
5243,87.3833,L3,19.187115
5243,87.3833,L4,17.497157
5243,87.3833,L5,0.995859
5244,87.4000,L1,6.122188
5244,87.4000,L2,14.706382
5244,87.4000,L3,16.511401
5244,87.4000,L4,14.915148
5244,87.4000,L5,4.811183
5245,87.4167,L1,5.925814
5245,87.4167,L2,13.327693
5245,87.4167,L3,13.898640
5245,87.4167,L4,24.484630
5245,87.4167,L5,0.000000
5246,87.4333,L1,6.275390
5246,87.4333,L2,16.402124
5246,87.4333,L3,17.932822
5246,87.4333,L4,10.274932
5246,87.4333,L5,5.008158
5247,87.4500,L1,8.854751
5247,87.4500,L2,12.191052
5247,87.4500,L3,14.750595
5247,87.4500,L4,19.337040
5247,87.4500,L5,3.818964
5248,87.4667,L1,6.097065
5248,87.4667,L2,13.879441
5248,87.4667,L3,17.270973
5248,87.4667,L4,19.743949
5248,87.4667,L5,1.021666
5249,87.4833,L1,6.371343
5249,87.4833,L2,17.084157
5249,87.4833,L3,16.078770
5249,87.4833,L4,14.404779
5249,87.4833,L5,3.355005
5250,87.5000,L1,5.740125
5250,87.5000,L2,14.806809
5250,87.5000,L3,17.579467
5250,87.5000,L4,16.556563
5250,87.5000,L5,2.431912
5251,87.5167,L1,6.136652
5251,87.5167,L2,13.852349
5251,87.5167,L3,15.976213
5251,87.5167,L4,19.049902
5251,87.5167,L5,2.434853
5252,87.5333,L1,6.069468
5252,87.5333,L2,13.887779
5252,87.5333,L3,13.946066
5252,87.5333,L4,16.169161
5252,87.5333,L5,5.965190
5253,87.5500,L1,9.837891
5253,87.5500,L2,15.106895
5253,87.5500,L3,14.806617
5253,87.5500,L4,15.328030
5253,87.5500,L5,3.239482
5254,87.5667,L1,6.349223
5254,87.5667,L2,18.769800
5254,87.5667,L3,16.653305
5254,87.5667,L4,17.402640
5254,87.5667,L5,0.000000
5255,87.5833,L1,6.031363
5255,87.5833,L2,14.591646
5255,87.5833,L3,18.738222
5255,87.5833,L4,16.370883
5255,87.5833,L5,2.272062
5256,87.6000,L1,6.088050
5256,87.6000,L2,14.462872
5256,87.6000,L3,15.447080
5256,87.6000,L4,16.196734
5256,87.6000,L5,4.953510
5257,87.6167,L1,6.029605
5257,87.6167,L2,12.458426
5257,87.6167,L3,16.870543
5257,87.6167,L4,17.104005
5257,87.6167,L5,3.414830
5258,87.6333,L1,6.730851
5258,87.6333,L2,14.869340
5258,87.6333,L3,17.151993
5258,87.6333,L4,21.314062
5258,87.6333,L5,0.000000
5259,87.6500,L1,5.861447
5259,87.6500,L2,13.630601
5259,87.6500,L3,16.906643
5259,87.6500,L4,19.504906
5259,87.6500,L5,1.848172
5260,87.6667,L1,9.422571
5260,87.6667,L2,14.219679
5260,87.6667,L3,13.720032
5260,87.6667,L4,14.392852
5260,87.6667,L5,3.748565
5261,87.6833,L1,6.522953
5261,87.6833,L2,18.839754
5261,87.6833,L3,15.304017
5261,87.6833,L4,13.278710
5261,87.6833,L5,4.641875
5262,87.7000,L1,5.907229
5262,87.7000,L2,14.120288
5262,87.7000,L3,17.539512
5262,87.7000,L4,18.156794
5262,87.7000,L5,1.427516
5263,87.7167,L1,6.354413
5263,87.7167,L2,14.648595
5263,87.7167,L3,17.122810
5263,87.7167,L4,12.680378
5263,87.7167,L5,5.270174
5264,87.7333,L1,6.092188
5264,87.7333,L2,14.495286
5264,87.7333,L3,20.727248
5264,87.7333,L4,18.517411
5264,87.7333,L5,0.000000
5265,87.7500,L1,6.027753
5265,87.7500,L2,12.067403
5265,87.7500,L3,13.091983
5265,87.7500,L4,25.073704
5265,87.7500,L5,0.000000
5266,87.7667,L1,9.695746
5266,87.7667,L2,15.107419
5266,87.7667,L3,13.166775
5266,87.7667,L4,14.975645
5266,87.7667,L5,5.186067
5267,87.7833,L1,5.935446
5267,87.7833,L2,17.932445
5267,87.7833,L3,17.665048
5267,87.7833,L4,16.949789
5267,87.7833,L5,0.000000
5268,87.8000,L1,6.040423
5268,87.8000,L2,13.468004
5268,87.8000,L3,19.118627
5268,87.8000,L4,16.320490
5268,87.8000,L5,1.739894
5269,87.8167,L1,6.208175
5269,87.8167,L2,13.464451
5269,87.8167,L3,15.493833
5269,87.8167,L4,19.890948
5269,87.8167,L5,2.650565
5270,87.8333,L1,7.057395
5270,87.8333,L2,13.719651
5270,87.8333,L3,16.509839
5270,87.8333,L4,19.120695
5270,87.8333,L5,1.903300
5271,87.8500,L1,5.995600
5271,87.8500,L2,14.544012
5271,87.8500,L3,14.490914
5271,87.8500,L4,14.723856
5271,87.8500,L5,5.645277
5272,87.8667,L1,5.868459
5272,87.8667,L2,13.410595
5272,87.8667,L3,15.081470
5272,87.8667,L4,21.813805
5272,87.8667,L5,2.408038
5273,87.8833,L1,10.100088
5273,87.8833,L2,13.818451
5273,87.8833,L3,14.575309
5273,87.8833,L4,16.209139
5273,87.8833,L5,4.913732
5274,87.9000,L1,5.997632
5274,87.9000,L2,14.203252
5274,87.9000,L3,17.488001
5274,87.9000,L4,19.065539
5274,87.9000,L5,0.000000
5275,87.9167,L1,3.417620
5275,87.9167,L2,14.807144
5275,87.9167,L3,18.605294
5275,87.9167,L4,17.853144
5275,87.9167,L5,1.628141
5276,87.9333,L1,8.738647
5276,87.9333,L2,20.983386
5276,87.9333,L3,12.347242
5276,87.9333,L4,12.384585
5276,87.9333,L5,4.216380
5277,87.9500,L1,5.829647
5277,87.9500,L2,12.528702
5277,87.9500,L3,17.784480
5277,87.9500,L4,17.074982
5277,87.9500,L5,3.131199
5278,87.9667,L1,5.993823
5278,87.9667,L2,15.797998
5278,87.9667,L3,19.198480
5278,87.9667,L4,16.691058
5278,87.9667,L5,2.153938
5279,87.9833,L1,6.373962
5279,87.9833,L2,12.901655
5279,87.9833,L3,14.415989
5279,87.9833,L4,18.822367
5279,87.9833,L5,4.697643
5280,88.0000,L1,6.349047
5280,88.0000,L2,13.672237
5280,88.0000,L3,18.090367
5280,88.0000,L4,19.078530
5280,88.0000,L5,1.007321
5281,88.0167,L1,9.308230
5281,88.0167,L2,14.992486
5281,88.0167,L3,14.993099
5281,88.0167,L4,15.431291
5281,88.0167,L5,0.955696
5282,88.0333,L1,6.853365
5282,88.0333,L2,17.846711
5282,88.0333,L3,13.861545
5282,88.0333,L4,15.266051
5282,88.0333,L5,5.505093
5283,88.0500,L1,6.871840
5283,88.0500,L2,13.289315
5283,88.0500,L3,17.288284
5283,88.0500,L4,17.959129
5283,88.0500,L5,1.214167
5284,88.0667,L1,6.614074
5284,88.0667,L2,18.939421
5284,88.0667,L3,13.968888
5284,88.0667,L4,13.385187
5284,88.0667,L5,4.485856
5285,88.0833,L1,6.086593
5285,88.0833,L2,13.511288
5285,88.0833,L3,22.906811
5285,88.0833,L4,14.374615
5285,88.0833,L5,0.000000
5286,88.1000,L1,7.041578
5286,88.1000,L2,13.267755
5286,88.1000,L3,14.725952
5286,88.1000,L4,20.418345
5286,88.1000,L5,1.808328
5287,88.1167,L1,6.647413
5287,88.1167,L2,15.564034
5287,88.1167,L3,16.237138
5287,88.1167,L4,13.325133
5287,88.1167,L5,5.511722
5288,88.1333,L1,6.703437
5288,88.1333,L2,13.538547
5288,88.1333,L3,15.035533
5288,88.1333,L4,24.946025
5288,88.1333,L5,0.000000
5289,88.1500,L1,9.265985
5289,88.1500,L2,15.871127
5289,88.1500,L3,14.321231
5289,88.1500,L4,12.918496
5289,88.1500,L5,3.952433
5290,88.1667,L1,6.470811
5290,88.1667,L2,13.575455
5290,88.1667,L3,18.492952
5290,88.1667,L4,16.514528
5290,88.1667,L5,0.976988
5291,88.1833,L1,6.115115
5291,88.1833,L2,19.978031
5291,88.1833,L3,15.839695
5291,88.1833,L4,15.184844
5291,88.1833,L5,1.344212
5292,88.2000,L1,5.852502
5292,88.2000,L2,12.211760
5292,88.2000,L3,19.395433
5292,88.2000,L4,15.649830
5292,88.2000,L5,4.744790
5293,88.2167,L1,6.735909
5293,88.2167,L2,15.095085
5293,88.2167,L3,16.575104
5293,88.2167,L4,13.321813
5293,88.2167,L5,5.571517
5294,88.2333,L1,6.865873
5294,88.2333,L2,14.266663
5294,88.2333,L3,17.662538
5294,88.2333,L4,18.678759
5294,88.2333,L5,1.200216
5295,88.2500,L1,5.999269
5295,88.2500,L2,13.362400
5295,88.2500,L3,11.728563
5295,88.2500,L4,22.332654
5295,88.2500,L5,2.459051
5296,88.2667,L1,6.869364
5296,88.2667,L2,14.597228
5296,88.2667,L3,17.863256
5296,88.2667,L4,17.636391
5296,88.2667,L5,2.385050
5297,88.2833,L1,9.911662
5297,88.2833,L2,15.909520
5297,88.2833,L3,14.334194
5297,88.2833,L4,15.650424
5297,88.2833,L5,0.800280
5298,88.3000,L1,6.741268
5298,88.3000,L2,15.491137
5298,88.3000,L3,14.633257
5298,88.3000,L4,15.325526
5298,88.3000,L5,4.997255
5299,88.3167,L1,6.793144
5299,88.3167,L2,15.871418
5299,88.3167,L3,17.973909
5299,88.3167,L4,16.876954
5299,88.3167,L5,1.409467
5300,88.3333,L1,6.022660
5300,88.3333,L2,11.986278
5300,88.3333,L3,17.662446
5300,88.3333,L4,19.503871
5300,88.3333,L5,2.228218
5301,88.3500,L1,7.030479
5301,88.3500,L2,12.297453
5301,88.3500,L3,17.302028
5301,88.3500,L4,16.246035
5301,88.3500,L5,4.081132
5302,88.3667,L1,6.063066
5302,88.3667,L2,17.390798
5302,88.3667,L3,16.034948
5302,88.3667,L4,17.801507
5302,88.3667,L5,0.876321
5303,88.3833,L1,5.953876
5303,88.3833,L2,13.041387
5303,88.3833,L3,16.604700
5303,88.3833,L4,20.300931
5303,88.3833,L5,1.781276
5304,88.4000,L1,9.122071
5304,88.4000,L2,17.967131
5304,88.4000,L3,13.653392
5304,88.4000,L4,14.153516
5304,88.4000,L5,3.314781
5305,88.4167,L1,6.543638
5305,88.4167,L2,16.111447
5305,88.4167,L3,16.279418
5305,88.4167,L4,14.998052
5305,88.4167,L5,1.995415
5306,88.4333,L1,6.129365
5306,88.4333,L2,12.410458
5306,88.4333,L3,19.660399
5306,88.4333,L4,14.585512
5306,88.4333,L5,5.669323
5307,88.4500,L1,6.214044
5307,88.4500,L2,13.085139
5307,88.4500,L3,11.609840
5307,88.4500,L4,23.931276
5307,88.4500,L5,1.394701
5308,88.4667,L1,9.286601
5308,88.4667,L2,13.583917
5308,88.4667,L3,15.506802
5308,88.4667,L4,17.396096
5308,88.4667,L5,2.703336
5309,88.4833,L1,5.773130
5309,88.4833,L2,16.136491
5309,88.4833,L3,17.576454
5309,88.4833,L4,17.424148
5309,88.4833,L5,1.888096
5310,88.5000,L1,6.083498
5310,88.5000,L2,16.765815
5310,88.5000,L3,12.003573
5310,88.5000,L4,16.313581
5310,88.5000,L5,5.058798
5311,88.5167,L1,6.882625
5311,88.5167,L2,13.386496
5311,88.5167,L3,21.094272
5311,88.5167,L4,14.208938
5311,88.5167,L5,2.150778
5312,88.5333,L1,6.137455
5312,88.5333,L2,15.000088
5312,88.5333,L3,17.123769
5312,88.5333,L4,15.393435
5312,88.5333,L5,3.453742
5313,88.5500,L1,6.061840
5313,88.5500,L2,11.838746
5313,88.5500,L3,16.819159
5313,88.5500,L4,20.172504
5313,88.5500,L5,1.999769
5314,88.5667,L1,6.470719
5314,88.5667,L2,14.780937
5314,88.5667,L3,16.205058
5314,88.5667,L4,20.309112
5314,88.5667,L5,1.931563
5315,88.5833,L1,9.218926
5315,88.5833,L2,12.927468
5315,88.5833,L3,16.159596
5315,88.5833,L4,15.911389
5315,88.5833,L5,3.486579
5316,88.6000,L1,5.549912
5316,88.6000,L2,14.999459
5316,88.6000,L3,17.157624
5316,88.6000,L4,17.710807
5316,88.6000,L5,1.957325
5317,88.6167,L1,6.368809
5317,88.6167,L2,19.152338
5317,88.6167,L3,12.778719
5317,88.6167,L4,12.232787
5317,88.6167,L5,6.610803
5318,88.6333,L1,5.863640
5318,88.6333,L2,15.028890
5318,88.6333,L3,19.427580
5318,88.6333,L4,16.500268
5318,88.6333,L5,1.760762
5319,88.6500,L1,5.910049
5319,88.6500,L2,15.312550
5319,88.6500,L3,18.359249
5319,88.6500,L4,16.269182
5319,88.6500,L5,0.000000
5320,88.6667,L1,5.889655
5320,88.6667,L2,13.012618
5320,88.6667,L3,16.513025
5320,88.6667,L4,21.096436
5320,88.6667,L5,2.526889
5321,88.6833,L1,6.102118
5321,88.6833,L2,14.096917
5321,88.6833,L3,15.868335
5321,88.6833,L4,19.603609
5321,88.6833,L5,1.944974
5322,88.7000,L1,9.749969
5322,88.7000,L2,14.857788
5322,88.7000,L3,13.460061
5322,88.7000,L4,16.058712
5322,88.7000,L5,3.660664
5323,88.7167,L1,6.126051
5323,88.7167,L2,11.389368
5323,88.7167,L3,19.291479
5323,88.7167,L4,18.771540
5323,88.7167,L5,0.907267
5324,88.7333,L1,6.853700
5324,88.7333,L2,17.407840
5324,88.7333,L3,14.161316
5324,88.7333,L4,17.992319
5324,88.7333,L5,2.084045
5325,88.7500,L1,6.454706
5325,88.7500,L2,13.900706
5325,88.7500,L3,17.917800
5325,88.7500,L4,16.605131
5325,88.7500,L5,1.526964
5326,88.7667,L1,5.932470
5326,88.7667,L2,15.101317
5326,88.7667,L3,14.310356
5326,88.7667,L4,16.135593
5326,88.7667,L5,5.738287
5327,88.7833,L1,6.223968
5327,88.7833,L2,14.402190
5327,88.7833,L3,16.343631
5327,88.7833,L4,18.590574
5327,88.7833,L5,0.000000
5328,88.8000,L1,5.926669
5328,88.8000,L2,13.870900
5328,88.8000,L3,13.605294
5328,88.8000,L4,19.822197
5328,88.8000,L5,5.397939
5329,88.8167,L1,9.068626
5329,88.8167,L2,18.818411
5329,88.8167,L3,15.587778
5329,88.8167,L4,16.712130
5329,88.8167,L5,0.000000
5330,88.8333,L1,6.117167
5330,88.8333,L2,13.711246
5330,88.8333,L3,20.424335
5330,88.8333,L4,13.401555
5330,88.8333,L5,4.107891
5331,88.8500,L1,6.521704
5331,88.8500,L2,13.987922
5331,88.8500,L3,17.384156
5331,88.8500,L4,16.768001
5331,88.8500,L5,0.659124
5332,88.8667,L1,6.539574
5332,88.8667,L2,10.642627
5332,88.8667,L3,15.633838
5332,88.8667,L4,19.615136
5332,88.8667,L5,5.428161
5333,88.8833,L1,6.337482
5333,88.8833,L2,14.292095
5333,88.8833,L3,16.197116
5333,88.8833,L4,19.440690
5333,88.8833,L5,2.767489
5334,88.9000,L1,8.999433
5334,88.9000,L2,16.498416
5334,88.9000,L3,17.578739
5334,88.9000,L4,15.409283
5334,88.9000,L5,0.000000
5335,88.9167,L1,6.393751
5335,88.9167,L2,15.770155
5335,88.9167,L3,12.766292
5335,88.9167,L4,16.017025
5335,88.9167,L5,6.116049
5336,88.9333,L1,6.133190
5336,88.9333,L2,17.313094
5336,88.9333,L3,19.342585
5336,88.9333,L4,13.617991
5336,88.9333,L5,1.746910
5337,88.9500,L1,5.638664
5337,88.9500,L2,14.029498
5337,88.9500,L3,16.101042
5337,88.9500,L4,20.683554
5337,88.9500,L5,0.000000
5338,88.9667,L1,6.163053
5338,88.9667,L2,15.563160
5338,88.9667,L3,13.825968
5338,88.9667,L4,14.822322
5338,88.9667,L5,6.491490
5339,88.9833,L1,6.275841
5339,88.9833,L2,14.068511
5339,88.9833,L3,18.811198
5339,88.9833,L4,15.671783
5339,88.9833,L5,2.313003
5340,89.0000,L1,9.309865
5340,89.0000,L2,11.247842
5340,89.0000,L3,13.827442
5340,89.0000,L4,24.056220
5340,89.0000,L5,1.157512
5341,89.0167,L1,6.062713
5341,89.0167,L2,13.290508
5341,89.0167,L3,16.900597
5341,89.0167,L4,18.540039
5341,89.0167,L5,1.857897
5342,89.0333,L1,5.988209
5342,89.0333,L2,20.175247
5342,89.0333,L3,15.420066
5342,89.0333,L4,14.465248
5342,89.0333,L5,2.587981
5343,89.0500,L1,5.830694
5343,89.0500,L2,17.294348
5343,89.0500,L3,15.581664
5343,89.0500,L4,12.296842
5343,89.0500,L5,5.981621
5344,89.0667,L1,5.860231
5344,89.0667,L2,13.181490
5344,89.0667,L3,21.497556
5344,89.0667,L4,16.473357
5344,89.0667,L5,1.299352
5345,89.0833,L1,5.991103
5345,89.0833,L2,13.304798
5345,89.0833,L3,16.750493
5345,89.0833,L4,17.357625
5345,89.0833,L5,3.909649
5346,89.1000,L1,6.192052
5346,89.1000,L2,14.806794
5346,89.1000,L3,15.995814
5346,89.1000,L4,18.333817
5346,89.1000,L5,0.648650
5347,89.1167,L1,6.335697
5347,89.1167,L2,14.052385
5347,89.1167,L3,14.132901
5347,89.1167,L4,19.254280
5347,89.1167,L5,4.963457
5348,89.1333,L1,6.243898
5348,89.1333,L2,14.952060
5348,89.1333,L3,16.285468
5348,89.1333,L4,20.288585
5348,89.1333,L5,0.000000
5349,89.1500,L1,9.796012
5349,89.1500,L2,13.576949
5349,89.1500,L3,15.671188
5349,89.1500,L4,13.911976
5349,89.1500,L5,2.750198
5350,89.1667,L1,6.377506
5350,89.1667,L2,22.267405
5350,89.1667,L3,12.162840
5350,89.1667,L4,15.744873
5350,89.1667,L5,3.332821
5351,89.1833,L1,6.075128
5351,89.1833,L2,13.697929
5351,89.1833,L3,19.279547
5351,89.1833,L4,14.985363
5351,89.1833,L5,3.509696
5352,89.2000,L1,5.760850
5352,89.2000,L2,12.341316
5352,89.2000,L3,16.449940
5352,89.2000,L4,19.222805
5352,89.2000,L5,1.886556
5353,89.2167,L1,6.208719
5353,89.2167,L2,15.111586
5353,89.2167,L3,22.696984
5353,89.2167,L4,10.379487
5353,89.2167,L5,4.856478
5354,89.2333,L1,6.084404
5354,89.2333,L2,14.531185
5354,89.2333,L3,13.297197
5354,89.2333,L4,21.309345
5354,89.2333,L5,0.000000
5355,89.2500,L1,6.405839
5355,89.2500,L2,15.164329
5355,89.2500,L3,15.309608
5355,89.2500,L4,22.002695
5355,89.2500,L5,1.498831
5356,89.2667,L1,9.254567
5356,89.2667,L2,15.385238
5356,89.2667,L3,14.791087
5356,89.2667,L4,13.559800
5356,89.2667,L5,4.324420
5357,89.2833,L1,6.759666
5357,89.2833,L2,14.955415
5357,89.2833,L3,13.134711
5357,89.2833,L4,20.464754
5357,89.2833,L5,1.041147
5358,89.3000,L1,5.965882
5358,89.3000,L2,14.633282
5358,89.3000,L3,19.051705
5358,89.3000,L4,13.859997
5358,89.3000,L5,5.737200
5359,89.3167,L1,7.388052
5359,89.3167,L2,13.259843
5359,89.3167,L3,16.494616
5359,89.3167,L4,17.193746
5359,89.3167,L5,1.140191
5360,89.3333,L1,6.409983
5360,89.3333,L2,14.085764
5360,89.3333,L3,13.896042
5360,89.3333,L4,23.509092
5360,89.3333,L5,1.432720
5361,89.3500,L1,6.047892
5361,89.3500,L2,12.714221
5361,89.3500,L3,17.138173
5361,89.3500,L4,13.943544
5361,89.3500,L5,6.116758
5362,89.3667,L1,6.142756
5362,89.3667,L2,14.888604
5362,89.3667,L3,17.628531
5362,89.3667,L4,20.392441
5362,89.3667,L5,0.000000
5363,89.3833,L1,8.867667
5363,89.3833,L2,14.840474
5363,89.3833,L3,13.222014
5363,89.3833,L4,15.604217
5363,89.3833,L5,5.366812
5364,89.4000,L1,6.757987
5364,89.4000,L2,16.607458
5364,89.4000,L3,15.614547
5364,89.4000,L4,12.656974
5364,89.4000,L5,4.480224
5365,89.4167,L1,6.370123
5365,89.4167,L2,13.598894
5365,89.4167,L3,22.476773
5365,89.4167,L4,13.618716
5365,89.4167,L5,0.000000
5366,89.4333,L1,6.140768
5366,89.4333,L2,15.095216
5366,89.4333,L3,15.457254
5366,89.4333,L4,22.727030
5366,89.4333,L5,0.658002
5367,89.4500,L1,5.874394
5367,89.4500,L2,13.733573
5367,89.4500,L3,16.269475
5367,89.4500,L4,21.582751
5367,89.4500,L5,1.019957
5368,89.4667,L1,5.976248
5368,89.4667,L2,12.535866
5368,89.4667,L3,14.649102
5368,89.4667,L4,16.370216
5368,89.4667,L5,7.294988
5369,89.4833,L1,6.087131
5369,89.4833,L2,14.726210
5369,89.4833,L3,15.389868
5369,89.4833,L4,18.042935
5369,89.4833,L5,1.135666
5370,89.5000,L1,9.909830
5370,89.5000,L2,16.666606
5370,89.5000,L3,15.465343
5370,89.5000,L4,13.496152
5370,89.5000,L5,2.728141
5371,89.5167,L1,6.261926
5371,89.5167,L2,16.342421
5371,89.5167,L3,18.542219
5371,89.5167,L4,15.022444
5371,89.5167,L5,2.887598
5372,89.5333,L1,7.089859
5372,89.5333,L2,14.185495
5372,89.5333,L3,14.017662
5372,89.5333,L4,18.117648
5372,89.5333,L5,1.833387
5373,89.5500,L1,6.022143
5373,89.5500,L2,11.367023
5373,89.5500,L3,22.182858
5373,89.5500,L4,20.939689
5373,89.5500,L5,0.000000
5374,89.5667,L1,5.832446
5374,89.5667,L2,15.350939
5374,89.5667,L3,15.920224
5374,89.5667,L4,15.041645
5374,89.5667,L5,4.941983
5375,89.5833,L1,6.484445
5375,89.5833,L2,13.387519
5375,89.5833,L3,11.894177
5375,89.5833,L4,22.380759
5375,89.5833,L5,3.618169
5376,89.6000,L1,9.244331
5376,89.6000,L2,16.015350
5376,89.6000,L3,15.117384
5376,89.6000,L4,14.855506
5376,89.6000,L5,1.901710
5377,89.6167,L1,6.194140
5377,89.6167,L2,18.592216
5377,89.6167,L3,15.377063
5377,89.6167,L4,16.637430
5377,89.6167,L5,0.000000
5378,89.6333,L1,6.295985
5378,89.6333,L2,15.367963
5378,89.6333,L3,20.815759
5378,89.6333,L4,13.184982
5378,89.6333,L5,2.161773
5379,89.6500,L1,5.953929
5379,89.6500,L2,10.294262
5379,89.6500,L3,16.783947
5379,89.6500,L4,21.020230
5379,89.6500,L5,3.801231
5380,89.6667,L1,6.264429
5380,89.6667,L2,14.249930
5380,89.6667,L3,19.747447
5380,89.6667,L4,12.614055
5380,89.6667,L5,3.386309
5381,89.6833,L1,5.852654
5381,89.6833,L2,12.683902
5381,89.6833,L3,16.685308
5381,89.6833,L4,22.843152
5381,89.6833,L5,0.000000
5382,89.7000,L1,5.996901
5382,89.7000,L2,14.585388
5382,89.7000,L3,13.451813
5382,89.7000,L4,18.299247
5382,89.7000,L5,6.126940
5383,89.7167,L1,9.747597
5383,89.7167,L2,16.309740
5383,89.7167,L3,14.550391
5383,89.7167,L4,14.723367
5383,89.7167,L5,2.373223
5384,89.7333,L1,6.340303
5384,89.7333,L2,14.073277
5384,89.7333,L3,16.952534
5384,89.7333,L4,17.030317
5384,89.7333,L5,3.094748
5385,89.7500,L1,6.401482
5385,89.7500,L2,16.750609
5385,89.7500,L3,17.978169
5385,89.7500,L4,14.436618
5385,89.7500,L5,1.989666
5386,89.7667,L1,6.461160
5386,89.7667,L2,14.431492
5386,89.7667,L3,17.611359
5386,89.7667,L4,18.947187
5386,89.7667,L5,0.483270
5387,89.7833,L1,5.893425
5387,89.7833,L2,15.115451
5387,89.7833,L3,14.961768
5387,89.7833,L4,18.375271
5387,89.7833,L5,3.322992
5388,89.8000,L1,6.849531
5388,89.8000,L2,14.773216
5388,89.8000,L3,16.503691
5388,89.8000,L4,12.517697
5388,89.8000,L5,5.826497
5389,89.8167,L1,9.201920
5389,89.8167,L2,17.101505
5389,89.8167,L3,13.842259
5389,89.8167,L4,17.108289
5389,89.8167,L5,1.520177
5390,89.8333,L1,5.949209
5390,89.8333,L2,16.085166
5390,89.8333,L3,15.507791
5390,89.8333,L4,19.645533
5390,89.8333,L5,0.000000
5391,89.8500,L1,6.197471
5391,89.8500,L2,13.944217
5391,89.8500,L3,19.684282
5391,89.8500,L4,15.503198
5391,89.8500,L5,2.816497
5392,89.8667,L1,6.162670
5392,89.8667,L2,14.356027
5392,89.8667,L3,15.886372
5392,89.8667,L4,19.333653
5392,89.8667,L5,1.317651
5393,89.8833,L1,6.546905
5393,89.8833,L2,13.050094
5393,89.8833,L3,14.591477
5393,89.8833,L4,18.835334
5393,89.8833,L5,5.243458
5394,89.9000,L1,9.861426
5394,89.9000,L2,13.642579
5394,89.9000,L3,16.949453
5394,89.9000,L4,16.310691
5394,89.9000,L5,0.782322
5395,89.9167,L1,6.421791
5395,89.9167,L2,14.435492
5395,89.9167,L3,16.713267
5395,89.9167,L4,16.007071
5395,89.9167,L5,2.392182
5396,89.9333,L1,6.382375
5396,89.9333,L2,14.034338
5396,89.9333,L3,17.104423
5396,89.9333,L4,15.213375
5396,89.9333,L5,4.801836
5397,89.9500,L1,6.316988
5397,89.9500,L2,17.636014
5397,89.9500,L3,12.816659
5397,89.9500,L4,16.884428
5397,89.9500,L5,4.561185
5398,89.9667,L1,5.986782
5398,89.9667,L2,14.063586
5398,89.9667,L3,23.240988
5398,89.9667,L4,14.268327
5398,89.9667,L5,0.000000
5399,89.9833,L1,6.045367
5399,89.9833,L2,15.212914
5399,89.9833,L3,18.080827
5399,89.9833,L4,17.484701
5399,89.9833,L5,1.902920
5400,90.0000,L1,5.748862
5400,90.0000,L2,13.597269
5400,90.0000,L3,14.291780
5400,90.0000,L4,22.262400
5400,90.0000,L5,0.944959
5401,90.0167,L1,6.400205
5401,90.0167,L2,15.141295
5401,90.0167,L3,15.197519
5401,90.0167,L4,17.124113
5401,90.0167,L5,3.880478
5402,90.0333,L1,9.902451
5402,90.0333,L2,13.112273
5402,90.0333,L3,14.011452
5402,90.0333,L4,15.606085
5402,90.0333,L5,5.488012
5403,90.0500,L1,6.207818
5403,90.0500,L2,15.454592
5403,90.0500,L3,16.682450
5403,90.0500,L4,18.483607
5403,90.0500,L5,0.000000
5404,90.0667,L1,6.789887
5404,90.0667,L2,14.942981
5404,90.0667,L3,16.041136
5404,90.0667,L4,14.986332
5404,90.0667,L5,3.260358
5405,90.0833,L1,5.664047
5405,90.0833,L2,18.837348
5405,90.0833,L3,14.649726
5405,90.0833,L4,15.809263
5405,90.0833,L5,4.256240
5406,90.1000,L1,6.003623
5406,90.1000,L2,14.130075
5406,90.1000,L3,17.344644
5406,90.1000,L4,15.697231
5406,90.1000,L5,2.769576
5407,90.1167,L1,6.513413
5407,90.1167,L2,16.097418
5407,90.1167,L3,17.245130
5407,90.1167,L4,19.622488
5407,90.1167,L5,0.538753
5408,90.1333,L1,6.798118
5408,90.1333,L2,15.527261
5408,90.1333,L3,15.769646
5408,90.1333,L4,17.877120
5408,90.1333,L5,1.376509
5409,90.1500,L1,6.002574
5409,90.1500,L2,12.337461
5409,90.1500,L3,15.232745
5409,90.1500,L4,17.092681
5409,90.1500,L5,4.653632
5410,90.1667,L1,5.862563
5410,90.1667,L2,13.663685
5410,90.1667,L3,17.164950
5410,90.1667,L4,20.197865
5410,90.1667,L5,2.102767
5411,90.1833,L1,5.974872
5411,90.1833,L2,16.422522
5411,90.1833,L3,17.013258
5411,90.1833,L4,14.038680
5411,90.1833,L5,1.790587
5412,90.2000,L1,9.209612
5412,90.2000,L2,18.103316
5412,90.2000,L3,14.404121
5412,90.2000,L4,16.622585
5412,90.2000,L5,2.763168
5413,90.2167,L1,6.482160
5413,90.2167,L2,14.531568
5413,90.2167,L3,15.399387
5413,90.2167,L4,17.783196
5413,90.2167,L5,2.290438
5414,90.2333,L1,5.913667
5414,90.2333,L2,13.137872
5414,90.2333,L3,19.032357
5414,90.2333,L4,20.546003
5414,90.2333,L5,0.000000
5415,90.2500,L1,6.677477
5415,90.2500,L2,14.148218
5415,90.2500,L3,16.025722
5415,90.2500,L4,13.650117
5415,90.2500,L5,5.910163
5416,90.2667,L1,6.437858
5416,90.2667,L2,13.313738
5416,90.2667,L3,16.267557
5416,90.2667,L4,16.068085
5416,90.2667,L5,3.934219
5417,90.2833,L1,9.322457
5417,90.2833,L2,15.396825
5417,90.2833,L3,13.667946
5417,90.2833,L4,18.308118
5417,90.2833,L5,0.871990
5418,90.3000,L1,5.747991
5418,90.3000,L2,16.084270
5418,90.3000,L3,15.680928
5418,90.3000,L4,17.285440
5418,90.3000,L5,4.635459
5419,90.3167,L1,6.557866
5419,90.3167,L2,17.111817
5419,90.3167,L3,16.490964
5419,90.3167,L4,15.084231
5419,90.3167,L5,2.893490
5420,90.3333,L1,5.815358
5420,90.3333,L2,16.795280
5420,90.3333,L3,15.324448
5420,90.3333,L4,15.783742
5420,90.3333,L5,2.164333
5421,90.3500,L1,6.340376
5421,90.3500,L2,15.108520
5421,90.3500,L3,18.030504
5421,90.3500,L4,17.014847
5421,90.3500,L5,0.000000
5422,90.3667,L1,5.598989
5422,90.3667,L2,17.155574
5422,90.3667,L3,17.226599
5422,90.3667,L4,14.949770
5422,90.3667,L5,4.025934
5423,90.3833,L1,6.144900
5423,90.3833,L2,14.024856
5423,90.3833,L3,15.899281
5423,90.3833,L4,19.420623
5423,90.3833,L5,2.971378
5424,90.4000,L1,6.089763
5424,90.4000,L2,12.898512
5424,90.4000,L3,15.293499
5424,90.4000,L4,19.600057
5424,90.4000,L5,2.220681
5425,90.4167,L1,9.364891
5425,90.4167,L2,17.763013
5425,90.4167,L3,12.934070
5425,90.4167,L4,12.592253
5425,90.4167,L5,5.910585
5426,90.4333,L1,6.057644
5426,90.4333,L2,12.518992
5426,90.4333,L3,16.360526
5426,90.4333,L4,20.268041
5426,90.4333,L5,1.811022
5427,90.4500,L1,6.437330
5427,90.4500,L2,17.095469
5427,90.4500,L3,19.405013
5427,90.4500,L4,13.072150
5427,90.4500,L5,1.643482
5428,90.4667,L1,6.150500
5428,90.4667,L2,12.747653
5428,90.4667,L3,18.589884
5428,90.4667,L4,18.419469
5428,90.4667,L5,2.040859
5429,90.4833,L1,6.500153
5429,90.4833,L2,15.478031
5429,90.4833,L3,18.890109
5429,90.4833,L4,14.928402
5429,90.4833,L5,2.464012
5430,90.5000,L1,6.317293
5430,90.5000,L2,14.237374
5430,90.5000,L3,12.219433
5430,90.5000,L4,19.164689
5430,90.5000,L5,4.539275
5431,90.5167,L1,9.754614
5431,90.5167,L2,15.682779
5431,90.5167,L3,15.636237
5431,90.5167,L4,17.020552
5431,90.5167,L5,0.810726
5432,90.5333,L1,6.473647
5432,90.5333,L2,15.461372
5432,90.5333,L3,16.997957
5432,90.5333,L4,16.325853
5432,90.5333,L5,0.915872
5433,90.5500,L1,6.518508
5433,90.5500,L2,13.245711
5433,90.5500,L3,17.970096
5433,90.5500,L4,13.528202
5433,90.5500,L5,6.883116
5434,90.5667,L1,6.613126
5434,90.5667,L2,12.667935
5434,90.5667,L3,15.908491
5434,90.5667,L4,16.209157
5434,90.5667,L5,4.449262
5435,90.5833,L1,6.336403
5435,90.5833,L2,14.405896
5435,90.5833,L3,17.034695
5435,90.5833,L4,19.162246
5435,90.5833,L5,0.730744
5436,90.6000,L1,6.079764
5436,90.6000,L2,13.483627
5436,90.6000,L3,13.820183
5436,90.6000,L4,18.135209
5436,90.6000,L5,5.497336
5437,90.6167,L1,9.869486
5437,90.6167,L2,11.796288
5437,90.6167,L3,17.554495
5437,90.6167,L4,19.281564
5437,90.6167,L5,0.000000
5438,90.6333,L1,6.039425
5438,90.6333,L2,17.393718
5438,90.6333,L3,14.614586
5438,90.6333,L4,16.390889
5438,90.6333,L5,3.569824
5439,90.6500,L1,6.098847
5439,90.6500,L2,17.081832
5439,90.6500,L3,17.964158
5439,90.6500,L4,14.624745
5439,90.6500,L5,1.305076
5440,90.6667,L1,6.305482
5440,90.6667,L2,13.106886
5440,90.6667,L3,18.990065
5440,90.6667,L4,19.993894
5440,90.6667,L5,1.549520
5441,90.6833,L1,6.554062
5441,90.6833,L2,13.354222
5441,90.6833,L3,17.291530
5441,90.6833,L4,15.015205
5441,90.6833,L5,3.901283
5442,90.7000,L1,6.184933
5442,90.7000,L2,13.376453
5442,90.7000,L3,14.614845
5442,90.7000,L4,21.977999
5442,90.7000,L5,2.654657
5443,90.7167,L1,6.106709
5443,90.7167,L2,14.646194
5443,90.7167,L3,16.656421
5443,90.7167,L4,16.301844
5443,90.7167,L5,1.945075
5444,90.7333,L1,8.804955
5444,90.7333,L2,19.776960
5444,90.7333,L3,15.946089
5444,90.7333,L4,14.191510
5444,90.7333,L5,1.050250
5445,90.7500,L1,5.922532
5445,90.7500,L2,14.095016
5445,90.7500,L3,20.147463
5445,90.7500,L4,14.743025
5445,90.7500,L5,2.540449
5446,90.7667,L1,6.195849
5446,90.7667,L2,12.796105
5446,90.7667,L3,15.316190
5446,90.7667,L4,21.417868
5446,90.7667,L5,1.738020
5447,90.7833,L1,6.180377
5447,90.7833,L2,13.473725
5447,90.7833,L3,18.473376
5447,90.7833,L4,14.236606
5447,90.7833,L5,4.488982
5448,90.8000,L1,6.047578
5448,90.8000,L2,12.982561
5448,90.8000,L3,16.776270
5448,90.8000,L4,19.944902
5448,90.8000,L5,2.417124
5449,90.8167,L1,9.364504
5449,90.8167,L2,13.908055
5449,90.8167,L3,14.007834
5449,90.8167,L4,16.789537
5449,90.8167,L5,2.365933
5450,90.8333,L1,6.200066
5450,90.8333,L2,19.567551
5450,90.8333,L3,16.812635
5450,90.8333,L4,14.862056
5450,90.8333,L5,1.209149
5451,90.8500,L1,5.980408
5451,90.8500,L2,15.543863
5451,90.8500,L3,16.281423
5451,90.8500,L4,17.273472
5451,90.8500,L5,0.852420
5452,90.8667,L1,5.813519
5452,90.8667,L2,13.601403
5452,90.8667,L3,19.858470
5452,90.8667,L4,13.512813
5452,90.8667,L5,6.264569
5453,90.8833,L1,6.333098
5453,90.8833,L2,13.518058
5453,90.8833,L3,17.708496
5453,90.8833,L4,19.708407
5453,90.8833,L5,0.635760
5454,90.9000,L1,6.987786
5454,90.9000,L2,15.149511
5454,90.9000,L3,17.607930
5454,90.9000,L4,17.101120
5454,90.9000,L5,0.727885
5455,90.9167,L1,6.292584
5455,90.9167,L2,13.849222
5455,90.9167,L3,13.501712
5455,90.9167,L4,16.751284
5455,90.9167,L5,4.995580
5456,90.9333,L1,5.724742
5456,90.9333,L2,13.604805
5456,90.9333,L3,14.459345
5456,90.9333,L4,22.166439
5456,90.9333,L5,3.224269
5457,90.9500,L1,10.878250
5457,90.9500,L2,14.319356
5457,90.9500,L3,12.761106
5457,90.9500,L4,14.360855
5457,90.9500,L5,5.140367
5458,90.9667,L1,6.308886
5458,90.9667,L2,14.185989
5458,90.9667,L3,14.762331
5458,90.9667,L4,19.912188
5458,90.9667,L5,0.000000
5459,90.9833,L1,6.005406
5459,90.9833,L2,13.691176
5459,90.9833,L3,20.343278
5459,90.9833,L4,15.126510
5459,90.9833,L5,4.109696
5460,91.0000,L1,6.878757
5460,91.0000,L2,19.559135
5460,91.0000,L3,15.299069
5460,91.0000,L4,17.281415
5460,91.0000,L5,0.000000
5461,91.0167,L1,6.539205
5461,91.0167,L2,12.022929
5461,91.0167,L3,20.785236
5461,91.0167,L4,16.747398
5461,91.0167,L5,0.658977
5462,91.0333,L1,6.841991
5462,91.0333,L2,13.816701
5462,91.0333,L3,16.096255
5462,91.0333,L4,16.448372
5462,91.0333,L5,4.211902
5463,91.0500,L1,5.978615
5463,91.0500,L2,13.060056
5463,91.0500,L3,14.526652
5463,91.0500,L4,20.167444
5463,91.0500,L5,4.306006
5464,91.0667,L1,9.870352
5464,91.0667,L2,11.244897
5464,91.0667,L3,15.791200
5464,91.0667,L4,19.605780
5464,91.0667,L5,1.544682
5465,91.0833,L1,6.062150
5465,91.0833,L2,17.481859
5465,91.0833,L3,15.651157
5465,91.0833,L4,15.522793
5465,91.0833,L5,1.542985
5466,91.1000,L1,5.874046
5466,91.1000,L2,17.537528
5466,91.1000,L3,17.175000
5466,91.1000,L4,15.889201
5466,91.1000,L5,2.699280
5467,91.1167,L1,5.899426
5467,91.1167,L2,16.533268
5467,91.1167,L3,14.838764
5467,91.1167,L4,15.404394
5467,91.1167,L5,4.441528
5468,91.1333,L1,5.851247
5468,91.1333,L2,14.620123
5468,91.1333,L3,22.866909
5468,91.1333,L4,14.830682
5468,91.1333,L5,0.000000
5469,91.1500,L1,5.932212
5469,91.1500,L2,14.304959
5469,91.1500,L3,14.120219
5469,91.1500,L4,15.083415
5469,91.1500,L5,5.948198
5470,91.1667,L1,6.028673
5470,91.1667,L2,10.955594
5470,91.1667,L3,14.811797
5470,91.1667,L4,23.294908
5470,91.1667,L5,2.391944
5471,91.1833,L1,6.104134
5471,91.1833,L2,15.562556
5471,91.1833,L3,17.652181
5471,91.1833,L4,17.639916
5471,91.1833,L5,0.909635
5472,91.2000,L1,9.782494
5472,91.2000,L2,16.714084
5472,91.2000,L3,13.639447
5472,91.2000,L4,15.721971
5472,91.2000,L5,2.101402
5473,91.2167,L1,5.941460
5473,91.2167,L2,16.672882
5473,91.2167,L3,18.487897
5473,91.2167,L4,13.798596
5473,91.2167,L5,3.819620
5474,91.2333,L1,6.388505
5474,91.2333,L2,15.203327
5474,91.2333,L3,15.052198
5474,91.2333,L4,18.944541
5474,91.2333,L5,0.871438
5475,91.2500,L1,5.847549
5475,91.2500,L2,14.621182
5475,91.2500,L3,18.629571
5475,91.2500,L4,17.506622
5475,91.2500,L5,0.000000
5476,91.2667,L1,6.033034
5476,91.2667,L2,13.130925
5476,91.2667,L3,15.310124
5476,91.2667,L4,18.443954
5476,91.2667,L5,5.246327
5477,91.2833,L1,9.888015
5477,91.2833,L2,14.281518
5477,91.2833,L3,12.411480
5477,91.2833,L4,18.906625
5477,91.2833,L5,2.665778
5478,91.3000,L1,6.569161
5478,91.3000,L2,18.698160
5478,91.3000,L3,14.974899
5478,91.3000,L4,15.014635
5478,91.3000,L5,2.413630
5479,91.3167,L1,6.787660
5479,91.3167,L2,13.655921
5479,91.3167,L3,14.418068
5479,91.3167,L4,17.236855
5479,91.3167,L5,6.040999
5480,91.3333,L1,6.137668
5480,91.3333,L2,12.830096
5480,91.3333,L3,19.032802
5480,91.3333,L4,17.389303
5480,91.3333,L5,2.350100
5481,91.3500,L1,6.096356
5481,91.3500,L2,12.737206
5481,91.3500,L3,20.339173
5481,91.3500,L4,17.973288
5481,91.3500,L5,0.000000
5482,91.3667,L1,6.323376
5482,91.3667,L2,12.922009
5482,91.3667,L3,14.616944
5482,91.3667,L4,20.769813
5482,91.3667,L5,3.091281
5483,91.3833,L1,6.485515
5483,91.3833,L2,15.891373
5483,91.3833,L3,15.645242
5483,91.3833,L4,17.014477
5483,91.3833,L5,3.525027
5484,91.4000,L1,5.897787
5484,91.4000,L2,15.774187
5484,91.4000,L3,17.073561
5484,91.4000,L4,16.278858
5484,91.4000,L5,1.207264
5485,91.4167,L1,9.299293
5485,91.4167,L2,14.106583
5485,91.4167,L3,13.969040
5485,91.4167,L4,16.198183
5485,91.4167,L5,4.630652
5486,91.4333,L1,6.438486
5486,91.4333,L2,19.066487
5486,91.4333,L3,15.897781
5486,91.4333,L4,13.223845
5486,91.4333,L5,2.291159
5487,91.4500,L1,5.956242
5487,91.4500,L2,12.898563
5487,91.4500,L3,17.555099
5487,91.4500,L4,18.629845
5487,91.4500,L5,1.744868
5488,91.4667,L1,5.632447
5488,91.4667,L2,15.831278
5488,91.4667,L3,18.432055
5488,91.4667,L4,13.398655
5488,91.4667,L5,4.776203
5489,91.4833,L1,6.258789
5489,91.4833,L2,13.470606
5489,91.4833,L3,18.754747
5489,91.4833,L4,18.739899
5489,91.4833,L5,0.000000
5490,91.5000,L1,6.044888
5490,91.5000,L2,16.141743
5490,91.5000,L3,15.687990
5490,91.5000,L4,15.806295
5490,91.5000,L5,3.193025
5491,91.5167,L1,6.512722
5491,91.5167,L2,14.209396
5491,91.5167,L3,14.465222
5491,91.5167,L4,20.940168
5491,91.5167,L5,2.471287
5492,91.5333,L1,9.677677
5492,91.5333,L2,12.643794
5492,91.5333,L3,15.288824
5492,91.5333,L4,15.779165
5492,91.5333,L5,5.266600
5493,91.5500,L1,6.414961
5493,91.5500,L2,14.789606
5493,91.5500,L3,16.062222
5493,91.5500,L4,17.770631
5493,91.5500,L5,1.679241
5494,91.5667,L1,6.030512
5494,91.5667,L2,19.408582
5494,91.5667,L3,12.582889
5494,91.5667,L4,15.188653
5494,91.5667,L5,4.763282
5495,91.5833,L1,6.989267
5495,91.5833,L2,13.915371
5495,91.5833,L3,19.028114
5495,91.5833,L4,17.052076
5495,91.5833,L5,0.000000
5496,91.6000,L1,6.162085
5496,91.6000,L2,11.309873
5496,91.6000,L3,16.521122
5496,91.6000,L4,19.198146
5496,91.6000,L5,3.222781
5497,91.6167,L1,6.501235
5497,91.6167,L2,14.126592
5497,91.6167,L3,17.979613
5497,91.6167,L4,17.257860
5497,91.6167,L5,3.925005
5498,91.6333,L1,6.195855
5498,91.6333,L2,14.787056
5498,91.6333,L3,14.556508
5498,91.6333,L4,18.681949
5498,91.6333,L5,3.406120
5499,91.6500,L1,8.819228
5499,91.6500,L2,16.402330
5499,91.6500,L3,15.334015
5499,91.6500,L4,15.594117
5499,91.6500,L5,0.000000
5500,91.6667,L1,6.743716
5500,91.6667,L2,17.849558
5500,91.6667,L3,13.206647
5500,91.6667,L4,14.150236
5500,91.6667,L5,4.702868
5501,91.6833,L1,6.217407
5501,91.6833,L2,11.305366
5501,91.6833,L3,21.771865
5501,91.6833,L4,19.127577
5501,91.6833,L5,0.000000
5502,91.7000,L1,5.748082
5502,91.7000,L2,16.640752
5502,91.7000,L3,17.678799
5502,91.7000,L4,16.815394
5502,91.7000,L5,1.963735
5503,91.7167,L1,5.676687
5503,91.7167,L2,12.531052
5503,91.7167,L3,13.349763
5503,91.7167,L4,20.730580
5503,91.7167,L5,5.277600
5504,91.7333,L1,5.936566
5504,91.7333,L2,15.696798
5504,91.7333,L3,18.418471
5504,91.7333,L4,14.613395
5504,91.7333,L5,0.985660
5505,91.7500,L1,10.211825
5505,91.7500,L2,15.831237
5505,91.7500,L3,12.471337
5505,91.7500,L4,15.691363
5505,91.7500,L5,3.772086
5506,91.7667,L1,5.907188
5506,91.7667,L2,18.358854
5506,91.7667,L3,16.507833
5506,91.7667,L4,15.966973
5506,91.7667,L5,0.856029
5507,91.7833,L1,5.943528
5507,91.7833,L2,14.001853
5507,91.7833,L3,19.575919
5507,91.7833,L4,15.483449
5507,91.7833,L5,4.342116
5508,91.8000,L1,5.788126
5508,91.8000,L2,16.372681
5508,91.8000,L3,14.580686
5508,91.8000,L4,18.837548
5508,91.8000,L5,1.892780
5509,91.8167,L1,6.857708
5509,91.8167,L2,11.757399
5509,91.8167,L3,14.617579
5509,91.8167,L4,21.052432
5509,91.8167,L5,2.888600
5510,91.8333,L1,6.251056
5510,91.8333,L2,13.922602
5510,91.8333,L3,16.075847
5510,91.8333,L4,15.469209
5510,91.8333,L5,3.927265
5511,91.8500,L1,9.933506
5511,91.8500,L2,13.828534
5511,91.8500,L3,14.959130
5511,91.8500,L4,17.081830
5511,91.8500,L5,2.046647
5512,91.8667,L1,6.137178
5512,91.8667,L2,20.023745
5512,91.8667,L3,17.064061
5512,91.8667,L4,12.472484
5512,91.8667,L5,3.901987
5513,91.8833,L1,6.142350
5513,91.8833,L2,15.482268
5513,91.8833,L3,16.826080
5513,91.8833,L4,15.704361
5513,91.8833,L5,2.038272
5514,91.9000,L1,6.241902
5514,91.9000,L2,11.836124
5514,91.9000,L3,21.178307
5514,91.9000,L4,18.166818
5514,91.9000,L5,1.752055
5515,91.9167,L1,6.298448
5515,91.9167,L2,14.907630
5515,91.9167,L3,17.145116
5515,91.9167,L4,16.336447
5515,91.9167,L5,2.945029
5516,91.9333,L1,6.383030
5516,91.9333,L2,14.906726
5516,91.9333,L3,15.771231
5516,91.9333,L4,18.788529
5516,91.9333,L5,1.503525
5517,91.9500,L1,6.490582
5517,91.9500,L2,13.364569
5517,91.9500,L3,12.257651
5517,91.9500,L4,16.230290
5517,91.9500,L5,7.963075
5518,91.9667,L1,9.429335
5518,91.9667,L2,15.773854
5518,91.9667,L3,14.995449
5518,91.9667,L4,17.364076
5518,91.9667,L5,0.858326
5519,91.9833,L1,6.414020
5519,91.9833,L2,17.746482
5519,91.9833,L3,14.455029
5519,91.9833,L4,16.982997
5519,91.9833,L5,1.119936
5520,92.0000,L1,6.240950
5520,92.0000,L2,13.479459
5520,92.0000,L3,16.085396
5520,92.0000,L4,15.634830
5520,92.0000,L5,4.630331
5521,92.0167,L1,6.048493
5521,92.0167,L2,14.707924
5521,92.0167,L3,20.797061
5521,92.0167,L4,15.498805
5521,92.0167,L5,1.885977
5522,92.0333,L1,5.921849
5522,92.0333,L2,16.634712
5522,92.0333,L3,17.433356
5522,92.0333,L4,15.421393
5522,92.0333,L5,2.365354
5523,92.0500,L1,5.734210
5523,92.0500,L2,12.607545
5523,92.0500,L3,12.123309
5523,92.0500,L4,22.714117
5523,92.0500,L5,4.950707
5524,92.0667,L1,10.497632
5524,92.0667,L2,13.525078
5524,92.0667,L3,15.183472
5524,92.0667,L4,14.123396
5524,92.0667,L5,3.626887
5525,92.0833,L1,6.639404
5525,92.0833,L2,16.674882
5525,92.0833,L3,14.692183
5525,92.0833,L4,19.895203
5525,92.0833,L5,0.000000
5526,92.1000,L1,6.207870
5526,92.1000,L2,16.262542
5526,92.1000,L3,15.867805
5526,92.1000,L4,15.489240
5526,92.1000,L5,2.542290
5527,92.1167,L1,6.713605
5527,92.1167,L2,15.963596
5527,92.1167,L3,18.477378
5527,92.1167,L4,16.093124
5527,92.1167,L5,1.965711
5528,92.1333,L1,6.261406
5528,92.1333,L2,12.769601
5528,92.1333,L3,13.318180
5528,92.1333,L4,19.640548
5528,92.1333,L5,5.306155
5529,92.1500,L1,6.792744
5529,92.1500,L2,12.546327
5529,92.1500,L3,15.912848
5529,92.1500,L4,17.626028
5529,92.1500,L5,2.282567
5530,92.1667,L1,5.993126
5530,92.1667,L2,15.530344
5530,92.1667,L3,15.932496
5530,92.1667,L4,19.605521
5530,92.1667,L5,0.947710
5531,92.1833,L1,6.124907
5531,92.1833,L2,13.109656
5531,92.1833,L3,17.313346
5531,92.1833,L4,17.863154
5531,92.1833,L5,5.258592
5532,92.2000,L1,9.102027
5532,92.2000,L2,12.461945
5532,92.2000,L3,15.169407
5532,92.2000,L4,17.009199
5532,92.2000,L5,4.005425
5533,92.2167,L1,6.044075
5533,92.2167,L2,18.760355
5533,92.2167,L3,15.557959
5533,92.2167,L4,12.736863
5533,92.2167,L5,2.817690
5534,92.2333,L1,6.488817
5534,92.2333,L2,11.293285
5534,92.2333,L3,16.377686
5534,92.2333,L4,21.022764
5534,92.2333,L5,2.039893
5535,92.2500,L1,5.888213
5535,92.2500,L2,19.615751
5535,92.2500,L3,17.465419
5535,92.2500,L4,12.378949
5535,92.2500,L5,2.227907
5536,92.2667,L1,5.760860
5536,92.2667,L2,12.259847
5536,92.2667,L3,18.060280
5536,92.2667,L4,20.270143
5536,92.2667,L5,0.000000
5537,92.2833,L1,6.770589
5537,92.2833,L2,15.471555
5537,92.2833,L3,16.853457
5537,92.2833,L4,18.959200
5537,92.2833,L5,1.670196
5538,92.3000,L1,5.480667
5538,92.3000,L2,11.637322
5538,92.3000,L3,15.777280
5538,92.3000,L4,20.467531
5538,92.3000,L5,4.986485
5539,92.3167,L1,9.986561
5539,92.3167,L2,13.396198
5539,92.3167,L3,14.111426
5539,92.3167,L4,15.655815
5539,92.3167,L5,4.586718
5540,92.3333,L1,6.028305
5540,92.3333,L2,16.134794
5540,92.3333,L3,15.018102
5540,92.3333,L4,18.636701
5540,92.3333,L5,0.000000
5541,92.3500,L1,6.426799
5541,92.3500,L2,18.611446
5541,92.3500,L3,15.742982
5541,92.3500,L4,15.352817
5541,92.3500,L5,1.690090
5542,92.3667,L1,6.128790
5542,92.3667,L2,13.526037
5542,92.3667,L3,19.572290
5542,92.3667,L4,13.476781
5542,92.3667,L5,5.706602
5543,92.3833,L1,6.010610
5543,92.3833,L2,15.171245
5543,92.3833,L3,14.938367
5543,92.3833,L4,20.217001
5543,92.3833,L5,0.842158
5544,92.4000,L1,5.977690
5544,92.4000,L2,13.165714
5544,92.4000,L3,16.283634
5544,92.4000,L4,17.841138
5544,92.4000,L5,3.203148
5545,92.4167,L1,5.801786
5545,92.4167,L2,14.199862
5545,92.4167,L3,16.288367
5545,92.4167,L4,18.764999
5545,92.4167,L5,2.228202
5546,92.4333,L1,8.947780
5546,92.4333,L2,19.009756
5546,92.4333,L3,15.728281
5546,92.4333,L4,13.399479
5546,92.4333,L5,3.174641
5547,92.4500,L1,5.854206
5547,92.4500,L2,14.754533
5547,92.4500,L3,13.956383
5547,92.4500,L4,17.692250
5547,92.4500,L5,5.003245
5548,92.4667,L1,5.913274
5548,92.4667,L2,11.470178
5548,92.4667,L3,18.138165
5548,92.4667,L4,18.485301
5548,92.4667,L5,3.428948
5549,92.4833,L1,6.567859
5549,92.4833,L2,14.427633
5549,92.4833,L3,15.795500
5549,92.4833,L4,16.974008
5549,92.4833,L5,3.479793
5550,92.5000,L1,8.883381
5550,92.5000,L2,14.207077
5550,92.5000,L3,16.096894
5550,92.5000,L4,17.586978
5550,92.5000,L5,1.297107
5551,92.5167,L1,6.049068
5551,92.5167,L2,16.732139
5551,92.5167,L3,16.136874
5551,92.5167,L4,14.776661
5551,92.5167,L5,2.177590
5552,92.5333,L1,5.840799
5552,92.5333,L2,15.724412
5552,92.5333,L3,17.842820
5552,92.5333,L4,18.257572
5552,92.5333,L5,1.406725
5553,92.5500,L1,6.165890
5553,92.5500,L2,13.151517
5553,92.5500,L3,20.333162
5553,92.5500,L4,14.360699
5553,92.5500,L5,1.457955
5554,92.5667,L1,5.956195
5554,92.5667,L2,14.008172
5554,92.5667,L3,15.112486
5554,92.5667,L4,16.762371
5554,92.5667,L5,5.750792
5555,92.5833,L1,6.265853
5555,92.5833,L2,15.220738
5555,92.5833,L3,14.131396
5555,92.5833,L4,22.440709
5555,92.5833,L5,0.649044
5556,92.6000,L1,9.265930
5556,92.6000,L2,14.570186
5556,92.6000,L3,16.703126
5556,92.6000,L4,13.788158
5556,92.6000,L5,2.996051
5557,92.6167,L1,6.059022
5557,92.6167,L2,18.761826
5557,92.6167,L3,14.787669
5557,92.6167,L4,16.764290
5557,92.6167,L5,2.587222
5558,92.6333,L1,6.187639
5558,92.6333,L2,15.183994
5558,92.6333,L3,18.297703
5558,92.6333,L4,16.328342
5558,92.6333,L5,1.663973
5559,92.6500,L1,6.411362
5559,92.6500,L2,13.760882
5559,92.6500,L3,13.531505
5559,92.6500,L4,13.998553
5559,92.6500,L5,6.019793
5560,92.6667,L1,5.921564
5560,92.6667,L2,14.121068
5560,92.6667,L3,19.943670
5560,92.6667,L4,17.400541
5560,92.6667,L5,0.651862
5561,92.6833,L1,6.539282
5561,92.6833,L2,13.483570
5561,92.6833,L3,13.801714
5561,92.6833,L4,20.697933
5561,92.6833,L5,5.750017
5562,92.7000,L1,6.325969
5562,92.7000,L2,13.595563
5562,92.7000,L3,17.091660
5562,92.7000,L4,18.094269
5562,92.7000,L5,0.000000
5563,92.7167,L1,9.364214
5563,92.7167,L2,19.392348
5563,92.7167,L3,16.606531
5563,92.7167,L4,9.317297
5563,92.7167,L5,4.122476
5564,92.7333,L1,6.437554
5564,92.7333,L2,14.779342
5564,92.7333,L3,13.830905
5564,92.7333,L4,20.491179
5564,92.7333,L5,1.138567
5565,92.7500,L1,6.243120
5565,92.7500,L2,13.468359
5565,92.7500,L3,17.734682
5565,92.7500,L4,17.261980
5565,92.7500,L5,4.014601
5566,92.7667,L1,6.463637
5566,92.7667,L2,14.942995
5566,92.7667,L3,19.220435
5566,92.7667,L4,14.928120
5566,92.7667,L5,1.878788
5567,92.7833,L1,6.007467
5567,92.7833,L2,12.645903
5567,92.7833,L3,15.031855
5567,92.7833,L4,22.900399
5567,92.7833,L5,1.121335
5568,92.8000,L1,10.540389
5568,92.8000,L2,17.871779
5568,92.8000,L3,16.798562
5568,92.8000,L4,12.746759
5568,92.8000,L5,1.045020
5569,92.8167,L1,5.808251
5569,92.8167,L2,15.446785
5569,92.8167,L3,14.404885
5569,92.8167,L4,16.927142
5569,92.8167,L5,3.832028
5570,92.8333,L1,6.083920
5570,92.8333,L2,14.728058
5570,92.8333,L3,19.673525
5570,92.8333,L4,12.505686
5570,92.8333,L5,3.759955
5571,92.8500,L1,7.072559
5571,92.8500,L2,11.728262
5571,92.8500,L3,16.548150
5571,92.8500,L4,17.394149
5571,92.8500,L5,3.919444
5572,92.8667,L1,6.383342
5572,92.8667,L2,13.715270
5572,92.8667,L3,17.359147
5572,92.8667,L4,21.194639
5572,92.8667,L5,0.000000
5573,92.8833,L1,8.749295
5573,92.8833,L2,12.420565
5573,92.8833,L3,14.150244
5573,92.8833,L4,19.444456
5573,92.8833,L5,4.301745
5574,92.9000,L1,6.137237
5574,92.9000,L2,14.517867
5574,92.9000,L3,15.775632
5574,92.9000,L4,20.208002
5574,92.9000,L5,1.039057
5575,92.9167,L1,5.790385
5575,92.9167,L2,17.564819
5575,92.9167,L3,13.883827
5575,92.9167,L4,16.321274
5575,92.9167,L5,2.489786
5576,92.9333,L1,6.804615
5576,92.9333,L2,14.938044
5576,92.9333,L3,20.884177
5576,92.9333,L4,14.279480
5576,92.9333,L5,1.698410
5577,92.9500,L1,6.548594
5577,92.9500,L2,14.009685
5577,92.9500,L3,15.720763
5577,92.9500,L4,16.205301
5577,92.9500,L5,4.849593
5578,92.9667,L1,6.788162
5578,92.9667,L2,13.873997
5578,92.9667,L3,15.166258
5578,92.9667,L4,21.488885
5578,92.9667,L5,0.718542
5579,92.9833,L1,6.572419
5579,92.9833,L2,14.641410
5579,92.9833,L3,15.548003
5579,92.9833,L4,16.309906
5579,92.9833,L5,3.597407
5580,93.0000,L1,8.734169
5580,93.0000,L2,15.308127
5580,93.0000,L3,14.667951
5580,93.0000,L4,15.564555
5580,93.0000,L5,3.622560
5581,93.0167,L1,6.172755
5581,93.0167,L2,13.797112
5581,93.0167,L3,15.260393
5581,93.0167,L4,20.183999
5581,93.0167,L5,2.274494
5582,93.0333,L1,6.141581
5582,93.0333,L2,18.846710
5582,93.0333,L3,15.003068
5582,93.0333,L4,14.998746
5582,93.0333,L5,2.843837
5583,93.0500,L1,6.064940
5583,93.0500,L2,14.042844
5583,93.0500,L3,22.596872
5583,93.0500,L4,13.028847
5583,93.0500,L5,0.837614
5584,93.0667,L1,5.785679
5584,93.0667,L2,15.973108
5584,93.0667,L3,15.577098
5584,93.0667,L4,16.919676
5584,93.0667,L5,3.036866
5585,93.0833,L1,5.915826
5585,93.0833,L2,13.344382
5585,93.0833,L3,19.058163
5585,93.0833,L4,19.605632
5585,93.0833,L5,1.639166
5586,93.1000,L1,7.062138
5586,93.1000,L2,13.233982
5586,93.1000,L3,13.085667
5586,93.1000,L4,19.889839
5586,93.1000,L5,4.072877
5587,93.1167,L1,8.995684
5587,93.1167,L2,14.866182
5587,93.1167,L3,16.115783
5587,93.1167,L4,13.659842
5587,93.1167,L5,4.063408
5588,93.1333,L1,6.840674
5588,93.1333,L2,17.169232
5588,93.1333,L3,13.644408
5588,93.1333,L4,15.323326
5588,93.1333,L5,2.381153
5589,93.1500,L1,6.073388
5589,93.1500,L2,15.621756
5589,93.1500,L3,18.821600
5589,93.1500,L4,13.948222
5589,93.1500,L5,3.694118
5590,93.1667,L1,6.201591
5590,93.1667,L2,13.582494
5590,93.1667,L3,16.381219
5590,93.1667,L4,21.048241
5590,93.1667,L5,0.000000
5591,93.1833,L1,6.283456
5591,93.1833,L2,12.736442
5591,93.1833,L3,15.236406
5591,93.1833,L4,17.752010
5591,93.1833,L5,4.169846
5592,93.2000,L1,7.095460
5592,93.2000,L2,15.347190
5592,93.2000,L3,15.717496
5592,93.2000,L4,17.891098
5592,93.2000,L5,1.574792
5593,93.2167,L1,10.847518
5593,93.2167,L2,14.306523
5593,93.2167,L3,13.891842
5593,93.2167,L4,18.867726
5593,93.2167,L5,0.851024
5594,93.2333,L1,6.407695
5594,93.2333,L2,15.025776
5594,93.2333,L3,16.906384
5594,93.2333,L4,15.111045
5594,93.2333,L5,4.851214
5595,93.2500,L1,6.567798
5595,93.2500,L2,17.165807
5595,93.2500,L3,15.095250
5595,93.2500,L4,18.305474
5595,93.2500,L5,1.519510
5596,93.2667,L1,6.567841
5596,93.2667,L2,15.015694
5596,93.2667,L3,19.943998
5596,93.2667,L4,13.014483
5596,93.2667,L5,2.290216
5597,93.2833,L1,5.556833
5597,93.2833,L2,10.589298
5597,93.2833,L3,16.965625
5597,93.2833,L4,22.945693
5597,93.2833,L5,1.538143
5598,93.3000,L1,7.116324
5598,93.3000,L2,16.391388
5598,93.3000,L3,17.513624
5598,93.3000,L4,9.564425
5598,93.3000,L5,4.803335
5599,93.3167,L1,5.894291
5599,93.3167,L2,12.538393
5599,93.3167,L3,16.249783
5599,93.3167,L4,23.940978
5599,93.3167,L5,0.654408
5600,93.3333,L1,9.427365
5600,93.3333,L2,15.589723
5600,93.3333,L3,13.980471
5600,93.3333,L4,16.080566
5600,93.3333,L5,1.785879
5601,93.3500,L1,6.540752
5601,93.3500,L2,18.640697
5601,93.3500,L3,14.651608
5601,93.3500,L4,14.805001
5601,93.3500,L5,3.561497
5602,93.3667,L1,6.465936
5602,93.3667,L2,13.764126
5602,93.3667,L3,17.625354
5602,93.3667,L4,19.372838
5602,93.3667,L5,1.366853
5603,93.3833,L1,5.832893
5603,93.3833,L2,14.517935
5603,93.3833,L3,18.658990
5603,93.3833,L4,15.544623
5603,93.3833,L5,2.262721
5604,93.4000,L1,6.121588
5604,93.4000,L2,12.396511
5604,93.4000,L3,14.394568
5604,93.4000,L4,22.392573
5604,93.4000,L5,3.053403
5605,93.4167,L1,6.098861
5605,93.4167,L2,14.093439
5605,93.4167,L3,15.274486
5605,93.4167,L4,18.143613
5605,93.4167,L5,3.614922
5606,93.4333,L1,9.714325
5606,93.4333,L2,15.555876
5606,93.4333,L3,13.812929
5606,93.4333,L4,13.997385
5606,93.4333,L5,4.141365
5607,93.4500,L1,5.515253
5607,93.4500,L2,15.855808
5607,93.4500,L3,18.939019
5607,93.4500,L4,18.107478
5607,93.4500,L5,0.000000
5608,93.4667,L1,6.079061
5608,93.4667,L2,20.737163
5608,93.4667,L3,13.919281
5608,93.4667,L4,11.099307
5608,93.4667,L5,4.768639
5609,93.4833,L1,5.937166
5609,93.4833,L2,13.348872
5609,93.4833,L3,18.464012
5609,93.4833,L4,16.436686
5609,93.4833,L5,3.934300
5610,93.5000,L1,5.977422
5610,93.5000,L2,13.791189
5610,93.5000,L3,16.719986
5610,93.5000,L4,21.548000
5610,93.5000,L5,0.000000
5611,93.5167,L1,9.422808
5611,93.5167,L2,11.709537
5611,93.5167,L3,14.374224
5611,93.5167,L4,16.761116
5611,93.5167,L5,4.675094
5612,93.5333,L1,6.430576
5612,93.5333,L2,16.735215
5612,93.5333,L3,15.642096
5612,93.5333,L4,14.213328
5612,93.5333,L5,3.910683
5613,93.5500,L1,6.182333
5613,93.5500,L2,18.153220
5613,93.5500,L3,14.352809
5613,93.5500,L4,15.994802
5613,93.5500,L5,2.698878
5614,93.5667,L1,6.097894
5614,93.5667,L2,12.554046
5614,93.5667,L3,18.642654
5614,93.5667,L4,16.998337
5614,93.5667,L5,2.053875
5615,93.5833,L1,6.375066
5615,93.5833,L2,11.420146
5615,93.5833,L3,17.542571
5615,93.5833,L4,22.834606
5615,93.5833,L5,1.482623
5616,93.6000,L1,9.013806
5616,93.6000,L2,12.745890
5616,93.6000,L3,16.508848
5616,93.6000,L4,17.456948
5616,93.6000,L5,0.826554
5617,93.6167,L1,3.003584
5617,93.6167,L2,16.206367
5617,93.6167,L3,18.199619
5617,93.6167,L4,16.712606
5617,93.6167,L5,4.921045
5618,93.6333,L1,9.985678
5618,93.6333,L2,14.615895
5618,93.6333,L3,12.706099
5618,93.6333,L4,14.968965
5618,93.6333,L5,4.695572
5619,93.6500,L1,6.190880
5619,93.6500,L2,17.795114
5619,93.6500,L3,17.445776
5619,93.6500,L4,14.026281
5619,93.6500,L5,1.781139
5620,93.6667,L1,6.943740
5620,93.6667,L2,14.304242
5620,93.6667,L3,20.388078
5620,93.6667,L4,13.484634
5620,93.6667,L5,2.121758
5621,93.6833,L1,5.821931
5621,93.6833,L2,12.966494
5621,93.6833,L3,15.758966
5621,93.6833,L4,20.623261
5621,93.6833,L5,0.832094
5622,93.7000,L1,9.259481
5622,93.7000,L2,13.891291
5622,93.7000,L3,15.600691
5622,93.7000,L4,18.198607
5622,93.7000,L5,3.203707
5623,93.7167,L1,6.109894
5623,93.7167,L2,16.834450
5623,93.7167,L3,14.253893
5623,93.7167,L4,16.816851
5623,93.7167,L5,2.616343
5624,93.7333,L1,6.221508
5624,93.7333,L2,16.489456
5624,93.7333,L3,16.521092
5624,93.7333,L4,14.567763
5624,93.7333,L5,4.122141
5625,93.7500,L1,6.508465
5625,93.7500,L2,13.790480
5625,93.7500,L3,18.340930
5625,93.7500,L4,19.492457
5625,93.7500,L5,0.000000
5626,93.7667,L1,6.169504
5626,93.7667,L2,12.551579
5626,93.7667,L3,15.461873
5626,93.7667,L4,19.741192
5626,93.7667,L5,3.565940
5627,93.7833,L1,6.449639
5627,93.7833,L2,16.903027
5627,93.7833,L3,16.154152
5627,93.7833,L4,11.417445
5627,93.7833,L5,4.550836
5628,93.8000,L1,5.903141
5628,93.8000,L2,12.697644
5628,93.8000,L3,15.004988
5628,93.8000,L4,23.730355
5628,93.8000,L5,1.607004
5629,93.8167,L1,8.729902
5629,93.8167,L2,14.574834
5629,93.8167,L3,16.215616
5629,93.8167,L4,17.305925
5629,93.8167,L5,1.063868
5630,93.8333,L1,6.662170
5630,93.8333,L2,19.841333
5630,93.8333,L3,11.718446
5630,93.8333,L4,12.929369
5630,93.8333,L5,5.179423
5631,93.8500,L1,5.806034
5631,93.8500,L2,12.517896
5631,93.8500,L3,20.103357
5631,93.8500,L4,14.844342
5631,93.8500,L5,5.132007
5632,93.8667,L1,6.378109
5632,93.8667,L2,13.644266
5632,93.8667,L3,18.284243
5632,93.8667,L4,18.529865
5632,93.8667,L5,1.241670
5633,93.8833,L1,5.707197
5633,93.8833,L2,13.902425
5633,93.8833,L3,17.440581
5633,93.8833,L4,18.683068
5633,93.8833,L5,0.000000
5634,93.9000,L1,5.765621
5634,93.9000,L2,13.386900
5634,93.9000,L3,17.537089
5634,93.9000,L4,16.751516
5634,93.9000,L5,5.139550
5635,93.9167,L1,9.886928
5635,93.9167,L2,14.262416
5635,93.9167,L3,14.039151
5635,93.9167,L4,17.022636
5635,93.9167,L5,1.885975
5636,93.9333,L1,5.902558
5636,93.9333,L2,17.658390
5636,93.9333,L3,15.656438
5636,93.9333,L4,14.782950
5636,93.9333,L5,4.627818
5637,93.9500,L1,5.931885
5637,93.9500,L2,18.343531
5637,93.9500,L3,15.685395
5637,93.9500,L4,17.030411
5637,93.9500,L5,0.000000
5638,93.9667,L1,6.334643
5638,93.9667,L2,12.449638
5638,93.9667,L3,22.931377
5638,93.9667,L4,13.667504
5638,93.9667,L5,2.704232
5639,93.9833,L1,6.403212
5639,93.9833,L2,15.553171
5639,93.9833,L3,14.689816
5639,93.9833,L4,18.967358
5639,93.9833,L5,1.073619
5640,94.0000,L1,6.594740
5640,94.0000,L2,15.387292
5640,94.0000,L3,13.235080
5640,94.0000,L4,18.716657
5640,94.0000,L5,3.949258
5641,94.0167,L1,9.208060
5641,94.0167,L2,13.814371
5641,94.0167,L3,16.103440
5641,94.0167,L4,15.524382
5641,94.0167,L5,2.486452
5642,94.0333,L1,5.916232
5642,94.0333,L2,16.962359
5642,94.0333,L3,18.492151
5642,94.0333,L4,15.246133
5642,94.0333,L5,1.479433
5643,94.0500,L1,6.655640
5643,94.0500,L2,17.161550
5643,94.0500,L3,13.477199
5643,94.0500,L4,15.931492
5643,94.0500,L5,3.829356
5644,94.0667,L1,6.212150
5644,94.0667,L2,14.507378
5644,94.0667,L3,19.371985
5644,94.0667,L4,14.725622
5644,94.0667,L5,1.429779
5645,94.0833,L1,6.213864
5645,94.0833,L2,12.743287
5645,94.0833,L3,14.339403
5645,94.0833,L4,20.698700
5645,94.0833,L5,5.250268
5646,94.1000,L1,5.805272
5646,94.1000,L2,15.078817
5646,94.1000,L3,17.091480
5646,94.1000,L4,17.416380
5646,94.1000,L5,2.438448
5647,94.1167,L1,9.845976
5647,94.1167,L2,16.239298
5647,94.1167,L3,14.962296
5647,94.1167,L4,13.539914
5647,94.1167,L5,2.426310
5648,94.1333,L1,6.256129
5648,94.1333,L2,16.129614
5648,94.1333,L3,16.203630
5648,94.1333,L4,15.874556
5648,94.1333,L5,3.424394
5649,94.1500,L1,5.969328
5649,94.1500,L2,15.608479
5649,94.1500,L3,19.719259
5649,94.1500,L4,15.582405
5649,94.1500,L5,0.890080
5650,94.1667,L1,5.999392
5650,94.1667,L2,13.581524
5650,94.1667,L3,14.902367
5650,94.1667,L4,18.283644
5650,94.1667,L5,2.452392
5651,94.1833,L1,6.223507
5651,94.1833,L2,13.567177
5651,94.1833,L3,15.397795
5651,94.1833,L4,17.323185
5651,94.1833,L5,5.590838
5652,94.2000,L1,6.251839
5652,94.2000,L2,15.698764
5652,94.2000,L3,15.597130
5652,94.2000,L4,20.852113
5652,94.2000,L5,0.000000
5653,94.2167,L1,8.832453
5653,94.2167,L2,13.883229
5653,94.2167,L3,13.450992
5653,94.2167,L4,17.865545
5653,94.2167,L5,3.375293
5654,94.2333,L1,6.629688
5654,94.2333,L2,17.514503
5654,94.2333,L3,13.145151
5654,94.2333,L4,16.546286
5654,94.2333,L5,3.480543
5655,94.2500,L1,6.066099
5655,94.2500,L2,11.279797
5655,94.2500,L3,20.803712
5655,94.2500,L4,18.934951
5655,94.2500,L5,0.783553
5656,94.2667,L1,6.168326
5656,94.2667,L2,13.929629
5656,94.2667,L3,17.945202
5656,94.2667,L4,16.206862
5656,94.2667,L5,3.574403
5657,94.2833,L1,6.861919
5657,94.2833,L2,14.291888
5657,94.2833,L3,15.346474
5657,94.2833,L4,16.339375
5657,94.2833,L5,3.296847
5658,94.3000,L1,6.441749
5658,94.3000,L2,14.061598
5658,94.3000,L3,15.667274
5658,94.3000,L4,17.377991
5658,94.3000,L5,5.069808
5659,94.3167,L1,5.904119
5659,94.3167,L2,14.675709
5659,94.3167,L3,17.291437
5659,94.3167,L4,17.897400
5659,94.3167,L5,1.566690
5660,94.3333,L1,8.897147
5660,94.3333,L2,15.826649
5660,94.3333,L3,13.781203
5660,94.3333,L4,14.938003
5660,94.3333,L5,2.596287
5661,94.3500,L1,5.943542
5661,94.3500,L2,17.699678
5661,94.3500,L3,16.643296
5661,94.3500,L4,15.108500
5661,94.3500,L5,4.229215
5662,94.3667,L1,6.216154
5662,94.3667,L2,14.001667
5662,94.3667,L3,19.252653
5662,94.3667,L4,16.082078
5662,94.3667,L5,1.156402
5663,94.3833,L1,5.847532
5663,94.3833,L2,12.081031
5663,94.3833,L3,13.270319
5663,94.3833,L4,21.329332
5663,94.3833,L5,5.192737
5664,94.4000,L1,9.666598
5664,94.4000,L2,13.213503
5664,94.4000,L3,17.219321
5664,94.4000,L4,18.089640
5664,94.4000,L5,0.000000
5665,94.4167,L1,5.562389
5665,94.4167,L2,16.917561
5665,94.4167,L3,16.514833
5665,94.4167,L4,17.566202
5665,94.4167,L5,1.642739
5666,94.4333,L1,6.111431
5666,94.4333,L2,18.826696
5666,94.4333,L3,13.551654
5666,94.4333,L4,13.846122
5666,94.4333,L5,4.694437
5667,94.4500,L1,5.562984
5667,94.4500,L2,12.149019
5667,94.4500,L3,17.977966
5667,94.4500,L4,19.117699
5667,94.4500,L5,2.162969
5668,94.4667,L1,6.536026
5668,94.4667,L2,14.639367
5668,94.4667,L3,22.012285
5668,94.4667,L4,12.309696
5668,94.4667,L5,1.885616
5669,94.4833,L1,6.218968
5669,94.4833,L2,12.725904
5669,94.4833,L3,16.493928
5669,94.4833,L4,20.806755
5669,94.4833,L5,0.952976
5670,94.5000,L1,9.545894
5670,94.5000,L2,15.806164
5670,94.5000,L3,10.759659
5670,94.5000,L4,16.957291
5670,94.5000,L5,5.571909
5671,94.5167,L1,6.271993
5671,94.5167,L2,13.223828
5671,94.5167,L3,20.607355
5671,94.5167,L4,15.569198
5671,94.5167,L5,0.832079
5672,94.5333,L1,6.542378
5672,94.5333,L2,19.490984
5672,94.5333,L3,14.432285
5672,94.5333,L4,15.593463
5672,94.5333,L5,1.896559
5673,94.5500,L1,5.878555
5673,94.5500,L2,12.322708
5673,94.5500,L3,18.380020
5673,94.5500,L4,16.075477
5673,94.5500,L5,4.241151
5674,94.5667,L1,6.120177
5674,94.5667,L2,12.075877
5674,94.5667,L3,17.734775
5674,94.5667,L4,20.279347
5674,94.5667,L5,3.283600
5675,94.5833,L1,6.356332
5675,94.5833,L2,13.390686
5675,94.5833,L3,16.347535
5675,94.5833,L4,19.351484
5675,94.5833,L5,0.000000
5676,94.6000,L1,6.153180
5676,94.6000,L2,14.148947
5676,94.6000,L3,15.429670
5676,94.6000,L4,17.542888
5676,94.6000,L5,4.070103
5677,94.6167,L1,8.921380
5677,94.6167,L2,16.402795
5677,94.6167,L3,13.083643
5677,94.6167,L4,18.153714
5677,94.6167,L5,3.131919
5678,94.6333,L1,6.453719
5678,94.6333,L2,15.632427
5678,94.6333,L3,18.611785
5678,94.6333,L4,13.982588
5678,94.6333,L5,2.451445
5679,94.6500,L1,5.578938
5679,94.6500,L2,11.412381
5679,94.6500,L3,18.556945
5679,94.6500,L4,19.943447
5679,94.6500,L5,2.806806
5680,94.6667,L1,6.193541
5680,94.6667,L2,13.428658
5680,94.6667,L3,13.658370
5680,94.6667,L4,19.433578
5680,94.6667,L5,2.326551
5681,94.6833,L1,9.541750
5681,94.6833,L2,15.517100
5681,94.6833,L3,16.469413
5681,94.6833,L4,14.143786
5681,94.6833,L5,2.638423
5682,94.7000,L1,5.926547
5682,94.7000,L2,16.584663
5682,94.7000,L3,18.566971
5682,94.7000,L4,18.404269
5682,94.7000,L5,0.000000
5683,94.7167,L1,6.426379
5683,94.7167,L2,14.858248
5683,94.7167,L3,13.427062
5683,94.7167,L4,15.244932
5683,94.7167,L5,5.333527
5684,94.7333,L1,5.482072
5684,94.7333,L2,15.315522
5684,94.7333,L3,19.527680
5684,94.7333,L4,16.488871
5684,94.7333,L5,0.000000
5685,94.7500,L1,6.305512
5685,94.7500,L2,13.629995
5685,94.7500,L3,16.098896
5685,94.7500,L4,16.059424
5685,94.7500,L5,5.851769
5686,94.7667,L1,6.206068
5686,94.7667,L2,13.220828
5686,94.7667,L3,16.974213
5686,94.7667,L4,21.622732
5686,94.7667,L5,1.148391
5687,94.7833,L1,9.919801
5687,94.7833,L2,14.150102
5687,94.7833,L3,13.312314
5687,94.7833,L4,15.687602
5687,94.7833,L5,4.038196
5688,94.8000,L1,6.576271
5688,94.8000,L2,16.434901
5688,94.8000,L3,15.824112
5688,94.8000,L4,15.751846
5688,94.8000,L5,1.616922
5689,94.8167,L1,6.752946
5689,94.8167,L2,17.226674
5689,94.8167,L3,15.712703
5689,94.8167,L4,14.563295
5689,94.8167,L5,4.619061
5690,94.8333,L1,5.606342
5690,94.8333,L2,14.060322
5690,94.8333,L3,19.163132
5690,94.8333,L4,19.282771
5690,94.8333,L5,0.000000
5691,94.8500,L1,6.527284
5691,94.8500,L2,12.263941
5691,94.8500,L3,15.583147
5691,94.8500,L4,19.842270
5691,94.8500,L5,2.674517
5692,94.8667,L1,5.857713
5692,94.8667,L2,16.513143
5692,94.8667,L3,17.608905
5692,94.8667,L4,16.550714
5692,94.8667,L5,1.232856
5693,94.8833,L1,8.845007
5693,94.8833,L2,13.400582
5693,94.8833,L3,14.986809
5693,94.8833,L4,15.350669
5693,94.8833,L5,4.724551
5694,94.9000,L1,6.603749
5694,94.9000,L2,15.801486
5694,94.9000,L3,14.931300
5694,94.9000,L4,19.270482
5694,94.9000,L5,0.000000
5695,94.9167,L1,5.857015
5695,94.9167,L2,16.398339
5695,94.9167,L3,16.008187
5695,94.9167,L4,15.697611
5695,94.9167,L5,3.605978
5696,94.9333,L1,6.454694
5696,94.9333,L2,15.898770
5696,94.9333,L3,17.978801
5696,94.9333,L4,15.085625
5696,94.9333,L5,3.633011
5697,94.9500,L1,5.913728
5697,94.9500,L2,12.303683
5697,94.9500,L3,15.986244
5697,94.9500,L4,20.898144
5697,94.9500,L5,2.618580
5698,94.9667,L1,6.303256
5698,94.9667,L2,13.161855
5698,94.9667,L3,17.960912
5698,94.9667,L4,18.273184
5698,94.9667,L5,2.267496
5699,94.9833,L1,5.788829
5699,94.9833,L2,11.725165
5699,94.9833,L3,12.407388
5699,94.9833,L4,19.523233
5699,94.9833,L5,7.580960
5700,95.0000,L1,9.485581
5700,95.0000,L2,14.877077
5700,95.0000,L3,18.589779
5700,95.0000,L4,14.545047
5700,95.0000,L5,0.000000
5701,95.0167,L1,6.854592
5701,95.0167,L2,17.774866
5701,95.0167,L3,13.494509
5701,95.0167,L4,13.212485
5701,95.0167,L5,5.047446
5702,95.0333,L1,6.461338
5702,95.0333,L2,15.838916
5702,95.0333,L3,21.709830
5702,95.0333,L4,12.966720
5702,95.0333,L5,0.000000
5703,95.0500,L1,5.883891
5703,95.0500,L2,15.236644
5703,95.0500,L3,17.044953
5703,95.0500,L4,20.306950
5703,95.0500,L5,0.000000
5704,95.0667,L1,6.727877
5704,95.0667,L2,12.361279
5704,95.0667,L3,15.739889
5704,95.0667,L4,19.458015
5704,95.0667,L5,4.283221
5705,95.0833,L1,6.449560
5705,95.0833,L2,14.865517
5705,95.0833,L3,15.537025
5705,95.0833,L4,14.566019
5705,95.0833,L5,3.609919
5706,95.1000,L1,8.529052
5706,95.1000,L2,13.987711
5706,95.1000,L3,12.845135
5706,95.1000,L4,22.617528
5706,95.1000,L5,1.756346
5707,95.1167,L1,5.873423
5707,95.1167,L2,16.643788
5707,95.1167,L3,14.950307
5707,95.1167,L4,15.958920
5707,95.1167,L5,3.504632
5708,95.1333,L1,5.902107
5708,95.1333,L2,17.861779
5708,95.1333,L3,15.196765
5708,95.1333,L4,16.312978
5708,95.1333,L5,2.346403
5709,95.1500,L1,6.383564
5709,95.1500,L2,12.834511
5709,95.1500,L3,17.845154
5709,95.1500,L4,17.800602
5709,95.1500,L5,3.161189
5710,95.1667,L1,6.570089
5710,95.1667,L2,14.012400
5710,95.1667,L3,17.660487
5710,95.1667,L4,18.177000
5710,95.1667,L5,2.233161
5711,95.1833,L1,6.587174
5711,95.1833,L2,11.432677
5711,95.1833,L3,13.480017
5711,95.1833,L4,16.655649
5711,95.1833,L5,6.306447
5712,95.2000,L1,9.339218
5712,95.2000,L2,16.223690
5712,95.2000,L3,15.592729
5712,95.2000,L4,16.732488
5712,95.2000,L5,1.412480
5713,95.2167,L1,5.914414
5713,95.2167,L2,15.745867
5713,95.2167,L3,18.388456
5713,95.2167,L4,13.773430
5713,95.2167,L5,2.410336
5714,95.2333,L1,6.296113
5714,95.2333,L2,17.257946
5714,95.2333,L3,16.460734
5714,95.2333,L4,17.947544
5714,95.2333,L5,1.005565
5715,95.2500,L1,6.947372
5715,95.2500,L2,11.695454
5715,95.2500,L3,18.577998
5715,95.2500,L4,16.524313
5715,95.2500,L5,4.458648
5716,95.2667,L1,6.446272
5716,95.2667,L2,12.806573
5716,95.2667,L3,16.686568
5716,95.2667,L4,16.638753
5716,95.2667,L5,4.671517
5717,95.2833,L1,5.972189
5717,95.2833,L2,13.495287
5717,95.2833,L3,12.743953
5717,95.2833,L4,20.656301
5717,95.2833,L5,3.998146
5718,95.3000,L1,6.204484
5718,95.3000,L2,15.011999
5718,95.3000,L3,15.350168
5718,95.3000,L4,19.162175
5718,95.3000,L5,1.064812
5719,95.3167,L1,9.172519
5719,95.3167,L2,13.656720
5719,95.3167,L3,16.797722
5719,95.3167,L4,14.713227
5719,95.3167,L5,3.845747
5720,95.3333,L1,5.897490
5720,95.3333,L2,14.739587
5720,95.3333,L3,17.362847
5720,95.3333,L4,19.147208
5720,95.3333,L5,0.000000
5721,95.3500,L1,5.706332
5721,95.3500,L2,20.630904
5721,95.3500,L3,15.469066
5721,95.3500,L4,11.842292
5721,95.3500,L5,3.179921
5722,95.3667,L1,6.413378
5722,95.3667,L2,13.052207
5722,95.3667,L3,17.628901
5722,95.3667,L4,19.200096
5722,95.3667,L5,0.646634
5723,95.3833,L1,6.201818
5723,95.3833,L2,17.481526
5723,95.3833,L3,14.826339
5723,95.3833,L4,14.755395
5723,95.3833,L5,4.909785
5724,95.4000,L1,6.243784
5724,95.4000,L2,12.752247
5724,95.4000,L3,17.370163
5724,95.4000,L4,17.377415
5724,95.4000,L5,4.065582
5725,95.4167,L1,6.504111
5725,95.4167,L2,13.822549
5725,95.4167,L3,14.588811
5725,95.4167,L4,20.210780
5725,95.4167,L5,2.163195
5726,95.4333,L1,6.164197
5726,95.4333,L2,14.396497
5726,95.4333,L3,15.655115
5726,95.4333,L4,18.234034
5726,95.4333,L5,2.988911
5727,95.4500,L1,10.120887
5727,95.4500,L2,16.571185
5727,95.4500,L3,16.596805
5727,95.4500,L4,14.721143
5727,95.4500,L5,1.091906
5728,95.4667,L1,6.197815
5728,95.4667,L2,16.037447
5728,95.4667,L3,17.141232
5728,95.4667,L4,13.574746
5728,95.4667,L5,4.787603
5729,95.4833,L1,5.928197
5729,95.4833,L2,12.911799
5729,95.4833,L3,17.878111
5729,95.4833,L4,18.313839
5729,95.4833,L5,0.000000
5730,95.5000,L1,5.940457
5730,95.5000,L2,14.109038
5730,95.5000,L3,14.240660
5730,95.5000,L4,19.614326
5730,95.5000,L5,5.822620
5731,95.5167,L1,9.640023
5731,95.5167,L2,14.087221
5731,95.5167,L3,16.792540
5731,95.5167,L4,15.481493
5731,95.5167,L5,1.681041
5732,95.5333,L1,2.855946
5732,95.5333,L2,15.790835
5732,95.5333,L3,14.416559
5732,95.5333,L4,18.249036
5732,95.5333,L5,4.585905
5733,95.5500,L1,8.704611
5733,95.5500,L2,17.438750
5733,95.5500,L3,16.881653
5733,95.5500,L4,13.950037
5733,95.5500,L5,1.618376
5734,95.5667,L1,6.591054
5734,95.5667,L2,14.603894
5734,95.5667,L3,13.906429
5734,95.5667,L4,18.836889
5734,95.5667,L5,2.604069
5735,95.5833,L1,5.977566
5735,95.5833,L2,16.811814
5735,95.5833,L3,22.948495
5735,95.5833,L4,14.156689
5735,95.5833,L5,0.000000
5736,95.6000,L1,5.980437
5736,95.6000,L2,15.640592
5736,95.6000,L3,17.386651
5736,95.6000,L4,12.887119
5736,95.6000,L5,5.149653
5737,95.6167,L1,6.080890
5737,95.6167,L2,12.377225
5737,95.6167,L3,14.134238
5737,95.6167,L4,21.969314
5737,95.6167,L5,1.528764
5738,95.6333,L1,6.435253
5738,95.6333,L2,15.343566
5738,95.6333,L3,16.127793
5738,95.6333,L4,15.350213
5738,95.6333,L5,3.180387
5739,95.6500,L1,9.748056
5739,95.6500,L2,12.398354
5739,95.6500,L3,14.130678
5739,95.6500,L4,20.879068
5739,95.6500,L5,2.593554
5740,95.6667,L1,6.559146
5740,95.6667,L2,18.816235
5740,95.6667,L3,13.388288
5740,95.6667,L4,15.075617
5740,95.6667,L5,3.140131
5741,95.6833,L1,6.685911
5741,95.6833,L2,16.009239
5741,95.6833,L3,14.962805
5741,95.6833,L4,16.946781
5741,95.6833,L5,2.341234
5742,95.7000,L1,6.744447
5742,95.7000,L2,14.985763
5742,95.7000,L3,15.832983
5742,95.7000,L4,20.714159
5742,95.7000,L5,0.819905
5743,95.7167,L1,5.936652
5743,95.7167,L2,13.460469
5743,95.7167,L3,20.516264
5743,95.7167,L4,14.786985
5743,95.7167,L5,1.315623
5744,95.7333,L1,5.993335
5744,95.7333,L2,9.824967
5744,95.7333,L3,15.398114
5744,95.7333,L4,22.207388
5744,95.7333,L5,4.983606
5745,95.7500,L1,6.193503
5745,95.7500,L2,13.400222
5745,95.7500,L3,16.852797
5745,95.7500,L4,18.564340
5745,95.7500,L5,3.082841
5746,95.7667,L1,6.036680
5746,95.7667,L2,13.415442
5746,95.7667,L3,14.313237
5746,95.7667,L4,19.951212
5746,95.7667,L5,1.341572
5747,95.7833,L1,9.365025
5747,95.7833,L2,17.235758
5747,95.7833,L3,15.307009
5747,95.7833,L4,13.698301
5747,95.7833,L5,4.676609
5748,95.8000,L1,6.062420
5748,95.8000,L2,18.428233
5748,95.8000,L3,16.862874
5748,95.8000,L4,14.691913
5748,95.8000,L5,0.000000
5749,95.8167,L1,6.167188
5749,95.8167,L2,13.366797
5749,95.8167,L3,22.816401
5749,95.8167,L4,15.899415
5749,95.8167,L5,0.000000
5750,95.8333,L1,6.487822
5750,95.8333,L2,16.788775
5750,95.8333,L3,16.653449
5750,95.8333,L4,15.877927
5750,95.8333,L5,2.541978
5751,95.8500,L1,5.880579
5751,95.8500,L2,11.633438
5751,95.8500,L3,12.636814
5751,95.8500,L4,23.397901
5751,95.8500,L5,4.164984
5752,95.8667,L1,6.804222
5752,95.8667,L2,12.712992
5752,95.8667,L3,15.094666
5752,95.8667,L4,19.458001
5752,95.8667,L5,3.298738
5753,95.8833,L1,8.848167
5753,95.8833,L2,14.389184
5753,95.8833,L3,14.644725
5753,95.8833,L4,15.939984
5753,95.8833,L5,2.031611
5754,95.9000,L1,5.963492
5754,95.9000,L2,19.365579
5754,95.9000,L3,15.982732
5754,95.9000,L4,12.370977
5754,95.9000,L5,5.084667
5755,95.9167,L1,5.856941
5755,95.9167,L2,12.650889
5755,95.9167,L3,20.254942
5755,95.9167,L4,15.257667
5755,95.9167,L5,3.496322
5756,95.9333,L1,6.717911
5756,95.9333,L2,11.983387
5756,95.9333,L3,18.969809
5756,95.9333,L4,19.361135
5756,95.9333,L5,0.845279
5757,95.9500,L1,6.125688
5757,95.9500,L2,14.162476
5757,95.9500,L3,14.597375
5757,95.9500,L4,20.458832
5757,95.9500,L5,1.975317
5758,95.9667,L1,5.943658
5758,95.9667,L2,14.418059
5758,95.9667,L3,15.232544
5758,95.9667,L4,19.022839
5758,95.9667,L5,2.963617
5759,95.9833,L1,9.002643
5759,95.9833,L2,15.399707
5759,95.9833,L3,13.657192
5759,95.9833,L4,14.356686
5759,95.9833,L5,3.513461
5760,96.0000,L1,6.436062
5760,96.0000,L2,17.524251
5760,96.0000,L3,15.575315
5760,96.0000,L4,14.464986
5760,96.0000,L5,5.536280
5761,96.0167,L1,5.835394
5761,96.0167,L2,15.802963
5761,96.0167,L3,17.239833
5761,96.0167,L4,18.903906
5761,96.0167,L5,0.000000
5762,96.0333,L1,6.185049
5762,96.0333,L2,13.040871
5762,96.0333,L3,21.156086
5762,96.0333,L4,13.307003
5762,96.0333,L5,2.371132
5763,96.0500,L1,6.156840
5763,96.0500,L2,15.445156
5763,96.0500,L3,17.071879
5763,96.0500,L4,15.719835
5763,96.0500,L5,1.768677
5764,96.0667,L1,5.906727
5764,96.0667,L2,13.832830
5764,96.0667,L3,14.115424
5764,96.0667,L4,22.005794
5764,96.0667,L5,1.319064
5765,96.0833,L1,6.044734
5765,96.0833,L2,13.971100
5765,96.0833,L3,15.824199
5765,96.0833,L4,20.355459
5765,96.0833,L5,3.469308
5766,96.1000,L1,9.056157
5766,96.1000,L2,16.447676
5766,96.1000,L3,14.011992
5766,96.1000,L4,16.170035
5766,96.1000,L5,2.874530
5767,96.1167,L1,6.464118
5767,96.1167,L2,16.358438
5767,96.1167,L3,14.790464
5767,96.1167,L4,15.028440
5767,96.1167,L5,3.010778
5768,96.1333,L1,6.166451
5768,96.1333,L2,14.610103
5768,96.1333,L3,22.304676
5768,96.1333,L4,14.652557
5768,96.1333,L5,0.000000
5769,96.1500,L1,6.110769
5769,96.1500,L2,12.229028
5769,96.1500,L3,17.707604
5769,96.1500,L4,19.319851
5769,96.1500,L5,2.243474
5770,96.1667,L1,6.273468
5770,96.1667,L2,14.512868
5770,96.1667,L3,16.015462
5770,96.1667,L4,16.812676
5770,96.1667,L5,4.621589
5771,96.1833,L1,6.138539
5771,96.1833,L2,13.349287
5771,96.1833,L3,13.390862
5771,96.1833,L4,21.070920
5771,96.1833,L5,4.001143
5772,96.2000,L1,5.887164
5772,96.2000,L2,16.473213
5772,96.2000,L3,15.040636
5772,96.2000,L4,17.701731
5772,96.2000,L5,1.047330
5773,96.2167,L1,9.296289
5773,96.2167,L2,18.510151
5773,96.2167,L3,13.788630
5773,96.2167,L4,17.800850
5773,96.2167,L5,0.000000
5774,96.2333,L1,6.059793
5774,96.2333,L2,15.135796
5774,96.2333,L3,18.347039
5774,96.2333,L4,14.893358
5774,96.2333,L5,2.711989
5775,96.2500,L1,5.777432
5775,96.2500,L2,11.082545
5775,96.2500,L3,15.742300
5775,96.2500,L4,18.570245
5775,96.2500,L5,5.944206
5776,96.2667,L1,9.533231
5776,96.2667,L2,13.617897
5776,96.2667,L3,14.994788
5776,96.2667,L4,16.971506
5776,96.2667,L5,2.846901
5777,96.2833,L1,6.177819
5777,96.2833,L2,15.838335
5777,96.2833,L3,16.577761
5777,96.2833,L4,16.768853
5777,96.2833,L5,1.030501
5778,96.3000,L1,6.257926
5778,96.3000,L2,17.790576
5778,96.3000,L3,15.722457
5778,96.3000,L4,17.137527
5778,96.3000,L5,0.401583
5779,96.3167,L1,6.142459
5779,96.3167,L2,12.776546
5779,96.3167,L3,21.046499
5779,96.3167,L4,15.113182
5779,96.3167,L5,3.050930
5780,96.3333,L1,6.126361
5780,96.3333,L2,12.853327
5780,96.3333,L3,17.599389
5780,96.3333,L4,15.703583
5780,96.3333,L5,3.577304
5781,96.3500,L1,5.904042
5781,96.3500,L2,16.196739
5781,96.3500,L3,17.609045
5781,96.3500,L4,17.494868
5781,96.3500,L5,1.647662
5782,96.3667,L1,6.481391
5782,96.3667,L2,12.247186
5782,96.3667,L3,12.720871
5782,96.3667,L4,17.832303
5782,96.3667,L5,6.211255
5783,96.3833,L1,8.906386
5783,96.3833,L2,19.031544
5783,96.3833,L3,14.225996
5783,96.3833,L4,16.734007
5783,96.3833,L5,1.471057
5784,96.4000,L1,5.953611
5784,96.4000,L2,14.773882
5784,96.4000,L3,16.876631
5784,96.4000,L4,19.175282
5784,96.4000,L5,0.000000
5785,96.4167,L1,5.795707
5785,96.4167,L2,12.147209
5785,96.4167,L3,18.449528
5785,96.4167,L4,17.558175
5785,96.4167,L5,4.318745
5786,96.4333,L1,6.173364
5786,96.4333,L2,12.974687
5786,96.4333,L3,18.587888
5786,96.4333,L4,18.641904
5786,96.4333,L5,0.804048
5787,96.4500,L1,6.162910
5787,96.4500,L2,12.094296
5787,96.4500,L3,16.260970
5787,96.4500,L4,17.584526
5787,96.4500,L5,4.881647
5788,96.4667,L1,9.656084
5788,96.4667,L2,13.205382
5788,96.4667,L3,16.403986
5788,96.4667,L4,17.808788
5788,96.4667,L5,0.810768
5789,96.4833,L1,5.994700
5789,96.4833,L2,16.747285
5789,96.4833,L3,16.435339
5789,96.4833,L4,15.145936
5789,96.4833,L5,3.877615
5790,96.5000,L1,6.620537
5790,96.5000,L2,18.442532
5790,96.5000,L3,13.147801
5790,96.5000,L4,12.324817
5790,96.5000,L5,6.138798
5791,96.5167,L1,5.624758
5791,96.5167,L2,12.659743
5791,96.5167,L3,19.926026
5791,96.5167,L4,19.203054
5791,96.5167,L5,0.000000
5792,96.5333,L1,6.162164
5792,96.5333,L2,13.466392
5792,96.5333,L3,14.326400
5792,96.5333,L4,21.190614
5792,96.5333,L5,3.319200
5793,96.5500,L1,6.078266
5793,96.5500,L2,13.214393
5793,96.5500,L3,16.063990
5793,96.5500,L4,15.387416
5793,96.5500,L5,4.561358
5794,96.5667,L1,8.739130
5794,96.5667,L2,13.681646
5794,96.5667,L3,18.142033
5794,96.5667,L4,17.772124
5794,96.5667,L5,0.936381
5795,96.5833,L1,2.752268
5795,96.5833,L2,16.699908
5795,96.5833,L3,16.697339
5795,96.5833,L4,17.322879
5795,96.5833,L5,3.165563
5796,96.6000,L1,6.303044
5796,96.6000,L2,5.837968
5796,96.6000,L3,5.412658
5796,96.6000,L4,8.258655
5796,96.6000,L5,1.052114
