minute,hour,flush_delays,flush_stops,comp_delays,comp_stops,stall_seconds
0,0.0000,0,30,6,0,6.913000
1,0.0167,0,0,2,0,0.245000
2,0.0333,0,0,6,0,11.840000
3,0.0500,0,0,14,0,18.339000
4,0.0667,0,0,16,0,25.522000
5,0.0833,0,0,10,0,19.696000
6,0.1000,0,0,8,0,22.839000
7,0.1167,0,0,13,0,24.344000
8,0.1333,0,0,11,0,25.351000
9,0.1500,0,0,17,0,35.493000
10,0.1667,0,0,15,0,22.058000
11,0.1833,0,0,26,0,32.334000
12,0.2000,0,0,13,0,22.103000
13,0.2167,0,0,23,0,34.488000
14,0.2333,0,0,21,0,27.149000
15,0.2500,0,0,15,0,24.112000
16,0.2667,0,0,17,0,29.471000
17,0.2833,0,0,22,0,32.449000
18,0.3000,0,0,18,0,26.482000
19,0.3167,0,0,20,0,27.221000
20,0.3333,0,0,20,0,29.513000
21,0.3500,0,0,17,0,23.726000
22,0.3667,0,0,24,0,35.803000
23,0.3833,0,0,20,0,28.319000
24,0.4000,0,0,15,0,20.672000
25,0.4167,0,0,24,0,36.448000
26,0.4333,0,0,14,0,17.643000
27,0.4500,0,0,20,0,30.225000
28,0.4667,0,0,25,0,33.754000
29,0.4833,0,0,12,0,25.759000
30,0.5000,0,0,21,0,31.728000
31,0.5167,0,0,33,0,40.122000
32,0.5333,0,0,25,0,40.228000
33,0.5500,0,0,21,0,29.802000
34,0.5667,0,0,22,0,33.516000
35,0.5833,0,0,33,0,39.948000
36,0.6000,0,0,25,0,39.841000
37,0.6167,0,0,22,0,31.274000
38,0.6333,0,0,21,0,32.315000
39,0.6500,0,0,32,0,40.158000
40,0.6667,0,0,32,0,39.089000
41,0.6833,0,0,25,0,40.511000
42,0.7000,0,0,23,0,35.834000
43,0.7167,0,0,23,0,32.327000
44,0.7333,0,0,23,0,33.022000
45,0.7500,0,0,33,0,39.672000
46,0.7667,0,0,37,0,39.044000
47,0.7833,0,0,26,0,40.712000
48,0.8000,0,0,22,0,35.448000
49,0.8167,0,0,23,0,31.765000
50,0.8333,0,0,25,0,34.667000
51,0.8500,0,0,29,0,37.423000
52,0.8667,0,0,31,0,41.195000
53,0.8833,0,0,34,0,41.558000
54,0.9000,0,0,33,0,40.926000
55,0.9167,0,0,25,0,41.638000
56,0.9333,0,0,33,0,41.418000
57,0.9500,0,0,28,0,38.133000
58,0.9667,0,0,31,0,39.438000
59,0.9833,0,0,31,0,40.428000
60,1.0000,0,0,35,0,41.251000
61,1.0167,0,0,39,0,39.659000
62,1.0333,0,0,37,0,40.894000
63,1.0500,0,0,34,0,42.569000
64,1.0667,0,0,32,0,43.335000
65,1.0833,0,0,34,0,41.572000
66,1.1000,0,0,33,0,39.754000
67,1.1167,0,0,30,0,42.542000
68,1.1333,0,0,29,0,44.227000
69,1.1500,0,0,32,0,42.905000
70,1.1667,0,0,30,0,42.099000
71,1.1833,0,0,32,0,40.525000
72,1.2000,0,0,29,0,44.109000
73,1.2167,0,0,30,0,43.435000
74,1.2333,0,0,32,0,41.959000
75,1.2500,0,0,30,0,44.049000
76,1.2667,0,0,33,0,45.292000
77,1.2833,0,0,29,0,43.888000
78,1.3000,0,0,28,0,43.293000
79,1.3167,0,0,29,0,45.073000
80,1.3333,0,0,33,0,44.847000
81,1.3500,0,0,29,0,43.173000
82,1.3667,0,0,28,0,44.985000
83,1.3833,0,0,30,0,45.146000
84,1.4000,0,0,29,0,43.153000
85,1.4167,0,0,32,0,46.031000
86,1.4333,0,0,26,0,44.719000
87,1.4500,0,0,27,0,45.307000
88,1.4667,0,0,26,0,47.611000
89,1.4833,0,0,28,0,44.619000
90,1.5000,0,0,29,0,45.200000
91,1.5167,0,0,31,0,46.484000
92,1.5333,0,0,24,0,44.866000
93,1.5500,0,0,31,0,46.952000
94,1.5667,0,0,94,0,47.937000
95,1.5833,0,0,140,0,44.518000
96,1.6000,0,0,27,0,44.866000
97,1.6167,0,0,30,0,45.588000
98,1.6333,0,0,21,0,38.690000
99,1.6500,0,0,28,0,46.717000
100,1.6667,0,0,23,0,39.979000
101,1.6833,0,0,33,0,46.404000
102,1.7000,0,0,26,0,46.714000
103,1.7167,0,0,27,0,42.901000
104,1.7333,0,0,25,0,45.284000
105,1.7500,0,0,22,0,34.911000
106,1.7667,0,0,14,0,17.675000
107,1.7833,0,0,35,0,45.080000
108,1.8000,0,0,31,0,45.330000
109,1.8167,0,0,30,0,47.396000
110,1.8333,0,0,31,0,47.198000
111,1.8500,0,0,30,0,46.754000
112,1.8667,0,0,29,0,47.127000
113,1.8833,0,0,30,0,45.804000
114,1.9000,0,0,25,0,42.475000
115,1.9167,0,0,31,0,41.888000
116,1.9333,0,0,32,0,46.984000
117,1.9500,0,0,28,0,47.825000
118,1.9667,0,0,27,0,42.255000
119,1.9833,0,0,29,0,46.003000
120,2.0000,0,0,29,0,43.571000
121,2.0167,0,0,28,0,44.303000
122,2.0333,0,0,30,0,44.687000
123,2.0500,0,0,33,0,45.842000
124,2.0667,0,0,23,0,37.117000
125,2.0833,0,0,25,0,46.276000
126,2.1000,0,0,29,0,48.674000
127,2.1167,0,0,24,0,38.844000
128,2.1333,0,0,28,0,47.572000
129,2.1500,0,0,35,0,45.594000
130,2.1667,0,0,28,0,44.539000
131,2.1833,0,0,23,0,35.599000
132,2.2000,0,0,35,0,48.645000
133,2.2167,0,0,27,0,48.240000
134,2.2333,0,0,29,0,46.411000
135,2.2500,0,0,27,0,47.570000
136,2.2667,0,0,25,0,40.736000
137,2.2833,0,0,29,0,44.291000
138,2.3000,0,0,26,0,48.502000
139,2.3167,0,0,25,0,30.843000
140,2.3333,0,0,26,0,45.815000
141,2.3500,0,0,31,0,48.441000
142,2.3667,0,0,28,0,46.338000
143,2.3833,0,0,30,0,45.343000
144,2.4000,0,0,22,0,33.578000
145,2.4167,0,0,32,0,48.385000
146,2.4333,0,0,33,0,48.029000
147,2.4500,0,0,30,0,48.664000
148,2.4667,0,0,25,0,42.430000
149,2.4833,0,0,24,0,46.012000
150,2.5000,0,0,24,0,38.821000
151,2.5167,0,0,35,0,45.239000
152,2.5333,0,0,27,0,48.749000
153,2.5500,0,0,30,0,43.267000
154,2.5667,0,0,28,0,45.168000
155,2.5833,0,0,27,0,42.061000
156,2.6000,0,0,31,0,48.578000
157,2.6167,0,0,28,0,42.815000
158,2.6333,0,0,27,0,48.177000
159,2.6500,0,0,29,0,43.415000
160,2.6667,0,0,28,0,44.973000
161,2.6833,0,0,27,0,42.667000
162,2.7000,0,0,27,0,45.433000
163,2.7167,0,0,26,0,45.216000
164,2.7333,0,0,29,0,47.237000
165,2.7500,0,0,36,0,45.633000
166,2.7667,0,0,33,0,48.825000
167,2.7833,0,0,36,0,47.582000
168,2.8000,0,0,31,0,45.157000
169,2.8167,0,0,36,0,48.623000
170,2.8333,0,0,37,0,47.677000
171,2.8500,0,0,29,0,45.914000
172,2.8667,0,0,37,0,47.782000
173,2.8833,0,0,41,0,49.067000
174,2.9000,0,0,31,0,45.443000
175,2.9167,0,0,40,0,49.851000
176,2.9333,0,0,36,0,46.067000
177,2.9500,0,0,40,0,50.141000
178,2.9667,0,0,36,0,46.519000
179,2.9833,0,0,35,0,49.328000
180,3.0000,0,0,39,0,47.436000
181,3.0167,0,0,39,0,48.488000
182,3.0333,0,0,36,0,47.981000
183,3.0500,0,0,37,0,46.922000
184,3.0667,0,0,40,0,49.712000
185,3.0833,0,0,34,0,46.720000
186,3.1000,0,0,41,0,49.036000
187,3.1167,0,0,34,0,46.986000
188,3.1333,0,0,39,0,49.197000
189,3.1500,0,0,37,0,46.505000
190,3.1667,0,0,39,0,49.678000
191,3.1833,0,0,35,0,46.795000
192,3.2000,0,0,37,0,44.685000
193,3.2167,0,0,37,0,49.477000
194,3.2333,0,0,36,0,47.330000
195,3.2500,0,0,41,0,50.052000
196,3.2667,0,0,34,0,46.813000
197,3.2833,0,0,41,0,50.156000
198,3.3000,0,0,35,0,48.468000
199,3.3167,0,0,41,0,47.202000
200,3.3333,0,0,32,0,46.671000
201,3.3500,0,0,37,0,49.602000
202,3.3667,0,0,37,0,46.641000
203,3.3833,0,0,34,0,47.057000
204,3.4000,0,0,37,0,48.858000
205,3.4167,0,0,34,0,47.877000
206,3.4333,0,0,38,0,47.794000
207,3.4500,0,0,35,0,46.375000
208,3.4667,0,0,42,0,49.702000
209,3.4833,0,0,37,0,46.414000
210,3.5000,0,0,38,0,50.046000
211,3.5167,0,0,32,0,45.832000
212,3.5333,0,0,40,0,49.583000
213,3.5500,0,0,36,0,46.269000
214,3.5667,0,0,41,0,49.466000
215,3.5833,0,0,35,0,46.284000
216,3.6000,0,0,35,0,48.520000
217,3.6167,0,0,38,0,47.510000
218,3.6333,0,0,34,0,47.233000
219,3.6500,0,0,33,0,48.408000
220,3.6667,0,0,40,0,49.488000
221,3.6833,0,0,33,0,46.655000
222,3.7000,0,0,35,0,46.285000
223,3.7167,0,0,39,0,49.717000
224,3.7333,0,0,38,0,46.100000
225,3.7500,0,0,37,0,49.582000
226,3.7667,0,0,35,0,46.613000
227,3.7833,0,0,38,0,49.520000
228,3.8000,0,0,32,0,45.825000
229,3.8167,0,0,36,0,50.059000
230,3.8333,0,0,33,0,46.527000
231,3.8500,0,0,36,0,48.333000
232,3.8667,0,0,37,0,48.493000
233,3.8833,0,0,35,0,46.388000
234,3.9000,0,0,38,0,49.842000
235,3.9167,0,0,36,0,46.296000
236,3.9333,0,0,36,0,48.965000
237,3.9500,0,0,33,0,46.299000
238,3.9667,0,0,37,0,46.480000
239,3.9833,0,0,42,0,49.313000
240,4.0000,0,0,34,0,45.394000
241,4.0167,0,0,34,0,45.868000
242,4.0333,0,0,36,0,49.457000
243,4.0500,0,0,41,0,46.359000
244,4.0667,0,0,38,0,49.082000
245,4.0833,0,0,38,0,46.827000
246,4.1000,0,0,40,0,49.854000
247,4.1167,0,0,40,0,47.342000
248,4.1333,0,0,36,0,50.177000
249,4.1500,0,0,32,0,47.888000
250,4.1667,0,0,40,0,49.842000
251,4.1833,0,0,37,0,45.693000
252,4.2000,0,0,40,0,49.057000
253,4.2167,0,0,34,0,46.899000
254,4.2333,0,0,43,0,49.728000
255,4.2500,0,0,36,0,46.608000
256,4.2667,0,0,36,0,50.096000
257,4.2833,0,0,37,0,46.162000
258,4.3000,0,0,32,0,46.190000
259,4.3167,0,0,38,0,49.715000
260,4.3333,0,0,34,0,46.578000
261,4.3500,0,0,39,0,49.774000
262,4.3667,0,0,41,0,46.817000
263,4.3833,0,0,36,0,48.363000
264,4.4000,0,0,40,0,47.922000
265,4.4167,0,0,32,0,46.768000
266,4.4333,0,0,41,0,49.321000
267,4.4500,0,0,32,0,47.280000
268,4.4667,0,0,40,0,49.533000
269,4.4833,0,0,34,0,47.023000
270,4.5000,0,0,37,0,48.044000
271,4.5167,0,0,34,0,47.265000
272,4.5333,0,0,37,0,49.426000
273,4.5500,0,0,35,0,46.414000
274,4.5667,0,0,34,0,47.037000
275,4.5833,0,0,42,0,49.533000
276,4.6000,0,0,33,0,49.926000
277,4.6167,0,0,35,0,46.531000
278,4.6333,0,0,39,0,49.163000
279,4.6500,0,0,38,0,46.283000
280,4.6667,0,0,36,0,47.806000
281,4.6833,0,0,38,0,48.483000
282,4.7000,0,0,39,0,49.955000
283,4.7167,0,0,35,0,47.164000
284,4.7333,0,0,41,0,46.373000
285,4.7500,0,0,34,0,49.281000
286,4.7667,0,0,35,0,46.185000
287,4.7833,0,0,35,0,49.222000
288,4.8000,0,0,35,0,46.607000
289,4.8167,0,0,42,0,50.091000
290,4.8333,0,0,35,0,47.201000
291,4.8500,0,0,41,0,50.365000
292,4.8667,0,0,32,0,46.969000
293,4.8833,0,0,38,0,49.913000
294,4.9000,0,0,37,0,49.149000
295,4.9167,0,0,37,0,48.053000
296,4.9333,0,0,36,0,50.909000
297,4.9500,0,0,38,0,46.983000
298,4.9667,0,0,38,0,50.194000
299,4.9833,0,0,32,0,45.948000
300,5.0000,0,0,40,0,50.454000
301,5.0167,0,0,32,0,48.154000
302,5.0333,0,0,35,0,49.044000
303,5.0500,0,0,36,0,47.824000
304,5.0667,0,0,40,0,49.689000
305,5.0833,0,0,37,0,50.038000
306,5.1000,0,0,33,0,46.896000
307,5.1167,0,0,34,0,49.289000
308,5.1333,0,0,35,0,50.304000
309,5.1500,0,0,35,0,47.046000
310,5.1667,0,0,40,0,49.960000
311,5.1833,0,0,40,0,46.809000
312,5.2000,0,0,39,0,50.498000
313,5.2167,0,0,40,0,50.123000
314,5.2333,0,0,40,0,47.066000
315,5.2500,0,0,40,0,50.271000
316,5.2667,0,0,32,0,47.532000
317,5.2833,0,0,44,0,49.967000
318,5.3000,0,0,39,0,50.852000
319,5.3167,0,0,36,0,46.671000
320,5.3333,0,0,37,0,50.179000
321,5.3500,0,0,34,0,49.422000
322,5.3667,0,0,36,0,47.578000
323,5.3833,0,0,37,0,49.919000
324,5.4000,0,0,36,0,47.821000
325,5.4167,0,0,38,0,51.584000
326,5.4333,0,0,38,0,50.694000
327,5.4500,0,0,38,0,50.197000
328,5.4667,0,0,34,0,47.218000
329,5.4833,0,0,38,0,50.379000
330,5.5000,0,0,39,0,50.526000
331,5.5167,0,0,35,0,46.776000
332,5.5333,0,0,39,0,50.834000
333,5.5500,0,0,35,0,51.132000
334,5.5667,0,0,34,0,47.720000
335,5.5833,0,0,35,0,49.954000
336,5.6000,0,0,39,0,51.302000
337,5.6167,0,0,33,0,48.907000
338,5.6333,0,0,37,0,48.102000
339,5.6500,0,0,38,0,50.930000
340,5.6667,0,0,39,0,47.347000
341,5.6833,0,0,38,0,50.448000
342,5.7000,0,0,41,0,50.779000
343,5.7167,0,0,35,0,47.498000
344,5.7333,0,0,40,0,49.623000
345,5.7500,0,0,36,0,50.535000
346,5.7667,0,0,37,0,47.202000
347,5.7833,0,0,42,0,50.483000
348,5.8000,0,0,36,0,50.516000
349,5.8167,0,0,35,0,48.214000
350,5.8333,0,0,42,0,50.189000
351,5.8500,0,0,42,0,50.776000
352,5.8667,0,0,32,0,47.544000
353,5.8833,0,0,37,0,50.257000
354,5.9000,0,0,43,0,50.522000
355,5.9167,0,0,40,0,49.833000
356,5.9333,0,0,35,0,46.750000
357,5.9500,0,0,40,0,51.713000
358,5.9667,0,0,38,0,50.757000
359,5.9833,0,0,35,0,47.694000
360,6.0000,0,0,38,0,48.253000
361,6.0167,0,0,38,0,49.162000
362,6.0333,0,0,38,0,50.227000
363,6.0500,0,0,35,0,50.566000
364,6.0667,0,0,37,0,47.740000
365,6.0833,0,0,38,0,50.634000
366,6.1000,0,0,40,0,50.370000
367,6.1167,0,0,35,0,47.089000
368,6.1333,0,0,35,0,50.448000
369,6.1500,0,0,37,0,50.424000
370,6.1667,0,0,36,0,47.484000
371,6.1833,0,0,38,0,49.935000
372,6.2000,0,0,38,0,50.450000
373,6.2167,0,0,35,0,47.670000
374,6.2333,0,0,38,0,50.060000
375,6.2500,0,0,37,0,50.384000
376,6.2667,0,0,38,0,50.547000
377,6.2833,0,0,32,0,47.347000
378,6.3000,0,0,37,0,50.410000
379,6.3167,0,0,35,0,49.988000
380,6.3333,0,0,35,0,48.191000
381,6.3500,0,0,37,0,49.713000
382,6.3667,0,0,38,0,50.277000
383,6.3833,0,0,36,0,49.469000
384,6.4000,0,0,36,0,48.295000
385,6.4167,0,0,38,0,49.564000
386,6.4333,0,0,38,0,50.695000
387,6.4500,0,0,34,0,49.570000
388,6.4667,0,0,36,0,47.600000
389,6.4833,0,0,37,0,49.914000
390,6.5000,0,0,34,0,49.524000
391,6.5167,0,0,34,0,48.247000
392,6.5333,0,0,35,0,49.251000
393,6.5500,0,0,42,0,50.031000
394,6.5667,0,0,34,0,50.530000
395,6.5833,0,0,32,0,47.386000
396,6.6000,0,0,41,0,50.645000
397,6.6167,0,0,36,0,50.402000
398,6.6333,0,0,37,0,47.722000
399,6.6500,0,0,38,0,50.501000
400,6.6667,0,0,37,0,50.967000
401,6.6833,0,0,35,0,47.388000
402,6.7000,0,0,39,0,50.851000
403,6.7167,0,0,38,0,50.657000
404,6.7333,0,0,37,0,49.540000
405,6.7500,0,0,34,0,47.869000
406,6.7667,0,0,33,0,49.614000
407,6.7833,0,0,37,0,50.651000
408,6.8000,0,0,41,0,50.622000
409,6.8167,0,0,33,0,46.399000
410,6.8333,0,0,38,0,50.455000
411,6.8500,0,0,34,0,50.385000
412,6.8667,0,0,41,0,50.670000
413,6.8833,0,0,37,0,50.932000
414,6.9000,0,0,38,0,50.309000
415,6.9167,0,0,35,0,48.399000
416,6.9333,0,0,33,0,50.725000
417,6.9500,0,0,36,0,49.590000
418,6.9667,0,0,36,0,49.332000
419,6.9833,0,0,37,0,49.896000
420,7.0000,0,0,33,0,46.551000
421,7.0167,0,0,41,0,50.442000
422,7.0333,0,0,38,0,50.668000
423,7.0500,0,0,39,0,50.427000
424,7.0667,0,0,35,0,50.759000
425,7.0833,0,0,37,0,48.196000
426,7.1000,0,0,36,0,49.940000
427,7.1167,0,0,38,0,49.726000
428,7.1333,0,0,37,0,50.323000
429,7.1500,0,0,38,0,50.225000
430,7.1667,0,0,37,0,50.064000
431,7.1833,0,0,35,0,47.608000
432,7.2000,0,0,35,0,50.470000
433,7.2167,0,0,37,0,50.209000
434,7.2333,0,0,35,0,50.693000
435,7.2500,0,0,35,0,50.710000
436,7.2667,0,0,37,0,50.694000
437,7.2833,0,0,32,0,48.530000
438,7.3000,0,0,35,0,49.529000
439,7.3167,0,0,38,0,50.936000
440,7.3333,0,0,40,0,51.307000
441,7.3500,0,0,37,0,49.724000
442,7.3667,0,0,37,0,48.256000
443,7.3833,0,0,35,0,50.693000
444,7.4000,0,0,36,0,51.014000
445,7.4167,0,0,39,0,50.825000
446,7.4333,0,0,36,0,49.054000
447,7.4500,0,0,36,0,47.904000
448,7.4667,0,0,36,0,51.400000
449,7.4833,0,0,39,0,50.555000
450,7.5000,0,0,35,0,49.543000
451,7.5167,0,0,35,0,47.020000
452,7.5333,0,0,40,0,49.780000
453,7.5500,0,0,39,0,50.658000
454,7.5667,0,0,36,0,50.234000
455,7.5833,0,0,33,0,47.702000
456,7.6000,0,0,38,0,50.367000
457,7.6167,0,0,36,0,50.426000
458,7.6333,0,0,34,0,49.721000
459,7.6500,0,0,34,0,49.088000
460,7.6667,0,0,40,0,49.216000
461,7.6833,0,0,34,0,50.814000
462,7.7000,0,0,34,0,49.810000
463,7.7167,0,0,37,0,50.805000
464,7.7333,0,0,33,0,46.709000
465,7.7500,0,0,33,0,49.987000
466,7.7667,0,0,37,0,51.249000
467,7.7833,0,0,38,0,49.682000
468,7.8000,0,0,34,0,51.055000
469,7.8167,0,0,32,0,47.241000
470,7.8333,0,0,36,0,50.551000
471,7.8500,0,0,39,0,50.622000
472,7.8667,0,0,34,0,50.777000
473,7.8833,0,0,34,0,47.475000
474,7.9000,0,0,35,0,50.011000
475,7.9167,0,0,38,0,51.148000
476,7.9333,0,0,36,0,50.732000
477,7.9500,0,0,37,0,50.685000
478,7.9667,0,0,36,0,50.275000
479,7.9833,0,0,37,0,47.988000
480,8.0000,0,0,35,0,50.458000
481,8.0167,0,0,34,0,49.437000
482,8.0333,0,0,37,0,50.782000
483,8.0500,0,0,35,0,50.609000
484,8.0667,0,0,37,0,51.432000
485,8.0833,0,0,36,0,50.444000
486,8.1000,0,0,39,0,51.320000
487,8.1167,0,0,34,0,47.836000
488,8.1333,0,0,34,0,49.894000
489,8.1500,0,0,32,0,50.848000
490,8.1667,0,0,40,0,50.302000
491,8.1833,0,0,33,0,51.033000
492,8.2000,0,0,35,0,50.897000
493,8.2167,0,0,33,0,47.740000
494,8.2333,0,0,37,0,50.093000
495,8.2500,0,0,36,0,50.022000
496,8.2667,0,0,37,0,49.397000
497,8.2833,0,0,39,0,48.389000
498,8.3000,0,0,36,0,50.663000
499,8.3167,0,0,37,0,48.367000
500,8.3333,0,0,34,0,50.307000
501,8.3500,0,0,38,0,49.987000
502,8.3667,0,0,41,0,51.006000
503,8.3833,0,0,34,0,49.774000
504,8.4000,0,0,34,0,49.313000
505,8.4167,0,0,40,0,50.721000
506,8.4333,0,0,37,0,50.908000
507,8.4500,0,0,36,0,48.742000
508,8.4667,0,0,36,0,48.967000
509,8.4833,0,0,39,0,51.041000
510,8.5000,0,0,34,0,48.317000
511,8.5167,0,0,36,0,50.093000
512,8.5333,0,0,34,0,48.602000
513,8.5500,0,0,41,0,51.358000
514,8.5667,0,0,35,0,51.558000
515,8.5833,0,0,35,0,48.558000
516,8.6000,0,0,39,0,51.153000
517,8.6167,0,0,33,0,49.097000
518,8.6333,0,0,37,0,48.516000
519,8.6500,0,0,35,0,51.774000
520,8.6667,0,0,40,0,50.920000
521,8.6833,0,0,36,0,48.774000
522,8.7000,0,0,33,0,49.127000
523,8.7167,0,0,36,0,50.508000
524,8.7333,0,0,41,0,51.215000
525,8.7500,0,0,36,0,49.592000
526,8.7667,0,0,36,0,49.696000
527,8.7833,0,0,39,0,50.807000
528,8.8000,0,0,37,0,50.262000
529,8.8167,0,0,34,0,50.272000
530,8.8333,0,0,36,0,49.614000
531,8.8500,0,0,34,0,49.844000
532,8.8667,0,0,37,0,51.888000
533,8.8833,0,0,33,0,49.990000
534,8.9000,0,0,35,0,51.603000
535,8.9167,0,0,36,0,49.764000
536,8.9333,0,0,40,0,51.967000
537,8.9500,0,0,35,0,48.983000
538,8.9667,0,0,38,0,51.451000
539,8.9833,0,0,36,0,50.865000
540,9.0000,0,0,36,0,49.830000
541,9.0167,0,0,32,0,49.701000
542,9.0333,0,0,37,0,51.326000
543,9.0500,0,0,36,0,49.802000
544,9.0667,0,0,37,0,48.978000
545,9.0833,0,0,36,0,52.156000
546,9.1000,0,0,35,0,49.585000
547,9.1167,0,0,34,0,51.536000
548,9.1333,0,0,36,0,51.737000
549,9.1500,0,0,31,0,49.617000
550,9.1667,0,0,36,0,52.200000
551,9.1833,0,0,33,0,50.792000
552,9.2000,0,0,33,0,50.173000
553,9.2167,0,0,33,0,49.676000
554,9.2333,0,0,39,0,51.070000
555,9.2500,0,0,37,0,48.991000
556,9.2667,0,0,33,0,50.838000
557,9.2833,0,0,37,0,50.383000
558,9.3000,0,0,36,0,49.869000
559,9.3167,0,0,40,0,51.435000
560,9.3333,0,0,34,0,49.953000
561,9.3500,0,0,36,0,51.801000
562,9.3667,0,0,36,0,49.773000
563,9.3833,0,0,31,0,51.274000
564,9.4000,0,0,37,0,49.920000
565,9.4167,0,0,37,0,50.439000
566,9.4333,0,0,36,0,51.608000
567,9.4500,0,0,35,0,49.637000
568,9.4667,0,0,35,0,52.028000
569,9.4833,0,0,36,0,51.729000
570,9.5000,0,0,31,0,49.214000
571,9.5167,0,0,37,0,52.097000
572,9.5333,0,0,35,0,48.881000
573,9.5500,0,0,31,0,50.408000
574,9.5667,0,0,37,0,50.428000
575,9.5833,0,0,35,0,49.235000
576,9.6000,0,0,34,0,51.477000
577,9.6167,0,0,36,0,49.225000
578,9.6333,0,0,39,0,51.536000
579,9.6500,0,0,35,0,49.281000
580,9.6667,0,0,32,0,51.789000
581,9.6833,0,0,33,0,52.792000
582,9.7000,0,0,33,0,49.547000
583,9.7167,0,0,36,0,52.022000
584,9.7333,0,0,30,0,50.473000
585,9.7500,0,0,35,0,51.765000
586,9.7667,0,0,33,0,48.616000
587,9.7833,0,0,32,0,51.962000
588,9.8000,0,0,31,0,52.123000
589,9.8167,0,0,34,0,50.773000
590,9.8333,0,0,34,0,50.725000
591,9.8500,0,0,38,0,51.901000
592,9.8667,0,0,33,0,51.609000
593,9.8833,0,0,36,0,50.590000
594,9.9000,0,0,34,0,51.480000
595,9.9167,0,0,33,0,49.933000
596,9.9333,0,0,36,0,51.014000
597,9.9500,0,0,37,0,52.224000
598,9.9667,0,0,32,0,51.796000
599,9.9833,0,0,34,0,49.942000
600,10.0000,0,0,32,0,51.978000
601,10.0167,0,0,35,0,52.445000
602,10.0333,0,0,34,0,49.601000
603,10.0500,0,0,35,0,49.317000
604,10.0667,0,0,39,0,52.054000
605,10.0833,0,0,36,0,49.931000
606,10.1000,0,0,35,0,51.918000
607,10.1167,0,0,36,0,49.535000
608,10.1333,0,0,37,0,51.860000
609,10.1500,0,0,35,0,50.051000
610,10.1667,0,0,35,0,49.472000
611,10.1833,0,0,36,0,51.328000
612,10.2000,0,0,38,0,49.139000
613,10.2167,0,0,37,0,49.242000
614,10.2333,0,0,35,0,51.465000
615,10.2500,0,0,39,0,50.394000
616,10.2667,0,0,36,0,51.039000
617,10.2833,0,0,35,0,50.335000
618,10.3000,0,0,36,0,49.330000
619,10.3167,0,0,38,0,52.036000
620,10.3333,0,0,36,0,49.664000
621,10.3500,0,0,31,0,52.597000
622,10.3667,0,0,36,0,49.894000
623,10.3833,0,0,35,0,51.854000
624,10.4000,0,0,35,0,49.236000
625,10.4167,0,0,36,0,51.191000
626,10.4333,0,0,33,0,50.060000
627,10.4500,0,0,37,0,51.738000
628,10.4667,0,0,34,0,49.261000
629,10.4833,0,0,36,0,49.160000
630,10.5000,0,0,39,0,51.971000
631,10.5167,0,0,32,0,49.530000
632,10.5333,0,0,38,0,52.365000
633,10.5500,0,0,32,0,49.881000
634,10.5667,0,0,34,0,51.689000
635,10.5833,0,0,36,0,50.543000
636,10.6000,0,0,35,0,51.103000
637,10.6167,0,0,35,0,52.006000
638,10.6333,0,0,35,0,50.027000
639,10.6500,0,0,35,0,49.539000
640,10.6667,0,0,37,0,51.870000
641,10.6833,0,0,32,0,49.681000
642,10.7000,0,0,36,0,52.076000
643,10.7167,0,0,34,0,49.599000
644,10.7333,0,0,35,0,49.963000
645,10.7500,0,0,35,0,50.971000
646,10.7667,0,0,34,0,49.598000
647,10.7833,0,0,34,0,51.777000
648,10.8000,0,0,30,0,49.862000
649,10.8167,0,0,38,0,51.791000
650,10.8333,0,0,36,0,48.884000
651,10.8500,0,0,38,0,51.839000
652,10.8667,0,0,34,0,49.336000
653,10.8833,0,0,37,0,51.814000
654,10.9000,0,0,32,0,49.951000
655,10.9167,0,0,33,0,51.563000
656,10.9333,0,0,34,0,49.394000
657,10.9500,0,0,39,0,52.131000
658,10.9667,0,0,36,0,49.895000
659,10.9833,0,0,35,0,51.629000
660,11.0000,0,0,34,0,49.679000
661,11.0167,0,0,34,0,52.586000
662,11.0333,0,0,37,0,49.255000
663,11.0500,0,0,38,0,52.043000
664,11.0667,0,0,34,0,49.579000
665,11.0833,0,0,35,0,51.904000
666,11.1000,0,0,32,0,52.031000
667,11.1167,0,0,37,0,49.759000
668,11.1333,0,0,38,0,51.812000
669,11.1500,0,0,36,0,49.840000
670,11.1667,0,0,34,0,49.345000
671,11.1833,0,0,35,0,51.587000
672,11.2000,0,0,29,0,50.706000
673,11.2167,0,0,36,0,50.388000
674,11.2333,0,0,33,0,49.435000
675,11.2500,0,0,34,0,52.154000
676,11.2667,0,0,34,0,49.383000
677,11.2833,0,0,37,0,51.916000
678,11.3000,0,0,38,0,50.087000
679,11.3167,0,0,35,0,52.310000
680,11.3333,0,0,33,0,49.617000
681,11.3500,0,0,36,0,51.283000
682,11.3667,0,0,36,0,51.723000
683,11.3833,0,0,37,0,50.379000
684,11.4000,0,0,35,0,51.838000
685,11.4167,0,0,35,0,50.138000
686,11.4333,0,0,34,0,51.545000
687,11.4500,0,0,34,0,49.529000
688,11.4667,0,0,34,0,50.706000
689,11.4833,0,0,34,0,50.168000
690,11.5000,0,0,37,0,52.534000
691,11.5167,0,0,33,0,49.535000
692,11.5333,0,0,34,0,52.352000
693,11.5500,0,0,35,0,51.656000
694,11.5667,0,0,34,0,49.607000
695,11.5833,0,0,34,0,51.409000
696,11.6000,0,0,34,0,52.066000
697,11.6167,0,0,33,0,49.907000
698,11.6333,0,0,36,0,52.214000
699,11.6500,0,0,33,0,49.349000
700,11.6667,0,0,34,0,51.343000
701,11.6833,0,0,35,0,52.271000
702,11.7000,0,0,34,0,51.079000
703,11.7167,0,0,32,0,48.932000
704,11.7333,0,0,33,0,51.917000
705,11.7500,0,0,33,0,51.557000
706,11.7667,0,0,34,0,50.381000
707,11.7833,0,0,35,0,52.431000
708,11.8000,0,0,36,0,51.339000
709,11.8167,0,0,35,0,52.280000
710,11.8333,0,0,32,0,49.794000
711,11.8500,0,0,33,0,52.343000
712,11.8667,0,0,32,0,52.714000
713,11.8833,0,0,33,0,48.828000
714,11.9000,0,0,33,0,53.013000
715,11.9167,0,0,34,0,51.939000
716,11.9333,0,0,34,0,52.101000
717,11.9500,0,0,33,0,50.226000
718,11.9667,0,0,37,0,52.219000
719,11.9833,0,0,33,0,52.165000
720,12.0000,0,0,34,0,50.077000
721,12.0167,0,0,35,0,52.486000
722,12.0333,0,0,37,0,52.248000
723,12.0500,0,0,35,0,49.788000
724,12.0667,0,0,37,0,51.945000
725,12.0833,0,0,36,0,49.943000
726,12.1000,0,0,36,0,52.405000
727,12.1167,0,0,34,0,52.192000
728,12.1333,0,0,34,0,52.576000
729,12.1500,0,0,37,0,49.978000
730,12.1667,0,0,35,0,52.103000
731,12.1833,0,0,32,0,50.044000
732,12.2000,0,0,35,0,51.993000
733,12.2167,0,0,38,0,52.122000
734,12.2333,0,0,33,0,50.306000
735,12.2500,0,0,33,0,51.658000
736,12.2667,0,0,37,0,52.200000
737,12.2833,0,0,41,0,49.737000
738,12.3000,0,0,33,0,52.039000
739,12.3167,0,0,35,0,51.862000
740,12.3333,0,0,30,0,51.298000
741,12.3500,0,0,35,0,50.738000
742,12.3667,0,0,36,0,51.798000
743,12.3833,0,0,34,0,49.925000
744,12.4000,0,0,36,0,52.038000
745,12.4167,0,0,34,0,49.834000
746,12.4333,0,0,37,0,52.306000
747,12.4500,0,0,35,0,51.240000
748,12.4667,0,0,35,0,51.048000
749,12.4833,0,0,36,0,52.336000
750,12.5000,0,0,33,0,49.245000
751,12.5167,0,0,34,0,52.080000
752,12.5333,0,0,34,0,51.996000
753,12.5500,0,0,34,0,49.374000
754,12.5667,0,0,37,0,52.400000
755,12.5833,0,0,33,0,50.016000
756,12.6000,0,0,35,0,52.333000
757,12.6167,0,0,34,0,51.428000
758,12.6333,0,0,35,0,50.214000
759,12.6500,0,0,34,0,51.937000
760,12.6667,0,0,40,0,49.918000
761,12.6833,0,0,35,0,52.151000
762,12.7000,0,0,33,0,50.345000
763,12.7167,0,0,37,0,51.937000
764,12.7333,0,0,32,0,52.102000
765,12.7500,0,0,34,0,49.715000
766,12.7667,0,0,36,0,52.756000
767,12.7833,0,0,34,0,50.853000
768,12.8000,0,0,36,0,50.740000
769,12.8167,0,0,35,0,52.654000
770,12.8333,0,0,34,0,50.189000
771,12.8500,0,0,34,0,51.762000
772,12.8667,0,0,33,0,49.738000
773,12.8833,0,0,36,0,51.765000
774,12.9000,0,0,33,0,50.402000
775,12.9167,0,0,35,0,51.327000
776,12.9333,0,0,34,0,52.084000
777,12.9500,0,0,34,0,50.752000
778,12.9667,0,0,35,0,52.245000
779,12.9833,0,0,34,0,50.417000
780,13.0000,0,0,35,0,51.051000
781,13.0167,0,0,34,0,51.750000
782,13.0333,0,0,34,0,50.305000
783,13.0500,0,0,38,0,52.226000
784,13.0667,0,0,33,0,49.593000
785,13.0833,0,0,33,0,51.756000
786,13.1000,0,0,34,0,49.576000
787,13.1167,0,0,35,0,52.168000
788,13.1333,0,0,35,0,49.654000
789,13.1500,0,0,36,0,52.007000
790,13.1667,0,0,35,0,51.777000
791,13.1833,0,0,31,0,49.509000
792,13.2000,0,0,35,0,52.361000
793,13.2167,0,0,33,0,50.035000
794,13.2333,0,0,30,0,51.819000
795,13.2500,0,0,35,0,51.775000
796,13.2667,0,0,35,0,50.550000
797,13.2833,0,0,37,0,52.028000
798,13.3000,0,0,34,0,50.051000
799,13.3167,0,0,37,0,52.180000
800,13.3333,0,0,33,0,50.433000
801,13.3500,0,0,36,0,51.489000
802,13.3667,0,0,35,0,51.689000
803,13.3833,0,0,33,0,50.003000
804,13.4000,0,0,38,0,52.124000
805,13.4167,0,0,34,0,49.831000
806,13.4333,0,0,34,0,52.369000
807,13.4500,0,0,34,0,51.583000
808,13.4667,0,0,35,0,49.773000
809,13.4833,0,0,37,0,52.101000
810,13.5000,0,0,31,0,49.613000
811,13.5167,0,0,36,0,52.313000
812,13.5333,0,0,33,0,51.977000
813,13.5500,0,0,35,0,50.234000
814,13.5667,0,0,37,0,52.535000
815,13.5833,0,0,36,0,50.146000
816,13.6000,0,0,37,0,52.271000
817,13.6167,0,0,33,0,51.979000
818,13.6333,0,0,35,0,52.303000
819,13.6500,0,0,31,0,49.875000
820,13.6667,0,0,37,0,52.658000
821,13.6833,0,0,32,0,49.657000
822,13.7000,0,0,35,0,51.950000
823,13.7167,0,0,34,0,51.089000
824,13.7333,0,0,35,0,50.553000
825,13.7500,0,0,35,0,49.504000
826,13.7667,0,0,35,0,52.065000
827,13.7833,0,0,35,0,49.599000
828,13.8000,0,0,39,0,52.076000
829,13.8167,0,0,31,0,50.048000
830,13.8333,0,0,34,0,51.970000
831,13.8500,0,0,35,0,49.527000
832,13.8667,0,0,37,0,52.002000
833,13.8833,0,0,33,0,49.810000
834,13.9000,0,0,38,0,52.317000
835,13.9167,0,0,33,0,49.858000
836,13.9333,0,0,36,0,51.839000
837,13.9500,0,0,32,0,49.835000
838,13.9667,0,0,36,0,51.814000
839,13.9833,0,0,39,0,49.772000
840,14.0000,0,0,35,0,52.091000
841,14.0167,0,0,34,0,49.710000
842,14.0333,0,0,36,0,51.702000
843,14.0500,0,0,33,0,49.902000
844,14.0667,0,0,38,0,52.026000
845,14.0833,0,0,32,0,49.779000
846,14.1000,0,0,35,0,52.224000
847,14.1167,0,0,37,0,50.159000
848,14.1333,0,0,34,0,52.327000
849,14.1500,0,0,35,0,49.681000
850,14.1667,0,0,36,0,52.132000
851,14.1833,0,0,31,0,50.098000
852,14.2000,0,0,36,0,51.971000
853,14.2167,0,0,32,0,49.699000
854,14.2333,0,0,38,0,52.214000
855,14.2500,0,0,32,0,49.366000
856,14.2667,0,0,38,0,52.115000
857,14.2833,0,0,35,0,49.475000
858,14.3000,0,0,36,0,51.721000
859,14.3167,0,0,35,0,49.996000
860,14.3333,0,0,35,0,52.421000
861,14.3500,0,0,36,0,49.440000
862,14.3667,0,0,34,0,51.729000
863,14.3833,0,0,36,0,49.882000
864,14.4000,0,0,35,0,52.438000
865,14.4167,0,0,34,0,49.771000
866,14.4333,0,0,39,0,52.043000
867,14.4500,0,0,34,0,49.347000
868,14.4667,0,0,37,0,52.340000
869,14.4833,0,0,33,0,49.692000
870,14.5000,0,0,36,0,51.641000
871,14.5167,0,0,34,0,49.804000
872,14.5333,0,0,34,0,52.248000
873,14.5500,0,0,35,0,49.849000
874,14.5667,0,0,69,0,55.776000
875,14.5833,0,0,125,0,43.772000
876,14.6000,0,0,36,0,52.209000
877,14.6167,0,0,33,0,49.221000
878,14.6333,0,0,35,0,51.838000
879,14.6500,0,0,34,0,49.841000
880,14.6667,0,0,36,0,52.598000
881,14.6833,0,0,38,0,52.275000
882,14.7000,0,0,32,0,50.088000
883,14.7167,0,0,34,0,52.299000
884,14.7333,0,0,35,0,50.130000
885,14.7500,0,0,42,0,45.914000
886,14.7667,0,0,35,0,48.967000
887,14.7833,0,0,36,0,52.172000
888,14.8000,0,0,34,0,49.702000
889,14.8167,0,0,36,0,51.933000
890,14.8333,0,0,34,0,50.083000
891,14.8500,0,0,35,0,52.371000
892,14.8667,0,0,39,0,49.792000
893,14.8833,0,0,35,0,51.863000
894,14.9000,0,0,33,0,49.294000
895,14.9167,0,0,37,0,52.505000
896,14.9333,0,0,38,0,49.784000
897,14.9500,0,0,33,0,52.155000
898,14.9667,0,0,39,0,49.881000
899,14.9833,0,0,39,0,52.420000
900,15.0000,0,0,36,0,49.975000
901,15.0167,0,0,37,0,51.871000
902,15.0333,0,0,44,0,49.198000
903,15.0500,0,0,35,0,49.520000
904,15.0667,0,0,37,0,52.221000
905,15.0833,0,0,35,0,49.765000
906,15.1000,0,0,35,0,52.096000
907,15.1167,0,0,36,0,50.697000
908,15.1333,0,0,41,0,50.789000
909,15.1500,0,0,34,0,49.385000
910,15.1667,0,0,39,0,49.369000
911,15.1833,0,0,37,0,51.522000
912,15.2000,0,0,37,0,51.876000
913,15.2167,0,0,39,0,50.321000
914,15.2333,0,0,37,0,49.890000
915,15.2500,0,0,40,0,51.833000
916,15.2667,0,0,36,0,49.722000
917,15.2833,0,0,38,0,51.839000
918,15.3000,0,0,36,0,50.322000
919,15.3167,0,0,36,0,51.182000
920,15.3333,0,0,36,0,49.912000
921,15.3500,0,0,38,0,51.548000
922,15.3667,0,0,35,0,49.956000
923,15.3833,0,0,42,0,49.489000
924,15.4000,0,0,35,0,51.990000
925,15.4167,0,0,39,0,49.849000
926,15.4333,0,0,40,0,52.384000
927,15.4500,0,0,35,0,49.883000
928,15.4667,0,0,36,0,51.914000
929,15.4833,0,0,33,0,49.512000
930,15.5000,0,0,38,0,52.388000
931,15.5167,0,0,36,0,50.343000
932,15.5333,0,0,33,0,51.920000
933,15.5500,0,0,41,0,49.973000
934,15.5667,0,0,35,0,52.684000
935,15.5833,0,0,35,0,50.695000
936,15.6000,0,0,38,0,51.822000
937,15.6167,0,0,40,0,51.697000
938,15.6333,0,0,37,0,49.834000
939,15.6500,0,0,34,0,51.270000
940,15.6667,0,0,35,0,50.946000
941,15.6833,0,0,36,0,49.563000
942,15.7000,0,0,39,0,52.419000
943,15.7167,0,0,39,0,50.827000
944,15.7333,0,0,35,0,50.926000
945,15.7500,0,0,39,0,49.353000
946,15.7667,0,0,38,0,52.472000
947,15.7833,0,0,42,0,48.497000
948,15.8000,0,0,33,0,49.828000
949,15.8167,0,0,37,0,52.741000
950,15.8333,0,0,37,0,52.480000
951,15.8500,0,0,37,0,50.478000
952,15.8667,0,0,38,0,52.009000
953,15.8833,0,0,35,0,50.783000
954,15.9000,0,0,40,0,50.993000
955,15.9167,0,0,36,0,49.543000
956,15.9333,0,0,38,0,52.083000
957,15.9500,0,0,38,0,49.959000
958,15.9667,0,0,40,0,51.415000
959,15.9833,0,0,32,0,49.753000
960,16.0000,0,0,42,0,51.223000
961,16.0167,0,0,38,0,49.927000
962,16.0333,0,0,33,0,49.976000
963,16.0500,0,0,37,0,51.697000
964,16.0667,0,0,34,0,50.348000
965,16.0833,0,0,37,0,52.471000
966,16.1000,0,0,38,0,52.560000
967,16.1167,0,0,34,0,49.035000
968,16.1333,0,0,36,0,53.074000
969,16.1500,0,0,35,0,49.709000
970,16.1667,0,0,34,0,52.122000
971,16.1833,0,0,36,0,49.348000
972,16.2000,0,0,41,0,50.360000
973,16.2167,0,0,40,0,51.691000
974,16.2333,0,0,34,0,49.901000
975,16.2500,0,0,39,0,52.365000
976,16.2667,0,0,40,0,49.065000
977,16.2833,0,0,38,0,53.006000
978,16.3000,0,0,35,0,49.528000
979,16.3167,0,0,32,0,52.548000
980,16.3333,0,0,40,0,49.333000
981,16.3500,0,0,36,0,52.189000
982,16.3667,0,0,35,0,49.728000
983,16.3833,0,0,41,0,49.701000
984,16.4000,0,0,36,0,53.169000
985,16.4167,0,0,35,0,49.039000
986,16.4333,0,0,35,0,52.243000
987,16.4500,0,0,40,0,50.117000
988,16.4667,0,0,38,0,51.804000
989,16.4833,0,0,33,0,51.651000
990,16.5000,0,0,43,0,50.266000
991,16.5167,0,0,39,0,48.849000
992,16.5333,0,0,40,0,52.111000
993,16.5500,0,0,34,0,49.318000
994,16.5667,0,0,37,0,52.732000
995,16.5833,0,0,34,0,50.237000
996,16.6000,0,0,37,0,52.517000
997,16.6167,0,0,38,0,52.240000
998,16.6333,0,0,39,0,49.576000
999,16.6500,0,0,35,0,52.025000
1000,16.6667,0,0,40,0,43.224000
1001,16.6833,0,0,34,0,49.849000
1002,16.7000,0,0,40,0,52.356000
1003,16.7167,0,0,34,0,50.032000
1004,16.7333,0,0,31,0,42.715000
1005,16.7500,0,0,37,0,52.175000
1006,16.7667,0,0,33,0,49.967000
1007,16.7833,0,0,37,0,51.941000
1008,16.8000,0,0,35,0,50.542000
1009,16.8167,0,0,38,0,51.681000
1010,16.8333,0,0,38,0,50.153000
1011,16.8500,0,0,38,0,52.703000
1012,16.8667,0,0,33,0,49.995000
1013,16.8833,0,0,37,0,51.716000
1014,16.9000,0,0,34,0,50.201000
1015,16.9167,0,0,39,0,52.385000
1016,16.9333,0,0,33,0,50.198000
1017,16.9500,0,0,39,0,51.841000
1018,16.9667,0,0,38,0,49.981000
1019,16.9833,0,0,42,0,52.236000
1020,17.0000,0,0,36,0,50.656000
1021,17.0167,0,0,39,0,52.020000
1022,17.0333,0,0,40,0,49.441000
1023,17.0500,0,0,34,0,52.095000
1024,17.0667,0,0,34,0,50.115000
1025,17.0833,0,0,40,0,52.261000
1026,17.1000,0,0,40,0,48.406000
1027,17.1167,0,0,33,0,49.392000
1028,17.1333,0,0,37,0,52.201000
1029,17.1500,0,0,37,0,49.780000
1030,17.1667,0,0,37,0,52.266000
1031,17.1833,0,0,36,0,49.131000
1032,17.2000,0,0,35,0,51.293000
1033,17.2167,0,0,43,0,49.843000
1034,17.2333,0,0,36,0,49.988000
1035,17.2500,0,0,37,0,52.191000
1036,17.2667,0,0,34,0,49.759000
1037,17.2833,0,0,38,0,52.077000
1038,17.3000,0,0,34,0,50.027000
1039,17.3167,0,0,36,0,52.430000
1040,17.3333,0,0,36,0,49.271000
1041,17.3500,0,0,39,0,52.291000
1042,17.3667,0,0,36,0,50.058000
1043,17.3833,0,0,40,0,50.065000
1044,17.4000,0,0,41,0,51.598000
1045,17.4167,0,0,33,0,49.726000
1046,17.4333,0,0,38,0,51.675000
1047,17.4500,0,0,37,0,49.605000
1048,17.4667,0,0,38,0,52.636000
1049,17.4833,0,0,38,0,49.692000
1050,17.5000,0,0,36,0,48.821000
1051,17.5167,0,0,38,0,51.805000
1052,17.5333,0,0,41,0,46.098000
1053,17.5500,0,0,37,0,49.759000
1054,17.5667,0,0,38,0,52.053000
1055,17.5833,0,0,33,0,50.364000
1056,17.6000,0,0,38,0,52.007000
1057,17.6167,0,0,32,0,50.334000
1058,17.6333,0,0,36,0,52.240000
1059,17.6500,0,0,37,0,50.385000
1060,17.6667,0,0,34,0,52.094000
1061,17.6833,0,0,37,0,50.579000
1062,17.7000,0,0,38,0,52.085000
1063,17.7167,0,0,36,0,49.788000
1064,17.7333,0,0,41,0,51.483000
1065,17.7500,0,0,35,0,50.322000
1066,17.7667,0,0,36,0,51.693000
1067,17.7833,0,0,36,0,50.657000
1068,17.8000,0,0,40,0,52.242000
1069,17.8167,0,0,31,0,49.932000
1070,17.8333,0,0,39,0,51.935000
1071,17.8500,0,0,40,0,49.394000
1072,17.8667,0,0,35,0,49.712000
1073,17.8833,0,0,39,0,48.184000
1074,17.9000,0,0,36,0,51.749000
1075,17.9167,0,0,33,0,50.407000
1076,17.9333,0,0,35,0,51.495000
1077,17.9500,0,0,35,0,51.841000
1078,17.9667,0,0,38,0,50.426000
1079,17.9833,0,0,35,0,52.637000
1080,18.0000,0,0,38,0,50.041000
1081,18.0167,0,0,35,0,52.313000
1082,18.0333,0,0,40,0,47.098000
1083,18.0500,0,0,36,0,50.221000
1084,18.0667,0,0,38,0,51.878000
1085,18.0833,0,0,39,0,52.769000
1086,18.1000,0,0,35,0,50.294000
1087,18.1167,0,0,35,0,51.628000
1088,18.1333,0,0,34,0,51.358000
1089,18.1500,0,0,36,0,52.424000
1090,18.1667,0,0,39,0,49.780000
1091,18.1833,0,0,37,0,52.083000
1092,18.2000,0,0,36,0,50.258000
1093,18.2167,0,0,40,0,46.090000
1094,18.2333,0,0,39,0,52.363000
1095,18.2500,0,0,34,0,50.659000
1096,18.2667,0,0,38,0,51.901000
1097,18.2833,0,0,31,0,50.336000
1098,18.3000,0,0,38,0,52.077000
1099,18.3167,0,0,35,0,50.534000
1100,18.3333,0,0,40,0,52.732000
1101,18.3500,0,0,37,0,49.785000
1102,18.3667,0,0,36,0,52.128000
1103,18.3833,0,0,38,0,52.856000
1104,18.4000,0,0,41,0,50.147000
1105,18.4167,0,0,39,0,47.848000
1106,18.4333,0,0,35,0,52.348000
1107,18.4500,0,0,35,0,50.255000
1108,18.4667,0,0,37,0,51.825000
1109,18.4833,0,0,35,0,49.457000
1110,18.5000,0,0,41,0,51.802000
1111,18.5167,0,0,37,0,49.404000
1112,18.5333,0,0,37,0,52.601000
1113,18.5500,0,0,34,0,49.249000
1114,18.5667,0,0,39,0,52.328000
1115,18.5833,0,0,38,0,49.453000
1116,18.6000,0,0,36,0,51.451000
1117,18.6167,0,0,35,0,50.140000
1118,18.6333,0,0,35,0,50.132000
1119,18.6500,0,0,37,0,48.115000
1120,18.6667,0,0,36,0,52.563000
1121,18.6833,0,0,34,0,50.098000
1122,18.7000,0,0,39,0,51.048000
1123,18.7167,0,0,35,0,50.952000
1124,18.7333,0,0,36,0,51.601000
1125,18.7500,0,0,41,0,50.287000
1126,18.7667,0,0,39,0,50.277000
1127,18.7833,0,0,39,0,49.614000
1128,18.8000,0,0,35,0,52.333000
1129,18.8167,0,0,38,0,51.596000
1130,18.8333,0,0,37,0,50.678000
1131,18.8500,0,0,38,0,49.339000
1132,18.8667,0,0,36,0,52.283000
1133,18.8833,0,0,38,0,52.198000
1134,18.9000,0,0,36,0,50.771000
1135,18.9167,0,0,39,0,51.691000
1136,18.9333,0,0,33,0,50.860000
1137,18.9500,0,0,37,0,52.167000
1138,18.9667,0,0,44,0,49.695000
1139,18.9833,0,0,34,0,50.929000
1140,19.0000,0,0,38,0,50.094000
1141,19.0167,0,0,38,0,51.567000
1142,19.0333,0,0,37,0,51.275000
1143,19.0500,0,0,36,0,52.598000
1144,19.0667,0,0,39,0,50.230000
1145,19.0833,0,0,35,0,51.194000
1146,19.1000,0,0,37,0,50.871000
1147,19.1167,0,0,35,0,42.626000
1148,19.1333,0,0,38,0,50.304000
1149,19.1500,0,0,37,0,52.473000
1150,19.1667,0,0,37,0,49.725000
1151,19.1833,0,0,39,0,49.295000
1152,19.2000,0,0,35,0,52.402000
1153,19.2167,0,0,35,0,50.386000
1154,19.2333,0,0,36,0,52.092000
1155,19.2500,0,0,37,0,51.619000
1156,19.2667,0,0,37,0,50.173000
1157,19.2833,0,0,34,0,51.856000
1158,19.3000,0,0,38,0,50.778000
1159,19.3167,0,0,34,0,52.840000
1160,19.3333,0,0,37,0,50.091000
1161,19.3500,0,0,34,0,52.822000
1162,19.3667,0,0,35,0,51.174000
1163,19.3833,0,0,40,0,51.135000
1164,19.4000,0,0,34,0,49.719000
1165,19.4167,0,0,40,0,51.638000
1166,19.4333,0,0,36,0,49.008000
1167,19.4500,0,0,40,0,52.108000
1168,19.4667,0,0,37,0,49.949000
1169,19.4833,0,0,34,0,51.609000
1170,19.5000,0,0,37,0,49.827000
1171,19.5167,0,0,36,0,52.538000
1172,19.5333,0,0,37,0,50.007000
1173,19.5500,0,0,40,0,51.766000
1174,19.5667,0,0,37,0,49.583000
1175,19.5833,0,0,42,0,49.254000
1176,19.6000,0,0,37,0,51.776000
1177,19.6167,0,0,35,0,49.811000
1178,19.6333,0,0,37,0,52.267000
1179,19.6500,0,0,34,0,49.995000
1180,19.6667,0,0,40,0,51.423000
1181,19.6833,0,0,39,0,49.610000
1182,19.7000,0,0,36,0,49.816000
1183,19.7167,0,0,38,0,52.123000
1184,19.7333,0,0,34,0,50.408000
1185,19.7500,0,0,36,0,51.613000
1186,19.7667,0,0,37,0,51.939000
1187,19.7833,0,0,37,0,49.866000
1188,19.8000,0,0,38,0,50.752000
1189,19.8167,0,0,37,0,51.251000
1190,19.8333,0,0,36,0,52.343000
1191,19.8500,0,0,36,0,49.871000
1192,19.8667,0,0,37,0,52.078000
1193,19.8833,0,0,36,0,49.676000
1194,19.9000,0,0,37,0,51.183000
1195,19.9167,0,0,38,0,50.408000
1196,19.9333,0,0,42,0,49.770000
1197,19.9500,0,0,37,0,52.629000
1198,19.9667,0,0,35,0,50.212000
1199,19.9833,0,0,38,0,51.905000
1200,20.0000,0,0,36,0,51.004000
1201,20.0167,0,0,41,0,49.970000
1202,20.0333,0,0,34,0,49.809000
1203,20.0500,0,0,36,0,51.931000
1204,20.0667,0,0,34,0,49.797000
1205,20.0833,0,0,39,0,51.710000
1206,20.1000,0,0,34,0,49.327000
1207,20.1167,0,0,37,0,52.684000
1208,20.1333,0,0,40,0,49.462000
1209,20.1500,0,0,35,0,49.706000
1210,20.1667,0,0,36,0,52.631000
1211,20.1833,0,0,39,0,50.221000
1212,20.2000,0,0,34,0,51.647000
1213,20.2167,0,0,34,0,50.242000
1214,20.2333,0,0,34,0,50.835000
1215,20.2500,0,0,38,0,52.285000
1216,20.2667,0,0,41,0,48.725000
1217,20.2833,0,0,35,0,49.712000
1218,20.3000,0,0,34,0,51.621000
1219,20.3167,0,0,34,0,50.300000
1220,20.3333,0,0,41,0,52.167000
1221,20.3500,0,0,36,0,50.219000
1222,20.3667,0,0,39,0,47.697000
1223,20.3833,0,0,36,0,52.329000
1224,20.4000,0,0,36,0,50.320000
1225,20.4167,0,0,36,0,51.823000
1226,20.4333,0,0,37,0,51.310000
1227,20.4500,0,0,41,0,51.109000
1228,20.4667,0,0,36,0,51.538000
1229,20.4833,0,0,36,0,50.725000
1230,20.5000,0,0,38,0,52.506000
1231,20.5167,0,0,35,0,49.777000
1232,20.5333,0,0,39,0,52.380000
1233,20.5500,0,0,36,0,52.696000
1234,20.5667,0,0,34,0,50.610000
1235,20.5833,0,0,42,0,49.383000
1236,20.6000,0,0,40,0,52.084000
1237,20.6167,0,0,35,0,52.301000
1238,20.6333,0,0,38,0,49.799000
1239,20.6500,0,0,39,0,52.401000
1240,20.6667,0,0,38,0,50.709000
1241,20.6833,0,0,39,0,50.348000
1242,20.7000,0,0,38,0,51.874000
1243,20.7167,0,0,33,0,51.907000
1244,20.7333,0,0,39,0,49.775000
1245,20.7500,0,0,36,0,52.448000
1246,20.7667,0,0,34,0,41.818000
1247,20.7833,0,0,35,0,50.117000
1248,20.8000,0,0,35,0,52.370000
1249,20.8167,0,0,37,0,52.406000
1250,20.8333,0,0,36,0,49.625000
1251,20.8500,0,0,36,0,52.239000
1252,20.8667,0,0,33,0,50.116000
1253,20.8833,0,0,34,0,52.289000
1254,20.9000,0,0,34,0,51.155000
1255,20.9167,0,0,37,0,51.369000
1256,20.9333,0,0,36,0,50.255000
1257,20.9500,0,0,35,0,52.403000
1258,20.9667,0,0,37,0,52.083000
1259,20.9833,0,0,34,0,49.900000
1260,21.0000,0,0,35,0,52.188000
1261,21.0167,0,0,33,0,51.562000
1262,21.0333,0,0,45,0,50.717000
1263,21.0500,0,0,31,0,51.907000
1264,21.0667,0,0,41,0,51.539000
1265,21.0833,0,0,36,0,51.691000
1266,21.1000,0,0,37,0,50.668000
1267,21.1167,0,0,36,0,52.426000
1268,21.1333,0,0,36,0,52.402000
1269,21.1500,0,0,34,0,50.269000
1270,21.1667,0,0,40,0,52.277000
1271,21.1833,0,0,38,0,48.318000
1272,21.2000,0,0,34,0,49.968000
1273,21.2167,0,0,37,0,52.397000
1274,21.2333,0,0,36,0,52.446000
1275,21.2500,0,0,38,0,49.787000
1276,21.2667,0,0,36,0,52.257000
1277,21.2833,0,0,35,0,50.161000
1278,21.3000,0,0,41,0,52.132000
1279,21.3167,0,0,38,0,49.886000
1280,21.3333,0,0,36,0,49.559000
1281,21.3500,0,0,38,0,52.699000
1282,21.3667,0,0,36,0,51.985000
1283,21.3833,0,0,32,0,38.723000
1284,21.4000,0,0,38,0,52.571000
1285,21.4167,0,0,34,0,49.145000
1286,21.4333,0,0,38,0,51.769000
1287,21.4500,0,0,35,0,50.105000
1288,21.4667,0,0,35,0,52.067000
1289,21.4833,0,0,35,0,49.611000
1290,21.5000,0,0,36,0,52.304000
1291,21.5167,0,0,36,0,49.921000
1292,21.5333,0,0,35,0,52.232000
1293,21.5500,0,0,36,0,49.938000
1294,21.5667,0,0,34,0,51.880000
1295,21.5833,0,0,35,0,50.067000
1296,21.6000,0,0,33,0,53.193000
1297,21.6167,0,0,36,0,52.025000
1298,21.6333,0,0,36,0,50.486000
1299,21.6500,0,0,35,0,52.894000
1300,21.6667,0,0,37,0,50.280000
1301,21.6833,0,0,42,0,52.816000
1302,21.7000,0,0,36,0,49.527000
1303,21.7167,0,0,36,0,52.053000
1304,21.7333,0,0,36,0,49.128000
1305,21.7500,0,0,36,0,51.612000
1306,21.7667,0,0,39,0,50.117000
1307,21.7833,0,0,36,0,52.174000
1308,21.8000,0,0,36,0,50.131000
1309,21.8167,0,0,36,0,51.041000
1310,21.8333,0,0,35,0,51.252000
1311,21.8500,0,0,38,0,50.105000
1312,21.8667,0,0,39,0,49.714000
1313,21.8833,0,0,38,0,52.944000
1314,21.9000,0,0,33,0,49.911000
1315,21.9167,0,0,40,0,51.966000
1316,21.9333,0,0,36,0,50.062000
1317,21.9500,0,0,36,0,52.400000
1318,21.9667,0,0,34,0,49.962000
1319,21.9833,0,0,41,0,51.779000
1320,22.0000,0,0,35,0,48.166000
1321,22.0167,0,0,36,0,49.585000
1322,22.0333,0,0,37,0,52.349000
1323,22.0500,0,0,35,0,50.187000
1324,22.0667,0,0,36,0,52.398000
1325,22.0833,0,0,38,0,52.416000
1326,22.1000,0,0,42,0,49.686000
1327,22.1167,0,0,36,0,52.335000
1328,22.1333,0,0,32,0,50.342000
1329,22.1500,0,0,46,0,51.911000
1330,22.1667,0,0,34,0,50.053000
1331,22.1833,0,0,38,0,52.076000
1332,22.2000,0,0,33,0,52.226000
1333,22.2167,0,0,33,0,50.241000
1334,22.2333,0,0,40,0,50.004000
1335,22.2500,0,0,37,0,52.102000
1336,22.2667,0,0,29,0,37.466000
1337,22.2833,0,0,40,0,52.727000
1338,22.3000,0,0,39,0,49.789000
1339,22.3167,0,0,37,0,52.460000
1340,22.3333,0,0,34,0,49.695000
1341,22.3500,0,0,39,0,52.591000
1342,22.3667,0,0,35,0,49.308000
1343,22.3833,0,0,38,0,52.213000
1344,22.4000,0,0,34,0,49.893000
1345,22.4167,0,0,36,0,52.415000
1346,22.4333,0,0,33,0,49.719000
1347,22.4500,0,0,39,0,52.007000
1348,22.4667,0,0,40,0,52.045000
1349,22.4833,0,0,36,0,50.014000
1350,22.5000,0,0,35,0,52.078000
1351,22.5167,0,0,39,0,49.748000
1352,22.5333,0,0,38,0,52.255000
1353,22.5500,0,0,31,0,49.589000
1354,22.5667,0,0,41,0,48.780000
1355,22.5833,0,0,37,0,52.097000
1356,22.6000,0,0,34,0,49.418000
1357,22.6167,0,0,36,0,51.849000
1358,22.6333,0,0,38,0,51.866000
1359,22.6500,0,0,34,0,50.954000
1360,22.6667,0,0,35,0,50.731000
1361,22.6833,0,0,44,0,50.381000
1362,22.7000,0,0,33,0,49.885000
1363,22.7167,0,0,35,0,52.255000
1364,22.7333,0,0,34,0,48.611000
1365,22.7500,0,0,39,0,51.871000
1366,22.7667,0,0,37,0,50.281000
1367,22.7833,0,0,35,0,53.015000
1368,22.8000,0,0,35,0,49.688000
1369,22.8167,0,0,38,0,52.402000
1370,22.8333,0,0,36,0,52.460000
1371,22.8500,0,0,31,0,49.682000
1372,22.8667,0,0,35,0,52.660000
1373,22.8833,0,0,37,0,49.418000
1374,22.9000,0,0,40,0,52.279000
1375,22.9167,0,0,34,0,49.173000
1376,22.9333,0,0,38,0,52.343000
1377,22.9500,0,0,38,0,49.490000
1378,22.9667,0,0,36,0,52.101000
1379,22.9833,0,0,35,0,50.503000
1380,23.0000,0,0,31,0,52.621000
1381,23.0167,0,0,38,0,49.672000
1382,23.0333,0,0,36,0,52.517000
1383,23.0500,0,0,38,0,51.540000
1384,23.0667,0,0,35,0,50.232000
1385,23.0833,0,0,40,0,52.368000
1386,23.1000,0,0,36,0,50.364000
1387,23.1167,0,0,39,0,52.060000
1388,23.1333,0,0,34,0,49.798000
1389,23.1500,0,0,35,0,51.621000
1390,23.1667,0,0,39,0,49.781000
1391,23.1833,0,0,36,0,51.704000
1392,23.2000,0,0,39,0,49.762000
1393,23.2167,0,0,34,0,52.279000
1394,23.2333,0,0,39,0,49.990000
1395,23.2500,0,0,35,0,52.631000
1396,23.2667,0,0,32,0,49.804000
1397,23.2833,0,0,40,0,50.927000
1398,23.3000,0,0,35,0,50.625000
1399,23.3167,0,0,40,0,52.427000
1400,23.3333,0,0,35,0,48.854000
1401,23.3500,0,0,37,0,48.125000
1402,23.3667,0,0,34,0,50.283000
1403,23.3833,0,0,36,0,51.570000
1404,23.4000,0,0,36,0,51.619000
1405,23.4167,0,0,38,0,50.639000
1406,23.4333,0,0,36,0,52.320000
1407,23.4500,0,0,35,0,49.829000
1408,23.4667,0,0,35,0,52.599000
1409,23.4833,0,0,36,0,50.246000
1410,23.5000,0,0,38,0,51.889000
1411,23.5167,0,0,37,0,50.017000
1412,23.5333,0,0,38,0,52.108000
1413,23.5500,0,0,38,0,49.226000
1414,23.5667,0,0,36,0,51.639000
1415,23.5833,0,0,38,0,50.059000
1416,23.6000,0,0,39,0,47.632000
1417,23.6167,0,0,37,0,52.069000
1418,23.6333,0,0,34,0,52.351000
1419,23.6500,0,0,36,0,50.258000
1420,23.6667,0,0,35,0,52.910000
1421,23.6833,0,0,36,0,50.080000
1422,23.7000,0,0,38,0,52.352000
1423,23.7167,0,0,38,0,50.169000
1424,23.7333,0,0,35,0,52.309000
1425,23.7500,0,0,38,0,52.318000
1426,23.7667,0,0,38,0,49.866000
1427,23.7833,0,0,34,0,51.834000
1428,23.8000,0,0,36,0,50.426000
1429,23.8167,0,0,37,0,48.350000
1430,23.8333,0,0,36,0,51.668000
1431,23.8500,0,0,36,0,53.291000
1432,23.8667,0,0,34,0,49.968000
1433,23.8833,0,0,33,0,52.463000
1434,23.9000,0,0,38,0,51.928000
1435,23.9167,0,0,37,0,50.956000
1436,23.9333,0,0,36,0,51.099000
1437,23.9500,0,0,35,0,49.947000
1438,23.9667,0,0,35,0,52.602000
1439,23.9833,0,0,37,0,52.767000
1440,24.0000,0,0,40,0,49.921000
1441,24.0167,0,0,34,0,52.059000
1442,24.0333,0,0,39,0,49.618000
1443,24.0500,0,0,33,0,49.638000
1444,24.0667,0,0,36,0,52.017000
1445,24.0833,0,0,35,0,52.192000
1446,24.1000,0,0,37,0,50.197000
1447,24.1167,0,0,39,0,48.895000
1448,24.1333,0,0,38,0,52.993000
1449,24.1500,0,0,38,0,52.092000
1450,24.1667,0,0,34,0,50.123000
1451,24.1833,0,0,36,0,52.411000
1452,24.2000,0,0,38,0,51.478000
1453,24.2167,0,0,33,0,50.305000
1454,24.2333,0,0,40,0,49.709000
1455,24.2500,0,0,37,0,52.095000
1456,24.2667,0,0,37,0,52.424000
1457,24.2833,0,0,37,0,50.432000
1458,24.3000,0,0,35,0,52.239000
1459,24.3167,0,0,31,0,50.228000
1460,24.3333,0,0,41,0,51.003000
1461,24.3500,0,0,37,0,50.385000
1462,24.3667,0,0,37,0,51.154000
1463,24.3833,0,0,39,0,50.896000
1464,24.4000,0,0,33,0,52.258000
1465,24.4167,0,0,37,0,49.639000
1466,24.4333,0,0,37,0,52.113000
1467,24.4500,0,0,32,0,50.448000
1468,24.4667,0,0,41,0,49.321000
1469,24.4833,0,0,37,0,52.524000
1470,24.5000,0,0,36,0,52.515000
1471,24.5167,0,0,34,0,49.065000
1472,24.5333,0,0,35,0,52.660000
1473,24.5500,0,0,37,0,49.401000
1474,24.5667,0,0,35,0,52.507000
1475,24.5833,0,0,39,0,50.432000
1476,24.6000,0,0,37,0,52.028000
1477,24.6167,0,0,42,0,50.350000
1478,24.6333,0,0,34,0,51.841000
1479,24.6500,0,0,33,0,49.483000
1480,24.6667,0,0,35,0,52.807000
1481,24.6833,0,0,35,0,50.271000
1482,24.7000,0,0,36,0,52.119000
1483,24.7167,0,0,36,0,50.012000
1484,24.7333,0,0,36,0,52.372000
1485,24.7500,0,0,34,0,52.072000
1486,24.7667,0,0,35,0,50.797000
1487,24.7833,0,0,37,0,51.812000
1488,24.8000,0,0,39,0,50.486000
1489,24.8167,0,0,39,0,52.123000
1490,24.8333,0,0,38,0,52.640000
1491,24.8500,0,0,36,0,50.113000
1492,24.8667,0,0,34,0,52.290000
1493,24.8833,0,0,37,0,49.194000
1494,24.9000,0,0,39,0,52.122000
1495,24.9167,0,0,34,0,50.761000
1496,24.9333,0,0,38,0,52.014000
1497,24.9500,0,0,38,0,49.647000
1498,24.9667,0,0,35,0,52.305000
1499,24.9833,0,0,39,0,52.362000
1500,25.0000,0,0,37,0,50.125000
1501,25.0167,0,0,39,0,52.074000
1502,25.0333,0,0,36,0,49.711000
1503,25.0500,0,0,33,0,52.245000
1504,25.0667,0,0,33,0,49.956000
1505,25.0833,0,0,40,0,52.419000
1506,25.1000,0,0,36,0,52.075000
1507,25.1167,0,0,36,0,50.209000
1508,25.1333,0,0,35,0,48.432000
1509,25.1500,0,0,34,0,52.264000
1510,25.1667,0,0,38,0,52.103000
1511,25.1833,0,0,36,0,50.669000
1512,25.2000,0,0,35,0,51.978000
1513,25.2167,0,0,38,0,50.264000
1514,25.2333,0,0,37,0,49.912000
1515,25.2500,0,0,38,0,51.984000
1516,25.2667,0,0,34,0,49.470000
1517,25.2833,0,0,34,0,51.653000
1518,25.3000,0,0,39,0,49.022000
1519,25.3167,0,0,36,0,52.170000
1520,25.3333,0,0,37,0,51.618000
1521,25.3500,0,0,36,0,50.433000
1522,25.3667,0,0,35,0,51.816000
1523,25.3833,0,0,38,0,49.765000
1524,25.4000,0,0,36,0,52.613000
1525,25.4167,0,0,36,0,49.528000
1526,25.4333,0,0,36,0,52.414000
1527,25.4500,0,0,34,0,49.652000
1528,25.4667,0,0,35,0,52.810000
1529,25.4833,0,0,41,0,49.846000
1530,25.5000,0,0,40,0,51.952000
1531,25.5167,0,0,39,0,50.448000
1532,25.5333,0,0,37,0,44.814000
1533,25.5500,0,0,40,0,50.897000
1534,25.5667,0,0,35,0,49.627000
1535,25.5833,0,0,36,0,51.661000
1536,25.6000,0,0,36,0,50.258000
1537,25.6167,0,0,35,0,51.605000
1538,25.6333,0,0,33,0,50.371000
1539,25.6500,0,0,35,0,52.423000
1540,25.6667,0,0,33,0,52.128000
1541,25.6833,0,0,36,0,49.830000
1542,25.7000,0,0,36,0,52.049000
1543,25.7167,0,0,34,0,49.679000
1544,25.7333,0,0,37,0,52.412000
1545,25.7500,0,0,39,0,50.098000
1546,25.7667,0,0,35,0,52.061000
1547,25.7833,0,0,36,0,50.515000
1548,25.8000,0,0,39,0,47.379000
1549,25.8167,0,0,40,0,51.549000
1550,25.8333,0,0,33,0,50.240000
1551,25.8500,0,0,41,0,52.379000
1552,25.8667,0,0,31,0,49.820000
1553,25.8833,0,0,36,0,52.366000
1554,25.9000,0,0,32,0,51.848000
1555,25.9167,0,0,36,0,50.148000
1556,25.9333,0,0,38,0,52.297000
1557,25.9500,0,0,38,0,48.438000
1558,25.9667,0,0,36,0,50.829000
1559,25.9833,0,0,35,0,51.825000
1560,26.0000,0,0,36,0,51.971000
1561,26.0167,0,0,40,0,47.352000
1562,26.0333,0,0,35,0,49.432000
1563,26.0500,0,0,37,0,52.635000
1564,26.0667,0,0,36,0,50.006000
1565,26.0833,0,0,35,0,51.873000
1566,26.1000,0,0,35,0,52.192000
1567,26.1167,0,0,36,0,50.173000
1568,26.1333,0,0,39,0,52.211000
1569,26.1500,0,0,35,0,50.209000
1570,26.1667,0,0,38,0,52.524000
1571,26.1833,0,0,42,0,48.968000
1572,26.2000,0,0,35,0,52.450000
1573,26.2167,0,0,36,0,50.069000
1574,26.2333,0,0,33,0,52.473000
1575,26.2500,0,0,37,0,52.837000
1576,26.2667,0,0,33,0,49.796000
1577,26.2833,0,0,38,0,46.940000
1578,26.3000,0,0,39,0,49.524000
1579,26.3167,0,0,36,0,51.670000
1580,26.3333,0,0,33,0,49.863000
1581,26.3500,0,0,37,0,52.285000
1582,26.3667,0,0,34,0,50.063000
1583,26.3833,0,0,33,0,52.201000
1584,26.4000,0,0,37,0,51.052000
1585,26.4167,0,0,34,0,51.710000
1586,26.4333,0,0,42,0,51.778000
1587,26.4500,0,0,34,0,49.271000
1588,26.4667,0,0,37,0,52.682000
1589,26.4833,0,0,32,0,49.262000
1590,26.5000,0,0,39,0,52.206000
1591,26.5167,0,0,37,0,49.296000
1592,26.5333,0,0,32,0,50.320000
1593,26.5500,0,0,37,0,52.354000
1594,26.5667,0,0,37,0,51.692000
1595,26.5833,0,0,35,0,49.618000
1596,26.6000,0,0,37,0,51.896000
1597,26.6167,0,0,40,0,50.334000
1598,26.6333,0,0,34,0,51.563000
1599,26.6500,0,0,34,0,50.094000
1600,26.6667,0,0,39,0,52.389000
1601,26.6833,0,0,35,0,49.704000
1602,26.7000,0,0,43,0,52.368000
1603,26.7167,0,0,33,0,50.348000
1604,26.7333,0,0,38,0,47.894000
1605,26.7500,0,0,39,0,50.342000
1606,26.7667,0,0,37,0,52.172000
1607,26.7833,0,0,36,0,49.936000
1608,26.8000,0,0,37,0,50.973000
1609,26.8167,0,0,33,0,51.074000
1610,26.8333,0,0,40,0,52.367000
1611,26.8500,0,0,37,0,49.544000
1612,26.8667,0,0,36,0,50.813000
1613,26.8833,0,0,36,0,51.936000
1614,26.9000,0,0,35,0,52.180000
1615,26.9167,0,0,32,0,49.915000
1616,26.9333,0,0,39,0,46.936000
1617,26.9500,0,0,40,0,52.272000
1618,26.9667,0,0,33,0,49.392000
1619,26.9833,0,0,37,0,52.687000
1620,27.0000,0,0,31,0,49.904000
1621,27.0167,0,0,37,0,52.874000
1622,27.0333,0,0,36,0,52.542000
1623,27.0500,0,0,36,0,50.523000
1624,27.0667,0,0,40,0,52.046000
1625,27.0833,0,0,33,0,51.808000
1626,27.1000,0,0,37,0,51.736000
1627,27.1167,0,0,34,0,48.790000
1628,27.1333,0,0,39,0,52.180000
1629,27.1500,0,0,35,0,51.894000
1630,27.1667,0,0,37,0,50.146000
1631,27.1833,0,0,34,0,50.981000
1632,27.2000,0,0,38,0,51.592000
1633,27.2167,0,0,36,0,48.796000
1634,27.2333,0,0,38,0,52.581000
1635,27.2500,0,0,38,0,48.020000
1636,27.2667,0,0,38,0,53.120000
1637,27.2833,0,0,33,0,49.304000
1638,27.3000,0,0,37,0,52.714000
1639,27.3167,0,0,36,0,51.895000
1640,27.3333,0,0,41,0,50.595000
1641,27.3500,0,0,35,0,49.931000
1642,27.3667,0,0,39,0,46.769000
1643,27.3833,0,0,37,0,52.383000
1644,27.4000,0,0,38,0,52.837000
1645,27.4167,0,0,35,0,50.233000
1646,27.4333,0,0,37,0,52.355000
1647,27.4500,0,0,38,0,50.467000
1648,27.4667,0,0,36,0,52.419000
1649,27.4833,0,0,35,0,49.300000
1650,27.5000,0,0,37,0,51.821000
1651,27.5167,0,0,36,0,49.732000
1652,27.5333,0,0,37,0,52.089000
1653,27.5500,0,0,36,0,52.843000
1654,27.5667,0,0,35,0,50.129000
1655,27.5833,0,0,37,0,47.127000
1656,27.6000,0,0,39,0,52.025000
1657,27.6167,0,0,34,0,50.061000
1658,27.6333,0,0,34,0,52.394000
1659,27.6500,0,0,33,0,52.287000
1660,27.6667,0,0,34,0,50.134000
1661,27.6833,0,0,37,0,52.722000
1662,27.7000,0,0,36,0,52.542000
1663,27.7167,0,0,33,0,50.454000
1664,27.7333,0,0,35,0,51.885000
1665,27.7500,0,0,37,0,50.367000
1666,27.7667,0,0,36,0,52.200000
1667,27.7833,0,0,36,0,47.759000
1668,27.8000,0,0,36,0,51.957000
1669,27.8167,0,0,34,0,49.915000
1670,27.8333,0,0,38,0,52.426000
1671,27.8500,0,0,36,0,49.605000
1672,27.8667,0,0,35,0,52.595000
1673,27.8833,0,0,32,0,52.137000
1674,27.9000,0,0,40,0,48.644000
1675,27.9167,0,0,35,0,50.484000
1676,27.9333,0,0,37,0,52.512000
1677,27.9500,0,0,35,0,52.483000
1678,27.9667,0,0,35,0,50.015000
1679,27.9833,0,0,39,0,52.470000
1680,28.0000,0,0,34,0,52.227000
1681,28.0167,0,0,42,0,50.160000
1682,28.0333,0,0,36,0,48.281000
1683,28.0500,0,0,37,0,52.724000
1684,28.0667,0,0,36,0,50.106000
1685,28.0833,0,0,37,0,52.369000
1686,28.1000,0,0,33,0,49.913000
1687,28.1167,0,0,39,0,51.930000
1688,28.1333,0,0,36,0,52.948000
1689,28.1500,0,0,36,0,49.960000
1690,28.1667,0,0,38,0,52.481000
1691,28.1833,0,0,35,0,45.656000
1692,28.2000,0,0,35,0,52.850000
1693,28.2167,0,0,33,0,51.598000
1694,28.2333,0,0,34,0,51.077000
1695,28.2500,0,0,34,0,52.137000
1696,28.2667,0,0,36,0,50.120000
1697,28.2833,0,0,35,0,52.398000
1698,28.3000,0,0,36,0,52.056000
1699,28.3167,0,0,38,0,50.504000
1700,28.3333,0,0,34,0,53.138000
1701,28.3500,0,0,39,0,50.140000
1702,28.3667,0,0,34,0,52.771000
1703,28.3833,0,0,39,0,51.846000
1704,28.4000,0,0,34,0,48.676000
1705,28.4167,0,0,34,0,52.045000
1706,28.4333,0,0,39,0,50.723000
1707,28.4500,0,0,39,0,52.278000
1708,28.4667,0,0,36,0,52.405000
1709,28.4833,0,0,38,0,50.017000
1710,28.5000,0,0,35,0,51.813000
1711,28.5167,0,0,37,0,50.333000
1712,28.5333,0,0,32,0,51.903000
1713,28.5500,0,0,37,0,49.927000
1714,28.5667,0,0,37,0,52.291000
1715,28.5833,0,0,40,0,49.525000
1716,28.6000,0,0,35,0,49.154000
1717,28.6167,0,0,38,0,52.670000
1718,28.6333,0,0,35,0,51.612000
1719,28.6500,0,0,41,0,50.940000
1720,28.6667,0,0,35,0,51.954000
1721,28.6833,0,0,35,0,50.611000
1722,28.7000,0,0,37,0,52.899000
1723,28.7167,0,0,39,0,49.856000
1724,28.7333,0,0,38,0,51.304000
1725,28.7500,0,0,33,0,50.387000
1726,28.7667,0,0,35,0,52.691000
1727,28.7833,0,0,36,0,52.607000
1728,28.8000,0,0,40,0,49.738000
1729,28.8167,0,0,33,0,52.301000
1730,28.8333,0,0,35,0,49.752000
1731,28.8500,0,0,34,0,52.481000
1732,28.8667,0,0,37,0,49.312000
1733,28.8833,0,0,39,0,52.680000
1734,28.9000,0,0,38,0,49.887000
1735,28.9167,0,0,34,0,51.663000
1736,28.9333,0,0,39,0,49.755000
1737,28.9500,0,0,37,0,52.784000
1738,28.9667,0,0,32,0,49.632000
1739,28.9833,0,0,34,0,52.555000
1740,29.0000,0,0,38,0,49.773000
1741,29.0167,0,0,38,0,52.267000
1742,29.0333,0,0,34,0,51.766000
1743,29.0500,0,0,36,0,51.093000
1744,29.0667,0,0,39,0,52.371000
1745,29.0833,0,0,36,0,50.216000
1746,29.1000,0,0,34,0,52.686000
1747,29.1167,0,0,35,0,52.145000
1748,29.1333,0,0,38,0,50.469000
1749,29.1500,0,0,37,0,51.590000
1750,29.1667,0,0,37,0,49.095000
1751,29.1833,0,0,38,0,52.581000
1752,29.2000,0,0,35,0,50.587000
1753,29.2167,0,0,35,0,51.826000
1754,29.2333,0,0,38,0,52.229000
1755,29.2500,0,0,36,0,50.270000
1756,29.2667,0,0,34,0,52.142000
1757,29.2833,0,0,37,0,49.129000
1758,29.3000,0,0,35,0,52.325000
1759,29.3167,0,0,37,0,50.231000
1760,29.3333,0,0,36,0,52.058000
1761,29.3500,0,0,37,0,48.847000
1762,29.3667,0,0,34,0,52.451000
1763,29.3833,0,0,38,0,50.375000
1764,29.4000,0,0,37,0,52.621000
1765,29.4167,0,0,30,0,50.397000
1766,29.4333,0,0,40,0,51.930000
1767,29.4500,0,0,35,0,52.318000
1768,29.4667,0,0,35,0,50.586000
1769,29.4833,0,0,40,0,51.759000
1770,29.5000,0,0,34,0,50.145000
1771,29.5167,0,0,36,0,52.907000
1772,29.5333,0,0,40,0,49.363000
1773,29.5500,0,0,37,0,52.531000
1774,29.5667,0,0,32,0,49.890000
1775,29.5833,0,0,34,0,52.879000
1776,29.6000,0,0,35,0,52.184000
1777,29.6167,0,0,33,0,50.075000
1778,29.6333,0,0,35,0,52.217000
1779,29.6500,0,0,39,0,49.710000
1780,29.6667,0,0,38,0,51.934000
1781,29.6833,0,0,34,0,49.132000
1782,29.7000,0,0,35,0,52.898000
1783,29.7167,0,0,37,0,52.597000
1784,29.7333,0,0,38,0,43.006000
1785,29.7500,0,0,38,0,49.914000
1786,29.7667,0,0,33,0,51.393000
1787,29.7833,0,0,34,0,51.533000
1788,29.8000,0,0,37,0,50.812000
1789,29.8167,0,0,36,0,52.412000
1790,29.8333,0,0,33,0,52.890000
1791,29.8500,0,0,36,0,50.403000
1792,29.8667,0,0,33,0,52.543000
1793,29.8833,0,0,34,0,50.705000
1794,29.9000,0,0,38,0,51.634000
1795,29.9167,0,0,35,0,52.501000
1796,29.9333,0,0,36,0,50.356000
1797,29.9500,0,0,34,0,52.343000
1798,29.9667,0,0,38,0,49.251000
1799,29.9833,0,0,38,0,52.658000
1800,30.0000,0,0,35,0,51.880000
1801,30.0167,0,0,37,0,49.690000
1802,30.0333,0,0,39,0,52.044000
1803,30.0500,0,0,33,0,49.511000
1804,30.0667,0,0,36,0,51.460000
1805,30.0833,0,0,38,0,51.434000
1806,30.1000,0,0,31,0,36.208000
1807,30.1167,0,0,35,0,52.290000
1808,30.1333,0,0,35,0,49.655000
1809,30.1500,0,0,38,0,52.408000
1810,30.1667,0,0,36,0,52.378000
1811,30.1833,0,0,38,0,50.127000
1812,30.2000,0,0,36,0,52.233000
1813,30.2167,0,0,35,0,51.393000
1814,30.2333,0,0,35,0,50.540000
1815,30.2500,0,0,36,0,52.560000
1816,30.2667,0,0,35,0,52.666000
1817,30.2833,0,0,36,0,50.616000
1818,30.3000,0,0,33,0,52.999000
1819,30.3167,0,0,36,0,49.559000
1820,30.3333,0,0,34,0,51.807000
1821,30.3500,0,0,40,0,52.029000
1822,30.3667,0,0,34,0,50.503000
1823,30.3833,0,0,36,0,52.351000
1824,30.4000,0,0,34,0,50.295000
1825,30.4167,0,0,35,0,52.055000
1826,30.4333,0,0,43,0,49.222000
1827,30.4500,0,0,37,0,52.526000
1828,30.4667,0,0,38,0,50.339000
1829,30.4833,0,0,38,0,51.424000
1830,30.5000,0,0,35,0,52.546000
1831,30.5167,0,0,34,0,43.096000
1832,30.5333,0,0,35,0,52.989000
1833,30.5500,0,0,38,0,50.199000
1834,30.5667,0,0,36,0,52.436000
1835,30.5833,0,0,32,0,51.020000
1836,30.6000,0,0,33,0,50.111000
1837,30.6167,0,0,36,0,52.917000
1838,30.6333,0,0,34,0,49.984000
1839,30.6500,0,0,35,0,52.446000
1840,30.6667,0,0,36,0,52.233000
1841,30.6833,0,0,36,0,49.994000
1842,30.7000,0,0,36,0,52.908000
1843,30.7167,0,0,38,0,49.135000
1844,30.7333,0,0,34,0,52.726000
1845,30.7500,0,0,37,0,52.588000
1846,30.7667,0,0,35,0,50.256000
1847,30.7833,0,0,41,0,51.843000
1848,30.8000,0,0,35,0,50.675000
1849,30.8167,0,0,38,0,51.870000
1850,30.8333,0,0,36,0,52.505000
1851,30.8500,0,0,35,0,50.256000
1852,30.8667,0,0,39,0,51.459000
1853,30.8833,0,0,32,0,50.350000
1854,30.9000,0,0,37,0,51.293000
1855,30.9167,0,0,38,0,50.169000
1856,30.9333,0,0,35,0,50.365000
1857,30.9500,0,0,35,0,48.090000
1858,30.9667,0,0,37,0,50.306000
1859,30.9833,0,0,36,0,52.987000
1860,31.0000,0,0,38,0,52.825000
1861,31.0167,0,0,34,0,50.130000
1862,31.0333,0,0,34,0,52.715000
1863,31.0500,0,0,38,0,52.038000
1864,31.0667,0,0,33,0,50.884000
1865,31.0833,0,0,39,0,51.916000
1866,31.1000,0,0,36,0,51.655000
1867,31.1167,0,0,32,0,50.345000
1868,31.1333,0,0,37,0,51.817000
1869,31.1500,0,0,34,0,53.289000
1870,31.1667,0,0,31,0,49.482000
1871,31.1833,0,0,36,0,43.406000
1872,31.2000,0,0,38,0,52.035000
1873,31.2167,0,0,34,0,50.432000
1874,31.2333,0,0,37,0,52.451000
1875,31.2500,0,0,34,0,50.937000
1876,31.2667,0,0,33,0,52.989000
1877,31.2833,0,0,35,0,52.235000
1878,31.3000,0,0,37,0,50.036000
1879,31.3167,0,0,37,0,52.070000
1880,31.3333,0,0,37,0,52.749000
1881,31.3500,0,0,35,0,49.865000
1882,31.3667,0,0,39,0,52.191000
1883,31.3833,0,0,33,0,52.643000
1884,31.4000,0,0,30,0,50.362000
1885,31.4167,0,0,42,0,52.021000
1886,31.4333,0,0,33,0,50.205000
1887,31.4500,0,0,34,0,52.803000
1888,31.4667,0,0,38,0,49.732000
1889,31.4833,0,0,38,0,52.045000
1890,31.5000,0,0,35,0,49.930000
1891,31.5167,0,0,36,0,52.529000
1892,31.5333,0,0,38,0,48.413000
1893,31.5500,0,0,35,0,52.309000
1894,31.5667,0,0,34,0,49.694000
1895,31.5833,0,0,38,0,53.141000
1896,31.6000,0,0,35,0,49.995000
1897,31.6167,0,0,34,0,52.604000
1898,31.6333,0,0,34,0,49.938000
1899,31.6500,0,0,37,0,50.665000
1900,31.6667,0,0,37,0,52.625000
1901,31.6833,0,0,40,0,50.135000
1902,31.7000,0,0,40,0,51.763000
1903,31.7167,0,0,35,0,49.587000
1904,31.7333,0,0,36,0,51.322000
1905,31.7500,0,0,37,0,48.569000
1906,31.7667,0,0,34,0,53.073000
1907,31.7833,0,0,35,0,52.116000
1908,31.8000,0,0,34,0,50.352000
1909,31.8167,0,0,37,0,52.326000
1910,31.8333,0,0,34,0,48.970000
1911,31.8500,0,0,36,0,49.178000
1912,31.8667,0,0,37,0,51.846000
1913,31.8833,0,0,36,0,52.220000
1914,31.9000,0,0,37,0,50.315000
1915,31.9167,0,0,36,0,51.825000
1916,31.9333,0,0,35,0,50.271000
1917,31.9500,0,0,40,0,49.099000
1918,31.9667,0,0,36,0,52.930000
1919,31.9833,0,0,34,0,52.451000
1920,32.0000,0,0,36,0,50.515000
1921,32.0167,0,0,34,0,51.644000
1922,32.0333,0,0,39,0,52.409000
1923,32.0500,0,0,34,0,50.216000
1924,32.0667,0,0,36,0,51.936000
1925,32.0833,0,0,33,0,51.764000
1926,32.1000,0,0,37,0,50.484000
1927,32.1167,0,0,35,0,51.923000
1928,32.1333,0,0,31,0,37.798000
1929,32.1500,0,0,35,0,52.504000
1930,32.1667,0,0,34,0,51.974000
1931,32.1833,0,0,36,0,50.367000
1932,32.2000,0,0,34,0,52.142000
1933,32.2167,0,0,36,0,50.162000
1934,32.2333,0,0,34,0,51.897000
1935,32.2500,0,0,35,0,51.624000
1936,32.2667,0,0,36,0,50.864000
1937,32.2833,0,0,37,0,52.327000
1938,32.3000,0,0,35,0,50.238000
1939,32.3167,0,0,32,0,52.755000
1940,32.3333,0,0,37,0,52.281000
1941,32.3500,0,0,37,0,52.731000
1942,32.3667,0,0,30,0,50.902000
1943,32.3833,0,0,35,0,52.183000
1944,32.4000,0,0,35,0,51.957000
1945,32.4167,0,0,33,0,50.434000
1946,32.4333,0,0,37,0,52.398000
1947,32.4500,0,0,37,0,49.980000
1948,32.4667,0,0,41,0,47.937000
1949,32.4833,0,0,36,0,52.793000
1950,32.5000,0,0,32,0,52.218000
1951,32.5167,0,0,35,0,49.505000
1952,32.5333,0,0,40,0,52.486000
1953,32.5500,0,0,36,0,52.184000
1954,32.5667,0,0,40,0,49.583000
1955,32.5833,0,0,36,0,52.805000
1956,32.6000,0,0,38,0,50.650000
1957,32.6167,0,0,41,0,51.882000
1958,32.6333,0,0,34,0,50.606000
1959,32.6500,0,0,36,0,52.621000
1960,32.6667,0,0,38,0,48.061000
1961,32.6833,0,0,34,0,51.710000
1962,32.7000,0,0,35,0,50.664000
1963,32.7167,0,0,34,0,52.158000
1964,32.7333,0,0,37,0,52.446000
1965,32.7500,0,0,35,0,50.508000
1966,32.7667,0,0,40,0,52.207000
1967,32.7833,0,0,33,0,48.769000
1968,32.8000,0,0,37,0,52.249000
1969,32.8167,0,0,34,0,49.620000
1970,32.8333,0,0,38,0,52.344000
1971,32.8500,0,0,40,0,49.809000
1972,32.8667,0,0,35,0,52.090000
1973,32.8833,0,0,41,0,46.752000
1974,32.9000,0,0,33,0,50.013000
1975,32.9167,0,0,38,0,52.555000
1976,32.9333,0,0,37,0,52.788000
1977,32.9500,0,0,35,0,50.305000
1978,32.9667,0,0,35,0,51.588000
1979,32.9833,0,0,35,0,49.954000
1980,33.0000,0,0,36,0,52.195000
1981,33.0167,0,0,36,0,52.652000
1982,33.0333,0,0,40,0,48.926000
1983,33.0500,0,0,37,0,52.626000
1984,33.0667,0,0,35,0,49.916000
1985,33.0833,0,0,37,0,52.692000
1986,33.1000,0,0,37,0,52.031000
1987,33.1167,0,0,35,0,50.588000
1988,33.1333,0,0,36,0,48.514000
1989,33.1500,0,0,36,0,53.140000
1990,33.1667,0,0,35,0,51.990000
1991,33.1833,0,0,35,0,51.263000
1992,33.2000,0,0,41,0,49.134000
1993,33.2167,0,0,37,0,52.462000
1994,33.2333,0,0,34,0,51.349000
1995,33.2500,0,0,38,0,51.205000
1996,33.2667,0,0,36,0,52.298000
1997,33.2833,0,0,40,0,49.605000
1998,33.3000,0,0,35,0,52.130000
1999,33.3167,0,0,33,0,50.374000
2000,33.3333,0,0,35,0,52.291000
2001,33.3500,0,0,37,0,52.715000
2002,33.3667,0,0,35,0,50.225000
2003,33.3833,0,0,35,0,51.971000
2004,33.4000,0,0,38,0,50.474000
2005,33.4167,0,0,36,0,47.575000
2006,33.4333,0,0,35,0,53.260000
2007,33.4500,0,0,40,0,52.267000
2008,33.4667,0,0,36,0,50.293000
2009,33.4833,0,0,39,0,52.348000
2010,33.5000,0,0,36,0,51.380000
2011,33.5167,0,0,37,0,51.012000
2012,33.5333,0,0,35,0,52.383000
2013,33.5500,0,0,39,0,50.017000
2014,33.5667,0,0,36,0,51.984000
2015,33.5833,0,0,35,0,52.374000
2016,33.6000,0,0,37,0,50.234000
2017,33.6167,0,0,35,0,52.254000
2018,33.6333,0,0,36,0,49.049000
2019,33.6500,0,0,36,0,51.949000
2020,33.6667,0,0,42,0,50.383000
2021,33.6833,0,0,37,0,52.123000
2022,33.7000,0,0,36,0,52.682000
2023,33.7167,0,0,36,0,49.108000
2024,33.7333,0,0,38,0,52.749000
2025,33.7500,0,0,35,0,50.461000
2026,33.7667,0,0,39,0,51.143000
2027,33.7833,0,0,38,0,50.220000
2028,33.8000,0,0,42,0,52.146000
2029,33.8167,0,0,33,0,49.718000
2030,33.8333,0,0,36,0,52.328000
2031,33.8500,0,0,35,0,50.334000
2032,33.8667,0,0,37,0,51.862000
2033,33.8833,0,0,38,0,52.145000
2034,33.9000,0,0,39,0,50.392000
2035,33.9167,0,0,38,0,49.377000
2036,33.9333,0,0,38,0,52.465000
2037,33.9500,0,0,36,0,52.407000
2038,33.9667,0,0,36,0,49.275000
2039,33.9833,0,0,36,0,52.364000
2040,34.0000,0,0,31,0,49.898000
2041,34.0167,0,0,37,0,52.017000
2042,34.0333,0,0,31,0,50.409000
2043,34.0500,0,0,36,0,51.847000
2044,34.0667,0,0,36,0,52.457000
2045,34.0833,0,0,33,0,48.599000
2046,34.1000,0,0,35,0,52.771000
2047,34.1167,0,0,39,0,51.967000
2048,34.1333,0,0,38,0,49.314000
2049,34.1500,0,0,33,0,51.007000
2050,34.1667,0,0,38,0,51.031000
2051,34.1833,0,0,35,0,52.054000
2052,34.2000,0,0,39,0,48.626000
2053,34.2167,0,0,35,0,50.249000
2054,34.2333,0,0,40,0,52.341000
2055,34.2500,0,0,31,0,52.163000
2056,34.2667,0,0,37,0,51.073000
2057,34.2833,0,0,36,0,52.220000
2058,34.3000,0,0,39,0,49.893000
2059,34.3167,0,0,38,0,52.353000
2060,34.3333,0,0,30,0,48.217000
2061,34.3500,0,0,35,0,52.433000
2062,34.3667,0,0,37,0,51.510000
2063,34.3833,0,0,35,0,51.333000
2064,34.4000,0,0,34,0,51.653000
2065,34.4167,0,0,35,0,47.336000
2066,34.4333,0,0,38,0,50.187000
2067,34.4500,0,0,36,0,51.847000
2068,34.4667,0,0,38,0,52.773000
2069,34.4833,0,0,33,0,49.877000
2070,34.5000,0,0,32,0,52.510000
2071,34.5167,0,0,39,0,50.295000
2072,34.5333,0,0,37,0,51.558000
2073,34.5500,0,0,36,0,52.155000
2074,34.5667,0,0,35,0,49.657000
2075,34.5833,0,0,41,0,51.752000
2076,34.6000,0,0,38,0,47.046000
2077,34.6167,0,0,36,0,49.309000
2078,34.6333,0,0,39,0,51.859000
2079,34.6500,0,0,38,0,50.429000
2080,34.6667,0,0,35,0,52.480000
2081,34.6833,0,0,36,0,52.384000
2082,34.7000,0,0,36,0,50.408000
2083,34.7167,0,0,35,0,52.412000
2084,34.7333,0,0,35,0,51.942000
2085,34.7500,0,0,41,0,47.566000
2086,34.7667,0,0,33,0,52.679000
2087,34.7833,0,0,32,0,50.519000
2088,34.8000,0,0,36,0,51.780000
2089,34.8167,0,0,33,0,51.240000
2090,34.8333,0,0,33,0,51.747000
2091,34.8500,0,0,38,0,51.609000
2092,34.8667,0,0,31,0,39.836000
2093,34.8833,0,0,35,0,50.057000
2094,34.9000,0,0,36,0,52.158000
2095,34.9167,0,0,39,0,52.851000
2096,34.9333,0,0,32,0,50.644000
2097,34.9500,0,0,39,0,52.380000
2098,34.9667,0,0,34,0,51.636000
2099,34.9833,0,0,37,0,51.036000
2100,35.0000,0,0,35,0,52.683000
2101,35.0167,0,0,37,0,52.283000
2102,35.0333,0,0,36,0,50.485000
2103,35.0500,0,0,35,0,52.380000
2104,35.0667,0,0,37,0,51.288000
2105,35.0833,0,0,35,0,52.225000
2106,35.1000,0,0,37,0,51.843000
2107,35.1167,0,0,37,0,49.543000
2108,35.1333,0,0,36,0,52.307000
2109,35.1500,0,0,35,0,52.335000
2110,35.1667,0,0,36,0,49.747000
2111,35.1833,0,0,37,0,52.282000
2112,35.2000,0,0,37,0,49.425000
2113,35.2167,0,0,35,0,52.354000
2114,35.2333,0,0,40,0,47.427000
2115,35.2500,0,0,39,0,51.884000
2116,35.2667,0,0,32,0,49.728000
2117,35.2833,0,0,36,0,52.336000
2118,35.3000,0,0,32,0,52.668000
2119,35.3167,0,0,37,0,47.432000
2120,35.3333,0,0,37,0,50.323000
2121,35.3500,0,0,37,0,52.813000
2122,35.3667,0,0,37,0,52.319000
2123,35.3833,0,0,32,0,49.582000
2124,35.4000,0,0,39,0,51.269000
2125,35.4167,0,0,33,0,50.228000
2126,35.4333,0,0,37,0,51.975000
2127,35.4500,0,0,38,0,50.192000
2128,35.4667,0,0,37,0,52.118000
2129,35.4833,0,0,38,0,52.041000
2130,35.5000,0,0,34,0,49.266000
2131,35.5167,0,0,37,0,51.824000
2132,35.5333,0,0,37,0,49.730000
2133,35.5500,0,0,34,0,52.399000
2134,35.5667,0,0,35,0,52.198000
2135,35.5833,0,0,34,0,41.656000
2136,35.6000,0,0,36,0,49.896000
2137,35.6167,0,0,35,0,52.164000
2138,35.6333,0,0,38,0,50.058000
2139,35.6500,0,0,34,0,52.414000
2140,35.6667,0,0,36,0,52.470000
2141,35.6833,0,0,35,0,49.522000
2142,35.7000,0,0,35,0,52.135000
2143,35.7167,0,0,29,0,51.914000
2144,35.7333,0,0,37,0,42.977000
2145,35.7500,0,0,35,0,51.382000
2146,35.7667,0,0,36,0,52.476000
2147,35.7833,0,0,39,0,52.410000
2148,35.8000,0,0,35,0,49.906000
2149,35.8167,0,0,34,0,52.066000
2150,35.8333,0,0,35,0,51.491000
2151,35.8500,0,0,35,0,51.422000
2152,35.8667,0,0,41,0,48.187000
2153,35.8833,0,0,33,0,52.949000
2154,35.9000,0,0,36,0,49.958000
2155,35.9167,0,0,35,0,52.711000
2156,35.9333,0,0,41,0,52.289000
2157,35.9500,0,0,37,0,50.322000
2158,35.9667,0,0,35,0,49.982000
2159,35.9833,0,0,35,0,51.996000
2160,36.0000,0,0,35,0,51.915000
2161,36.0167,0,0,35,0,51.124000
2162,36.0333,0,0,36,0,51.226000
2163,36.0500,0,0,39,0,51.647000
2164,36.0667,0,0,38,0,52.084000
2165,36.0833,0,0,38,0,51.019000
2166,36.1000,0,0,40,0,49.811000
2167,36.1167,0,0,35,0,52.417000
2168,36.1333,0,0,33,0,50.368000
2169,36.1500,0,0,37,0,52.515000
2170,36.1667,0,0,36,0,52.307000
2171,36.1833,0,0,34,0,49.826000
2172,36.2000,0,0,38,0,45.750000
2173,36.2167,0,0,37,0,52.494000
2174,36.2333,0,0,33,0,49.949000
2175,36.2500,0,0,37,0,52.734000
2176,36.2667,0,0,35,0,52.299000
2177,36.2833,0,0,34,0,50.295000
2178,36.3000,0,0,36,0,52.129000
2179,36.3167,0,0,39,0,52.635000
2180,36.3333,0,0,35,0,49.748000
2181,36.3500,0,0,36,0,51.976000
2182,36.3667,0,0,35,0,52.961000
2183,36.3833,0,0,41,0,49.646000
2184,36.4000,0,0,35,0,52.016000
2185,36.4167,0,0,32,0,49.737000
2186,36.4333,0,0,38,0,47.445000
2187,36.4500,0,0,39,0,52.766000
2188,36.4667,0,0,34,0,52.699000
2189,36.4833,0,0,35,0,50.281000
2190,36.5000,0,0,37,0,52.614000
2191,36.5167,0,0,35,0,51.454000
2192,36.5333,0,0,40,0,50.701000
2193,36.5500,0,0,40,0,52.243000
2194,36.5667,0,0,41,0,47.744000
2195,36.5833,0,0,36,0,52.482000
2196,36.6000,0,0,30,0,50.523000
2197,36.6167,0,0,37,0,52.757000
2198,36.6333,0,0,38,0,52.535000
2199,36.6500,0,0,37,0,49.470000
2200,36.6667,0,0,34,0,52.618000
2201,36.6833,0,0,36,0,49.538000
2202,36.7000,0,0,37,0,52.579000
2203,36.7167,0,0,35,0,48.934000
2204,36.7333,0,0,34,0,52.705000
2205,36.7500,0,0,38,0,49.268000
2206,36.7667,0,0,43,0,52.372000
2207,36.7833,0,0,36,0,49.370000
2208,36.8000,0,0,35,0,52.485000
2209,36.8167,0,0,38,0,51.567000
2210,36.8333,0,0,35,0,50.015000
2211,36.8500,0,0,36,0,52.784000
2212,36.8667,0,0,34,0,50.393000
2213,36.8833,0,0,39,0,51.544000
2214,36.9000,0,0,38,0,52.783000
2215,36.9167,0,0,40,0,49.890000
2216,36.9333,0,0,36,0,52.103000
2217,36.9500,0,0,33,0,50.149000
2218,36.9667,0,0,39,0,52.798000
2219,36.9833,0,0,30,0,50.809000
2220,37.0000,0,0,42,0,51.107000
2221,37.0167,0,0,34,0,49.323000
2222,37.0333,0,0,38,0,52.799000
2223,37.0500,0,0,34,0,52.878000
2224,37.0667,0,0,37,0,50.102000
2225,37.0833,0,0,37,0,52.396000
2226,37.1000,0,0,37,0,52.651000
2227,37.1167,0,0,36,0,43.869000
2228,37.1333,0,0,34,0,51.746000
2229,37.1500,0,0,34,0,51.320000
2230,37.1667,0,0,36,0,51.391000
2231,37.1833,0,0,34,0,52.688000
2232,37.2000,0,0,35,0,52.484000
2233,37.2167,0,0,37,0,50.125000
2234,37.2333,0,0,31,0,52.700000
2235,37.2500,0,0,34,0,52.066000
2236,37.2667,0,0,34,0,50.483000
2237,37.2833,0,0,41,0,52.897000
2238,37.3000,0,0,35,0,51.451000
2239,37.3167,0,0,42,0,49.304000
2240,37.3333,0,0,34,0,50.860000
2241,37.3500,0,0,39,0,51.683000
2242,37.3667,0,0,36,0,52.435000
2243,37.3833,0,0,37,0,49.114000
2244,37.4000,0,0,33,0,53.049000
2245,37.4167,0,0,35,0,52.131000
2246,37.4333,0,0,33,0,51.262000
2247,37.4500,0,0,41,0,48.817000
2248,37.4667,0,0,34,0,53.007000
2249,37.4833,0,0,35,0,51.868000
2250,37.5000,0,0,36,0,52.097000
2251,37.5167,0,0,37,0,50.340000
2252,37.5333,0,0,38,0,52.199000
2253,37.5500,0,0,35,0,49.544000
2254,37.5667,0,0,37,0,52.496000
2255,37.5833,0,0,38,0,49.393000
2256,37.6000,0,0,35,0,52.054000
2257,37.6167,0,0,35,0,52.779000
2258,37.6333,0,0,35,0,50.643000
2259,37.6500,0,0,37,0,52.091000
2260,37.6667,0,0,38,0,53.312000
2261,37.6833,0,0,36,0,49.263000
2262,37.7000,0,0,36,0,52.742000
2263,37.7167,0,0,39,0,49.553000
2264,37.7333,0,0,35,0,52.449000
2265,37.7500,0,0,36,0,52.288000
2266,37.7667,0,0,36,0,49.562000
2267,37.7833,0,0,37,0,51.687000
2268,37.8000,0,0,32,0,50.314000
2269,37.8167,0,0,34,0,51.046000
2270,37.8333,0,0,33,0,51.104000
2271,37.8500,0,0,37,0,52.229000
2272,37.8667,0,0,32,0,51.401000
2273,37.8833,0,0,37,0,51.878000
2274,37.9000,0,0,34,0,52.264000
2275,37.9167,0,0,29,0,39.867000
2276,37.9333,0,0,40,0,51.267000
2277,37.9500,0,0,37,0,52.178000
2278,37.9667,0,0,35,0,52.618000
2279,37.9833,0,0,34,0,50.203000
2280,38.0000,0,0,35,0,52.697000
2281,38.0167,0,0,35,0,52.698000
2282,38.0333,0,0,35,0,50.599000
2283,38.0500,0,0,34,0,52.166000
2284,38.0667,0,0,31,0,52.347000
2285,38.0833,0,0,35,0,51.630000
2286,38.1000,0,0,34,0,52.813000
2287,38.1167,0,0,37,0,50.888000
2288,38.1333,0,0,37,0,52.482000
2289,38.1500,0,0,33,0,53.509000
2290,38.1667,0,0,38,0,48.729000
2291,38.1833,0,0,34,0,53.011000
2292,38.2000,0,0,36,0,52.696000
2293,38.2167,0,0,34,0,49.583000
2294,38.2333,0,0,35,0,52.234000
2295,38.2500,0,0,36,0,50.018000
2296,38.2667,0,0,36,0,52.840000
2297,38.2833,0,0,37,0,52.786000
2298,38.3000,0,0,41,0,50.028000
2299,38.3167,0,0,31,0,44.556000
2300,38.3333,0,0,35,0,50.920000
2301,38.3500,0,0,39,0,49.590000
2302,38.3667,0,0,36,0,52.182000
2303,38.3833,0,0,37,0,52.659000
2304,38.4000,0,0,35,0,50.444000
2305,38.4167,0,0,34,0,51.830000
2306,38.4333,0,0,34,0,52.133000
2307,38.4500,0,0,35,0,50.264000
2308,38.4667,0,0,32,0,52.058000
2309,38.4833,0,0,33,0,52.288000
2310,38.5000,0,0,36,0,50.313000
2311,38.5167,0,0,35,0,52.161000
2312,38.5333,0,0,38,0,52.644000
2313,38.5500,0,0,38,0,50.005000
2314,38.5667,0,0,35,0,52.619000
2315,38.5833,0,0,40,0,49.994000
2316,38.6000,0,0,36,0,52.291000
2317,38.6167,0,0,36,0,52.641000
2318,38.6333,0,0,38,0,48.891000
2319,38.6500,0,0,32,0,49.634000
2320,38.6667,0,0,34,0,52.352000
2321,38.6833,0,0,36,0,52.543000
2322,38.7000,0,0,36,0,49.539000
2323,38.7167,0,0,34,0,52.657000
2324,38.7333,0,0,38,0,45.860000
2325,38.7500,0,0,37,0,51.141000
2326,38.7667,0,0,35,0,51.086000
2327,38.7833,0,0,37,0,52.330000
2328,38.8000,0,0,35,0,51.107000
2329,38.8167,0,0,36,0,52.152000
2330,38.8333,0,0,35,0,52.138000
2331,38.8500,0,0,31,0,49.927000
2332,38.8667,0,0,36,0,52.708000
2333,38.8833,0,0,37,0,51.847000
2334,38.9000,0,0,38,0,49.075000
2335,38.9167,0,0,36,0,51.183000
2336,38.9333,0,0,39,0,51.581000
2337,38.9500,0,0,37,0,52.165000
2338,38.9667,0,0,34,0,50.856000
2339,38.9833,0,0,39,0,51.438000
2340,39.0000,0,0,33,0,51.331000
2341,39.0167,0,0,36,0,52.289000
2342,39.0333,0,0,36,0,51.681000
2343,39.0500,0,0,36,0,50.193000
2344,39.0667,0,0,36,0,52.305000
2345,39.0833,0,0,37,0,49.514000
2346,39.1000,0,0,37,0,51.887000
2347,39.1167,0,0,37,0,52.483000
2348,39.1333,0,0,36,0,48.778000
2349,39.1500,0,0,37,0,52.276000
2350,39.1667,0,0,36,0,50.767000
2351,39.1833,0,0,36,0,52.460000
2352,39.2000,0,0,38,0,52.334000
2353,39.2167,0,0,39,0,49.201000
2354,39.2333,0,0,36,0,52.597000
2355,39.2500,0,0,38,0,50.265000
2356,39.2667,0,0,34,0,52.374000
2357,39.2833,0,0,37,0,50.528000
2358,39.3000,0,0,36,0,51.845000
2359,39.3167,0,0,36,0,51.677000
2360,39.3333,0,0,39,0,48.985000
2361,39.3500,0,0,33,0,52.190000
2362,39.3667,0,0,35,0,50.610000
2363,39.3833,0,0,37,0,52.580000
2364,39.4000,0,0,35,0,49.871000
2365,39.4167,0,0,40,0,52.323000
2366,39.4333,0,0,35,0,50.604000
2367,39.4500,0,0,39,0,52.222000
2368,39.4667,0,0,34,0,52.372000
2369,39.4833,0,0,39,0,50.546000
2370,39.5000,0,0,39,0,52.263000
2371,39.5167,0,0,35,0,50.167000
2372,39.5333,0,0,39,0,51.950000
2373,39.5500,0,0,36,0,51.391000
2374,39.5667,0,0,35,0,50.914000
2375,39.5833,0,0,32,0,52.387000
2376,39.6000,0,0,39,0,49.623000
2377,39.6167,0,0,37,0,52.019000
2378,39.6333,0,0,39,0,52.919000
2379,39.6500,0,0,30,0,49.349000
2380,39.6667,0,0,39,0,52.187000
2381,39.6833,0,0,39,0,52.291000
2382,39.7000,0,0,33,0,50.581000
2383,39.7167,0,0,37,0,52.029000
2384,39.7333,0,0,36,0,51.974000
2385,39.7500,0,0,37,0,51.590000
2386,39.7667,0,0,40,0,50.098000
2387,39.7833,0,0,36,0,52.368000
2388,39.8000,0,0,38,0,52.347000
2389,39.8167,0,0,36,0,52.518000
2390,39.8333,0,0,33,0,49.937000
2391,39.8500,0,0,35,0,53.502000
2392,39.8667,0,0,38,0,49.498000
2393,39.8833,0,0,36,0,53.066000
2394,39.9000,0,0,37,0,51.498000
2395,39.9167,0,0,41,0,49.934000
2396,39.9333,0,0,39,0,52.101000
2397,39.9500,0,0,36,0,50.778000
2398,39.9667,0,0,42,0,52.380000
2399,39.9833,0,0,38,0,52.163000
2400,40.0000,0,0,35,0,50.521000
2401,40.0167,0,0,37,0,52.571000
2402,40.0333,0,0,40,0,52.133000
2403,40.0500,0,0,38,0,53.106000
2404,40.0667,0,0,37,0,50.289000
2405,40.0833,0,0,33,0,52.667000
2406,40.1000,0,0,39,0,52.177000
2407,40.1167,0,0,37,0,50.892000
2408,40.1333,0,0,40,0,52.281000
2409,40.1500,0,0,38,0,52.518000
2410,40.1667,0,0,37,0,52.851000
2411,40.1833,0,0,37,0,50.275000
2412,40.2000,0,0,38,0,52.981000
2413,40.2167,0,0,37,0,51.265000
2414,40.2333,0,0,36,0,51.631000
2415,40.2500,0,0,42,0,52.006000
2416,40.2667,0,0,35,0,50.601000
2417,40.2833,0,0,37,0,52.196000
2418,40.3000,0,0,39,0,52.045000
2419,40.3167,0,0,36,0,50.990000
2420,40.3333,0,0,39,0,52.326000
2421,40.3500,0,0,37,0,52.203000
2422,40.3667,0,0,38,0,50.100000
2423,40.3833,0,0,37,0,52.449000
2424,40.4000,0,0,37,0,52.309000
2425,40.4167,0,0,41,0,52.214000
2426,40.4333,0,0,38,0,50.013000
2427,40.4500,0,0,37,0,52.521000
2428,40.4667,0,0,38,0,52.887000
2429,40.4833,0,0,36,0,51.494000
2430,40.5000,0,0,35,0,49.987000
2431,40.5167,0,0,36,0,52.940000
2432,40.5333,0,0,35,0,51.781000
2433,40.5500,0,0,37,0,51.450000
2434,40.5667,0,0,41,0,51.714000
2435,40.5833,0,0,35,0,52.197000
2436,40.6000,0,0,38,0,50.352000
2437,40.6167,0,0,41,0,52.406000
2438,40.6333,0,0,39,0,52.799000
2439,40.6500,0,0,39,0,50.354000
2440,40.6667,0,0,38,0,52.201000
2441,40.6833,0,0,38,0,52.337000
2442,40.7000,0,0,36,0,52.371000
2443,40.7167,0,0,42,0,51.251000
2444,40.7333,0,0,36,0,51.717000
2445,40.7500,0,0,35,0,52.419000
2446,40.7667,0,0,35,0,52.080000
2447,40.7833,0,0,37,0,50.513000
2448,40.8000,0,0,38,0,53.461000
2449,40.8167,0,0,38,0,52.844000
2450,40.8333,0,0,34,0,50.538000
2451,40.8500,0,0,40,0,52.223000
2452,40.8667,0,0,38,0,52.456000
2453,40.8833,0,0,39,0,50.602000
2454,40.9000,0,0,39,0,52.571000
2455,40.9167,0,0,38,0,53.113000
2456,40.9333,0,0,34,0,49.629000
2457,40.9500,0,0,39,0,52.844000
2458,40.9667,0,0,38,0,52.630000
2459,40.9833,0,0,40,0,52.852000
2460,41.0000,0,0,37,0,50.777000
2461,41.0167,0,0,40,0,53.128000
2462,41.0333,0,0,38,0,52.353000
2463,41.0500,0,0,37,0,52.104000
2464,41.0667,0,0,34,0,51.420000
2465,41.0833,0,0,38,0,52.133000
2466,41.1000,0,0,38,0,52.679000
2467,41.1167,0,0,35,0,50.615000
2468,41.1333,0,0,44,0,52.794000
2469,41.1500,0,0,41,0,52.514000
2470,41.1667,0,0,36,0,51.457000
2471,41.1833,0,0,40,0,52.114000
2472,41.2000,0,0,34,0,53.205000
2473,41.2167,0,0,36,0,52.332000
2474,41.2333,0,0,37,0,49.824000
2475,41.2500,0,0,40,0,52.086000
2476,41.2667,0,0,37,0,52.517000
2477,41.2833,0,0,35,0,50.373000
2478,41.3000,0,0,37,0,52.210000
2479,41.3167,0,0,37,0,52.420000
2480,41.3333,0,0,39,0,50.092000
2481,41.3500,0,0,40,0,52.224000
2482,41.3667,0,0,38,0,52.111000
2483,41.3833,0,0,37,0,49.502000
2484,41.4000,0,0,42,0,52.012000
2485,41.4167,0,0,41,0,50.610000
2486,41.4333,0,0,35,0,52.167000
2487,41.4500,0,0,34,0,52.296000
2488,41.4667,0,0,36,0,49.907000
2489,41.4833,0,0,40,0,52.872000
2490,41.5000,0,0,35,0,51.843000
2491,41.5167,0,0,36,0,50.112000
2492,41.5333,0,0,42,0,52.232000
2493,41.5500,0,0,38,0,52.951000
2494,41.5667,0,0,40,0,50.000000
2495,41.5833,0,0,37,0,52.143000
2496,41.6000,0,0,40,0,53.360000
2497,41.6167,0,0,43,0,52.062000
2498,41.6333,0,0,39,0,50.428000
2499,41.6500,0,0,35,0,52.379000
2500,41.6667,0,0,35,0,52.230000
2501,41.6833,0,0,37,0,50.590000
2502,41.7000,0,0,41,0,52.111000
2503,41.7167,0,0,38,0,52.601000
2504,41.7333,0,0,37,0,50.185000
2505,41.7500,0,0,37,0,52.177000
2506,41.7667,0,0,41,0,52.718000
2507,41.7833,0,0,36,0,51.452000
2508,41.8000,0,0,41,0,51.777000
2509,41.8167,0,0,39,0,52.666000
2510,41.8333,0,0,36,0,50.256000
2511,41.8500,0,0,38,0,51.727000
2512,41.8667,0,0,38,0,52.304000
2513,41.8833,0,0,34,0,51.343000
2514,41.9000,0,0,42,0,50.986000
2515,41.9167,0,0,35,0,52.872000
2516,41.9333,0,0,36,0,52.476000
2517,41.9500,0,0,35,0,50.612000
2518,41.9667,0,0,39,0,52.185000
2519,41.9833,0,0,37,0,50.662000
2520,42.0000,0,0,38,0,51.793000
2521,42.0167,0,0,38,0,52.293000
2522,42.0333,0,0,36,0,50.044000
2523,42.0500,0,0,41,0,52.851000
2524,42.0667,0,0,36,0,51.894000
2525,42.0833,0,0,38,0,52.865000
2526,42.1000,0,0,41,0,50.787000
2527,42.1167,0,0,39,0,52.335000
2528,42.1333,0,0,36,0,52.042000
2529,42.1500,0,0,37,0,52.502000
2530,42.1667,0,0,37,0,50.602000
2531,42.1833,0,0,35,0,53.404000
2532,42.2000,0,0,38,0,52.375000
2533,42.2167,0,0,36,0,52.362000
2534,42.2333,0,0,36,0,50.238000
2535,42.2500,0,0,38,0,51.590000
2536,42.2667,0,0,39,0,52.758000
2537,42.2833,0,0,36,0,52.785000
2538,42.3000,0,0,38,0,50.731000
2539,42.3167,0,0,37,0,52.247000
2540,42.3333,0,0,33,0,52.019000
2541,42.3500,0,0,38,0,51.687000
2542,42.3667,0,0,38,0,51.887000
2543,42.3833,0,0,37,0,52.099000
2544,42.4000,0,0,40,0,50.800000
2545,42.4167,0,0,37,0,52.830000
2546,42.4333,0,0,41,0,52.661000
2547,42.4500,0,0,38,0,52.419000
2548,42.4667,0,0,36,0,50.514000
2549,42.4833,0,0,44,0,52.518000
2550,42.5000,0,0,35,0,52.312000
2551,42.5167,0,0,35,0,50.931000
2552,42.5333,0,0,39,0,52.546000
2553,42.5500,0,0,35,0,52.101000
2554,42.5667,0,0,38,0,52.201000
2555,42.5833,0,0,38,0,50.944000
2556,42.6000,0,0,36,0,52.321000
2557,42.6167,0,0,38,0,53.264000
2558,42.6333,0,0,38,0,49.941000
2559,42.6500,0,0,36,0,52.274000
2560,42.6667,0,0,39,0,52.190000
2561,42.6833,0,0,39,0,52.045000
2562,42.7000,0,0,35,0,51.813000
2563,42.7167,0,0,38,0,52.126000
2564,42.7333,0,0,38,0,52.808000
2565,42.7500,0,0,38,0,51.149000
2566,42.7667,0,0,35,0,52.692000
2567,42.7833,0,0,36,0,52.549000
2568,42.8000,0,0,41,0,52.534000
2569,42.8167,0,0,36,0,53.107000
2570,42.8333,0,0,38,0,49.310000
2571,42.8500,0,0,37,0,52.149000
2572,42.8667,0,0,40,0,52.392000
2573,42.8833,0,0,36,0,50.149000
2574,42.9000,0,0,37,0,52.501000
2575,42.9167,0,0,40,0,52.681000
2576,42.9333,0,0,38,0,50.402000
2577,42.9500,0,0,39,0,52.548000
2578,42.9667,0,0,36,0,52.919000
2579,42.9833,0,0,42,0,52.728000
2580,43.0000,0,0,37,0,50.110000
2581,43.0167,0,0,36,0,52.234000
2582,43.0333,0,0,38,0,50.936000
2583,43.0500,0,0,39,0,51.714000
2584,43.0667,0,0,39,0,52.904000
2585,43.0833,0,0,39,0,52.713000
2586,43.1000,0,0,38,0,52.680000
2587,43.1167,0,0,35,0,50.824000
2588,43.1333,0,0,39,0,52.938000
2589,43.1500,0,0,35,0,52.471000
2590,43.1667,0,0,37,0,50.021000
2591,43.1833,0,0,35,0,52.285000
2592,43.2000,0,0,35,0,52.557000
2593,43.2167,0,0,34,0,52.338000
2594,43.2333,0,0,38,0,52.760000
2595,43.2500,0,0,35,0,50.899000
2596,43.2667,0,0,39,0,52.738000
2597,43.2833,0,0,32,0,52.951000
2598,43.3000,0,0,42,0,52.558000
2599,43.3167,0,0,39,0,50.651000
2600,43.3333,0,0,36,0,51.635000
2601,43.3500,0,0,35,0,53.193000
2602,43.3667,0,0,38,0,52.009000
2603,43.3833,0,0,34,0,49.604000
2604,43.4000,0,0,35,0,52.583000
2605,43.4167,0,0,39,0,52.077000
2606,43.4333,0,0,37,0,51.738000
2607,43.4500,0,0,37,0,51.887000
2608,43.4667,0,0,37,0,50.926000
2609,43.4833,0,0,40,0,52.368000
2610,43.5000,0,0,35,0,52.477000
2611,43.5167,0,0,37,0,52.551000
2612,43.5333,0,0,33,0,50.944000
2613,43.5500,0,0,39,0,52.240000
2614,43.5667,0,0,41,0,52.864000
2615,43.5833,0,0,39,0,52.356000
2616,43.6000,0,0,36,0,50.790000
2617,43.6167,0,0,41,0,53.124000
2618,43.6333,0,0,37,0,51.324000
2619,43.6500,0,0,35,0,51.168000
2620,43.6667,0,0,39,0,52.751000
2621,43.6833,0,0,39,0,52.818000
2622,43.7000,0,0,44,0,50.032000
2623,43.7167,0,0,35,0,52.531000
2624,43.7333,0,0,37,0,52.828000
2625,43.7500,0,0,38,0,53.299000
2626,43.7667,0,0,37,0,52.359000
2627,43.7833,0,0,41,0,50.179000
2628,43.8000,0,0,35,0,52.836000
2629,43.8167,0,0,37,0,52.406000
2630,43.8333,0,0,34,0,52.370000
2631,43.8500,0,0,38,0,50.100000
2632,43.8667,0,0,35,0,53.126000
2633,43.8833,0,0,38,0,52.899000
2634,43.9000,0,0,35,0,53.235000
2635,43.9167,0,0,38,0,50.666000
2636,43.9333,0,0,38,0,52.194000
2637,43.9500,0,0,38,0,52.360000
2638,43.9667,0,0,34,0,52.819000
2639,43.9833,0,0,36,0,50.228000
2640,44.0000,0,0,33,0,52.760000
2641,44.0167,0,0,40,0,52.266000
2642,44.0333,0,0,36,0,53.271000
2643,44.0500,0,0,33,0,49.791000
2644,44.0667,0,0,38,0,52.434000
2645,44.0833,0,0,37,0,52.878000
2646,44.1000,0,0,38,0,52.362000
2647,44.1167,0,0,36,0,50.750000
2648,44.1333,0,0,37,0,52.099000
2649,44.1500,0,0,37,0,52.780000
2650,44.1667,0,0,37,0,52.532000
2651,44.1833,0,0,35,0,50.433000
2652,44.2000,0,0,37,0,52.811000
2653,44.2167,0,0,34,0,52.601000
2654,44.2333,0,0,34,0,51.375000
2655,44.2500,0,0,39,0,51.366000
2656,44.2667,0,0,39,0,51.756000
2657,44.2833,0,0,33,0,53.097000
2658,44.3000,0,0,34,0,50.486000
2659,44.3167,0,0,38,0,52.594000
2660,44.3333,0,0,38,0,52.688000
2661,44.3500,0,0,39,0,51.906000
2662,44.3667,0,0,36,0,51.097000
2663,44.3833,0,0,36,0,52.285000
2664,44.4000,0,0,41,0,52.759000
2665,44.4167,0,0,34,0,52.625000
2666,44.4333,0,0,37,0,52.474000
2667,44.4500,0,0,38,0,51.389000
2668,44.4667,0,0,33,0,51.709000
2669,44.4833,0,0,36,0,52.561000
2670,44.5000,0,0,40,0,52.346000
2671,44.5167,0,0,33,0,52.700000
2672,44.5333,0,0,40,0,51.444000
2673,44.5500,0,0,38,0,52.775000
2674,44.5667,0,0,34,0,51.960000
2675,44.5833,0,0,32,0,50.863000
2676,44.6000,0,0,40,0,52.375000
2677,44.6167,0,0,39,0,52.514000
2678,44.6333,0,0,38,0,52.591000
2679,44.6500,0,0,40,0,50.750000
2680,44.6667,0,0,39,0,52.650000
2681,44.6833,0,0,38,0,52.741000
2682,44.7000,0,0,36,0,52.625000
2683,44.7167,0,0,37,0,51.425000
2684,44.7333,0,0,35,0,51.149000
2685,44.7500,0,0,38,0,52.458000
2686,44.7667,0,0,35,0,52.526000
2687,44.7833,0,0,36,0,52.640000
2688,44.8000,0,0,34,0,50.688000
2689,44.8167,0,0,45,0,52.185000
2690,44.8333,0,0,37,0,52.585000
2691,44.8500,0,0,37,0,51.686000
2692,44.8667,0,0,39,0,51.763000
2693,44.8833,0,0,42,0,52.655000
2694,44.9000,0,0,36,0,51.780000
2695,44.9167,0,0,37,0,52.032000
2696,44.9333,0,0,37,0,52.699000
2697,44.9500,0,0,41,0,52.015000
2698,44.9667,0,0,38,0,52.628000
2699,44.9833,0,0,35,0,50.945000
2700,45.0000,0,0,39,0,52.758000
2701,45.0167,0,0,38,0,52.304000
2702,45.0333,0,0,38,0,52.814000
2703,45.0500,0,0,36,0,50.795000
2704,45.0667,0,0,36,0,52.771000
2705,45.0833,0,0,41,0,52.854000
2706,45.1000,0,0,36,0,52.567000
2707,45.1167,0,0,37,0,50.391000
2708,45.1333,0,0,40,0,52.535000
2709,45.1500,0,0,37,0,52.244000
2710,45.1667,0,0,36,0,52.371000
2711,45.1833,0,0,35,0,50.585000
2712,45.2000,0,0,41,0,52.604000
2713,45.2167,0,0,37,0,53.017000
2714,45.2333,0,0,38,0,52.593000
2715,45.2500,0,0,42,0,50.820000
2716,45.2667,0,0,36,0,52.722000
2717,45.2833,0,0,35,0,51.928000
2718,45.3000,0,0,38,0,52.860000
2719,45.3167,0,0,36,0,51.014000
2720,45.3333,0,0,41,0,51.910000
2721,45.3500,0,0,37,0,52.657000
2722,45.3667,0,0,38,0,53.151000
2723,45.3833,0,0,36,0,50.461000
2724,45.4000,0,0,35,0,52.575000
2725,45.4167,0,0,39,0,52.161000
2726,45.4333,0,0,37,0,50.202000
2727,45.4500,0,0,37,0,52.472000
2728,45.4667,0,0,40,0,52.670000
2729,45.4833,0,0,35,0,52.974000
2730,45.5000,0,0,40,0,50.703000
2731,45.5167,0,0,41,0,52.980000
2732,45.5333,0,0,37,0,52.781000
2733,45.5500,0,0,34,0,52.378000
2734,45.5667,0,0,37,0,51.153000
2735,45.5833,0,0,35,0,52.778000
2736,45.6000,0,0,41,0,52.636000
2737,45.6167,0,0,38,0,52.909000
2738,45.6333,0,0,32,0,52.732000
2739,45.6500,0,0,38,0,50.486000
2740,45.6667,0,0,39,0,52.941000
2741,45.6833,0,0,38,0,52.093000
2742,45.7000,0,0,37,0,50.903000
2743,45.7167,0,0,41,0,52.539000
2744,45.7333,0,0,37,0,52.856000
2745,45.7500,0,0,43,0,52.241000
2746,45.7667,0,0,39,0,50.872000
2747,45.7833,0,0,37,0,52.596000
2748,45.8000,0,0,39,0,53.054000
2749,45.8167,0,0,38,0,52.796000
2750,45.8333,0,0,36,0,53.320000
2751,45.8500,0,0,34,0,52.782000
2752,45.8667,0,0,40,0,51.025000
2753,45.8833,0,0,35,0,52.747000
2754,45.9000,0,0,37,0,53.157000
2755,45.9167,0,0,33,0,52.177000
2756,45.9333,0,0,37,0,51.060000
2757,45.9500,0,0,39,0,52.595000
2758,45.9667,0,0,34,0,53.256000
2759,45.9833,0,0,37,0,52.102000
2760,46.0000,0,0,35,0,51.830000
2761,46.0167,0,0,36,0,51.793000
2762,46.0333,0,0,43,0,52.619000
2763,46.0500,0,0,37,0,52.301000
2764,46.0667,0,0,37,0,51.837000
2765,46.0833,0,0,38,0,51.554000
2766,46.1000,0,0,38,0,53.144000
2767,46.1167,0,0,37,0,52.755000
2768,46.1333,0,0,36,0,52.704000
2769,46.1500,0,0,37,0,50.774000
2770,46.1667,0,0,36,0,52.628000
2771,46.1833,0,0,38,0,52.280000
2772,46.2000,0,0,39,0,52.619000
2773,46.2167,0,0,34,0,51.854000
2774,46.2333,0,0,40,0,51.102000
2775,46.2500,0,0,32,0,52.815000
2776,46.2667,0,0,40,0,52.491000
2777,46.2833,0,0,41,0,52.915000
2778,46.3000,0,0,33,0,50.876000
2779,46.3167,0,0,37,0,52.538000
2780,46.3333,0,0,37,0,52.603000
2781,46.3500,0,0,35,0,53.155000
2782,46.3667,0,0,41,0,50.759000
2783,46.3833,0,0,34,0,52.403000
2784,46.4000,0,0,37,0,52.911000
2785,46.4167,0,0,34,0,52.946000
2786,46.4333,0,0,39,0,51.920000
2787,46.4500,0,0,35,0,52.884000
2788,46.4667,0,0,37,0,53.160000
2789,46.4833,0,0,31,0,50.188000
2790,46.5000,0,0,40,0,52.595000
2791,46.5167,0,0,39,0,52.758000
2792,46.5333,0,0,34,0,52.634000
2793,46.5500,0,0,36,0,50.345000
2794,46.5667,0,0,38,0,53.158000
2795,46.5833,0,0,36,0,52.866000
2796,46.6000,0,0,38,0,52.725000
2797,46.6167,0,0,31,0,50.579000
2798,46.6333,0,0,42,0,52.419000
2799,46.6500,0,0,38,0,52.911000
2800,46.6667,0,0,36,0,53.023000
2801,46.6833,0,0,37,0,51.466000
2802,46.7000,0,0,35,0,52.424000
2803,46.7167,0,0,36,0,53.078000
2804,46.7333,0,0,36,0,53.121000
2805,46.7500,0,0,38,0,52.018000
2806,46.7667,0,0,35,0,50.286000
2807,46.7833,0,0,36,0,52.897000
2808,46.8000,0,0,36,0,53.268000
2809,46.8167,0,0,43,0,52.858000
2810,46.8333,0,0,35,0,52.987000
2811,46.8500,0,0,38,0,50.957000
2812,46.8667,0,0,41,0,53.134000
2813,46.8833,0,0,35,0,52.895000
2814,46.9000,0,0,41,0,52.719000
2815,46.9167,0,0,36,0,52.819000
2816,46.9333,0,0,37,0,52.749000
2817,46.9500,0,0,37,0,50.819000
2818,46.9667,0,0,38,0,52.256000
2819,46.9833,0,0,35,0,52.815000
2820,47.0000,0,0,35,0,50.347000
2821,47.0167,0,0,32,0,53.784000
2822,47.0333,0,0,37,0,50.733000
2823,47.0500,0,0,39,0,52.628000
2824,47.0667,0,0,39,0,52.875000
2825,47.0833,0,0,34,0,53.461000
2826,47.1000,0,0,36,0,50.606000
2827,47.1167,0,0,37,0,52.761000
2828,47.1333,0,0,39,0,52.619000
2829,47.1500,0,0,32,0,50.415000
2830,47.1667,0,0,36,0,52.547000
2831,47.1833,0,0,37,0,52.863000
2832,47.2000,0,0,38,0,52.691000
2833,47.2167,0,0,36,0,52.056000
2834,47.2333,0,0,37,0,50.499000
2835,47.2500,0,0,42,0,52.294000
2836,47.2667,0,0,36,0,52.453000
2837,47.2833,0,0,39,0,53.046000
2838,47.3000,0,0,33,0,52.040000
2839,47.3167,0,0,37,0,51.228000
2840,47.3333,0,0,35,0,53.045000
2841,47.3500,0,0,38,0,52.338000
2842,47.3667,0,0,38,0,52.788000
2843,47.3833,0,0,35,0,51.686000
2844,47.4000,0,0,42,0,51.858000
2845,47.4167,0,0,35,0,53.343000
2846,47.4333,0,0,37,0,52.728000
2847,47.4500,0,0,36,0,50.375000
2848,47.4667,0,0,37,0,52.673000
2849,47.4833,0,0,35,0,52.992000
2850,47.5000,0,0,38,0,52.454000
2851,47.5167,0,0,38,0,50.717000
2852,47.5333,0,0,36,0,53.208000
2853,47.5500,0,0,38,0,52.031000
2854,47.5667,0,0,38,0,52.619000
2855,47.5833,0,0,36,0,53.079000
2856,47.6000,0,0,36,0,50.684000
2857,47.6167,0,0,37,0,52.295000
2858,47.6333,0,0,37,0,52.095000
2859,47.6500,0,0,38,0,52.780000
2860,47.6667,0,0,36,0,52.347000
2861,47.6833,0,0,39,0,50.211000
2862,47.7000,0,0,31,0,52.997000
2863,47.7167,0,0,40,0,53.066000
2864,47.7333,0,0,38,0,51.312000
2865,47.7500,0,0,31,0,51.150000
2866,47.7667,0,0,37,0,52.366000
2867,47.7833,0,0,33,0,53.256000
2868,47.8000,0,0,37,0,52.527000
2869,47.8167,0,0,34,0,52.589000
2870,47.8333,0,0,34,0,52.522000
2871,47.8500,0,0,38,0,52.733000
2872,47.8667,0,0,35,0,51.533000
2873,47.8833,0,0,39,0,51.692000
2874,47.9000,0,0,35,0,53.314000
2875,47.9167,0,0,35,0,52.387000
2876,47.9333,0,0,36,0,50.685000
2877,47.9500,0,0,39,0,52.435000
2878,47.9667,0,0,35,0,52.348000
2879,47.9833,0,0,40,0,53.006000
2880,48.0000,0,0,37,0,51.005000
2881,48.0167,0,0,39,0,52.677000
2882,48.0333,0,0,40,0,52.054000
2883,48.0500,0,0,37,0,53.073000
2884,48.0667,0,0,36,0,50.249000
2885,48.0833,0,0,41,0,52.682000
2886,48.1000,0,0,38,0,52.474000
2887,48.1167,0,0,36,0,52.156000
2888,48.1333,0,0,37,0,50.563000
2889,48.1500,0,0,39,0,52.940000
2890,48.1667,0,0,37,0,53.300000
2891,48.1833,0,0,37,0,52.508000
2892,48.2000,0,0,35,0,49.867000
2893,48.2167,0,0,36,0,52.510000
2894,48.2333,0,0,42,0,52.646000
2895,48.2500,0,0,36,0,53.223000
2896,48.2667,0,0,36,0,49.494000
2897,48.2833,0,0,37,0,52.789000
2898,48.3000,0,0,39,0,52.783000
2899,48.3167,0,0,36,0,52.267000
2900,48.3333,0,0,38,0,52.869000
2901,48.3500,0,0,35,0,50.836000
2902,48.3667,0,0,38,0,52.447000
2903,48.3833,0,0,39,0,52.597000
2904,48.4000,0,0,42,0,52.502000
2905,48.4167,0,0,34,0,50.601000
2906,48.4333,0,0,35,0,53.138000
2907,48.4500,0,0,37,0,52.611000
2908,48.4667,0,0,37,0,52.514000
2909,48.4833,0,0,40,0,52.871000
2910,48.5000,0,0,39,0,50.395000
2911,48.5167,0,0,35,0,52.485000
2912,48.5333,0,0,38,0,52.411000
2913,48.5500,0,0,38,0,52.455000
2914,48.5667,0,0,37,0,50.767000
2915,48.5833,0,0,32,0,52.855000
2916,48.6000,0,0,41,0,52.103000
2917,48.6167,0,0,32,0,52.737000
2918,48.6333,0,0,39,0,51.612000
2919,48.6500,0,0,38,0,51.854000
2920,48.6667,0,0,38,0,53.170000
2921,48.6833,0,0,40,0,52.459000
2922,48.7000,0,0,37,0,53.062000
2923,48.7167,0,0,38,0,50.667000
2924,48.7333,0,0,35,0,51.841000
2925,48.7500,0,0,36,0,52.755000
2926,48.7667,0,0,35,0,52.766000
2927,48.7833,0,0,36,0,50.795000
2928,48.8000,0,0,42,0,52.502000
2929,48.8167,0,0,39,0,52.534000
2930,48.8333,0,0,37,0,52.989000
2931,48.8500,0,0,37,0,50.447000
2932,48.8667,0,0,37,0,52.405000
2933,48.8833,0,0,36,0,52.437000
2934,48.9000,0,0,37,0,52.933000
2935,48.9167,0,0,37,0,52.469000
2936,48.9333,0,0,37,0,50.833000
2937,48.9500,0,0,40,0,52.686000
2938,48.9667,0,0,37,0,53.472000
2939,48.9833,0,0,33,0,52.024000
2940,49.0000,0,0,37,0,52.970000
2941,49.0167,0,0,41,0,50.434000
2942,49.0333,0,0,37,0,52.675000
2943,49.0500,0,0,35,0,52.199000
2944,49.0667,0,0,39,0,49.804000
2945,49.0833,0,0,36,0,52.040000
2946,49.1000,0,0,42,0,53.014000
2947,49.1167,0,0,37,0,52.731000
2948,49.1333,0,0,35,0,50.397000
2949,49.1500,0,0,38,0,53.009000
2950,49.1667,0,0,34,0,52.353000
2951,49.1833,0,0,40,0,52.520000
2952,49.2000,0,0,33,0,52.999000
2953,49.2167,0,0,38,0,51.907000
2954,49.2333,0,0,35,0,51.767000
2955,49.2500,0,0,35,0,52.300000
2956,49.2667,0,0,37,0,53.020000
2957,49.2833,0,0,35,0,52.669000
2958,49.3000,0,0,36,0,52.962000
2959,49.3167,0,0,39,0,50.159000
2960,49.3333,0,0,38,0,52.620000
2961,49.3500,0,0,34,0,52.666000
2962,49.3667,0,0,38,0,52.899000
2963,49.3833,0,0,35,0,52.468000
2964,49.4000,0,0,33,0,52.288000
2965,49.4167,0,0,38,0,50.005000
2966,49.4333,0,0,36,0,52.336000
2967,49.4500,0,0,36,0,52.287000
2968,49.4667,0,0,42,0,51.442000
2969,49.4833,0,0,35,0,53.265000
2970,49.5000,0,0,40,0,52.590000
2971,49.5167,0,0,37,0,53.012000
2972,49.5333,0,0,37,0,53.652000
2973,49.5500,0,0,33,0,50.138000
2974,49.5667,0,0,39,0,52.919000
2975,49.5833,0,0,37,0,52.603000
2976,49.6000,0,0,36,0,52.686000
2977,49.6167,0,0,38,0,50.264000
2978,49.6333,0,0,36,0,53.201000
2979,49.6500,0,0,38,0,53.022000
2980,49.6667,0,0,38,0,52.872000
2981,49.6833,0,0,35,0,52.586000
2982,49.7000,0,0,35,0,52.747000
2983,49.7167,0,0,33,0,50.581000
2984,49.7333,0,0,40,0,53.078000
2985,49.7500,0,0,37,0,52.344000
2986,49.7667,0,0,36,0,52.460000
2987,49.7833,0,0,32,0,50.746000
2988,49.8000,0,0,37,0,52.780000
2989,49.8167,0,0,38,0,52.372000
2990,49.8333,0,0,36,0,52.710000
2991,49.8500,0,0,31,0,51.100000
2992,49.8667,0,0,39,0,52.883000
2993,49.8833,0,0,35,0,53.175000
2994,49.9000,0,0,35,0,51.837000
2995,49.9167,0,0,37,0,53.006000
2996,49.9333,0,0,35,0,51.268000
2997,49.9500,0,0,37,0,52.194000
2998,49.9667,0,0,38,0,53.452000
2999,49.9833,0,0,41,0,52.208000
3000,50.0000,0,0,35,0,50.956000
3001,50.0167,0,0,38,0,52.635000
3002,50.0333,0,0,39,0,52.384000
3003,50.0500,0,0,36,0,53.198000
3004,50.0667,0,0,41,0,52.216000
3005,50.0833,0,0,38,0,51.525000
3006,50.1000,0,0,39,0,52.397000
3007,50.1167,0,0,37,0,52.406000
3008,50.1333,0,0,37,0,52.857000
3009,50.1500,0,0,37,0,53.015000
3010,50.1667,0,0,35,0,50.556000
3011,50.1833,0,0,36,0,52.929000
3012,50.2000,0,0,39,0,52.049000
3013,50.2167,0,0,37,0,52.743000
3014,50.2333,0,0,38,0,50.335000
3015,50.2500,0,0,35,0,52.284000
3016,50.2667,0,0,34,0,52.296000
3017,50.2833,0,0,35,0,52.432000
3018,50.3000,0,0,38,0,52.825000
3019,50.3167,0,0,40,0,50.435000
3020,50.3333,0,0,37,0,52.876000
3021,50.3500,0,0,36,0,52.133000
3022,50.3667,0,0,36,0,51.542000
3023,50.3833,0,0,37,0,51.151000
3024,50.4000,0,0,39,0,52.890000
3025,50.4167,0,0,38,0,52.411000
3026,50.4333,0,0,38,0,52.802000
3027,50.4500,0,0,33,0,50.158000
3028,50.4667,0,0,41,0,53.047000
3029,50.4833,0,0,35,0,52.068000
3030,50.5000,0,0,38,0,52.626000
3031,50.5167,0,0,32,0,52.931000
3032,50.5333,0,0,33,0,52.918000
3033,50.5500,0,0,34,0,52.121000
3034,50.5667,0,0,36,0,53.601000
3035,50.5833,0,0,35,0,50.756000
3036,50.6000,0,0,38,0,52.174000
3037,50.6167,0,0,37,0,52.545000
3038,50.6333,0,0,38,0,51.914000
3039,50.6500,0,0,34,0,52.911000
3040,50.6667,0,0,39,0,50.714000
3041,50.6833,0,0,37,0,52.698000
3042,50.7000,0,0,34,0,52.705000
3043,50.7167,0,0,41,0,52.493000
3044,50.7333,0,0,34,0,52.905000
3045,50.7500,0,0,36,0,50.231000
3046,50.7667,0,0,36,0,52.818000
3047,50.7833,0,0,40,0,52.096000
3048,50.8000,0,0,36,0,52.498000
3049,50.8167,0,0,36,0,52.933000
3050,50.8333,0,0,35,0,51.099000
3051,50.8500,0,0,42,0,51.748000
3052,50.8667,0,0,35,0,52.447000
3053,50.8833,0,0,35,0,52.628000
3054,50.9000,0,0,34,0,52.838000
3055,50.9167,0,0,37,0,52.594000
3056,50.9333,0,0,32,0,43.906000
3057,50.9500,0,0,35,0,51.650000
3058,50.9667,0,0,39,0,51.337000
3059,50.9833,0,0,35,0,52.740000
3060,51.0000,0,0,36,0,52.535000
3061,51.0167,0,0,37,0,51.609000
3062,51.0333,0,0,34,0,50.494000
3063,51.0500,0,0,38,0,53.321000
3064,51.0667,0,0,38,0,52.296000
3065,51.0833,0,0,34,0,52.394000
3066,51.1000,0,0,34,0,52.923000
3067,51.1167,0,0,35,0,52.702000
3068,51.1333,0,0,39,0,52.519000
3069,51.1500,0,0,31,0,51.611000
3070,51.1667,0,0,40,0,52.456000
3071,51.1833,0,0,36,0,52.600000
3072,51.2000,0,0,39,0,52.388000
3073,51.2167,0,0,34,0,53.382000
3074,51.2333,0,0,35,0,50.921000
3075,51.2500,0,0,37,0,52.371000
3076,51.2667,0,0,38,0,52.257000
3077,51.2833,0,0,35,0,52.263000
3078,51.3000,0,0,40,0,52.907000
3079,51.3167,0,0,35,0,52.783000
3080,51.3333,0,0,34,0,50.640000
3081,51.3500,0,0,37,0,53.038000
3082,51.3667,0,0,38,0,52.141000
3083,51.3833,0,0,35,0,53.152000
3084,51.4000,0,0,35,0,50.371000
3085,51.4167,0,0,31,0,52.564000
3086,51.4333,0,0,37,0,52.588000
3087,51.4500,0,0,37,0,52.496000
3088,51.4667,0,0,38,0,52.760000
3089,51.4833,0,0,38,0,51.901000
3090,51.5000,0,0,33,0,51.464000
3091,51.5167,0,0,34,0,52.740000
3092,51.5333,0,0,39,0,52.167000
3093,51.5500,0,0,41,0,52.123000
3094,51.5667,0,0,39,0,51.054000
3095,51.5833,0,0,34,0,53.519000
3096,51.6000,0,0,36,0,52.831000
3097,51.6167,0,0,32,0,53.087000
3098,51.6333,0,0,39,0,52.019000
3099,51.6500,0,0,37,0,51.581000
3100,51.6667,0,0,38,0,52.469000
3101,51.6833,0,0,35,0,53.153000
3102,51.7000,0,0,37,0,52.610000
3103,51.7167,0,0,39,0,52.139000
3104,51.7333,0,0,34,0,51.008000
3105,51.7500,0,0,39,0,52.412000
3106,51.7667,0,0,35,0,53.276000
3107,51.7833,0,0,35,0,52.421000
3108,51.8000,0,0,36,0,53.024000
3109,51.8167,0,0,36,0,51.552000
3110,51.8333,0,0,33,0,52.829000
3111,51.8500,0,0,37,0,51.851000
3112,51.8667,0,0,35,0,52.073000
3113,51.8833,0,0,37,0,53.068000
3114,51.9000,0,0,38,0,50.663000
3115,51.9167,0,0,34,0,53.042000
3116,51.9333,0,0,38,0,51.938000
3117,51.9500,0,0,38,0,53.417000
3118,51.9667,0,0,34,0,51.944000
3119,51.9833,0,0,36,0,51.227000
3120,52.0000,0,0,33,0,53.277000
3121,52.0167,0,0,37,0,51.971000
3122,52.0333,0,0,39,0,52.749000
3123,52.0500,0,0,34,0,50.895000
3124,52.0667,0,0,37,0,52.902000
3125,52.0833,0,0,36,0,52.578000
3126,52.1000,0,0,33,0,52.998000
3127,52.1167,0,0,37,0,52.291000
3128,52.1333,0,0,37,0,51.629000
3129,52.1500,0,0,37,0,51.817000
3130,52.1667,0,0,38,0,52.850000
3131,52.1833,0,0,36,0,53.010000
3132,52.2000,0,0,37,0,52.480000
3133,52.2167,0,0,33,0,50.288000
3134,52.2333,0,0,40,0,52.093000
3135,52.2500,0,0,37,0,53.128000
3136,52.2667,0,0,40,0,52.799000
3137,52.2833,0,0,32,0,50.346000
3138,52.3000,0,0,38,0,52.765000
3139,52.3167,0,0,36,0,52.506000
3140,52.3333,0,0,36,0,52.735000
3141,52.3500,0,0,34,0,52.561000
3142,52.3667,0,0,35,0,52.757000
3143,52.3833,0,0,37,0,50.982000
3144,52.4000,0,0,37,0,52.516000
3145,52.4167,0,0,39,0,52.673000
3146,52.4333,0,0,33,0,52.688000
3147,52.4500,0,0,37,0,50.606000
3148,52.4667,0,0,36,0,52.576000
3149,52.4833,0,0,40,0,52.505000
3150,52.5000,0,0,35,0,52.556000
3151,52.5167,0,0,40,0,51.187000
3152,52.5333,0,0,36,0,53.395000
3153,52.5500,0,0,39,0,52.267000
3154,52.5667,0,0,40,0,52.555000
3155,52.5833,0,0,35,0,53.149000
3156,52.6000,0,0,36,0,52.781000
3157,52.6167,0,0,38,0,50.589000
3158,52.6333,0,0,39,0,52.838000
3159,52.6500,0,0,33,0,52.264000
3160,52.6667,0,0,37,0,52.141000
3161,52.6833,0,0,38,0,52.789000
3162,52.7000,0,0,34,0,52.289000
3163,52.7167,0,0,38,0,50.587000
3164,52.7333,0,0,38,0,52.458000
3165,52.7500,0,0,36,0,51.486000
3166,52.7667,0,0,37,0,53.237000
3167,52.7833,0,0,34,0,50.714000
3168,52.8000,0,0,38,0,52.593000
3169,52.8167,0,0,35,0,52.536000
3170,52.8333,0,0,38,0,53.277000
3171,52.8500,0,0,38,0,52.303000
3172,52.8667,0,0,32,0,50.450000
3173,52.8833,0,0,35,0,52.435000
3174,52.9000,0,0,35,0,52.312000
3175,52.9167,0,0,34,0,51.960000
3176,52.9333,0,0,35,0,52.950000
3177,52.9500,0,0,32,0,51.529000
3178,52.9667,0,0,37,0,52.999000
3179,52.9833,0,0,36,0,51.343000
3180,53.0000,0,0,36,0,52.023000
3181,53.0167,0,0,39,0,52.981000
3182,53.0333,0,0,33,0,53.675000
3183,53.0500,0,0,37,0,52.154000
3184,53.0667,0,0,33,0,50.675000
3185,53.0833,0,0,39,0,52.470000
3186,53.1000,0,0,31,0,52.640000
3187,53.1167,0,0,38,0,52.644000
3188,53.1333,0,0,37,0,52.999000
3189,53.1500,0,0,36,0,50.581000
3190,53.1667,0,0,39,0,52.632000
3191,53.1833,0,0,35,0,53.402000
3192,53.2000,0,0,36,0,52.517000
3193,53.2167,0,0,35,0,53.253000
3194,53.2333,0,0,35,0,50.428000
3195,53.2500,0,0,37,0,52.771000
3196,53.2667,0,0,37,0,53.319000
3197,53.2833,0,0,32,0,52.031000
3198,53.3000,0,0,35,0,54.098000
3199,53.3167,0,0,33,0,52.925000
3200,53.3333,0,0,39,0,49.954000
3201,53.3500,0,0,36,0,52.395000
3202,53.3667,0,0,38,0,51.988000
3203,53.3833,0,0,37,0,53.420000
3204,53.4000,0,0,35,0,52.836000
3205,53.4167,0,0,37,0,52.497000
3206,53.4333,0,0,39,0,52.589000
3207,53.4500,0,0,35,0,52.525000
3208,53.4667,0,0,34,0,53.005000
3209,53.4833,0,0,35,0,53.530000
3210,53.5000,0,0,37,0,50.392000
3211,53.5167,0,0,35,0,52.256000
3212,53.5333,0,0,36,0,53.316000
3213,53.5500,0,0,32,0,53.355000
3214,53.5667,0,0,43,0,52.637000
3215,53.5833,0,0,38,0,53.027000
3216,53.6000,0,0,37,0,50.944000
3217,53.6167,0,0,40,0,52.772000
3218,53.6333,0,0,33,0,52.404000
3219,53.6500,0,0,38,0,52.667000
3220,53.6667,0,0,35,0,50.297000
3221,53.6833,0,0,35,0,52.233000
3222,53.7000,0,0,36,0,52.444000
3223,53.7167,0,0,38,0,52.449000
3224,53.7333,0,0,33,0,52.934000
3225,53.7500,0,0,36,0,51.227000
3226,53.7667,0,0,33,0,51.862000
3227,53.7833,0,0,39,0,52.994000
3228,53.8000,0,0,40,0,53.071000
3229,53.8167,0,0,35,0,52.827000
3230,53.8333,0,0,34,0,52.231000
3231,53.8500,0,0,38,0,50.724000
3232,53.8667,0,0,38,0,52.591000
3233,53.8833,0,0,33,0,52.609000
3234,53.9000,0,0,36,0,53.116000
3235,53.9167,0,0,35,0,52.614000
3236,53.9333,0,0,33,0,50.588000
3237,53.9500,0,0,39,0,52.105000
3238,53.9667,0,0,38,0,52.524000
3239,53.9833,0,0,36,0,51.977000
3240,54.0000,0,0,36,0,50.182000
3241,54.0167,0,0,38,0,52.454000
3242,54.0333,0,0,38,0,52.521000
3243,54.0500,0,0,35,0,53.102000
3244,54.0667,0,0,36,0,50.514000
3245,54.0833,0,0,40,0,52.447000
3246,54.1000,0,0,38,0,52.787000
3247,54.1167,0,0,37,0,53.152000
3248,54.1333,0,0,36,0,52.247000
3249,54.1500,0,0,36,0,51.494000
3250,54.1667,0,0,36,0,52.117000
3251,54.1833,0,0,40,0,52.410000
3252,54.2000,0,0,40,0,53.088000
3253,54.2167,0,0,35,0,52.764000
3254,54.2333,0,0,38,0,52.674000
3255,54.2500,0,0,33,0,51.042000
3256,54.2667,0,0,40,0,52.206000
3257,54.2833,0,0,35,0,52.797000
3258,54.3000,0,0,38,0,52.863000
3259,54.3167,0,0,38,0,51.961000
3260,54.3333,0,0,37,0,51.891000
3261,54.3500,0,0,35,0,52.802000
3262,54.3667,0,0,35,0,52.771000
3263,54.3833,0,0,42,0,52.643000
3264,54.4000,0,0,35,0,52.669000
3265,54.4167,0,0,34,0,52.895000
3266,54.4333,0,0,37,0,51.658000
3267,54.4500,0,0,35,0,52.188000
3268,54.4667,0,0,38,0,53.229000
3269,54.4833,0,0,37,0,52.042000
3270,54.5000,0,0,36,0,52.916000
3271,54.5167,0,0,40,0,51.169000
3272,54.5333,0,0,37,0,52.800000
3273,54.5500,0,0,33,0,52.673000
3274,54.5667,0,0,40,0,52.662000
3275,54.5833,0,0,33,0,52.881000
3276,54.6000,0,0,37,0,53.175000
3277,54.6167,0,0,36,0,52.812000
3278,54.6333,0,0,33,0,51.157000
3279,54.6500,0,0,33,0,53.175000
3280,54.6667,0,0,38,0,52.256000
3281,54.6833,0,0,37,0,53.020000
3282,54.7000,0,0,35,0,52.407000
3283,54.7167,0,0,37,0,52.399000
3284,54.7333,0,0,38,0,50.811000
3285,54.7500,0,0,34,0,53.223000
3286,54.7667,0,0,35,0,52.459000
3287,54.7833,0,0,36,0,53.126000
3288,54.8000,0,0,38,0,52.599000
3289,54.8167,0,0,35,0,52.715000
3290,54.8333,0,0,37,0,50.926000
3291,54.8500,0,0,34,0,52.922000
3292,54.8667,0,0,37,0,52.717000
3293,54.8833,0,0,34,0,50.858000
3294,54.9000,0,0,36,0,51.624000
3295,54.9167,0,0,36,0,52.286000
3296,54.9333,0,0,42,0,52.582000
3297,54.9500,0,0,39,0,52.990000
3298,54.9667,0,0,35,0,50.606000
3299,54.9833,0,0,38,0,52.594000
3300,55.0000,0,0,33,0,52.856000
3301,55.0167,0,0,35,0,52.353000
3302,55.0333,0,0,39,0,52.833000
3303,55.0500,0,0,35,0,50.607000
3304,55.0667,0,0,38,0,52.875000
3305,55.0833,0,0,38,0,52.291000
3306,55.1000,0,0,39,0,52.425000
3307,55.1167,0,0,30,0,51.897000
3308,55.1333,0,0,38,0,52.240000
3309,55.1500,0,0,41,0,53.241000
3310,55.1667,0,0,34,0,52.894000
3311,55.1833,0,0,37,0,51.822000
3312,55.2000,0,0,35,0,52.082000
3313,55.2167,0,0,33,0,51.357000
3314,55.2333,0,0,40,0,52.761000
3315,55.2500,0,0,35,0,52.487000
3316,55.2667,0,0,38,0,52.308000
3317,55.2833,0,0,39,0,50.994000
3318,55.3000,0,0,34,0,53.318000
3319,55.3167,0,0,36,0,52.130000
3320,55.3333,0,0,36,0,53.138000
3321,55.3500,0,0,35,0,52.323000
3322,55.3667,0,0,32,0,51.300000
3323,55.3833,0,0,39,0,52.624000
3324,55.4000,0,0,34,0,52.552000
3325,55.4167,0,0,36,0,52.934000
3326,55.4333,0,0,37,0,50.581000
3327,55.4500,0,0,34,0,53.194000
3328,55.4667,0,0,37,0,52.633000
3329,55.4833,0,0,38,0,52.039000
3330,55.5000,0,0,37,0,53.255000
3331,55.5167,0,0,36,0,53.118000
3332,55.5333,0,0,36,0,50.979000
3333,55.5500,0,0,34,0,52.560000
3334,55.5667,0,0,30,0,52.605000
3335,55.5833,0,0,39,0,52.574000
3336,55.6000,0,0,38,0,52.518000
3337,55.6167,0,0,35,0,52.841000
3338,55.6333,0,0,38,0,52.542000
3339,55.6500,0,0,32,0,53.888000
3340,55.6667,0,0,36,0,51.757000
3341,55.6833,0,0,35,0,51.169000
3342,55.7000,0,0,35,0,53.473000
3343,55.7167,0,0,41,0,52.322000
3344,55.7333,0,0,37,0,53.134000
3345,55.7500,0,0,36,0,52.585000
3346,55.7667,0,0,33,0,51.374000
3347,55.7833,0,0,35,0,52.722000
3348,55.8000,0,0,32,0,52.581000
3349,55.8167,0,0,37,0,52.202000
3350,55.8333,0,0,35,0,50.536000
3351,55.8500,0,0,41,0,52.729000
3352,55.8667,0,0,37,0,52.443000
3353,55.8833,0,0,39,0,52.813000
3354,55.9000,0,0,37,0,52.537000
3355,55.9167,0,0,33,0,51.430000
3356,55.9333,0,0,35,0,52.650000
3357,55.9500,0,0,36,0,52.501000
3358,55.9667,0,0,37,0,52.454000
3359,55.9833,0,0,35,0,52.758000
3360,56.0000,0,0,36,0,50.400000
3361,56.0167,0,0,40,0,52.993000
3362,56.0333,0,0,33,0,51.612000
3363,56.0500,0,0,38,0,52.527000
3364,56.0667,0,0,37,0,52.734000
3365,56.0833,0,0,37,0,50.502000
3366,56.1000,0,0,41,0,52.568000
3367,56.1167,0,0,37,0,52.551000
3368,56.1333,0,0,36,0,52.852000
3369,56.1500,0,0,33,0,50.752000
3370,56.1667,0,0,36,0,52.403000
3371,56.1833,0,0,40,0,52.976000
3372,56.2000,0,0,33,0,52.637000
3373,56.2167,0,0,37,0,52.699000
3374,56.2333,0,0,35,0,50.811000
3375,56.2500,0,0,38,0,52.303000
3376,56.2667,0,0,38,0,53.168000
3377,56.2833,0,0,38,0,53.081000
3378,56.3000,0,0,33,0,50.892000
3379,56.3167,0,0,35,0,52.728000
3380,56.3333,0,0,38,0,52.497000
3381,56.3500,0,0,36,0,52.772000
3382,56.3667,0,0,33,0,52.874000
3383,56.3833,0,0,37,0,50.384000
3384,56.4000,0,0,33,0,53.022000
3385,56.4167,0,0,35,0,52.579000
3386,56.4333,0,0,38,0,53.409000
3387,56.4500,0,0,34,0,52.766000
3388,56.4667,0,0,37,0,52.443000
3389,56.4833,0,0,35,0,52.510000
3390,56.5000,0,0,38,0,51.710000
3391,56.5167,0,0,31,0,53.237000
3392,56.5333,0,0,39,0,51.833000
3393,56.5500,0,0,33,0,52.790000
3394,56.5667,0,0,38,0,53.051000
3395,56.5833,0,0,34,0,53.447000
3396,56.6000,0,0,36,0,50.534000
3397,56.6167,0,0,35,0,52.532000
3398,56.6333,0,0,36,0,52.719000
3399,56.6500,0,0,36,0,52.668000
3400,56.6667,0,0,39,0,50.974000
3401,56.6833,0,0,37,0,53.000000
3402,56.7000,0,0,39,0,53.154000
3403,56.7167,0,0,35,0,51.235000
3404,56.7333,0,0,37,0,52.644000
3405,56.7500,0,0,33,0,52.758000
3406,56.7667,0,0,36,0,51.243000
3407,56.7833,0,0,39,0,52.775000
3408,56.8000,0,0,36,0,52.384000
3409,56.8167,0,0,35,0,53.240000
3410,56.8333,0,0,42,0,50.775000
3411,56.8500,0,0,38,0,52.402000
3412,56.8667,0,0,35,0,53.286000
3413,56.8833,0,0,38,0,52.703000
3414,56.9000,0,0,38,0,52.986000
3415,56.9167,0,0,36,0,52.909000
3416,56.9333,0,0,35,0,51.573000
3417,56.9500,0,0,37,0,52.137000
3418,56.9667,0,0,39,0,52.596000
3419,56.9833,0,0,39,0,52.875000
3420,57.0000,0,0,36,0,53.402000
3421,57.0167,0,0,35,0,52.389000
3422,57.0333,0,0,39,0,51.034000
3423,57.0500,0,0,35,0,52.565000
3424,57.0667,0,0,40,0,53.028000
3425,57.0833,0,0,35,0,53.081000
3426,57.1000,0,0,35,0,52.786000
3427,57.1167,0,0,38,0,50.412000
3428,57.1333,0,0,38,0,52.269000
3429,57.1500,0,0,33,0,52.682000
3430,57.1667,0,0,36,0,52.522000
3431,57.1833,0,0,33,0,53.088000
3432,57.2000,0,0,37,0,51.745000
3433,57.2167,0,0,37,0,51.997000
3434,57.2333,0,0,37,0,52.619000
3435,57.2500,0,0,35,0,53.035000
3436,57.2667,0,0,39,0,52.769000
3437,57.2833,0,0,36,0,52.570000
3438,57.3000,0,0,33,0,51.132000
3439,57.3167,0,0,38,0,52.426000
3440,57.3333,0,0,36,0,51.942000
3441,57.3500,0,0,41,0,52.668000
3442,57.3667,0,0,37,0,52.899000
3443,57.3833,0,0,39,0,50.444000
3444,57.4000,0,0,34,0,52.882000
3445,57.4167,0,0,37,0,52.723000
3446,57.4333,0,0,40,0,52.705000
3447,57.4500,0,0,38,0,52.806000
3448,57.4667,0,0,35,0,50.946000
3449,57.4833,0,0,38,0,53.182000
3450,57.5000,0,0,37,0,52.421000
3451,57.5167,0,0,36,0,52.286000
3452,57.5333,0,0,38,0,52.920000
3453,57.5500,0,0,35,0,53.134000
3454,57.5667,0,0,34,0,50.680000
3455,57.5833,0,0,37,0,53.024000
3456,57.6000,0,0,36,0,51.820000
3457,57.6167,0,0,39,0,53.186000
3458,57.6333,0,0,38,0,51.525000
3459,57.6500,0,0,31,0,50.118000
3460,57.6667,0,0,38,0,52.408000
3461,57.6833,0,0,38,0,52.489000
3462,57.7000,0,0,36,0,52.190000
3463,57.7167,0,0,35,0,50.026000
3464,57.7333,0,0,37,0,52.922000
3465,57.7500,0,0,41,0,53.028000
3466,57.7667,0,0,32,0,52.619000
3467,57.7833,0,0,35,0,52.423000
3468,57.8000,0,0,34,0,53.279000
3469,57.8167,0,0,36,0,52.661000
3470,57.8333,0,0,33,0,51.950000
3471,57.8500,0,0,37,0,50.830000
3472,57.8667,0,0,37,0,53.440000
3473,57.8833,0,0,40,0,51.983000
3474,57.9000,0,0,36,0,52.896000
3475,57.9167,0,0,32,0,52.386000
3476,57.9333,0,0,39,0,52.613000
3477,57.9500,0,0,35,0,51.371000
3478,57.9667,0,0,42,0,52.638000
3479,57.9833,0,0,35,0,52.291000
3480,58.0000,0,0,37,0,52.549000
3481,58.0167,0,0,44,0,50.174000
3482,58.0333,0,0,36,0,52.806000
3483,58.0500,0,0,36,0,52.636000
3484,58.0667,0,0,36,0,53.070000
3485,58.0833,0,0,34,0,53.417000
3486,58.1000,0,0,36,0,52.179000
3487,58.1167,0,0,34,0,53.106000
3488,58.1333,0,0,36,0,52.200000
3489,58.1500,0,0,35,0,51.142000
3490,58.1667,0,0,33,0,52.818000
3491,58.1833,0,0,36,0,53.418000
3492,58.2000,0,0,35,0,51.802000
3493,58.2167,0,0,37,0,52.716000
3494,58.2333,0,0,38,0,53.113000
3495,58.2500,0,0,34,0,52.121000
3496,58.2667,0,0,37,0,53.054000
3497,58.2833,0,0,35,0,50.496000
3498,58.3000,0,0,35,0,52.465000
3499,58.3167,0,0,33,0,52.416000
3500,58.3333,0,0,37,0,53.151000
3501,58.3500,0,0,35,0,53.130000
3502,58.3667,0,0,37,0,52.655000
3503,58.3833,0,0,37,0,50.492000
3504,58.4000,0,0,36,0,52.506000
3505,58.4167,0,0,35,0,53.035000
3506,58.4333,0,0,34,0,53.448000
3507,58.4500,0,0,40,0,52.240000
3508,58.4667,0,0,31,0,52.894000
3509,58.4833,0,0,37,0,50.872000
3510,58.5000,0,0,33,0,52.538000
3511,58.5167,0,0,33,0,52.554000
3512,58.5333,0,0,40,0,53.316000
3513,58.5500,0,0,39,0,53.174000
3514,58.5667,0,0,34,0,52.507000
3515,58.5833,0,0,36,0,53.484000
3516,58.6000,0,0,38,0,52.884000
3517,58.6167,0,0,34,0,53.173000
3518,58.6333,0,0,36,0,51.024000
3519,58.6500,0,0,37,0,53.060000
3520,58.6667,0,0,36,0,52.903000
3521,58.6833,0,0,38,0,52.497000
3522,58.7000,0,0,37,0,53.521000
3523,58.7167,0,0,35,0,52.016000
3524,58.7333,0,0,36,0,51.252000
3525,58.7500,0,0,38,0,52.349000
3526,58.7667,0,0,34,0,52.724000
3527,58.7833,0,0,39,0,52.634000
3528,58.8000,0,0,37,0,53.247000
3529,58.8167,0,0,34,0,51.204000
3530,58.8333,0,0,32,0,53.201000
3531,58.8500,0,0,37,0,53.209000
3532,58.8667,0,0,37,0,54.857000
3533,58.8833,0,0,32,0,52.384000
3534,58.9000,0,0,39,0,51.024000
3535,58.9167,0,0,34,0,53.394000
3536,58.9333,0,0,40,0,53.022000
3537,58.9500,0,0,35,0,52.945000
3538,58.9667,0,0,39,0,52.902000
3539,58.9833,0,0,34,0,51.180000
3540,59.0000,0,0,35,0,53.050000
3541,59.0167,0,0,33,0,52.344000
3542,59.0333,0,0,37,0,52.839000
3543,59.0500,0,0,36,0,52.497000
3544,59.0667,0,0,36,0,52.657000
3545,59.0833,0,0,34,0,51.151000
3546,59.1000,0,0,35,0,51.827000
3547,59.1167,0,0,38,0,52.837000
3548,59.1333,0,0,36,0,52.622000
3549,59.1500,0,0,39,0,52.371000
3550,59.1667,0,0,38,0,53.118000
3551,59.1833,0,0,39,0,50.079000
3552,59.2000,0,0,39,0,52.767000
3553,59.2167,0,0,37,0,53.107000
3554,59.2333,0,0,36,0,52.352000
3555,59.2500,0,0,35,0,53.480000
3556,59.2667,0,0,37,0,51.921000
3557,59.2833,0,0,35,0,53.399000
3558,59.3000,0,0,35,0,51.235000
3559,59.3167,0,0,33,0,53.158000
3560,59.3333,0,0,33,0,52.550000
3561,59.3500,0,0,33,0,53.098000
3562,59.3667,0,0,36,0,52.276000
3563,59.3833,0,0,33,0,52.961000
3564,59.4000,0,0,33,0,50.706000
3565,59.4167,0,0,38,0,52.842000
3566,59.4333,0,0,34,0,52.348000
3567,59.4500,0,0,37,0,53.382000
3568,59.4667,0,0,38,0,51.957000
3569,59.4833,0,0,36,0,52.730000
3570,59.5000,0,0,41,0,51.481000
3571,59.5167,0,0,34,0,53.500000
3572,59.5333,0,0,35,0,52.319000
3573,59.5500,0,0,35,0,52.592000
3574,59.5667,0,0,38,0,52.875000
3575,59.5833,0,0,32,0,52.358000
3576,59.6000,0,0,36,0,51.310000
3577,59.6167,0,0,39,0,52.713000
3578,59.6333,0,0,35,0,52.432000
3579,59.6500,0,0,35,0,52.367000
3580,59.6667,0,0,39,0,53.359000
3581,59.6833,0,0,31,0,50.828000
3582,59.7000,0,0,33,0,53.070000
3583,59.7167,0,0,34,0,52.821000
3584,59.7333,0,0,35,0,51.179000
3585,59.7500,0,0,41,0,52.619000
3586,59.7667,0,0,33,0,52.709000
3587,59.7833,0,0,37,0,50.663000
3588,59.8000,0,0,37,0,52.401000
3589,59.8167,0,0,38,0,52.765000
3590,59.8333,0,0,38,0,52.977000
3591,59.8500,0,0,36,0,52.380000
3592,59.8667,0,0,37,0,50.520000
3593,59.8833,0,0,35,0,52.438000
3594,59.9000,0,0,36,0,52.572000
3595,59.9167,0,0,36,0,52.648000
3596,59.9333,0,0,39,0,52.501000
3597,59.9500,0,0,35,0,51.500000
3598,59.9667,0,0,37,0,52.912000
3599,59.9833,0,0,37,0,52.401000
3600,60.0000,0,0,37,0,52.259000
3601,60.0167,0,0,33,0,52.831000
3602,60.0333,0,0,32,0,50.245000
3603,60.0500,0,0,38,0,54.590000
3604,60.0667,0,0,36,0,50.458000
3605,60.0833,0,0,37,0,53.571000
3606,60.1000,0,0,38,0,52.016000
3607,60.1167,0,0,38,0,52.745000
3608,60.1333,0,0,33,0,51.036000
3609,60.1500,0,0,34,0,51.783000
3610,60.1667,0,0,37,0,53.202000
3611,60.1833,0,0,34,0,51.955000
3612,60.2000,0,0,34,0,53.151000
3613,60.2167,0,0,33,0,52.345000
3614,60.2333,0,0,38,0,52.393000
3615,60.2500,0,0,35,0,52.181000
3616,60.2667,0,0,37,0,51.897000
3617,60.2833,0,0,38,0,52.897000
3618,60.3000,0,0,36,0,52.530000
3619,60.3167,0,0,34,0,52.904000
3620,60.3333,0,0,38,0,53.124000
3621,60.3500,0,0,38,0,52.950000
3622,60.3667,0,0,36,0,51.074000
3623,60.3833,0,0,38,0,52.898000
3624,60.4000,0,0,36,0,52.088000
3625,60.4167,0,0,35,0,53.082000
3626,60.4333,0,0,32,0,53.105000
3627,60.4500,0,0,38,0,50.531000
3628,60.4667,0,0,34,0,53.025000
3629,60.4833,0,0,37,0,52.184000
3630,60.5000,0,0,34,0,53.076000
3631,60.5167,0,0,34,0,53.173000
3632,60.5333,0,0,39,0,52.112000
3633,60.5500,0,0,32,0,53.538000
3634,60.5667,0,0,34,0,50.610000
3635,60.5833,0,0,40,0,51.979000
3636,60.6000,0,0,34,0,53.072000
3637,60.6167,0,0,40,0,52.854000
3638,60.6333,0,0,35,0,52.072000
3639,60.6500,0,0,37,0,53.003000
3640,60.6667,0,0,31,0,50.767000
3641,60.6833,0,0,39,0,52.875000
3642,60.7000,0,0,33,0,52.725000
3643,60.7167,0,0,38,0,53.169000
3644,60.7333,0,0,36,0,52.508000
3645,60.7500,0,0,36,0,52.527000
3646,60.7667,0,0,41,0,50.739000
3647,60.7833,0,0,35,0,52.737000
3648,60.8000,0,0,34,0,52.902000
3649,60.8167,0,0,39,0,52.408000
3650,60.8333,0,0,40,0,52.620000
3651,60.8500,0,0,33,0,51.061000
3652,60.8667,0,0,35,0,52.744000
3653,60.8833,0,0,36,0,52.836000
3654,60.9000,0,0,44,0,52.457000
3655,60.9167,0,0,40,0,52.967000
3656,60.9333,0,0,35,0,52.718000
3657,60.9500,0,0,37,0,53.280000
3658,60.9667,0,0,33,0,51.004000
3659,60.9833,0,0,36,0,52.609000
3660,61.0000,0,0,37,0,53.196000
3661,61.0167,0,0,31,0,53.384000
3662,61.0333,0,0,41,0,52.368000
3663,61.0500,0,0,37,0,50.808000
3664,61.0667,0,0,34,0,52.876000
3665,61.0833,0,0,34,0,53.398000
3666,61.1000,0,0,35,0,52.165000
3667,61.1167,0,0,35,0,52.973000
3668,61.1333,0,0,37,0,52.802000
3669,61.1500,0,0,38,0,52.722000
3670,61.1667,0,0,34,0,53.405000
3671,61.1833,0,0,34,0,50.648000
3672,61.2000,0,0,38,0,52.685000
3673,61.2167,0,0,34,0,52.647000
3674,61.2333,0,0,40,0,53.262000
3675,61.2500,0,0,36,0,53.011000
3676,61.2667,0,0,33,0,52.650000
3677,61.2833,0,0,38,0,51.266000
3678,61.3000,0,0,34,0,52.731000
3679,61.3167,0,0,36,0,52.583000
3680,61.3333,0,0,35,0,53.262000
3681,61.3500,0,0,41,0,52.272000
3682,61.3667,0,0,38,0,53.585000
3683,61.3833,0,0,36,0,52.736000
3684,61.4000,0,0,34,0,51.494000
3685,61.4167,0,0,39,0,51.640000
3686,61.4333,0,0,36,0,53.385000
3687,61.4500,0,0,36,0,52.008000
3688,61.4667,0,0,37,0,53.510000
3689,61.4833,0,0,31,0,53.001000
3690,61.5000,0,0,38,0,53.355000
3691,61.5167,0,0,34,0,50.601000
3692,61.5333,0,0,37,0,51.930000
3693,61.5500,0,0,38,0,53.009000
3694,61.5667,0,0,35,0,53.213000
3695,61.5833,0,0,35,0,52.622000
3696,61.6000,0,0,33,0,50.686000
3697,61.6167,0,0,35,0,52.387000
3698,61.6333,0,0,40,0,53.186000
3699,61.6500,0,0,37,0,52.827000
3700,61.6667,0,0,35,0,52.965000
3701,61.6833,0,0,38,0,50.493000
3702,61.7000,0,0,35,0,53.079000
3703,61.7167,0,0,37,0,51.668000
3704,61.7333,0,0,39,0,53.071000
3705,61.7500,0,0,35,0,52.713000
3706,61.7667,0,0,34,0,50.958000
3707,61.7833,0,0,38,0,53.133000
3708,61.8000,0,0,36,0,51.592000
3709,61.8167,0,0,38,0,52.583000
3710,61.8333,0,0,33,0,50.686000
3711,61.8500,0,0,35,0,51.967000
3712,61.8667,0,0,37,0,52.627000
3713,61.8833,0,0,36,0,53.140000
3714,61.9000,0,0,34,0,51.913000
3715,61.9167,0,0,39,0,52.788000
3716,61.9333,0,0,36,0,53.002000
3717,61.9500,0,0,32,0,51.331000
3718,61.9667,0,0,43,0,52.199000
3719,61.9833,0,0,31,0,52.738000
3720,62.0000,0,0,36,0,53.047000
3721,62.0167,0,0,37,0,52.648000
3722,62.0333,0,0,32,0,52.710000
3723,62.0500,0,0,38,0,53.089000
3724,62.0667,0,0,33,0,50.031000
3725,62.0833,0,0,34,0,53.358000
3726,62.1000,0,0,39,0,53.292000
3727,62.1167,0,0,36,0,52.213000
3728,62.1333,0,0,33,0,53.094000
3729,62.1500,0,0,34,0,52.449000
3730,62.1667,0,0,35,0,50.269000
3731,62.1833,0,0,35,0,52.078000
3732,62.2000,0,0,35,0,52.500000
3733,62.2167,0,0,38,0,53.131000
3734,62.2333,0,0,38,0,53.976000
3735,62.2500,0,0,33,0,52.101000
3736,62.2667,0,0,35,0,52.647000
3737,62.2833,0,0,39,0,51.124000
3738,62.3000,0,0,37,0,54.838000
3739,62.3167,0,0,35,0,50.536000
3740,62.3333,0,0,37,0,53.058000
3741,62.3500,0,0,35,0,53.003000
3742,62.3667,0,0,35,0,52.261000
3743,62.3833,0,0,39,0,52.463000
3744,62.4000,0,0,36,0,51.012000
3745,62.4167,0,0,35,0,53.049000
3746,62.4333,0,0,38,0,53.078000
3747,62.4500,0,0,36,0,52.807000
3748,62.4667,0,0,33,0,52.350000
3749,62.4833,0,0,34,0,53.011000
3750,62.5000,0,0,36,0,50.915000
3751,62.5167,0,0,33,0,52.774000
3752,62.5333,0,0,41,0,53.284000
3753,62.5500,0,0,36,0,52.129000
3754,62.5667,0,0,37,0,52.891000
3755,62.5833,0,0,34,0,51.174000
3756,62.6000,0,0,39,0,52.952000
3757,62.6167,0,0,36,0,52.069000
3758,62.6333,0,0,36,0,53.341000
3759,62.6500,0,0,37,0,52.191000
3760,62.6667,0,0,30,0,52.168000
3761,62.6833,0,0,33,0,53.601000
3762,62.7000,0,0,33,0,51.211000
3763,62.7167,0,0,34,0,52.266000
3764,62.7333,0,0,39,0,52.817000
3765,62.7500,0,0,36,0,53.492000
3766,62.7667,0,0,34,0,52.865000
3767,62.7833,0,0,40,0,50.004000
3768,62.8000,0,0,34,0,53.001000
3769,62.8167,0,0,39,0,52.484000
3770,62.8333,0,0,37,0,53.138000
3771,62.8500,0,0,37,0,51.328000
3772,62.8667,0,0,40,0,51.880000
3773,62.8833,0,0,36,0,52.550000
3774,62.9000,0,0,34,0,53.062000
3775,62.9167,0,0,36,0,52.609000
3776,62.9333,0,0,37,0,52.844000
3777,62.9500,0,0,35,0,52.873000
3778,62.9667,0,0,36,0,51.508000
3779,62.9833,0,0,34,0,53.428000
3780,63.0000,0,0,39,0,52.290000
3781,63.0167,0,0,35,0,53.196000
3782,63.0333,0,0,35,0,52.213000
3783,63.0500,0,0,35,0,52.604000
3784,63.0667,0,0,33,0,50.308000
3785,63.0833,0,0,35,0,53.252000
3786,63.1000,0,0,37,0,52.600000
3787,63.1167,0,0,41,0,52.757000
3788,63.1333,0,0,33,0,52.879000
3789,63.1500,0,0,36,0,50.918000
3790,63.1667,0,0,34,0,53.210000
3791,63.1833,0,0,39,0,52.308000
3792,63.2000,0,0,34,0,53.076000
3793,63.2167,0,0,38,0,52.644000
3794,63.2333,0,0,36,0,53.455000
3795,63.2500,0,0,34,0,51.937000
3796,63.2667,0,0,39,0,51.440000
3797,63.2833,0,0,35,0,52.698000
3798,63.3000,0,0,36,0,53.212000
3799,63.3167,0,0,36,0,52.473000
3800,63.3333,0,0,37,0,52.755000
3801,63.3500,0,0,35,0,51.411000
3802,63.3667,0,0,37,0,51.606000
3803,63.3833,0,0,37,0,53.102000
3804,63.4000,0,0,34,0,52.691000
3805,63.4167,0,0,36,0,52.665000
3806,63.4333,0,0,33,0,52.800000
3807,63.4500,0,0,35,0,52.682000
3808,63.4667,0,0,34,0,52.815000
3809,63.4833,0,0,34,0,50.665000
3810,63.5000,0,0,30,0,53.102000
3811,63.5167,0,0,37,0,52.671000
3812,63.5333,0,0,35,0,52.580000
3813,63.5500,0,0,36,0,52.844000
3814,63.5667,0,0,35,0,52.832000
3815,63.5833,0,0,37,0,52.621000
3816,63.6000,0,0,36,0,51.026000
3817,63.6167,0,0,35,0,53.138000
3818,63.6333,0,0,38,0,52.286000
3819,63.6500,0,0,38,0,53.061000
3820,63.6667,0,0,33,0,53.139000
3821,63.6833,0,0,34,0,51.662000
3822,63.7000,0,0,39,0,52.129000
3823,63.7167,0,0,37,0,52.679000
3824,63.7333,0,0,40,0,52.509000
3825,63.7500,0,0,36,0,52.692000
3826,63.7667,0,0,34,0,50.758000
3827,63.7833,0,0,39,0,51.975000
3828,63.8000,0,0,37,0,52.831000
3829,63.8167,0,0,37,0,52.022000
3830,63.8333,0,0,36,0,53.084000
3831,63.8500,0,0,34,0,50.964000
3832,63.8667,0,0,40,0,53.012000
3833,63.8833,0,0,32,0,52.474000
3834,63.9000,0,0,38,0,53.145000
3835,63.9167,0,0,36,0,52.433000
3836,63.9333,0,0,37,0,50.090000
3837,63.9500,0,0,29,0,52.185000
3838,63.9667,0,0,35,0,42.744000
3839,63.9833,0,0,37,0,52.581000
3840,64.0000,0,0,34,0,52.621000
3841,64.0167,0,0,38,0,53.281000
3842,64.0333,0,0,39,0,52.871000
3843,64.0500,0,0,37,0,51.109000
3844,64.0667,0,0,37,0,53.254000
3845,64.0833,0,0,36,0,52.068000
3846,64.1000,0,0,38,0,52.994000
3847,64.1167,0,0,30,0,52.633000
3848,64.1333,0,0,37,0,52.182000
3849,64.1500,0,0,34,0,51.920000
3850,64.1667,0,0,38,0,52.279000
3851,64.1833,0,0,35,0,52.969000
3852,64.2000,0,0,37,0,52.319000
3853,64.2167,0,0,33,0,53.421000
3854,64.2333,0,0,39,0,52.519000
3855,64.2500,0,0,35,0,52.520000
3856,64.2667,0,0,35,0,52.897000
3857,64.2833,0,0,36,0,50.952000
3858,64.3000,0,0,35,0,53.310000
3859,64.3167,0,0,38,0,52.920000
3860,64.3333,0,0,37,0,52.868000
3861,64.3500,0,0,37,0,53.056000
3862,64.3667,0,0,39,0,53.155000
3863,64.3833,0,0,33,0,53.301000
3864,64.4000,0,0,35,0,50.577000
3865,64.4167,0,0,35,0,53.498000
3866,64.4333,0,0,39,0,52.982000
3867,64.4500,0,0,35,0,52.805000
3868,64.4667,0,0,40,0,52.571000
3869,64.4833,0,0,36,0,53.613000
3870,64.5000,0,0,36,0,50.233000
3871,64.5167,0,0,36,0,53.113000
3872,64.5333,0,0,36,0,52.930000
3873,64.5500,0,0,34,0,53.139000
3874,64.5667,0,0,37,0,52.250000
3875,64.5833,0,0,33,0,52.911000
3876,64.6000,0,0,40,0,50.796000
3877,64.6167,0,0,34,0,52.628000
3878,64.6333,0,0,34,0,53.440000
3879,64.6500,0,0,36,0,52.338000
3880,64.6667,0,0,39,0,53.120000
3881,64.6833,0,0,35,0,52.648000
3882,64.7000,0,0,35,0,53.408000
3883,64.7167,0,0,36,0,52.322000
3884,64.7333,0,0,33,0,50.114000
3885,64.7500,0,0,37,0,52.675000
3886,64.7667,0,0,34,0,52.654000
3887,64.7833,0,0,38,0,52.668000
3888,64.8000,0,0,33,0,52.617000
3889,64.8167,0,0,35,0,53.030000
3890,64.8333,0,0,37,0,50.655000
3891,64.8500,0,0,36,0,52.800000
3892,64.8667,0,0,34,0,53.206000
3893,64.8833,0,0,37,0,52.826000
3894,64.9000,0,0,34,0,52.774000
3895,64.9167,0,0,38,0,53.139000
3896,64.9333,0,0,34,0,53.383000
3897,64.9500,0,0,35,0,52.379000
3898,64.9667,0,0,34,0,53.623000
3899,64.9833,0,0,37,0,51.620000
3900,65.0000,0,0,35,0,52.019000
3901,65.0167,0,0,40,0,52.843000
3902,65.0333,0,0,35,0,53.324000
3903,65.0500,0,0,36,0,52.338000
3904,65.0667,0,0,38,0,53.707000
3905,65.0833,0,0,32,0,50.496000
3906,65.1000,0,0,35,0,53.045000
3907,65.1167,0,0,38,0,52.291000
3908,65.1333,0,0,38,0,52.779000
3909,65.1500,0,0,32,0,53.359000
3910,65.1667,0,0,37,0,52.472000
3911,65.1833,0,0,34,0,53.237000
3912,65.2000,0,0,33,0,51.280000
3913,65.2167,0,0,34,0,52.468000
3914,65.2333,0,0,40,0,52.891000
3915,65.2500,0,0,34,0,52.586000
3916,65.2667,0,0,37,0,51.167000
3917,65.2833,0,0,35,0,53.860000
3918,65.3000,0,0,39,0,51.875000
3919,65.3167,0,0,34,0,53.419000
3920,65.3333,0,0,34,0,52.537000
3921,65.3500,0,0,40,0,52.448000
3922,65.3667,0,0,35,0,53.066000
3923,65.3833,0,0,39,0,50.458000
3924,65.4000,0,0,36,0,53.046000
3925,65.4167,0,0,35,0,53.138000
3926,65.4333,0,0,37,0,52.390000
3927,65.4500,0,0,33,0,50.099000
3928,65.4667,0,0,37,0,52.897000
3929,65.4833,0,0,36,0,52.852000
3930,65.5000,0,0,38,0,52.525000
3931,65.5167,0,0,40,0,52.630000
3932,65.5333,0,0,34,0,50.225000
3933,65.5500,0,0,37,0,52.645000
3934,65.5667,0,0,40,0,53.155000
3935,65.5833,0,0,41,0,52.381000
3936,65.6000,0,0,38,0,53.167000
3937,65.6167,0,0,33,0,52.943000
3938,65.6333,0,0,35,0,50.355000
3939,65.6500,0,0,39,0,52.773000
3940,65.6667,0,0,35,0,52.565000
3941,65.6833,0,0,36,0,52.437000
3942,65.7000,0,0,36,0,50.331000
3943,65.7167,0,0,40,0,52.894000
3944,65.7333,0,0,36,0,52.618000
3945,65.7500,0,0,36,0,52.586000
3946,65.7667,0,0,39,0,52.771000
3947,65.7833,0,0,32,0,52.604000
3948,65.8000,0,0,36,0,50.964000
3949,65.8167,0,0,40,0,52.472000
3950,65.8333,0,0,36,0,52.815000
3951,65.8500,0,0,36,0,52.960000
3952,65.8667,0,0,36,0,52.644000
3953,65.8833,0,0,36,0,53.134000
3954,65.9000,0,0,37,0,50.764000
3955,65.9167,0,0,34,0,53.141000
3956,65.9333,0,0,39,0,51.946000
3957,65.9500,0,0,35,0,52.002000
3958,65.9667,0,0,36,0,52.841000
3959,65.9833,0,0,34,0,53.026000
3960,66.0000,0,0,35,0,50.693000
3961,66.0167,0,0,38,0,53.100000
3962,66.0333,0,0,35,0,52.732000
3963,66.0500,0,0,35,0,52.745000
3964,66.0667,0,0,34,0,53.121000
3965,66.0833,0,0,37,0,50.904000
3966,66.1000,0,0,36,0,52.595000
3967,66.1167,0,0,38,0,52.736000
3968,66.1333,0,0,37,0,53.258000
3969,66.1500,0,0,39,0,52.610000
3970,66.1667,0,0,33,0,52.458000
3971,66.1833,0,0,35,0,50.990000
3972,66.2000,0,0,39,0,52.827000
3973,66.2167,0,0,37,0,52.110000
3974,66.2333,0,0,37,0,52.838000
3975,66.2500,0,0,35,0,53.017000
3976,66.2667,0,0,38,0,52.216000
3977,66.2833,0,0,34,0,51.293000
3978,66.3000,0,0,36,0,52.844000
3979,66.3167,0,0,38,0,52.104000
3980,66.3333,0,0,35,0,52.698000
3981,66.3500,0,0,36,0,53.209000
3982,66.3667,0,0,38,0,50.977000
3983,66.3833,0,0,38,0,52.926000
3984,66.4000,0,0,36,0,52.003000
3985,66.4167,0,0,34,0,53.486000
3986,66.4333,0,0,38,0,52.217000
3987,66.4500,0,0,34,0,50.360000
3988,66.4667,0,0,40,0,52.951000
3989,66.4833,0,0,38,0,53.029000
3990,66.5000,0,0,33,0,52.823000
3991,66.5167,0,0,38,0,52.392000
3992,66.5333,0,0,37,0,53.306000
3993,66.5500,0,0,36,0,53.194000
3994,66.5667,0,0,38,0,50.252000
3995,66.5833,0,0,36,0,53.431000
3996,66.6000,0,0,38,0,52.280000
3997,66.6167,0,0,35,0,52.601000
3998,66.6333,0,0,36,0,52.973000
3999,66.6500,0,0,34,0,51.850000
4000,66.6667,0,0,36,0,50.807000
4001,66.6833,0,0,37,0,53.181000
4002,66.7000,0,0,39,0,52.547000
4003,66.7167,0,0,34,0,52.500000
4004,66.7333,0,0,37,0,52.651000
4005,66.7500,0,0,32,0,52.538000
4006,66.7667,0,0,34,0,51.407000
4007,66.7833,0,0,35,0,53.407000
4008,66.8000,0,0,34,0,52.475000
4009,66.8167,0,0,38,0,52.873000
4010,66.8333,0,0,38,0,51.058000
4011,66.8500,0,0,41,0,51.577000
4012,66.8667,0,0,34,0,52.920000
4013,66.8833,0,0,33,0,52.071000
4014,66.9000,0,0,35,0,53.417000
4015,66.9167,0,0,37,0,52.435000
4016,66.9333,0,0,34,0,53.406000
4017,66.9500,0,0,33,0,50.398000
4018,66.9667,0,0,40,0,52.291000
4019,66.9833,0,0,41,0,52.890000
4020,67.0000,0,0,37,0,52.617000
4021,67.0167,0,0,31,0,53.008000
4022,67.0333,0,0,41,0,52.734000
4023,67.0500,0,0,34,0,50.314000
4024,67.0667,0,0,36,0,52.335000
4025,67.0833,0,0,37,0,52.843000
4026,67.1000,0,0,42,0,52.533000
4027,67.1167,0,0,34,0,52.823000
4028,67.1333,0,0,35,0,50.631000
4029,67.1500,0,0,38,0,52.013000
4030,67.1667,0,0,38,0,53.321000
4031,67.1833,0,0,34,0,52.326000
4032,67.2000,0,0,36,0,53.053000
4033,67.2167,0,0,33,0,52.595000
4034,67.2333,0,0,34,0,50.571000
4035,67.2500,0,0,39,0,52.657000
4036,67.2667,0,0,34,0,52.521000
4037,67.2833,0,0,37,0,53.138000
4038,67.3000,0,0,34,0,51.999000
4039,67.3167,0,0,36,0,52.150000
4040,67.3333,0,0,34,0,50.439000
4041,67.3500,0,0,35,0,53.299000
4042,67.3667,0,0,33,0,52.662000
4043,67.3833,0,0,37,0,52.751000
4044,67.4000,0,0,34,0,52.823000
4045,67.4167,0,0,38,0,53.025000
4046,67.4333,0,0,36,0,50.456000
4047,67.4500,0,0,35,0,52.534000
4048,67.4667,0,0,36,0,52.924000
4049,67.4833,0,0,36,0,52.816000
4050,67.5000,0,0,40,0,52.484000
4051,67.5167,0,0,33,0,50.659000
4052,67.5333,0,0,38,0,54.689000
4053,67.5500,0,0,37,0,51.196000
4054,67.5667,0,0,34,0,53.088000
4055,67.5833,0,0,36,0,52.145000
4056,67.6000,0,0,31,0,52.403000
4057,67.6167,0,0,39,0,53.280000
4058,67.6333,0,0,31,0,52.529000
4059,67.6500,0,0,36,0,50.163000
4060,67.6667,0,0,35,0,52.831000
4061,67.6833,0,0,36,0,52.936000
4062,67.7000,0,0,37,0,52.591000
4063,67.7167,0,0,37,0,52.587000
4064,67.7333,0,0,34,0,52.592000
4065,67.7500,0,0,37,0,51.976000
4066,67.7667,0,0,36,0,52.485000
4067,67.7833,0,0,39,0,52.992000
4068,67.8000,0,0,35,0,52.617000
4069,67.8167,0,0,38,0,52.647000
4070,67.8333,0,0,39,0,53.411000
4071,67.8500,0,0,36,0,51.050000
4072,67.8667,0,0,38,0,53.110000
4073,67.8833,0,0,35,0,53.340000
4074,67.9000,0,0,39,0,52.797000
4075,67.9167,0,0,36,0,51.822000
4076,67.9333,0,0,37,0,52.777000
4077,67.9500,0,0,34,0,50.821000
4078,67.9667,0,0,37,0,52.561000
4079,67.9833,0,0,39,0,52.940000
4080,68.0000,0,0,37,0,53.405000
4081,68.0167,0,0,33,0,51.987000
4082,68.0333,0,0,37,0,50.452000
4083,68.0500,0,0,39,0,52.680000
4084,68.0667,0,0,34,0,52.928000
4085,68.0833,0,0,35,0,52.218000
4086,68.1000,0,0,36,0,51.882000
4087,68.1167,0,0,39,0,52.474000
4088,68.1333,0,0,33,0,49.571000
4089,68.1500,0,0,36,0,53.058000
4090,68.1667,0,0,37,0,52.010000
4091,68.1833,0,0,38,0,52.862000
4092,68.2000,0,0,39,0,52.007000
4093,68.2167,0,0,35,0,52.586000
4094,68.2333,0,0,34,0,50.380000
4095,68.2500,0,0,41,0,52.926000
4096,68.2667,0,0,36,0,51.776000
4097,68.2833,0,0,36,0,52.525000
4098,68.3000,0,0,36,0,53.154000
4099,68.3167,0,0,38,0,51.198000
4100,68.3333,0,0,35,0,52.388000
4101,68.3500,0,0,34,0,52.496000
4102,68.3667,0,0,37,0,52.799000
4103,68.3833,0,0,40,0,52.101000
4104,68.4000,0,0,36,0,53.263000
4105,68.4167,0,0,33,0,50.208000
4106,68.4333,0,0,36,0,52.675000
4107,68.4500,0,0,34,0,52.966000
4108,68.4667,0,0,38,0,52.500000
4109,68.4833,0,0,35,0,53.038000
4110,68.5000,0,0,39,0,52.713000
4111,68.5167,0,0,35,0,51.268000
4112,68.5333,0,0,39,0,52.858000
4113,68.5500,0,0,35,0,52.464000
4114,68.5667,0,0,33,0,52.907000
4115,68.5833,0,0,38,0,52.768000
4116,68.6000,0,0,34,0,52.540000
4117,68.6167,0,0,37,0,52.425000
4118,68.6333,0,0,40,0,51.131000
4119,68.6500,0,0,34,0,52.961000
4120,68.6667,0,0,39,0,52.966000
4121,68.6833,0,0,38,0,53.135000
4122,68.7000,0,0,35,0,50.758000
4123,68.7167,0,0,37,0,54.255000
4124,68.7333,0,0,38,0,50.492000
4125,68.7500,0,0,35,0,53.560000
4126,68.7667,0,0,31,0,52.509000
4127,68.7833,0,0,37,0,52.786000
4128,68.8000,0,0,39,0,52.798000
4129,68.8167,0,0,38,0,51.411000
4130,68.8333,0,0,34,0,53.200000
4131,68.8500,0,0,39,0,51.769000
4132,68.8667,0,0,35,0,52.934000
4133,68.8833,0,0,38,0,52.341000
4134,68.9000,0,0,33,0,52.361000
4135,68.9167,0,0,38,0,53.019000
4136,68.9333,0,0,37,0,50.919000
4137,68.9500,0,0,33,0,52.828000
4138,68.9667,0,0,35,0,52.406000
4139,68.9833,0,0,35,0,52.701000
4140,69.0000,0,0,35,0,52.033000
4141,69.0167,0,0,40,0,52.701000
4142,69.0333,0,0,36,0,53.036000
4143,69.0500,0,0,31,0,52.634000
4144,69.0667,0,0,39,0,50.817000
4145,69.0833,0,0,37,0,53.522000
4146,69.1000,0,0,38,0,52.536000
4147,69.1167,0,0,36,0,52.703000
4148,69.1333,0,0,33,0,50.835000
4149,69.1500,0,0,39,0,53.090000
4150,69.1667,0,0,42,0,52.720000
4151,69.1833,0,0,39,0,52.822000
4152,69.2000,0,0,36,0,52.873000
4153,69.2167,0,0,35,0,50.564000
4154,69.2333,0,0,40,0,52.688000
4155,69.2500,0,0,37,0,52.198000
4156,69.2667,0,0,35,0,53.248000
4157,69.2833,0,0,37,0,51.920000
4158,69.3000,0,0,37,0,50.986000
4159,69.3167,0,0,35,0,52.399000
4160,69.3333,0,0,38,0,52.661000
4161,69.3500,0,0,34,0,52.624000
4162,69.3667,0,0,37,0,52.711000
4163,69.3833,0,0,41,0,50.298000
4164,69.4000,0,0,35,0,53.118000
4165,69.4167,0,0,36,0,52.489000
4166,69.4333,0,0,37,0,52.520000
4167,69.4500,0,0,32,0,50.867000
4168,69.4667,0,0,38,0,52.506000
4169,69.4833,0,0,40,0,53.259000
4170,69.5000,0,0,39,0,52.553000
4171,69.5167,0,0,38,0,52.599000
4172,69.5333,0,0,36,0,52.711000
4173,69.5500,0,0,34,0,50.638000
4174,69.5667,0,0,40,0,52.770000
4175,69.5833,0,0,38,0,51.834000
4176,69.6000,0,0,34,0,53.368000
4177,69.6167,0,0,37,0,51.723000
4178,69.6333,0,0,33,0,52.822000
4179,69.6500,0,0,39,0,51.631000
4180,69.6667,0,0,35,0,52.647000
4181,69.6833,0,0,36,0,53.000000
4182,69.7000,0,0,38,0,52.889000
4183,69.7167,0,0,36,0,50.736000
4184,69.7333,0,0,39,0,52.615000
4185,69.7500,0,0,36,0,52.953000
4186,69.7667,0,0,34,0,52.223000
4187,69.7833,0,0,36,0,52.807000
4188,69.8000,0,0,33,0,51.410000
4189,69.8167,0,0,37,0,52.632000
4190,69.8333,0,0,38,0,51.992000
4191,69.8500,0,0,37,0,53.017000
4192,69.8667,0,0,35,0,52.716000
4193,69.8833,0,0,35,0,50.456000
4194,69.9000,0,0,38,0,53.088000
4195,69.9167,0,0,39,0,52.394000
4196,69.9333,0,0,38,0,53.185000
4197,69.9500,0,0,32,0,52.593000
4198,69.9667,0,0,41,0,50.899000
4199,69.9833,0,0,37,0,52.508000
4200,70.0000,0,0,39,0,52.905000
4201,70.0167,0,0,37,0,52.405000
4202,70.0333,0,0,35,0,53.057000
4203,70.0500,0,0,39,0,50.249000
4204,70.0667,0,0,38,0,52.566000
4205,70.0833,0,0,37,0,53.063000
4206,70.1000,0,0,36,0,52.544000
4207,70.1167,0,0,39,0,50.588000
4208,70.1333,0,0,41,0,52.312000
4209,70.1500,0,0,38,0,52.771000
4210,70.1667,0,0,41,0,53.148000
4211,70.1833,0,0,35,0,52.476000
4212,70.2000,0,0,38,0,50.855000
4213,70.2167,0,0,42,0,52.654000
4214,70.2333,0,0,34,0,53.394000
4215,70.2500,0,0,36,0,52.323000
4216,70.2667,0,0,36,0,53.334000
4217,70.2833,0,0,39,0,50.026000
4218,70.3000,0,0,35,0,53.123000
4219,70.3167,0,0,39,0,52.656000
4220,70.3333,0,0,38,0,52.645000
4221,70.3500,0,0,36,0,51.418000
4222,70.3667,0,0,43,0,51.477000
4223,70.3833,0,0,34,0,52.908000
4224,70.4000,0,0,36,0,52.701000
4225,70.4167,0,0,38,0,52.524000
4226,70.4333,0,0,34,0,52.913000
4227,70.4500,0,0,40,0,52.833000
4228,70.4667,0,0,36,0,50.444000
4229,70.4833,0,0,36,0,52.294000
4230,70.5000,0,0,34,0,52.998000
4231,70.5167,0,0,36,0,52.859000
4232,70.5333,0,0,33,0,52.241000
4233,70.5500,0,0,33,0,50.799000
4234,70.5667,0,0,38,0,53.310000
4235,70.5833,0,0,36,0,52.335000
4236,70.6000,0,0,37,0,53.455000
4237,70.6167,0,0,37,0,52.118000
4238,70.6333,0,0,36,0,53.046000
4239,70.6500,0,0,41,0,50.537000
4240,70.6667,0,0,40,0,52.660000
4241,70.6833,0,0,40,0,52.475000
4242,70.7000,0,0,35,0,52.571000
4243,70.7167,0,0,41,0,52.981000
4244,70.7333,0,0,36,0,50.832000
4245,70.7500,0,0,36,0,52.942000
4246,70.7667,0,0,39,0,52.532000
4247,70.7833,0,0,37,0,52.851000
4248,70.8000,0,0,41,0,52.548000
4249,70.8167,0,0,36,0,52.256000
4250,70.8333,0,0,40,0,52.124000
4251,70.8500,0,0,33,0,51.531000
4252,70.8667,0,0,41,0,52.170000
4253,70.8833,0,0,38,0,52.660000
4254,70.9000,0,0,35,0,52.633000
4255,70.9167,0,0,41,0,50.594000
4256,70.9333,0,0,34,0,53.176000
4257,70.9500,0,0,39,0,52.035000
4258,70.9667,0,0,38,0,53.183000
4259,70.9833,0,0,38,0,52.643000
4260,71.0000,0,0,36,0,53.170000
4261,71.0167,0,0,37,0,50.323000
4262,71.0333,0,0,36,0,53.505000
4263,71.0500,0,0,34,0,52.302000
4264,71.0667,0,0,36,0,52.178000
4265,71.0833,0,0,37,0,51.977000
4266,71.1000,0,0,34,0,51.313000
4267,71.1167,0,0,38,0,52.734000
4268,71.1333,0,0,40,0,52.746000
4269,71.1500,0,0,34,0,50.700000
4270,71.1667,0,0,35,0,53.248000
4271,71.1833,0,0,42,0,51.932000
4272,71.2000,0,0,36,0,52.993000
4273,71.2167,0,0,38,0,52.468000
4274,71.2333,0,0,32,0,52.341000
4275,71.2500,0,0,35,0,50.970000
4276,71.2667,0,0,35,0,52.680000
4277,71.2833,0,0,37,0,52.110000
4278,71.3000,0,0,42,0,52.100000
4279,71.3167,0,0,36,0,53.381000
4280,71.3333,0,0,36,0,50.248000
4281,71.3500,0,0,32,0,53.259000
4282,71.3667,0,0,38,0,53.033000
4283,71.3833,0,0,38,0,52.052000
4284,71.4000,0,0,37,0,52.387000
4285,71.4167,0,0,36,0,50.502000
4286,71.4333,0,0,37,0,53.182000
4287,71.4500,0,0,36,0,52.741000
4288,71.4667,0,0,40,0,52.936000
4289,71.4833,0,0,36,0,53.634000
4290,71.5000,0,0,38,0,52.717000
4291,71.5167,0,0,39,0,51.572000
4292,71.5333,0,0,35,0,52.276000
4293,71.5500,0,0,35,0,52.749000
4294,71.5667,0,0,38,0,52.372000
4295,71.5833,0,0,35,0,51.832000
4296,71.6000,0,0,36,0,51.083000
4297,71.6167,0,0,40,0,52.151000
4298,71.6333,0,0,35,0,52.544000
4299,71.6500,0,0,34,0,52.513000
4300,71.6667,0,0,33,0,53.281000
4301,71.6833,0,0,36,0,51.167000
4302,71.7000,0,0,37,0,52.699000
4303,71.7167,0,0,35,0,53.357000
4304,71.7333,0,0,40,0,51.924000
4305,71.7500,0,0,33,0,52.977000
4306,71.7667,0,0,36,0,50.275000
4307,71.7833,0,0,35,0,53.302000
4308,71.8000,0,0,40,0,52.160000
4309,71.8167,0,0,38,0,52.941000
4310,71.8333,0,0,37,0,52.099000
4311,71.8500,0,0,35,0,50.114000
4312,71.8667,0,0,38,0,52.250000
4313,71.8833,0,0,37,0,53.201000
4314,71.9000,0,0,37,0,51.587000
4315,71.9167,0,0,38,0,52.608000
4316,71.9333,0,0,37,0,51.291000
4317,71.9500,0,0,36,0,52.697000
4318,71.9667,0,0,35,0,53.400000
4319,71.9833,0,0,37,0,52.458000
4320,72.0000,0,0,39,0,52.654000
4321,72.0167,0,0,38,0,52.001000
4322,72.0333,0,0,35,0,51.243000
4323,72.0500,0,0,34,0,52.655000
4324,72.0667,0,0,44,0,52.879000
4325,72.0833,0,0,37,0,52.931000
4326,72.1000,0,0,32,0,50.182000
4327,72.1167,0,0,40,0,52.862000
4328,72.1333,0,0,39,0,52.589000
4329,72.1500,0,0,33,0,53.224000
4330,72.1667,0,0,36,0,51.840000
4331,72.1833,0,0,36,0,51.953000
4332,72.2000,0,0,36,0,52.653000
4333,72.2167,0,0,41,0,52.998000
4334,72.2333,0,0,35,0,52.696000
4335,72.2500,0,0,35,0,52.026000
4336,72.2667,0,0,37,0,51.648000
4337,72.2833,0,0,34,0,51.244000
4338,72.3000,0,0,38,0,52.817000
4339,72.3167,0,0,33,0,52.445000
4340,72.3333,0,0,39,0,53.215000
4341,72.3500,0,0,33,0,52.927000
4342,72.3667,0,0,38,0,51.563000
4343,72.3833,0,0,33,0,51.772000
4344,72.4000,0,0,36,0,52.760000
4345,72.4167,0,0,34,0,52.601000
4346,72.4333,0,0,39,0,53.104000
4347,72.4500,0,0,33,0,52.937000
4348,72.4667,0,0,34,0,51.788000
4349,72.4833,0,0,40,0,52.103000
4350,72.5000,0,0,41,0,53.554000
4351,72.5167,0,0,34,0,52.696000
4352,72.5333,0,0,37,0,51.107000
4353,72.5500,0,0,36,0,52.249000
4354,72.5667,0,0,42,0,52.729000
4355,72.5833,0,0,33,0,52.057000
4356,72.6000,0,0,38,0,51.494000
4357,72.6167,0,0,41,0,52.963000
4358,72.6333,0,0,37,0,52.501000
4359,72.6500,0,0,35,0,52.116000
4360,72.6667,0,0,36,0,50.681000
4361,72.6833,0,0,35,0,53.269000
4362,72.7000,0,0,34,0,52.737000
4363,72.7167,0,0,39,0,52.538000
4364,72.7333,0,0,37,0,53.065000
4365,72.7500,0,0,37,0,50.306000
4366,72.7667,0,0,36,0,52.706000
4367,72.7833,0,0,38,0,52.911000
4368,72.8000,0,0,36,0,52.333000
4369,72.8167,0,0,34,0,52.507000
4370,72.8333,0,0,37,0,52.554000
4371,72.8500,0,0,34,0,49.983000
4372,72.8667,0,0,38,0,54.869000
4373,72.8833,0,0,37,0,50.886000
4374,72.9000,0,0,39,0,52.955000
4375,72.9167,0,0,37,0,53.407000
4376,72.9333,0,0,35,0,49.929000
4377,72.9500,0,0,32,0,53.035000
4378,72.9667,0,0,43,0,51.997000
4379,72.9833,0,0,36,0,53.445000
4380,73.0000,0,0,37,0,52.528000
4381,73.0167,0,0,33,0,52.722000
4382,73.0333,0,0,36,0,51.413000
4383,73.0500,0,0,35,0,52.765000
4384,73.0667,0,0,39,0,51.759000
4385,73.0833,0,0,36,0,53.359000
4386,73.1000,0,0,37,0,50.658000
4387,73.1167,0,0,36,0,53.205000
4388,73.1333,0,0,38,0,53.124000
4389,73.1500,0,0,34,0,53.109000
4390,73.1667,0,0,38,0,52.316000
4391,73.1833,0,0,33,0,50.942000
4392,73.2000,0,0,41,0,52.740000
4393,73.2167,0,0,36,0,53.145000
4394,73.2333,0,0,34,0,52.423000
4395,73.2500,0,0,34,0,53.235000
4396,73.2667,0,0,37,0,51.905000
4397,73.2833,0,0,34,0,52.852000
4398,73.3000,0,0,37,0,50.973000
4399,73.3167,0,0,39,0,52.484000
4400,73.3333,0,0,35,0,53.254000
4401,73.3500,0,0,33,0,52.908000
4402,73.3667,0,0,36,0,52.989000
4403,73.3833,0,0,37,0,51.088000
4404,73.4000,0,0,34,0,52.917000
4405,73.4167,0,0,38,0,52.456000
4406,73.4333,0,0,39,0,52.457000
4407,73.4500,0,0,33,0,52.503000
4408,73.4667,0,0,39,0,53.001000
4409,73.4833,0,0,35,0,51.057000
4410,73.5000,0,0,42,0,52.750000
4411,73.5167,0,0,35,0,52.915000
4412,73.5333,0,0,36,0,52.086000
4413,73.5500,0,0,36,0,50.913000
4414,73.5667,0,0,36,0,51.733000
4415,73.5833,0,0,40,0,52.840000
4416,73.6000,0,0,38,0,52.255000
4417,73.6167,0,0,34,0,52.553000
4418,73.6333,0,0,44,0,52.760000
4419,73.6500,0,0,37,0,51.076000
4420,73.6667,0,0,39,0,52.939000
4421,73.6833,0,0,37,0,52.415000
4422,73.7000,0,0,35,0,52.354000
4423,73.7167,0,0,37,0,50.532000
4424,73.7333,0,0,38,0,53.116000
4425,73.7500,0,0,39,0,52.711000
4426,73.7667,0,0,37,0,52.477000
4427,73.7833,0,0,38,0,52.788000
4428,73.8000,0,0,35,0,50.470000
4429,73.8167,0,0,35,0,53.244000
4430,73.8333,0,0,37,0,52.891000
4431,73.8500,0,0,43,0,52.719000
4432,73.8667,0,0,36,0,53.210000
4433,73.8833,0,0,37,0,50.657000
4434,73.9000,0,0,38,0,52.615000
4435,73.9167,0,0,38,0,52.840000
4436,73.9333,0,0,37,0,52.307000
4437,73.9500,0,0,32,0,50.150000
4438,73.9667,0,0,37,0,52.938000
4439,73.9833,0,0,38,0,52.931000
4440,74.0000,0,0,35,0,53.804000
4441,74.0167,0,0,39,0,51.847000
4442,74.0333,0,0,33,0,51.152000
4443,74.0500,0,0,39,0,52.730000
4444,74.0667,0,0,36,0,52.769000
4445,74.0833,0,0,39,0,53.382000
4446,74.1000,0,0,35,0,52.141000
4447,74.1167,0,0,40,0,52.157000
4448,74.1333,0,0,37,0,51.937000
4449,74.1500,0,0,37,0,52.073000
4450,74.1667,0,0,36,0,53.700000
4451,74.1833,0,0,36,0,52.756000
4452,74.2000,0,0,37,0,50.187000
4453,74.2167,0,0,38,0,52.830000
4454,74.2333,0,0,36,0,52.260000
4455,74.2500,0,0,35,0,53.498000
4456,74.2667,0,0,37,0,52.158000
4457,74.2833,0,0,38,0,51.091000
4458,74.3000,0,0,40,0,52.588000
4459,74.3167,0,0,36,0,53.098000
4460,74.3333,0,0,37,0,52.651000
4461,74.3500,0,0,36,0,52.834000
4462,74.3667,0,0,41,0,52.914000
4463,74.3833,0,0,36,0,50.510000
4464,74.4000,0,0,37,0,52.628000
4465,74.4167,0,0,34,0,53.124000
4466,74.4333,0,0,35,0,52.797000
4467,74.4500,0,0,38,0,50.826000
4468,74.4667,0,0,38,0,52.224000
4469,74.4833,0,0,36,0,52.553000
4470,74.5000,0,0,38,0,53.193000
4471,74.5167,0,0,38,0,52.955000
4472,74.5333,0,0,37,0,50.406000
4473,74.5500,0,0,36,0,52.441000
4474,74.5667,0,0,34,0,53.586000
4475,74.5833,0,0,40,0,52.128000
4476,74.6000,0,0,33,0,53.096000
4477,74.6167,0,0,34,0,52.199000
4478,74.6333,0,0,42,0,50.902000
4479,74.6500,0,0,44,0,52.707000
4480,74.6667,0,0,35,0,52.354000
4481,74.6833,0,0,37,0,52.770000
4482,74.7000,0,0,33,0,53.003000
4483,74.7167,0,0,38,0,51.589000
4484,74.7333,0,0,35,0,53.097000
4485,74.7500,0,0,40,0,52.603000
4486,74.7667,0,0,36,0,53.230000
4487,74.7833,0,0,34,0,52.392000
4488,74.8000,0,0,37,0,50.710000
4489,74.8167,0,0,34,0,53.061000
4490,74.8333,0,0,39,0,52.407000
4491,74.8500,0,0,36,0,53.162000
4492,74.8667,0,0,33,0,52.092000
4493,74.8833,0,0,37,0,52.863000
4494,74.9000,0,0,38,0,51.063000
4495,74.9167,0,0,40,0,52.580000
4496,74.9333,0,0,35,0,52.448000
4497,74.9500,0,0,38,0,52.809000
4498,74.9667,0,0,39,0,50.602000
4499,74.9833,0,0,36,0,53.190000
4500,75.0000,0,0,35,0,52.650000
4501,75.0167,0,0,36,0,52.157000
4502,75.0333,0,0,38,0,52.986000
4503,75.0500,0,0,36,0,53.074000
4504,75.0667,0,0,38,0,52.833000
4505,75.0833,0,0,36,0,51.738000
4506,75.1000,0,0,38,0,52.206000
4507,75.1167,0,0,37,0,52.802000
4508,75.1333,0,0,38,0,53.226000
4509,75.1500,0,0,35,0,52.968000
4510,75.1667,0,0,35,0,52.752000
4511,75.1833,0,0,37,0,52.605000
4512,75.2000,0,0,35,0,50.675000
4513,75.2167,0,0,39,0,52.630000
4514,75.2333,0,0,38,0,52.952000
4515,75.2500,0,0,35,0,51.739000
4516,75.2667,0,0,36,0,53.009000
4517,75.2833,0,0,39,0,53.009000
4518,75.3000,0,0,38,0,50.772000
4519,75.3167,0,0,37,0,53.168000
4520,75.3333,0,0,39,0,52.139000
4521,75.3500,0,0,36,0,52.894000
4522,75.3667,0,0,33,0,50.889000
4523,75.3833,0,0,36,0,53.411000
4524,75.4000,0,0,34,0,52.122000
4525,75.4167,0,0,38,0,52.773000
4526,75.4333,0,0,36,0,52.610000
4527,75.4500,0,0,35,0,52.758000
4528,75.4667,0,0,36,0,51.255000
4529,75.4833,0,0,35,0,52.098000
4530,75.5000,0,0,36,0,52.957000
4531,75.5167,0,0,32,0,43.235000
4532,75.5333,0,0,37,0,53.220000
4533,75.5500,0,0,35,0,52.623000
4534,75.5667,0,0,38,0,52.701000
4535,75.5833,0,0,34,0,52.443000
4536,75.6000,0,0,35,0,51.287000
4537,75.6167,0,0,40,0,53.003000
4538,75.6333,0,0,34,0,53.019000
4539,75.6500,0,0,35,0,53.047000
4540,75.6667,0,0,37,0,52.622000
4541,75.6833,0,0,38,0,53.177000
4542,75.7000,0,0,38,0,51.481000
4543,75.7167,0,0,37,0,51.975000
4544,75.7333,0,0,40,0,52.523000
4545,75.7500,0,0,34,0,52.618000
4546,75.7667,0,0,36,0,52.415000
4547,75.7833,0,0,37,0,50.917000
4548,75.8000,0,0,36,0,53.203000
4549,75.8167,0,0,37,0,52.849000
4550,75.8333,0,0,39,0,52.988000
4551,75.8500,0,0,40,0,51.257000
4552,75.8667,0,0,40,0,52.490000
4553,75.8833,0,0,35,0,53.183000
4554,75.9000,0,0,34,0,52.789000
4555,75.9167,0,0,36,0,52.875000
4556,75.9333,0,0,37,0,52.668000
4557,75.9500,0,0,35,0,50.952000
4558,75.9667,0,0,42,0,52.913000
4559,75.9833,0,0,31,0,52.807000
4560,76.0000,0,0,38,0,52.700000
4561,76.0167,0,0,34,0,52.957000
4562,76.0333,0,0,38,0,49.828000
4563,76.0500,0,0,39,0,54.799000
4564,76.0667,0,0,37,0,50.242000
4565,76.0833,0,0,34,0,53.040000
4566,76.1000,0,0,37,0,52.702000
4567,76.1167,0,0,34,0,52.253000
4568,76.1333,0,0,38,0,50.446000
4569,76.1500,0,0,37,0,52.184000
4570,76.1667,0,0,43,0,52.524000
4571,76.1833,0,0,35,0,53.008000
4572,76.2000,0,0,37,0,50.871000
4573,76.2167,0,0,40,0,52.570000
4574,76.2333,0,0,36,0,52.848000
4575,76.2500,0,0,38,0,53.145000
4576,76.2667,0,0,36,0,52.172000
4577,76.2833,0,0,36,0,51.845000
4578,76.3000,0,0,37,0,52.697000
4579,76.3167,0,0,34,0,52.525000
4580,76.3333,0,0,42,0,52.779000
4581,76.3500,0,0,38,0,52.937000
4582,76.3667,0,0,34,0,53.004000
4583,76.3833,0,0,40,0,50.638000
4584,76.4000,0,0,36,0,53.298000
4585,76.4167,0,0,38,0,52.359000
4586,76.4333,0,0,39,0,53.006000
4587,76.4500,0,0,36,0,52.514000
4588,76.4667,0,0,37,0,51.593000
4589,76.4833,0,0,36,0,52.509000
4590,76.5000,0,0,38,0,52.684000
4591,76.5167,0,0,40,0,53.196000
4592,76.5333,0,0,35,0,52.449000
4593,76.5500,0,0,36,0,51.501000
4594,76.5667,0,0,40,0,52.967000
4595,76.5833,0,0,34,0,52.699000
4596,76.6000,0,0,35,0,51.913000
4597,76.6167,0,0,35,0,52.902000
4598,76.6333,0,0,39,0,52.916000
4599,76.6500,0,0,38,0,51.130000
4600,76.6667,0,0,36,0,53.497000
4601,76.6833,0,0,39,0,52.704000
4602,76.7000,0,0,40,0,52.539000
4603,76.7167,0,0,35,0,52.580000
4604,76.7333,0,0,37,0,52.878000
4605,76.7500,0,0,34,0,50.868000
4606,76.7667,0,0,37,0,52.378000
4607,76.7833,0,0,36,0,53.193000
4608,76.8000,0,0,36,0,52.153000
4609,76.8167,0,0,38,0,51.194000
4610,76.8333,0,0,36,0,53.156000
4611,76.8500,0,0,36,0,52.912000
4612,76.8667,0,0,39,0,52.779000
4613,76.8833,0,0,35,0,52.916000
4614,76.9000,0,0,37,0,52.531000
4615,76.9167,0,0,32,0,50.973000
4616,76.9333,0,0,36,0,52.905000
4617,76.9500,0,0,38,0,52.562000
4618,76.9667,0,0,37,0,52.679000
4619,76.9833,0,0,40,0,52.513000
4620,77.0000,0,0,37,0,50.857000
4621,77.0167,0,0,34,0,52.577000
4622,77.0333,0,0,38,0,52.404000
4623,77.0500,0,0,36,0,52.831000
4624,77.0667,0,0,36,0,53.067000
4625,77.0833,0,0,37,0,52.490000
4626,77.1000,0,0,35,0,50.842000
4627,77.1167,0,0,39,0,52.706000
4628,77.1333,0,0,36,0,52.817000
4629,77.1500,0,0,38,0,53.248000
4630,77.1667,0,0,35,0,52.797000
4631,77.1833,0,0,33,0,53.069000
4632,77.2000,0,0,35,0,51.541000
4633,77.2167,0,0,41,0,52.038000
4634,77.2333,0,0,37,0,52.145000
4635,77.2500,0,0,36,0,53.344000
4636,77.2667,0,0,39,0,51.937000
4637,77.2833,0,0,35,0,51.420000
4638,77.3000,0,0,35,0,52.364000
4639,77.3167,0,0,38,0,52.866000
4640,77.3333,0,0,37,0,52.141000
4641,77.3500,0,0,36,0,52.602000
4642,77.3667,0,0,36,0,52.669000
4643,77.3833,0,0,35,0,52.140000
4644,77.4000,0,0,38,0,51.688000
4645,77.4167,0,0,37,0,52.433000
4646,77.4333,0,0,37,0,52.657000
4647,77.4500,0,0,40,0,52.658000
4648,77.4667,0,0,39,0,53.240000
4649,77.4833,0,0,34,0,51.185000
4650,77.5000,0,0,37,0,53.006000
4651,77.5167,0,0,38,0,52.888000
4652,77.5333,0,0,39,0,52.185000
4653,77.5500,0,0,41,0,52.767000
4654,77.5667,0,0,32,0,50.626000
4655,77.5833,0,0,38,0,53.474000
4656,77.6000,0,0,37,0,52.888000
4657,77.6167,0,0,39,0,52.539000
4658,77.6333,0,0,39,0,52.729000
4659,77.6500,0,0,39,0,50.819000
4660,77.6667,0,0,38,0,52.662000
4661,77.6833,0,0,38,0,52.724000
4662,77.7000,0,0,39,0,52.609000
4663,77.7167,0,0,32,0,52.792000
4664,77.7333,0,0,35,0,51.238000
4665,77.7500,0,0,38,0,52.671000
4666,77.7667,0,0,32,0,52.489000
4667,77.7833,0,0,37,0,52.350000
4668,77.8000,0,0,37,0,51.708000
4669,77.8167,0,0,33,0,51.939000
4670,77.8333,0,0,36,0,52.609000
4671,77.8500,0,0,35,0,52.858000
4672,77.8667,0,0,35,0,51.920000
4673,77.8833,0,0,35,0,52.599000
4674,77.9000,0,0,35,0,52.417000
4675,77.9167,0,0,35,0,51.101000
4676,77.9333,0,0,39,0,52.523000
4677,77.9500,0,0,39,0,52.527000
4678,77.9667,0,0,39,0,52.904000
4679,77.9833,0,0,33,0,52.389000
4680,78.0000,0,0,36,0,51.816000
4681,78.0167,0,0,35,0,52.244000
4682,78.0333,0,0,38,0,51.966000
4683,78.0500,0,0,39,0,52.866000
4684,78.0667,0,0,37,0,52.889000
4685,78.0833,0,0,36,0,52.734000
4686,78.1000,0,0,39,0,51.379000
4687,78.1167,0,0,33,0,51.654000
4688,78.1333,0,0,35,0,52.936000
4689,78.1500,0,0,36,0,52.559000
4690,78.1667,0,0,40,0,53.246000
4691,78.1833,0,0,36,0,52.576000
4692,78.2000,0,0,37,0,51.236000
4693,78.2167,0,0,34,0,52.538000
4694,78.2333,0,0,40,0,52.645000
4695,78.2500,0,0,38,0,52.844000
4696,78.2667,0,0,41,0,53.181000
4697,78.2833,0,0,36,0,49.996000
4698,78.3000,0,0,37,0,52.718000
4699,78.3167,0,0,36,0,52.689000
4700,78.3333,0,0,38,0,52.615000
4701,78.3500,0,0,36,0,52.458000
4702,78.3667,0,0,37,0,50.018000
4703,78.3833,0,0,40,0,52.880000
4704,78.4000,0,0,38,0,52.783000
4705,78.4167,0,0,40,0,53.306000
4706,78.4333,0,0,33,0,52.359000
4707,78.4500,0,0,36,0,50.903000
4708,78.4667,0,0,37,0,52.870000
4709,78.4833,0,0,32,0,52.492000
4710,78.5000,0,0,36,0,53.330000
4711,78.5167,0,0,37,0,52.710000
4712,78.5333,0,0,35,0,51.378000
4713,78.5500,0,0,37,0,52.403000
4714,78.5667,0,0,36,0,52.436000
4715,78.5833,0,0,34,0,52.589000
4716,78.6000,0,0,41,0,52.999000
4717,78.6167,0,0,34,0,52.670000
4718,78.6333,0,0,36,0,50.916000
4719,78.6500,0,0,37,0,51.656000
4720,78.6667,0,0,36,0,52.925000
4721,78.6833,0,0,38,0,53.285000
4722,78.7000,0,0,38,0,51.631000
4723,78.7167,0,0,37,0,51.557000
4724,78.7333,0,0,39,0,51.924000
4725,78.7500,0,0,38,0,53.137000
4726,78.7667,0,0,37,0,52.563000
4727,78.7833,0,0,36,0,50.541000
4728,78.8000,0,0,40,0,53.007000
4729,78.8167,0,0,40,0,52.659000
4730,78.8333,0,0,36,0,53.025000
4731,78.8500,0,0,36,0,52.624000
4732,78.8667,0,0,35,0,51.650000
4733,78.8833,0,0,35,0,52.206000
4734,78.9000,0,0,32,0,53.730000
4735,78.9167,0,0,36,0,51.493000
4736,78.9333,0,0,35,0,52.498000
4737,78.9500,0,0,37,0,52.214000
4738,78.9667,0,0,35,0,50.781000
4739,78.9833,0,0,38,0,52.320000
4740,79.0000,0,0,35,0,52.859000
4741,79.0167,0,0,37,0,53.103000
4742,79.0333,0,0,30,0,52.805000
4743,79.0500,0,0,35,0,51.081000
4744,79.0667,0,0,34,0,52.522000
4745,79.0833,0,0,39,0,52.323000
4746,79.1000,0,0,41,0,52.728000
4747,79.1167,0,0,39,0,53.274000
4748,79.1333,0,0,38,0,52.013000
4749,79.1500,0,0,36,0,51.053000
4750,79.1667,0,0,35,0,53.153000
4751,79.1833,0,0,36,0,52.687000
4752,79.2000,0,0,37,0,52.837000
4753,79.2167,0,0,38,0,52.948000
4754,79.2333,0,0,36,0,50.640000
4755,79.2500,0,0,37,0,52.828000
4756,79.2667,0,0,39,0,52.749000
4757,79.2833,0,0,32,0,52.451000
4758,79.3000,0,0,34,0,53.062000
4759,79.3167,0,0,36,0,50.599000
4760,79.3333,0,0,37,0,52.907000
4761,79.3500,0,0,38,0,52.391000
4762,79.3667,0,0,35,0,52.280000
4763,79.3833,0,0,35,0,53.359000
4764,79.4000,0,0,33,0,52.956000
4765,79.4167,0,0,37,0,50.348000
4766,79.4333,0,0,38,0,52.526000
4767,79.4500,0,0,34,0,52.666000
4768,79.4667,0,0,36,0,52.586000
4769,79.4833,0,0,35,0,52.787000
4770,79.5000,0,0,38,0,52.667000
4771,79.5167,0,0,36,0,51.202000
4772,79.5333,0,0,36,0,52.372000
4773,79.5500,0,0,39,0,53.044000
4774,79.5667,0,0,40,0,53.403000
4775,79.5833,0,0,35,0,52.200000
4776,79.6000,0,0,36,0,52.671000
4777,79.6167,0,0,35,0,51.081000
4778,79.6333,0,0,36,0,53.202000
4779,79.6500,0,0,43,0,52.718000
4780,79.6667,0,0,36,0,52.806000
4781,79.6833,0,0,39,0,53.079000
4782,79.7000,0,0,35,0,53.355000
4783,79.7167,0,0,35,0,51.240000
4784,79.7333,0,0,39,0,52.510000
4785,79.7500,0,0,37,0,52.515000
4786,79.7667,0,0,36,0,52.698000
4787,79.7833,0,0,37,0,52.991000
4788,79.8000,0,0,36,0,52.151000
4789,79.8167,0,0,37,0,50.914000
4790,79.8333,0,0,39,0,52.897000
4791,79.8500,0,0,37,0,52.826000
4792,79.8667,0,0,36,0,53.081000
4793,79.8833,0,0,35,0,52.833000
4794,79.9000,0,0,33,0,51.566000
4795,79.9167,0,0,37,0,52.307000
4796,79.9333,0,0,38,0,52.862000
4797,79.9500,0,0,36,0,52.730000
4798,79.9667,0,0,34,0,53.128000
4799,79.9833,0,0,41,0,52.265000
4800,80.0000,0,0,35,0,52.795000
4801,80.0167,0,0,36,0,51.325000
4802,80.0333,0,0,38,0,51.841000
4803,80.0500,0,0,36,0,52.349000
4804,80.0667,0,0,40,0,53.325000
4805,80.0833,0,0,37,0,53.030000
4806,80.1000,0,0,34,0,51.329000
4807,80.1167,0,0,33,0,52.631000
4808,80.1333,0,0,40,0,51.862000
4809,80.1500,0,0,36,0,52.956000
4810,80.1667,0,0,38,0,52.290000
4811,80.1833,0,0,36,0,52.837000
4812,80.2000,0,0,33,0,50.861000
4813,80.2167,0,0,38,0,52.774000
4814,80.2333,0,0,33,0,52.990000
4815,80.2500,0,0,34,0,52.623000
4816,80.2667,0,0,39,0,53.265000
4817,80.2833,0,0,33,0,50.432000
4818,80.3000,0,0,35,0,52.781000
4819,80.3167,0,0,40,0,52.883000
4820,80.3333,0,0,33,0,53.194000
4821,80.3500,0,0,42,0,52.770000
4822,80.3667,0,0,34,0,52.887000
4823,80.3833,0,0,36,0,50.802000
4824,80.4000,0,0,32,0,52.693000
4825,80.4167,0,0,40,0,52.725000
4826,80.4333,0,0,41,0,52.552000
4827,80.4500,0,0,35,0,53.253000
4828,80.4667,0,0,35,0,50.184000
4829,80.4833,0,0,36,0,52.293000
4830,80.5000,0,0,36,0,52.460000
4831,80.5167,0,0,40,0,52.500000
4832,80.5333,0,0,39,0,52.702000
4833,80.5500,0,0,34,0,53.195000
4834,80.5667,0,0,36,0,50.843000
4835,80.5833,0,0,37,0,52.160000
4836,80.6000,0,0,40,0,52.587000
4837,80.6167,0,0,35,0,52.684000
4838,80.6333,0,0,35,0,52.994000
4839,80.6500,0,0,35,0,51.065000
4840,80.6667,0,0,39,0,52.863000
4841,80.6833,0,0,39,0,52.660000
4842,80.7000,0,0,38,0,53.332000
4843,80.7167,0,0,35,0,52.456000
4844,80.7333,0,0,36,0,50.551000
4845,80.7500,0,0,38,0,53.230000
4846,80.7667,0,0,41,0,51.909000
4847,80.7833,0,0,36,0,52.826000
4848,80.8000,0,0,34,0,51.889000
4849,80.8167,0,0,37,0,52.387000
4850,80.8333,0,0,36,0,51.798000
4851,80.8500,0,0,34,0,53.081000
4852,80.8667,0,0,37,0,53.066000
4853,80.8833,0,0,35,0,52.695000
4854,80.9000,0,0,37,0,52.444000
4855,80.9167,0,0,37,0,52.675000
4856,80.9333,0,0,35,0,51.157000
4857,80.9500,0,0,36,0,52.974000
4858,80.9667,0,0,36,0,53.031000
4859,80.9833,0,0,37,0,52.560000
4860,81.0000,0,0,36,0,52.889000
4861,81.0167,0,0,36,0,51.910000
4862,81.0333,0,0,34,0,52.096000
4863,81.0500,0,0,39,0,52.349000
4864,81.0667,0,0,38,0,52.651000
4865,81.0833,0,0,36,0,52.794000
4866,81.1000,0,0,35,0,53.017000
4867,81.1167,0,0,33,0,52.219000
4868,81.1333,0,0,34,0,50.851000
4869,81.1500,0,0,36,0,52.691000
4870,81.1667,0,0,34,0,53.358000
4871,81.1833,0,0,34,0,52.288000
4872,81.2000,0,0,38,0,53.464000
4873,81.2167,0,0,34,0,52.835000
4874,81.2333,0,0,34,0,52.997000
4875,81.2500,0,0,35,0,51.408000
4876,81.2667,0,0,39,0,53.043000
4877,81.2833,0,0,39,0,52.477000
4878,81.3000,0,0,32,0,53.503000
4879,81.3167,0,0,35,0,52.194000
4880,81.3333,0,0,35,0,52.162000
4881,81.3500,0,0,35,0,51.870000
4882,81.3667,0,0,38,0,52.440000
4883,81.3833,0,0,34,0,52.649000
4884,81.4000,0,0,34,0,52.916000
4885,81.4167,0,0,38,0,53.163000
4886,81.4333,0,0,38,0,50.709000
4887,81.4500,0,0,32,0,52.914000
4888,81.4667,0,0,39,0,52.492000
4889,81.4833,0,0,38,0,52.809000
4890,81.5000,0,0,39,0,53.081000
4891,81.5167,0,0,35,0,52.885000
4892,81.5333,0,0,41,0,50.942000
4893,81.5500,0,0,37,0,53.147000
4894,81.5667,0,0,39,0,52.876000
4895,81.5833,0,0,33,0,53.000000
4896,81.6000,0,0,34,0,52.839000
4897,81.6167,0,0,36,0,52.616000
4898,81.6333,0,0,35,0,50.959000
4899,81.6500,0,0,33,0,55.241000
4900,81.6667,0,0,34,0,51.413000
4901,81.6833,0,0,39,0,52.717000
4902,81.7000,0,0,39,0,53.003000
4903,81.7167,0,0,33,0,52.933000
4904,81.7333,0,0,35,0,52.930000
4905,81.7500,0,0,36,0,50.346000
4906,81.7667,0,0,38,0,52.720000
4907,81.7833,0,0,36,0,53.136000
4908,81.8000,0,0,38,0,52.202000
4909,81.8167,0,0,37,0,52.895000
4910,81.8333,0,0,35,0,52.598000
4911,81.8500,0,0,37,0,51.746000
4912,81.8667,0,0,37,0,52.061000
4913,81.8833,0,0,34,0,53.599000
4914,81.9000,0,0,38,0,52.835000
4915,81.9167,0,0,35,0,52.579000
4916,81.9333,0,0,37,0,53.233000
4917,81.9500,0,0,36,0,50.720000
4918,81.9667,0,0,39,0,52.756000
4919,81.9833,0,0,36,0,52.744000
4920,82.0000,0,0,36,0,52.652000
4921,82.0167,0,0,38,0,52.627000
4922,82.0333,0,0,37,0,50.965000
4923,82.0500,0,0,35,0,53.272000
4924,82.0667,0,0,38,0,52.413000
4925,82.0833,0,0,36,0,53.198000
4926,82.1000,0,0,37,0,52.207000
4927,82.1167,0,0,37,0,50.928000
4928,82.1333,0,0,36,0,53.162000
4929,82.1500,0,0,38,0,52.613000
4930,82.1667,0,0,36,0,52.725000
4931,82.1833,0,0,41,0,52.604000
4932,82.2000,0,0,39,0,53.700000
4933,82.2167,0,0,34,0,52.502000
4934,82.2333,0,0,36,0,50.833000
4935,82.2500,0,0,39,0,52.142000
4936,82.2667,0,0,34,0,52.817000
4937,82.2833,0,0,35,0,52.301000
4938,82.3000,0,0,35,0,53.357000
4939,82.3167,0,0,33,0,52.490000
4940,82.3333,0,0,36,0,53.149000
4941,82.3500,0,0,39,0,50.969000
4942,82.3667,0,0,37,0,52.700000
4943,82.3833,0,0,38,0,52.999000
4944,82.4000,0,0,34,0,52.999000
4945,82.4167,0,0,36,0,52.705000
4946,82.4333,0,0,38,0,52.649000
4947,82.4500,0,0,34,0,53.570000
4948,82.4667,0,0,37,0,50.504000
4949,82.4833,0,0,35,0,52.828000
4950,82.5000,0,0,35,0,53.101000
4951,82.5167,0,0,37,0,52.971000
4952,82.5333,0,0,37,0,52.517000
4953,82.5500,0,0,37,0,52.968000
4954,82.5667,0,0,38,0,53.064000
4955,82.5833,0,0,35,0,50.172000
4956,82.6000,0,0,37,0,52.931000
4957,82.6167,0,0,33,0,52.253000
4958,82.6333,0,0,33,0,52.885000
4959,82.6500,0,0,41,0,52.774000
4960,82.6667,0,0,33,0,52.669000
4961,82.6833,0,0,32,0,50.802000
4962,82.7000,0,0,40,0,53.014000
4963,82.7167,0,0,36,0,52.519000
4964,82.7333,0,0,39,0,53.021000
4965,82.7500,0,0,37,0,53.098000
4966,82.7667,0,0,38,0,52.778000
4967,82.7833,0,0,35,0,52.610000
4968,82.8000,0,0,36,0,50.504000
4969,82.8167,0,0,35,0,53.096000
4970,82.8333,0,0,33,0,52.613000
4971,82.8500,0,0,36,0,52.971000
4972,82.8667,0,0,38,0,52.867000
4973,82.8833,0,0,37,0,51.569000
4974,82.9000,0,0,37,0,52.068000
4975,82.9167,0,0,36,0,52.478000
4976,82.9333,0,0,36,0,52.695000
4977,82.9500,0,0,36,0,53.385000
4978,82.9667,0,0,39,0,52.241000
4979,82.9833,0,0,38,0,52.998000
4980,83.0000,0,0,37,0,50.695000
4981,83.0167,0,0,36,0,52.792000
4982,83.0333,0,0,38,0,53.210000
4983,83.0500,0,0,36,0,52.890000
4984,83.0667,0,0,35,0,52.237000
4985,83.0833,0,0,36,0,53.016000
4986,83.1000,0,0,37,0,51.331000
4987,83.1167,0,0,35,0,52.741000
4988,83.1333,0,0,37,0,52.808000
4989,83.1500,0,0,39,0,52.550000
4990,83.1667,0,0,36,0,52.830000
4991,83.1833,0,0,38,0,52.893000
4992,83.2000,0,0,36,0,51.084000
4993,83.2167,0,0,38,0,52.659000
4994,83.2333,0,0,36,0,53.169000
4995,83.2500,0,0,40,0,52.925000
4996,83.2667,0,0,35,0,52.906000
4997,83.2833,0,0,37,0,52.340000
4998,83.3000,0,0,33,0,50.825000
4999,83.3167,0,0,37,0,52.742000
5000,83.3333,0,0,38,0,53.123000
5001,83.3500,0,0,36,0,52.141000
5002,83.3667,0,0,36,0,53.051000
5003,83.3833,0,0,38,0,52.695000
5004,83.4000,0,0,35,0,52.423000
5005,83.4167,0,0,34,0,52.939000
5006,83.4333,0,0,33,0,52.417000
5007,83.4500,0,0,35,0,52.787000
5008,83.4667,0,0,39,0,51.192000
5009,83.4833,0,0,37,0,52.303000
5010,83.5000,0,0,33,0,53.159000
5011,83.5167,0,0,37,0,53.256000
5012,83.5333,0,0,35,0,52.474000
5013,83.5500,0,0,40,0,53.129000
5014,83.5667,0,0,36,0,52.680000
5015,83.5833,0,0,36,0,52.515000
5016,83.6000,0,0,38,0,51.018000
5017,83.6167,0,0,36,0,53.041000
5018,83.6333,0,0,40,0,53.032000
5019,83.6500,0,0,34,0,53.226000
5020,83.6667,0,0,34,0,53.184000
5021,83.6833,0,0,38,0,52.180000
5022,83.7000,0,0,33,0,52.905000
5023,83.7167,0,0,36,0,51.231000
5024,83.7333,0,0,38,0,52.647000
5025,83.7500,0,0,37,0,53.136000
5026,83.7667,0,0,36,0,52.807000
5027,83.7833,0,0,36,0,53.196000
5028,83.8000,0,0,36,0,52.586000
5029,83.8167,0,0,38,0,52.583000
5030,83.8333,0,0,37,0,52.287000
5031,83.8500,0,0,37,0,50.901000
5032,83.8667,0,0,32,0,52.501000
5033,83.8833,0,0,39,0,52.690000
5034,83.9000,0,0,36,0,52.730000
5035,83.9167,0,0,34,0,52.483000
5036,83.9333,0,0,34,0,51.308000
5037,83.9500,0,0,37,0,51.831000
5038,83.9667,0,0,39,0,52.420000
5039,83.9833,0,0,32,0,51.955000
5040,84.0000,0,0,38,0,53.284000
5041,84.0167,0,0,39,0,52.087000
5042,84.0333,0,0,39,0,50.750000
5043,84.0500,0,0,38,0,52.951000
5044,84.0667,0,0,31,0,53.566000
5045,84.0833,0,0,36,0,51.643000
5046,84.1000,0,0,41,0,52.339000
5047,84.1167,0,0,39,0,52.533000
5048,84.1333,0,0,40,0,50.878000
5049,84.1500,0,0,32,0,52.470000
5050,84.1667,0,0,40,0,51.823000
5051,84.1833,0,0,35,0,52.858000
5052,84.2000,0,0,36,0,52.559000
5053,84.2167,0,0,34,0,51.048000
5054,84.2333,0,0,39,0,52.649000
5055,84.2500,0,0,36,0,52.521000
5056,84.2667,0,0,34,0,52.783000
5057,84.2833,0,0,37,0,52.484000
5058,84.3000,0,0,35,0,52.708000
5059,84.3167,0,0,36,0,53.138000
5060,84.3333,0,0,39,0,52.011000
5061,84.3500,0,0,37,0,50.681000
5062,84.3667,0,0,36,0,53.234000
5063,84.3833,0,0,38,0,52.974000
5064,84.4000,0,0,36,0,52.684000
5065,84.4167,0,0,36,0,52.802000
5066,84.4333,0,0,38,0,53.329000
5067,84.4500,0,0,39,0,52.590000
5068,84.4667,0,0,34,0,50.676000
5069,84.4833,0,0,40,0,53.096000
5070,84.5000,0,0,35,0,52.990000
5071,84.5167,0,0,39,0,53.152000
5072,84.5333,0,0,34,0,51.242000
5073,84.5500,0,0,43,0,52.084000
5074,84.5667,0,0,35,0,52.752000
5075,84.5833,0,0,39,0,52.685000
5076,84.6000,0,0,34,0,53.096000
5077,84.6167,0,0,39,0,52.529000
5078,84.6333,0,0,34,0,51.091000
5079,84.6500,0,0,36,0,53.246000
5080,84.6667,0,0,37,0,52.367000
5081,84.6833,0,0,40,0,53.183000
5082,84.7000,0,0,36,0,52.889000
5083,84.7167,0,0,37,0,50.535000
5084,84.7333,0,0,39,0,52.828000
5085,84.7500,0,0,36,0,53.065000
5086,84.7667,0,0,39,0,52.590000
5087,84.7833,0,0,35,0,53.060000
5088,84.8000,0,0,37,0,52.286000
5089,84.8167,0,0,35,0,51.482000
5090,84.8333,0,0,35,0,52.529000
5091,84.8500,0,0,38,0,52.248000
5092,84.8667,0,0,38,0,52.444000
5093,84.8833,0,0,35,0,53.363000
5094,84.9000,0,0,34,0,50.041000
5095,84.9167,0,0,36,0,53.404000
5096,84.9333,0,0,38,0,52.741000
5097,84.9500,0,0,34,0,52.397000
5098,84.9667,0,0,39,0,51.819000
5099,84.9833,0,0,36,0,51.773000
5100,85.0000,0,0,37,0,52.822000
5101,85.0167,0,0,35,0,52.070000
5102,85.0333,0,0,40,0,52.774000
5103,85.0500,0,0,38,0,50.725000
5104,85.0667,0,0,36,0,52.583000
5105,85.0833,0,0,34,0,51.951000
5106,85.1000,0,0,40,0,53.040000
5107,85.1167,0,0,41,0,52.749000
5108,85.1333,0,0,34,0,50.328000
5109,85.1500,0,0,36,0,52.847000
5110,85.1667,0,0,37,0,52.571000
5111,85.1833,0,0,37,0,52.995000
5112,85.2000,0,0,36,0,52.111000
5113,85.2167,0,0,37,0,51.034000
5114,85.2333,0,0,36,0,53.014000
5115,85.2500,0,0,35,0,52.536000
5116,85.2667,0,0,37,0,53.199000
5117,85.2833,0,0,35,0,53.616000
5118,85.3000,0,0,34,0,50.326000
5119,85.3167,0,0,33,0,52.517000
5120,85.3333,0,0,40,0,53.081000
5121,85.3500,0,0,38,0,52.341000
5122,85.3667,0,0,38,0,52.625000
5123,85.3833,0,0,38,0,50.939000
5124,85.4000,0,0,39,0,52.780000
5125,85.4167,0,0,35,0,52.479000
5126,85.4333,0,0,37,0,53.393000
5127,85.4500,0,0,34,0,52.361000
5128,85.4667,0,0,35,0,50.493000
5129,85.4833,0,0,37,0,53.086000
5130,85.5000,0,0,39,0,52.937000
5131,85.5167,0,0,40,0,52.998000
5132,85.5333,0,0,34,0,53.231000
5133,85.5500,0,0,36,0,52.601000
5134,85.5667,0,0,33,0,52.348000
5135,85.5833,0,0,37,0,51.511000
5136,85.6000,0,0,38,0,52.777000
5137,85.6167,0,0,37,0,52.954000
5138,85.6333,0,0,38,0,51.977000
5139,85.6500,0,0,37,0,51.144000
5140,85.6667,0,0,35,0,52.327000
5141,85.6833,0,0,36,0,53.037000
5142,85.7000,0,0,41,0,52.829000
5143,85.7167,0,0,34,0,52.274000
5144,85.7333,0,0,37,0,51.508000
5145,85.7500,0,0,37,0,52.714000
5146,85.7667,0,0,38,0,52.232000
5147,85.7833,0,0,31,0,52.890000
5148,85.8000,0,0,36,0,53.829000
5149,85.8167,0,0,34,0,52.034000
5150,85.8333,0,0,32,0,51.176000
5151,85.8500,0,0,39,0,53.211000
5152,85.8667,0,0,34,0,53.135000
5153,85.8833,0,0,37,0,52.405000
5154,85.9000,0,0,36,0,50.662000
5155,85.9167,0,0,41,0,52.870000
5156,85.9333,0,0,37,0,53.180000
5157,85.9500,0,0,37,0,52.447000
5158,85.9667,0,0,36,0,52.770000
5159,85.9833,0,0,39,0,52.699000
5160,86.0000,0,0,36,0,50.938000
5161,86.0167,0,0,37,0,52.499000
5162,86.0333,0,0,39,0,52.291000
5163,86.0500,0,0,32,0,52.818000
5164,86.0667,0,0,39,0,52.887000
5165,86.0833,0,0,35,0,52.808000
5166,86.1000,0,0,36,0,52.308000
5167,86.1167,0,0,35,0,51.224000
5168,86.1333,0,0,34,0,52.458000
5169,86.1500,0,0,36,0,53.027000
5170,86.1667,0,0,42,0,52.595000
5171,86.1833,0,0,25,0,43.453000
5172,86.2000,0,0,37,0,53.234000
5173,86.2167,0,0,35,0,52.525000
5174,86.2333,0,0,34,0,52.909000
5175,86.2500,0,0,34,0,53.565000
5176,86.2667,0,0,39,0,50.403000
5177,86.2833,0,0,36,0,52.849000
5178,86.3000,0,0,35,0,52.335000
5179,86.3167,0,0,35,0,52.645000
5180,86.3333,0,0,38,0,52.792000
5181,86.3500,0,0,37,0,50.730000
5182,86.3667,0,0,35,0,52.695000
5183,86.3833,0,0,36,0,52.242000
5184,86.4000,0,0,38,0,52.933000
5185,86.4167,0,0,36,0,52.092000
5186,86.4333,0,0,32,0,53.444000
5187,86.4500,0,0,40,0,50.295000
5188,86.4667,0,0,38,0,52.413000
5189,86.4833,0,0,38,0,52.968000
5190,86.5000,0,0,38,0,53.235000
5191,86.5167,0,0,37,0,52.330000
5192,86.5333,0,0,33,0,52.865000
5193,86.5500,0,0,34,0,51.421000
5194,86.5667,0,0,36,0,52.439000
5195,86.5833,0,0,35,0,53.053000
5196,86.6000,0,0,41,0,52.850000
5197,86.6167,0,0,36,0,52.385000
5198,86.6333,0,0,35,0,51.228000
5199,86.6500,0,0,41,0,52.501000
5200,86.6667,0,0,36,0,52.864000
5201,86.6833,0,0,37,0,53.168000
5202,86.7000,0,0,36,0,52.115000
5203,86.7167,0,0,37,0,52.087000
5204,86.7333,0,0,34,0,52.124000
5205,86.7500,0,0,38,0,52.440000
5206,86.7667,0,0,39,0,52.979000
5207,86.7833,0,0,36,0,52.742000
5208,86.8000,0,0,37,0,50.942000
5209,86.8167,0,0,39,0,53.013000
5210,86.8333,0,0,36,0,52.838000
5211,86.8500,0,0,38,0,52.161000
5212,86.8667,0,0,41,0,52.611000
5213,86.8833,0,0,35,0,54.010000
5214,86.9000,0,0,36,0,52.192000
5215,86.9167,0,0,37,0,50.728000
5216,86.9333,0,0,38,0,53.027000
5217,86.9500,0,0,35,0,53.294000
5218,86.9667,0,0,35,0,53.327000
5219,86.9833,0,0,35,0,52.565000
5220,87.0000,0,0,36,0,50.859000
5221,87.0167,0,0,35,0,52.861000
5222,87.0333,0,0,39,0,52.848000
5223,87.0500,0,0,39,0,52.785000
5224,87.0667,0,0,35,0,52.844000
5225,87.0833,0,0,43,0,52.433000
5226,87.1000,0,0,36,0,50.603000
5227,87.1167,0,0,33,0,53.047000
5228,87.1333,0,0,35,0,52.894000
5229,87.1500,0,0,37,0,53.339000
5230,87.1667,0,0,37,0,52.366000
5231,87.1833,0,0,34,0,52.849000
5232,87.2000,0,0,36,0,53.145000
5233,87.2167,0,0,38,0,52.713000
5234,87.2333,0,0,34,0,50.605000
5235,87.2500,0,0,36,0,52.790000
5236,87.2667,0,0,38,0,52.739000
5237,87.2833,0,0,32,0,53.039000
5238,87.3000,0,0,38,0,52.470000
5239,87.3167,0,0,36,0,53.383000
5240,87.3333,0,0,34,0,53.130000
5241,87.3500,0,0,36,0,51.014000
5242,87.3667,0,0,40,0,52.408000
5243,87.3833,0,0,35,0,53.010000
5244,87.4000,0,0,43,0,52.833000
5245,87.4167,0,0,32,0,52.883000
5246,87.4333,0,0,37,0,52.727000
5247,87.4500,0,0,34,0,51.846000
5248,87.4667,0,0,38,0,52.122000
5249,87.4833,0,0,39,0,52.973000
5250,87.5000,0,0,34,0,51.748000
5251,87.5167,0,0,36,0,52.850000
5252,87.5333,0,0,36,0,52.603000
5253,87.5500,0,0,39,0,51.657000
5254,87.5667,0,0,36,0,52.357000
5255,87.5833,0,0,38,0,53.551000
5256,87.6000,0,0,39,0,52.564000
5257,87.6167,0,0,36,0,53.245000
5258,87.6333,0,0,34,0,52.623000
5259,87.6500,0,0,36,0,52.652000
5260,87.6667,0,0,35,0,51.355000
5261,87.6833,0,0,40,0,53.193000
5262,87.7000,0,0,32,0,53.354000
5263,87.7167,0,0,43,0,52.496000
5264,87.7333,0,0,32,0,53.181000
5265,87.7500,0,0,35,0,52.731000
5266,87.7667,0,0,34,0,50.886000
5267,87.7833,0,0,37,0,52.304000
5268,87.8000,0,0,35,0,53.020000
5269,87.8167,0,0,40,0,52.609000
5270,87.8333,0,0,37,0,53.006000
5271,87.8500,0,0,38,0,53.164000
5272,87.8667,0,0,37,0,52.902000
5273,87.8833,0,0,32,0,51.176000
5274,87.9000,0,0,38,0,52.327000
5275,87.9167,0,0,32,0,54.688000
5276,87.9333,0,0,41,0,50.765000
5277,87.9500,0,0,37,0,53.274000
5278,87.9667,0,0,36,0,52.697000
5279,87.9833,0,0,36,0,52.837000
5280,88.0000,0,0,37,0,52.606000
5281,88.0167,0,0,32,0,51.838000
5282,88.0333,0,0,36,0,53.084000
5283,88.0500,0,0,37,0,53.164000
5284,88.0667,0,0,40,0,52.525000
5285,88.0833,0,0,38,0,52.486000
5286,88.1000,0,0,35,0,52.616000
5287,88.1167,0,0,37,0,51.765000
5288,88.1333,0,0,37,0,53.924000
5289,88.1500,0,0,34,0,51.933000
5290,88.1667,0,0,33,0,53.511000
5291,88.1833,0,0,37,0,52.432000
5292,88.2000,0,0,38,0,52.683000
5293,88.2167,0,0,42,0,52.858000
5294,88.2333,0,0,33,0,53.077000
5295,88.2500,0,0,35,0,51.459000
5296,88.2667,0,0,35,0,53.947000
5297,88.2833,0,0,34,0,51.005000
5298,88.3000,0,0,40,0,52.753000
5299,88.3167,0,0,35,0,53.235000
5300,88.3333,0,0,39,0,52.180000
5301,88.3500,0,0,40,0,52.154000
5302,88.3667,0,0,36,0,52.891000
5303,88.3833,0,0,33,0,52.684000
5304,88.4000,0,0,39,0,50.934000
5305,88.4167,0,0,35,0,52.994000
5306,88.4333,0,0,43,0,52.910000
5307,88.4500,0,0,32,0,52.274000
5308,88.4667,0,0,36,0,51.473000
5309,88.4833,0,0,33,0,52.926000
5310,88.5000,0,0,37,0,52.506000
5311,88.5167,0,0,36,0,52.495000
5312,88.5333,0,0,37,0,52.717000
5313,88.5500,0,0,36,0,52.974000
5314,88.5667,0,0,38,0,53.212000
5315,88.5833,0,0,39,0,50.752000
5316,88.6000,0,0,34,0,53.471000
5317,88.6167,0,0,40,0,52.293000
5318,88.6333,0,0,35,0,53.537000
5319,88.6500,0,0,34,0,52.603000
5320,88.6667,0,0,37,0,53.049000
5321,88.6833,0,0,37,0,52.788000
5322,88.7000,0,0,36,0,50.620000
5323,88.7167,0,0,33,0,53.169000
5324,88.7333,0,0,36,0,52.429000
5325,88.7500,0,0,35,0,53.533000
5326,88.7667,0,0,40,0,52.798000
5327,88.7833,0,0,34,0,52.693000
5328,88.8000,0,0,36,0,52.005000
5329,88.8167,0,0,38,0,52.121000
5330,88.8333,0,0,40,0,52.782000
5331,88.8500,0,0,37,0,52.873000
5332,88.8667,0,0,37,0,52.113000
5333,88.8833,0,0,40,0,53.104000
5334,88.9000,0,0,31,0,50.837000
5335,88.9167,0,0,32,0,52.694000
5336,88.9333,0,0,36,0,52.819000
5337,88.9500,0,0,34,0,52.892000
5338,88.9667,0,0,39,0,53.289000
5339,88.9833,0,0,36,0,52.387000
5340,89.0000,0,0,35,0,51.497000
5341,89.0167,0,0,37,0,52.528000
5342,89.0333,0,0,37,0,52.905000
5343,89.0500,0,0,42,0,52.792000
5344,89.0667,0,0,34,0,52.500000
5345,89.0833,0,0,36,0,53.321000
5346,89.1000,0,0,33,0,52.654000
5347,89.1167,0,0,38,0,52.926000
5348,89.1333,0,0,35,0,52.701000
5349,89.1500,0,0,35,0,51.311000
5350,89.1667,0,0,36,0,52.722000
5351,89.1833,0,0,38,0,53.398000
5352,89.2000,0,0,33,0,52.848000
5353,89.2167,0,0,39,0,52.463000
5354,89.2333,0,0,37,0,52.726000
5355,89.2500,0,0,35,0,52.923000
5356,89.2667,0,0,38,0,50.436000
5357,89.2833,0,0,34,0,53.217000
5358,89.3000,0,0,39,0,53.232000
5359,89.3167,0,0,36,0,52.367000
5360,89.3333,0,0,36,0,53.058000
5361,89.3500,0,0,37,0,52.298000
5362,89.3667,0,0,36,0,53.514000
5363,89.3833,0,0,38,0,50.955000
5364,89.4000,0,0,37,0,52.119000
5365,89.4167,0,0,33,0,52.721000
5366,89.4333,0,0,34,0,53.218000
5367,89.4500,0,0,35,0,52.684000
5368,89.4667,0,0,39,0,52.219000
5369,89.4833,0,0,37,0,51.836000
5370,89.5000,0,0,38,0,52.343000
5371,89.5167,0,0,38,0,52.791000
5372,89.5333,0,0,37,0,52.738000
5373,89.5500,0,0,31,0,53.064000
5374,89.5667,0,0,37,0,53.374000
5375,89.5833,0,0,39,0,50.957000
5376,89.6000,0,0,36,0,52.390000
5377,89.6167,0,0,37,0,52.143000
5378,89.6333,0,0,38,0,52.592000
5379,89.6500,0,0,36,0,52.432000
5380,89.6667,0,0,37,0,53.016000
5381,89.6833,0,0,33,0,52.941000
5382,89.7000,0,0,41,0,52.826000
5383,89.7167,0,0,36,0,50.616000
5384,89.7333,0,0,32,0,53.085000
5385,89.7500,0,0,37,0,52.895000
5386,89.7667,0,0,34,0,52.682000
5387,89.7833,0,0,36,0,52.984000
5388,89.8000,0,0,40,0,52.361000
5389,89.8167,0,0,35,0,50.390000
5390,89.8333,0,0,38,0,52.843000
5391,89.8500,0,0,37,0,52.517000
5392,89.8667,0,0,37,0,53.013000
5393,89.8833,0,0,37,0,53.258000
5394,89.9000,0,0,34,0,51.086000
5395,89.9167,0,0,37,0,52.798000
5396,89.9333,0,0,37,0,53.072000
5397,89.9500,0,0,38,0,53.363000
5398,89.9667,0,0,35,0,52.434000
5399,89.9833,0,0,38,0,53.032000
5400,90.0000,0,0,33,0,53.099000
5401,90.0167,0,0,37,0,52.393000
5402,90.0333,0,0,37,0,51.342000
5403,90.0500,0,0,37,0,52.516000
5404,90.0667,0,0,36,0,52.920000
5405,90.0833,0,0,40,0,52.987000
5406,90.1000,0,0,37,0,52.250000
5407,90.1167,0,0,33,0,52.897000
5408,90.1333,0,0,32,0,52.270000
5409,90.1500,0,0,38,0,52.482000
5410,90.1667,0,0,36,0,51.227000
5411,90.1833,0,0,33,0,53.050000
5412,90.2000,0,0,36,0,51.991000
5413,90.2167,0,0,34,0,52.229000
5414,90.2333,0,0,37,0,53.223000
5415,90.2500,0,0,37,0,52.777000
5416,90.2667,0,0,39,0,52.646000
5417,90.2833,0,0,35,0,50.712000
5418,90.3000,0,0,35,0,53.259000
5419,90.3167,0,0,34,0,52.914000
5420,90.3333,0,0,37,0,52.221000
5421,90.3500,0,0,33,0,52.576000
5422,90.3667,0,0,36,0,52.914000
5423,90.3833,0,0,36,0,53.011000
5424,90.4000,0,0,38,0,50.930000
5425,90.4167,0,0,41,0,52.731000
5426,90.4333,0,0,34,0,52.341000
5427,90.4500,0,0,38,0,52.804000
5428,90.4667,0,0,37,0,52.684000
5429,90.4833,0,0,35,0,53.052000
5430,90.5000,0,0,33,0,51.520000
5431,90.5167,0,0,41,0,51.009000
5432,90.5333,0,0,34,0,52.735000
5433,90.5500,0,0,42,0,52.906000
5434,90.5667,0,0,38,0,52.698000
5435,90.5833,0,0,37,0,52.984000
5436,90.6000,0,0,37,0,51.249000
5437,90.6167,0,0,33,0,52.719000
5438,90.6333,0,0,36,0,52.990000
5439,90.6500,0,0,36,0,52.999000
5440,90.6667,0,0,35,0,52.553000
5441,90.6833,0,0,40,0,52.378000
5442,90.7000,0,0,38,0,52.829000
5443,90.7167,0,0,36,0,51.382000
5444,90.7333,0,0,37,0,52.085000
5445,90.7500,0,0,37,0,53.061000
5446,90.7667,0,0,40,0,52.516000
5447,90.7833,0,0,38,0,53.163000
5448,90.8000,0,0,36,0,52.591000
5449,90.8167,0,0,39,0,51.298000
5450,90.8333,0,0,39,0,53.189000
5451,90.8500,0,0,34,0,52.764000
5452,90.8667,0,0,41,0,53.174000
5453,90.8833,0,0,34,0,52.491000
5454,90.9000,0,0,34,0,53.228000
5455,90.9167,0,0,36,0,52.981000
5456,90.9333,0,0,34,0,51.828000
5457,90.9500,0,0,40,0,51.586000
5458,90.9667,0,0,35,0,53.203000
5459,90.9833,0,0,38,0,52.991000
5460,91.0000,0,0,32,0,52.367000
5461,91.0167,0,0,42,0,52.643000
5462,91.0333,0,0,39,0,52.589000
5463,91.0500,0,0,33,0,51.903000
5464,91.0667,0,0,40,0,52.069000
5465,91.0833,0,0,34,0,53.076000
5466,91.1000,0,0,39,0,52.527000
5467,91.1167,0,0,34,0,52.620000
5468,91.1333,0,0,33,0,52.672000
5469,91.1500,0,0,38,0,52.918000
5470,91.1667,0,0,37,0,50.789000
5471,91.1833,0,0,36,0,52.981000
5472,91.2000,0,0,35,0,52.325000
5473,91.2167,0,0,41,0,52.103000
5474,91.2333,0,0,34,0,53.006000
5475,91.2500,0,0,36,0,53.209000
5476,91.2667,0,0,39,0,51.140000
5477,91.2833,0,0,39,0,52.471000
5478,91.3000,0,0,36,0,53.214000
5479,91.3167,0,0,38,0,52.027000
5480,91.3333,0,0,39,0,53.176000
5481,91.3500,0,0,33,0,53.147000
5482,91.3667,0,0,37,0,53.501000
5483,91.3833,0,0,36,0,52.961000
5484,91.4000,0,0,38,0,51.666000
5485,91.4167,0,0,35,0,53.502000
5486,91.4333,0,0,42,0,52.587000
5487,91.4500,0,0,36,0,53.502000
5488,91.4667,0,0,42,0,53.266000
5489,91.4833,0,0,32,0,52.972000
5490,91.5000,0,0,38,0,52.911000
5491,91.5167,0,0,34,0,53.398000
5492,91.5333,0,0,35,0,51.229000
5493,91.5500,0,0,38,0,53.369000
5494,91.5667,0,0,37,0,52.844000
5495,91.5833,0,0,36,0,52.753000
5496,91.6000,0,0,42,0,53.335000
5497,91.6167,0,0,37,0,53.502000
5498,91.6333,0,0,36,0,52.163000
5499,91.6500,0,0,39,0,51.746000
5500,91.6667,0,0,35,0,53.150000
5501,91.6833,0,0,36,0,53.462000
5502,91.7000,0,0,34,0,52.610000
5503,91.7167,0,0,39,0,53.291000
5504,91.7333,0,0,36,0,51.487000
5505,91.7500,0,0,39,0,52.148000
5506,91.7667,0,0,35,0,52.693000
5507,91.7833,0,0,36,0,53.735000
5508,91.8000,0,0,34,0,52.850000
5509,91.8167,0,0,35,0,52.505000
5510,91.8333,0,0,34,0,51.472000
5511,91.8500,0,0,39,0,53.468000
5512,91.8667,0,0,38,0,52.608000
5513,91.8833,0,0,38,0,52.935000
5514,91.9000,0,0,34,0,53.514000
5515,91.9167,0,0,33,0,52.775000
5516,91.9333,0,0,35,0,53.580000
5517,91.9500,0,0,36,0,50.948000
5518,91.9667,0,0,38,0,53.162000
5519,91.9833,0,0,34,0,52.541000
5520,92.0000,0,0,40,0,53.044000
5521,92.0167,0,0,37,0,53.040000
5522,92.0333,0,0,36,0,53.450000
5523,92.0500,0,0,36,0,51.570000
5524,92.0667,0,0,39,0,52.554000
5525,92.0833,0,0,36,0,53.532000
5526,92.1000,0,0,38,0,52.816000
5527,92.1167,0,0,39,0,52.789000
5528,92.1333,0,0,36,0,52.939000
5529,92.1500,0,0,37,0,52.832000
5530,92.1667,0,0,33,0,53.302000
5531,92.1833,0,0,35,0,54.106000
5532,92.2000,0,0,37,0,52.104000
5533,92.2167,0,0,38,0,53.540000
5534,92.2333,0,0,35,0,53.407000
5535,92.2500,0,0,38,0,52.772000
5536,92.2667,0,0,33,0,52.926000
5537,92.2833,0,0,36,0,52.837000
5538,92.3000,0,0,35,0,51.548000
5539,92.3167,0,0,38,0,53.220000
5540,92.3333,0,0,41,0,53.039000
5541,92.3500,0,0,35,0,52.839000
5542,92.3667,0,0,43,0,53.070000
5543,92.3833,0,0,35,0,53.517000
5544,92.4000,0,0,41,0,53.382000
5545,92.4167,0,0,36,0,51.300000
5546,92.4333,0,0,38,0,52.447000
5547,92.4500,0,0,39,0,53.537000
5548,92.4667,0,0,36,0,51.894000
5549,92.4833,0,0,36,0,52.305000
5550,92.5000,0,0,34,0,52.911000
5551,92.5167,0,0,38,0,53.370000
5552,92.5333,0,0,34,0,53.882000
5553,92.5500,0,0,38,0,52.399000
5554,92.5667,0,0,40,0,52.823000
5555,92.5833,0,0,37,0,51.606000
5556,92.6000,0,0,36,0,52.911000
5557,92.6167,0,0,36,0,53.222000
5558,92.6333,0,0,35,0,53.226000
5559,92.6500,0,0,41,0,52.956000
5560,92.6667,0,0,34,0,52.622000
5561,92.6833,0,0,40,0,51.395000
5562,92.7000,0,0,37,0,53.234000
5563,92.7167,0,0,45,0,54.156000
5564,92.7333,0,0,34,0,53.573000
5565,92.7500,0,0,38,0,53.844000
5566,92.7667,0,0,37,0,52.643000
5567,92.7833,0,0,32,0,50.993000
5568,92.8000,0,0,36,0,52.613000
5569,92.8167,0,0,38,0,53.368000
5570,92.8333,0,0,39,0,52.987000
5571,92.8500,0,0,38,0,52.423000
5572,92.8667,0,0,34,0,52.704000
5573,92.8833,0,0,38,0,51.768000
5574,92.9000,0,0,33,0,53.321000
5575,92.9167,0,0,34,0,53.563000
5576,92.9333,0,0,38,0,52.491000
5577,92.9500,0,0,39,0,52.845000
5578,92.9667,0,0,36,0,51.750000
5579,92.9833,0,0,39,0,52.661000
5580,93.0000,0,0,38,0,53.112000
5581,93.0167,0,0,33,0,52.887000
5582,93.0333,0,0,37,0,52.579000
5583,93.0500,0,0,35,0,53.042000
5584,93.0667,0,0,37,0,52.979000
5585,93.0833,0,0,36,0,53.198000
5586,93.1000,0,0,33,0,51.378000
5587,93.1167,0,0,40,0,53.220000
5588,93.1333,0,0,36,0,52.491000
5589,93.1500,0,0,38,0,53.023000
5590,93.1667,0,0,37,0,52.767000
5591,93.1833,0,0,34,0,50.877000
5592,93.2000,0,0,36,0,53.385000
5593,93.2167,0,0,33,0,52.376000
5594,93.2333,0,0,42,0,53.458000
5595,93.2500,0,0,36,0,53.231000
5596,93.2667,0,0,38,0,52.445000
5597,93.2833,0,0,34,0,53.287000
5598,93.3000,0,0,38,0,52.781000
5599,93.3167,0,0,35,0,51.698000
5600,93.3333,0,0,37,0,53.118000
5601,93.3500,0,0,39,0,53.027000
5602,93.3667,0,0,34,0,53.593000
5603,93.3833,0,0,39,0,53.114000
5604,93.4000,0,0,36,0,51.212000
5605,93.4167,0,0,37,0,52.708000
5606,93.4333,0,0,36,0,52.718000
5607,93.4500,0,0,35,0,53.472000
5608,93.4667,0,0,41,0,52.086000
5609,93.4833,0,0,40,0,53.378000
5610,93.5000,0,0,38,0,53.033000
5611,93.5167,0,0,39,0,50.810000
5612,93.5333,0,0,35,0,53.537000
5613,93.5500,0,0,40,0,52.127000
5614,93.5667,0,0,35,0,53.096000
5615,93.5833,0,0,39,0,51.342000
5616,93.6000,0,0,35,0,53.196000
5617,93.6167,0,0,34,0,53.581000
5618,93.6333,0,0,39,0,52.923000
5619,93.6500,0,0,36,0,53.068000
5620,93.6667,0,0,37,0,52.375000
5621,93.6833,0,0,38,0,52.599000
5622,93.7000,0,0,35,0,51.943000
5623,93.7167,0,0,39,0,52.847000
5624,93.7333,0,0,40,0,52.797000
5625,93.7500,0,0,33,0,52.787000
5626,93.7667,0,0,38,0,53.192000
5627,93.7833,0,0,38,0,53.230000
5628,93.8000,0,0,34,0,51.467000
5629,93.8167,0,0,34,0,52.849000
5630,93.8333,0,0,43,0,52.520000
5631,93.8500,0,0,42,0,53.345000
5632,93.8667,0,0,31,0,52.683000
5633,93.8833,0,0,36,0,53.501000
5634,93.9000,0,0,36,0,51.100000
5635,93.9167,0,0,37,0,53.244000
5636,93.9333,0,0,38,0,52.887000
5637,93.9500,0,0,35,0,52.882000
5638,93.9667,0,0,36,0,52.391000
5639,93.9833,0,0,34,0,51.468000
5640,94.0000,0,0,38,0,53.604000
5641,94.0167,0,0,37,0,51.993000
5642,94.0333,0,0,37,0,53.501000
5643,94.0500,0,0,36,0,53.017000
5644,94.0667,0,0,37,0,53.686000
5645,94.0833,0,0,37,0,52.632000
5646,94.1000,0,0,38,0,51.750000
5647,94.1167,0,0,36,0,52.839000
5648,94.1333,0,0,41,0,53.329000
5649,94.1500,0,0,33,0,52.400000
5650,94.1667,0,0,37,0,52.694000
5651,94.1833,0,0,38,0,53.499000
5652,94.2000,0,0,35,0,52.773000
5653,94.2167,0,0,35,0,50.753000
5654,94.2333,0,0,39,0,52.096000
5655,94.2500,0,0,37,0,52.905000
5656,94.2667,0,0,36,0,52.210000
5657,94.2833,0,0,37,0,52.956000
5658,94.3000,0,0,38,0,50.933000
5659,94.3167,0,0,39,0,53.397000
5660,94.3333,0,0,40,0,51.795000
5661,94.3500,0,0,38,0,53.177000
5662,94.3667,0,0,34,0,52.833000
5663,94.3833,0,0,33,0,51.201000
5664,94.4000,0,0,36,0,52.646000
5665,94.4167,0,0,37,0,53.354000
5666,94.4333,0,0,37,0,52.538000
5667,94.4500,0,0,35,0,52.844000
5668,94.4667,0,0,37,0,52.624000
5669,94.4833,0,0,33,0,52.901000
5670,94.5000,0,0,39,0,51.185000
5671,94.5167,0,0,35,0,53.509000
5672,94.5333,0,0,35,0,52.094000
5673,94.5500,0,0,37,0,52.589000
5674,94.5667,0,0,36,0,51.612000
5675,94.5833,0,0,38,0,51.912000
5676,94.6000,0,0,38,0,53.075000
5677,94.6167,0,0,36,0,52.202000
5678,94.6333,0,0,38,0,52.768000
5679,94.6500,0,0,37,0,51.742000
5680,94.6667,0,0,39,0,51.215000
5681,94.6833,0,0,36,0,52.849000
5682,94.7000,0,0,33,0,52.356000
5683,94.7167,0,0,36,0,53.116000
5684,94.7333,0,0,35,0,52.731000
5685,94.7500,0,0,38,0,52.947000
5686,94.7667,0,0,37,0,51.290000
5687,94.7833,0,0,42,0,52.988000
5688,94.8000,0,0,34,0,52.588000
5689,94.8167,0,0,40,0,52.654000
5690,94.8333,0,0,33,0,52.783000
5691,94.8500,0,0,40,0,50.880000
5692,94.8667,0,0,34,0,53.287000
5693,94.8833,0,0,38,0,52.834000
5694,94.9000,0,0,33,0,52.123000
5695,94.9167,0,0,39,0,53.020000
5696,94.9333,0,0,39,0,52.806000
5697,94.9500,0,0,39,0,51.813000
5698,94.9667,0,0,34,0,52.868000
5699,94.9833,0,0,40,0,50.740000
5700,95.0000,0,0,36,0,53.096000
5701,95.0167,0,0,33,0,52.435000
5702,95.0333,0,0,36,0,52.557000
5703,95.0500,0,0,35,0,52.874000
5704,95.0667,0,0,40,0,50.997000
5705,95.0833,0,0,34,0,52.784000
5706,95.1000,0,0,34,0,52.510000
5707,95.1167,0,0,35,0,52.688000
5708,95.1333,0,0,38,0,53.154000
5709,95.1500,0,0,38,0,52.221000
5710,95.1667,0,0,34,0,50.581000
5711,95.1833,0,0,40,0,52.605000
5712,95.2000,0,0,34,0,53.064000
5713,95.2167,0,0,37,0,52.764000
5714,95.2333,0,0,34,0,53.163000
5715,95.2500,0,0,38,0,52.729000
5716,95.2667,0,0,36,0,51.919000
5717,95.2833,0,0,39,0,51.372000
5718,95.3000,0,0,40,0,52.630000
5719,95.3167,0,0,39,0,52.577000
5720,95.3333,0,0,31,0,52.615000
5721,95.3500,0,0,37,0,51.828000
5722,95.3667,0,0,37,0,52.243000
5723,95.3833,0,0,37,0,53.229000
5724,95.4000,0,0,39,0,51.823000
5725,95.4167,0,0,34,0,51.503000
5726,95.4333,0,0,40,0,53.133000
5727,95.4500,0,0,33,0,52.670000
5728,95.4667,0,0,38,0,52.706000
5729,95.4833,0,0,34,0,52.614000
5730,95.5000,0,0,39,0,50.275000
5731,95.5167,0,0,37,0,52.669000
5732,95.5333,0,0,33,0,53.435000
5733,95.5500,0,0,36,0,52.440000
5734,95.5667,0,0,37,0,52.500000
5735,95.5833,0,0,35,0,52.807000
5736,95.6000,0,0,42,0,52.977000
5737,95.6167,0,0,34,0,52.659000
5738,95.6333,0,0,34,0,51.479000
5739,95.6500,0,0,36,0,52.564000
5740,95.6667,0,0,39,0,52.046000
5741,95.6833,0,0,35,0,53.135000
5742,95.7000,0,0,33,0,53.449000
5743,95.7167,0,0,35,0,52.420000
5744,95.7333,0,0,37,0,50.670000
5745,95.7500,0,0,38,0,53.117000
5746,95.7667,0,0,38,0,52.781000
5747,95.7833,0,0,36,0,53.066000
5748,95.8000,0,0,35,0,52.481000
5749,95.8167,0,0,36,0,52.643000
5750,95.8333,0,0,36,0,52.612000
5751,95.8500,0,0,35,0,50.772000
5752,95.8667,0,0,33,0,53.019000
5753,95.8833,0,0,40,0,52.429000
5754,95.9000,0,0,40,0,52.848000
5755,95.9167,0,0,35,0,52.703000
5756,95.9333,0,0,34,0,53.241000
5757,95.9500,0,0,36,0,52.057000
5758,95.9667,0,0,37,0,51.105000
5759,95.9833,0,0,36,0,52.546000
5760,96.0000,0,0,38,0,52.259000
5761,96.0167,0,0,33,0,53.280000
5762,96.0333,0,0,36,0,52.208000
5763,96.0500,0,0,37,0,52.990000
5764,96.0667,0,0,38,0,52.403000
5765,96.0833,0,0,35,0,51.773000
5766,96.1000,0,0,36,0,52.157000
5767,96.1167,0,0,40,0,52.754000
5768,96.1333,0,0,34,0,52.573000
5769,96.1500,0,0,36,0,52.776000
5770,96.1667,0,0,35,0,51.148000
5771,96.1833,0,0,35,0,52.864000
5772,96.2000,0,0,38,0,53.176000
5773,96.2167,0,0,37,0,51.858000
5774,96.2333,0,0,38,0,52.922000
5775,96.2500,0,0,40,0,50.420000
5776,96.2667,0,0,38,0,52.707000
5777,96.2833,0,0,37,0,52.942000
5778,96.3000,0,0,36,0,52.702000
5779,96.3167,0,0,39,0,53.475000
5780,96.3333,0,0,38,0,51.844000
5781,96.3500,0,0,29,0,44.109000
5782,96.3667,0,0,40,0,52.738000
5783,96.3833,0,0,31,0,50.893000
5784,96.4000,0,0,37,0,52.842000
5785,96.4167,0,0,39,0,52.420000
5786,96.4333,0,0,33,0,52.223000
5787,96.4500,0,0,37,0,53.188000
5788,96.4667,0,0,38,0,53.305000
5789,96.4833,0,0,34,0,51.389000
5790,96.5000,0,0,38,0,51.744000
5791,96.5167,0,0,34,0,53.492000
5792,96.5333,0,0,40,0,51.481000
5793,96.5500,0,0,34,0,53.525000
5794,96.5667,0,0,36,0,52.847000
5795,96.5833,0,0,34,0,53.054000
5796,96.6000,0,0,22,0,34.143000
