{
  "B_read_MBps": 2368,
  "B_write_MBps": 1484,
  "rate_limiter_MBps": 0,
  "p_stall_mean": 0.4531,
  "read_share": {
    "L0": 0.3191489361702127,
    "L1": 0.40425531914893614,
    "L2": 0.19148936170212766,
    "L3": 0.0851063829787234
  },
  "write_share": {
    "L0": 0.19042026771258522,
    "L1": 0.11812190728114381,
    "L2": 0.4524319886894853,
    "L3": 0.23902583631678562
  }
}
