{
  "fio version" : "fio-3.28",
  "timestamp" : 1757418111,
  "timestamp_ms" : 1757418111158,
  "time" : "Tue Sep  9 07:41:51 2025",
  "jobs" : [
    {
      "jobname" : "mixed_io",
      "groupid" : 0,
      "error" : 0,
      "eta" : 0,
      "elapsed" : 41,
      "job options" : {
        "name" : "mixed_io",
        "filename" : "/dev/nvme1n1p2",
        "rw" : "randrw",
        "rwmixread" : "50",
        "bs" : "1024k",
        "ioengine" : "libaio",
        "iodepth" : "64",
        "numjobs" : "2",
        "runtime" : "30",
        "ramp_time" : "10",
        "direct" : "1"
      },
      "read" : {
        "io_bytes" : 40811626496,
        "io_kbytes" : 39855104,
        "bw_bytes" : 1358440451,
        "bw" : 1326602,
        "iops" : 1292.780348,
        "runtime" : 30043,
        "total_ios" : 38839,
        "short_ios" : 0,
        "drop_ios" : 0,
        "slat_ns" : {
          "min" : 55772,
          "max" : 443476,
          "mean" : 168443.739566,
          "stddev" : 39099.616484,
          "N" : 38839
        },
        "clat_ns" : {
          "min" : 17389897,
          "max" : 115968189,
          "mean" : 61960149.148146,
          "stddev" : 7557968.770641,
          "N" : 38921,
          "percentile" : {
            "1.000000" : 44826624,
            "5.000000" : 52690944,
            "10.000000" : 54263808,
            "20.000000" : 56885248,
            "30.000000" : 58458112,
            "40.000000" : 60030976,
            "50.000000" : 61079552,
            "60.000000" : 62652416,
            "70.000000" : 64225280,
            "80.000000" : 66322432,
            "90.000000" : 69730304,
            "95.000000" : 73924608,
            "99.000000" : 86507520,
            "99.500000" : 90701824,
            "99.900000" : 103284736,
            "99.950000" : 107479040,
            "99.990000" : 113770496
          }
        },
        "lat_ns" : {
          "min" : 17616479,
          "max" : 116138558,
          "mean" : 62129130.761774,
          "stddev" : 7556365.165825,
          "N" : 38921
        },
        "bw_min" : 1149177,
        "bw_max" : 1489827,
        "bw_agg" : 100.000000,
        "bw_mean" : 1327788.333333,
        "bw_dev" : 40433.159064,
        "bw_samples" : 120,
        "iops_min" : 1122,
        "iops_max" : 1454,
        "iops_mean" : 1296.216667,
        "iops_stddev" : 39.418204,
        "iops_samples" : 120
      },
      "write" : {
        "io_bytes" : 40585134080,
        "io_kbytes" : 39633920,
        "bw_bytes" : 1350901510,
        "bw" : 1319239,
        "iops" : 1286.855507,
        "runtime" : 30043,
        "total_ios" : 38661,
        "short_ios" : 0,
        "drop_ios" : 0,
        "slat_ns" : {
          "min" : 92059,
          "max" : 1106899,
          "mean" : 235072.883293,
          "stddev" : 53441.980394,
          "N" : 38661
        },
        "clat_ns" : {
          "min" : 343115,
          "max" : 79869886,
          "mean" : 36714617.540344,
          "stddev" : 5477056.195991,
          "N" : 38705,
          "percentile" : {
            "1.000000" : 20840448,
            "5.000000" : 31588352,
            "10.000000" : 32636928,
            "20.000000" : 33816576,
            "30.000000" : 34865152,
            "40.000000" : 35389440,
            "50.000000" : 36438016,
            "60.000000" : 36962304,
            "70.000000" : 38010880,
            "80.000000" : 39059456,
            "90.000000" : 40632320,
            "95.000000" : 43253760,
            "99.000000" : 58458112,
            "99.500000" : 61079552,
            "99.900000" : 70778880,
            "99.950000" : 74973184,
            "99.990000" : 77070336
          }
        },
        "lat_ns" : {
          "min" : 605979,
          "max" : 80096190,
          "mean" : 36950312.304819,
          "stddev" : 5474853.500171,
          "N" : 38705
        },
        "bw_min" : 1141860,
        "bw_max" : 1459674,
        "bw_agg" : 100.000000,
        "bw_mean" : 1321498.583333,
        "bw_dev" : 34487.276694,
        "bw_samples" : 120,
        "iops_min" : 1115,
        "iops_max" : 1425,
        "iops_mean" : 1290.083333,
        "iops_stddev" : 33.621070,
        "iops_samples" : 120
      },
      "trim" : {
        "io_bytes" : 0,
        "io_kbytes" : 0,
        "bw_bytes" : 0,
        "bw" : 0,
        "iops" : 0.000000,
        "runtime" : 0,
        "total_ios" : 0,
        "short_ios" : 0,
        "drop_ios" : 0,
        "slat_ns" : {
          "min" : 0,
          "max" : 0,
          "mean" : 0.000000,
          "stddev" : 0.000000,
          "N" : 0
        },
        "clat_ns" : {
          "min" : 0,
          "max" : 0,
          "mean" : 0.000000,
          "stddev" : 0.000000,
          "N" : 0
        },
        "lat_ns" : {
          "min" : 0,
          "max" : 0,
          "mean" : 0.000000,
          "stddev" : 0.000000,
          "N" : 0
        },
        "bw_min" : 0,
        "bw_max" : 0,
        "bw_agg" : 0.000000,
        "bw_mean" : 0.000000,
        "bw_dev" : 0.000000,
        "bw_samples" : 0,
        "iops_min" : 0,
        "iops_max" : 0,
        "iops_mean" : 0.000000,
        "iops_stddev" : 0.000000,
        "iops_samples" : 0
      },
      "sync" : {
        "total_ios" : 0,
        "lat_ns" : {
          "min" : 0,
          "max" : 0,
          "mean" : 0.000000,
          "stddev" : 0.000000,
          "N" : 0
        }
      },
      "job_runtime" : 60084,
      "usr_cpu" : 7.877305,
      "sys_cpu" : 23.571999,
      "ctx" : 46775,
      "majf" : 0,
      "minf" : 121,
      "iodepth_level" : {
        "1" : 0.000000,
        "2" : 0.000000,
        "4" : 0.000000,
        "8" : 0.000000,
        "16" : 0.000000,
        "32" : 0.000000,
        ">=64" : 100.000000
      },
      "iodepth_submit" : {
        "0" : 0.000000,
        "4" : 100.000000,
        "8" : 0.000000,
        "16" : 0.000000,
        "32" : 0.000000,
        "64" : 0.000000,
        ">=64" : 0.000000
      },
      "iodepth_complete" : {
        "0" : 0.000000,
        "4" : 99.997419,
        "8" : 0.000000,
        "16" : 0.000000,
        "32" : 0.000000,
        "64" : 0.100000,
        ">=64" : 0.000000
      },
      "latency_ns" : {
        "2" : 0.000000,
        "4" : 0.000000,
        "10" : 0.000000,
        "20" : 0.000000,
        "50" : 0.000000,
        "100" : 0.000000,
        "250" : 0.000000,
        "500" : 0.000000,
        "750" : 0.000000,
        "1000" : 0.000000
      },
      "latency_us" : {
        "2" : 0.000000,
        "4" : 0.000000,
        "10" : 0.000000,
        "20" : 0.000000,
        "50" : 0.000000,
        "100" : 0.000000,
        "250" : 0.000000,
        "500" : 0.010000,
        "750" : 0.010000,
        "1000" : 0.010000
      },
      "latency_ms" : {
        "2" : 0.018065,
        "4" : 0.047742,
        "10" : 0.149677,
        "20" : 0.254194,
        "50" : 49.129032,
        "100" : 50.454194,
        "250" : 0.098065,
        "500" : 0.000000,
        "750" : 0.000000,
        "1000" : 0.000000,
        "2000" : 0.000000,
        ">=2000" : 0.000000
      },
      "latency_depth" : 64,
      "latency_target" : 0,
      "latency_percentile" : 100.000000,
      "latency_window" : 0
    }
  ],
  "disk_util" : [
    {
      "name" : "nvme1n1",
      "read_ios" : 405752,
      "write_ios" : 406488,
      "read_merges" : 0,
      "write_merges" : 0,
      "read_ticks" : 25095008,
      "write_ticks" : 15011742,
      "in_queue" : 40106749,
      "util" : 81.749002
    }
  ]
}
