{
  "fio version" : "fio-3.28",
  "timestamp" : 1757414192,
  "timestamp_ms" : 1757414192335,
  "time" : "Tue Sep  9 06:36:32 2025",
  "jobs" : [
    {
      "jobname" : "mixed_io",
      "groupid" : 0,
      "error" : 0,
      "eta" : 0,
      "elapsed" : 41,
      "job options" : {
        "name" : "mixed_io",
        "filename" : "/dev/nvme1n1p2",
        "rw" : "randrw",
        "rwmixread" : "0",
        "bs" : "64k",
        "ioengine" : "libaio",
        "iodepth" : "1",
        "numjobs" : "4",
        "runtime" : "30",
        "ramp_time" : "10",
        "direct" : "1"
      },
      "read" : {
        "io_bytes" : 0,
        "io_kbytes" : 0,
        "bw_bytes" : 0,
        "bw" : 0,
        "iops" : 0.000000,
        "runtime" : 0,
        "total_ios" : 0,
        "short_ios" : 0,
        "drop_ios" : 0,
        "slat_ns" : {
          "min" : 0,
          "max" : 0,
          "mean" : 0.000000,
          "stddev" : 0.000000,
          "N" : 0
        },
        "clat_ns" : {
          "min" : 0,
          "max" : 0,
          "mean" : 0.000000,
          "stddev" : 0.000000,
          "N" : 0
        },
        "lat_ns" : {
          "min" : 0,
          "max" : 0,
          "mean" : 0.000000,
          "stddev" : 0.000000,
          "N" : 0
        },
        "bw_min" : 0,
        "bw_max" : 0,
        "bw_agg" : 0.000000,
        "bw_mean" : 0.000000,
        "bw_dev" : 0.000000,
        "bw_samples" : 0,
        "iops_min" : 0,
        "iops_max" : 0,
        "iops_mean" : 0.000000,
        "iops_stddev" : 0.000000,
        "iops_samples" : 0
      },
      "write" : {
        "io_bytes" : 51039764480,
        "io_kbytes" : 49843520,
        "bw_bytes" : 1701268773,
        "bw" : 1661395,
        "iops" : 25959.234692,
        "runtime" : 30001,
        "total_ios" : 778803,
        "short_ios" : 0,
        "drop_ios" : 0,
        "slat_ns" : {
          "min" : 7403,
          "max" : 301405,
          "mean" : 23953.388833,
          "stddev" : 10235.141072,
          "N" : 778805
        },
        "clat_ns" : {
          "min" : 1830,
          "max" : 20479930,
          "mean" : 126010.407800,
          "stddev" : 200384.526306,
          "N" : 778803,
          "percentile" : {
            "1.000000" : 34048,
            "5.000000" : 34560,
            "10.000000" : 35584,
            "20.000000" : 41728,
            "30.000000" : 56064,
            "40.000000" : 67072,
            "50.000000" : 74240,
            "60.000000" : 90624,
            "70.000000" : 144384,
            "80.000000" : 195584,
            "90.000000" : 264192,
            "95.000000" : 350208,
            "99.000000" : 585728,
            "99.500000" : 708608,
            "99.900000" : 1019904,
            "99.950000" : 1253376,
            "99.990000" : 6389760
          }
        },
        "lat_ns" : {
          "min" : 37527,
          "max" : 20497760,
          "mean" : 150375.513927,
          "stddev" : 201718.234657,
          "N" : 778803
        },
        "bw_min" : 1453696,
        "bw_max" : 1896344,
        "bw_agg" : 100.000000,
        "bw_mean" : 1662811.267514,
        "bw_dev" : 24531.149178,
        "bw_samples" : 239,
        "iops_min" : 22714,
        "iops_max" : 29630,
        "iops_mean" : 25980.576836,
        "iops_stddev" : 383.291501,
        "iops_samples" : 239
      },
      "trim" : {
        "io_bytes" : 0,
        "io_kbytes" : 0,
        "bw_bytes" : 0,
        "bw" : 0,
        "iops" : 0.000000,
        "runtime" : 0,
        "total_ios" : 0,
        "short_ios" : 0,
        "drop_ios" : 0,
        "slat_ns" : {
          "min" : 0,
          "max" : 0,
          "mean" : 0.000000,
          "stddev" : 0.000000,
          "N" : 0
        },
        "clat_ns" : {
          "min" : 0,
          "max" : 0,
          "mean" : 0.000000,
          "stddev" : 0.000000,
          "N" : 0
        },
        "lat_ns" : {
          "min" : 0,
          "max" : 0,
          "mean" : 0.000000,
          "stddev" : 0.000000,
          "N" : 0
        },
        "bw_min" : 0,
        "bw_max" : 0,
        "bw_agg" : 0.000000,
        "bw_mean" : 0.000000,
        "bw_dev" : 0.000000,
        "bw_samples" : 0,
        "iops_min" : 0,
        "iops_max" : 0,
        "iops_mean" : 0.000000,
        "iops_stddev" : 0.000000,
        "iops_samples" : 0
      },
      "sync" : {
        "total_ios" : 0,
        "lat_ns" : {
          "min" : 0,
          "max" : 0,
          "mean" : 0.000000,
          "stddev" : 0.000000,
          "N" : 0
        }
      },
      "job_runtime" : 120000,
      "usr_cpu" : 7.829167,
      "sys_cpu" : 22.591667,
      "ctx" : 778646,
      "majf" : 0,
      "minf" : 241,
      "iodepth_level" : {
        "1" : 100.000000,
        "2" : 0.000000,
        "4" : 0.000000,
        "8" : 0.000000,
        "16" : 0.000000,
        "32" : 0.000000,
        ">=64" : 0.000000
      },
      "iodepth_submit" : {
        "0" : 0.000000,
        "4" : 100.000000,
        "8" : 0.000000,
        "16" : 0.000000,
        "32" : 0.000000,
        "64" : 0.000000,
        ">=64" : 0.000000
      },
      "iodepth_complete" : {
        "0" : 0.000000,
        "4" : 100.000000,
        "8" : 0.000000,
        "16" : 0.000000,
        "32" : 0.000000,
        "64" : 0.000000,
        ">=64" : 0.000000
      },
      "latency_ns" : {
        "2" : 0.000000,
        "4" : 0.000000,
        "10" : 0.000000,
        "20" : 0.000000,
        "50" : 0.000000,
        "100" : 0.000000,
        "250" : 0.000000,
        "500" : 0.000000,
        "750" : 0.000000,
        "1000" : 0.000000
      },
      "latency_us" : {
        "2" : 0.010000,
        "4" : 0.010000,
        "10" : 0.010000,
        "20" : 0.010914,
        "50" : 26.889727,
        "100" : 35.873899,
        "250" : 25.790476,
        "500" : 9.715936,
        "750" : 1.321515,
        "1000" : 0.280174
      },
      "latency_ms" : {
        "2" : 0.085259,
        "4" : 0.011941,
        "10" : 0.010000,
        "20" : 0.010000,
        "50" : 0.010000,
        "100" : 0.000000,
        "250" : 0.000000,
        "500" : 0.000000,
        "750" : 0.000000,
        "1000" : 0.000000,
        "2000" : 0.000000,
        ">=2000" : 0.000000
      },
      "latency_depth" : 1,
      "latency_target" : 0,
      "latency_percentile" : 100.000000,
      "latency_window" : 0
    }
  ],
  "disk_util" : [
    {
      "name" : "nvme1n1",
      "read_ios" : 0,
      "write_ios" : 1033774,
      "read_merges" : 0,
      "write_merges" : 0,
      "read_ticks" : 0,
      "write_ticks" : 123358,
      "in_queue" : 123358,
      "util" : 73.122224
    }
  ]
}
