{
  "fio version" : "fio-3.28",
  "timestamp" : 1757416939,
  "timestamp_ms" : 1757416939701,
  "time" : "Tue Sep  9 07:22:19 2025",
  "jobs" : [
    {
      "jobname" : "mixed_io",
      "groupid" : 0,
      "error" : 0,
      "eta" : 0,
      "elapsed" : 41,
      "job options" : {
        "name" : "mixed_io",
        "filename" : "/dev/nvme1n1p2",
        "rw" : "randrw",
        "rwmixread" : "50",
        "bs" : "4k",
        "ioengine" : "libaio",
        "iodepth" : "1",
        "numjobs" : "2",
        "runtime" : "30",
        "ramp_time" : "10",
        "direct" : "1"
      },
      "read" : {
        "io_bytes" : 1644965888,
        "io_kbytes" : 1606412,
        "bw_bytes" : 54830368,
        "bw" : 53545,
        "iops" : 13386.320456,
        "runtime" : 30001,
        "total_ios" : 401603,
        "short_ios" : 0,
        "drop_ios" : 0,
        "slat_ns" : {
          "min" : 2783,
          "max" : 112367,
          "mean" : 9492.096185,
          "stddev" : 6455.298071,
          "N" : 401603
        },
        "clat_ns" : {
          "min" : 1616,
          "max" : 8805001,
          "mean" : 102313.549899,
          "stddev" : 130923.376001,
          "N" : 401603,
          "percentile" : {
            "1.000000" : 28800,
            "5.000000" : 29312,
            "10.000000" : 29824,
            "20.000000" : 74240,
            "30.000000" : 75264,
            "40.000000" : 78336,
            "50.000000" : 79360,
            "60.000000" : 85504,
            "70.000000" : 91648,
            "80.000000" : 92672,
            "90.000000" : 175104,
            "95.000000" : 181248,
            "99.000000" : 790528,
            "99.500000" : 1187840,
            "99.900000" : 1515520,
            "99.950000" : 1581056,
            "99.990000" : 1728512
          }
        },
        "lat_ns" : {
          "min" : 25248,
          "max" : 8812682,
          "mean" : 112112.170106,
          "stddev" : 132008.316440,
          "N" : 401603
        },
        "bw_min" : 41847,
        "bw_max" : 60921,
        "bw_agg" : 99.943447,
        "bw_mean" : 53515.016949,
        "bw_dev" : 2121.432442,
        "bw_samples" : 118,
        "iops_min" : 10461,
        "iops_max" : 15230,
        "iops_mean" : 13378.372881,
        "iops_stddev" : 530.370797,
        "iops_samples" : 118
      },
      "write" : {
        "io_bytes" : 1648570368,
        "io_kbytes" : 1609932,
        "bw_bytes" : 54950513,
        "bw" : 53662,
        "iops" : 13415.652812,
        "runtime" : 30001,
        "total_ios" : 402483,
        "short_ios" : 0,
        "drop_ios" : 0,
        "slat_ns" : {
          "min" : 2701,
          "max" : 1069066,
          "mean" : 8953.147045,
          "stddev" : 6143.184739,
          "N" : 402483
        },
        "clat_ns" : {
          "min" : 1466,
          "max" : 162018,
          "mean" : 23327.119294,
          "stddev" : 5344.559925,
          "N" : 402483,
          "percentile" : {
            "1.000000" : 20096,
            "5.000000" : 20608,
            "10.000000" : 20864,
            "20.000000" : 20864,
            "30.000000" : 21120,
            "40.000000" : 21376,
            "50.000000" : 21632,
            "60.000000" : 21632,
            "70.000000" : 22144,
            "80.000000" : 23168,
            "90.000000" : 30080,
            "95.000000" : 35072,
            "99.000000" : 43776,
            "99.500000" : 44288,
            "99.900000" : 67072,
            "99.950000" : 75264,
            "99.990000" : 100864
          }
        },
        "lat_ns" : {
          "min" : 16072,
          "max" : 1089930,
          "mean" : 32583.534097,
          "stddev" : 8560.518605,
          "N" : 402483
        },
        "bw_min" : 42312,
        "bw_max" : 61753,
        "bw_agg" : 100.000000,
        "bw_mean" : 53671.694915,
        "bw_dev" : 2151.468874,
        "bw_samples" : 118,
        "iops_min" : 10578,
        "iops_max" : 15438,
        "iops_mean" : 13417.644068,
        "iops_stddev" : 537.896022,
        "iops_samples" : 118
      },
      "trim" : {
        "io_bytes" : 0,
        "io_kbytes" : 0,
        "bw_bytes" : 0,
        "bw" : 0,
        "iops" : 0.000000,
        "runtime" : 0,
        "total_ios" : 0,
        "short_ios" : 0,
        "drop_ios" : 0,
        "slat_ns" : {
          "min" : 0,
          "max" : 0,
          "mean" : 0.000000,
          "stddev" : 0.000000,
          "N" : 0
        },
        "clat_ns" : {
          "min" : 0,
          "max" : 0,
          "mean" : 0.000000,
          "stddev" : 0.000000,
          "N" : 0
        },
        "lat_ns" : {
          "min" : 0,
          "max" : 0,
          "mean" : 0.000000,
          "stddev" : 0.000000,
          "N" : 0
        },
        "bw_min" : 0,
        "bw_max" : 0,
        "bw_agg" : 0.000000,
        "bw_mean" : 0.000000,
        "bw_dev" : 0.000000,
        "bw_samples" : 0,
        "iops_min" : 0,
        "iops_max" : 0,
        "iops_mean" : 0.000000,
        "iops_stddev" : 0.000000,
        "iops_samples" : 0
      },
      "sync" : {
        "total_ios" : 0,
        "lat_ns" : {
          "min" : 0,
          "max" : 0,
          "mean" : 0.000000,
          "stddev" : 0.000000,
          "N" : 0
        }
      },
      "job_runtime" : 60000,
      "usr_cpu" : 8.913333,
      "sys_cpu" : 22.558333,
      "ctx" : 802968,
      "majf" : 0,
      "minf" : 122,
      "iodepth_level" : {
        "1" : 100.000000,
        "2" : 0.000000,
        "4" : 0.000000,
        "8" : 0.000000,
        "16" : 0.000000,
        "32" : 0.000000,
        ">=64" : 0.000000
      },
      "iodepth_submit" : {
        "0" : 0.000000,
        "4" : 100.000000,
        "8" : 0.000000,
        "16" : 0.000000,
        "32" : 0.000000,
        "64" : 0.000000,
        ">=64" : 0.000000
      },
      "iodepth_complete" : {
        "0" : 0.000000,
        "4" : 100.000000,
        "8" : 0.000000,
        "16" : 0.000000,
        "32" : 0.000000,
        "64" : 0.000000,
        ">=64" : 0.000000
      },
      "latency_ns" : {
        "2" : 0.000000,
        "4" : 0.000000,
        "10" : 0.000000,
        "20" : 0.000000,
        "50" : 0.000000,
        "100" : 0.000000,
        "250" : 0.000000,
        "500" : 0.000000,
        "750" : 0.000000,
        "1000" : 0.000000
      },
      "latency_us" : {
        "2" : 0.048129,
        "4" : 0.010571,
        "10" : 0.020271,
        "20" : 0.246367,
        "50" : 56.478536,
        "100" : 34.679748,
        "250" : 7.655649,
        "500" : 0.179334,
        "750" : 0.155083,
        "1000" : 0.161301
      },
      "latency_ms" : {
        "2" : 0.363394,
        "4" : 0.010000,
        "10" : 0.010000,
        "20" : 0.000000,
        "50" : 0.000000,
        "100" : 0.000000,
        "250" : 0.000000,
        "500" : 0.000000,
        "750" : 0.000000,
        "1000" : 0.000000,
        "2000" : 0.000000,
        ">=2000" : 0.000000
      },
      "latency_depth" : 1,
      "latency_target" : 0,
      "latency_percentile" : 100.000000,
      "latency_window" : 0
    }
  ],
  "disk_util" : [
    {
      "name" : "nvme1n1",
      "read_ios" : 518294,
      "write_ios" : 519458,
      "read_merges" : 0,
      "write_merges" : 0,
      "read_ticks" : 49920,
      "write_ticks" : 9694,
      "in_queue" : 59614,
      "util" : 67.590897
    }
  ]
}
