{
  "fio version" : "fio-3.28",
  "timestamp" : 1757418030,
  "timestamp_ms" : 1757418030312,
  "time" : "Tue Sep  9 07:40:30 2025",
  "jobs" : [
    {
      "jobname" : "mixed_io",
      "groupid" : 0,
      "error" : 0,
      "eta" : 0,
      "elapsed" : 41,
      "job options" : {
        "name" : "mixed_io",
        "filename" : "/dev/nvme1n1p2",
        "rw" : "randrw",
        "rwmixread" : "50",
        "bs" : "4k",
        "ioengine" : "libaio",
        "iodepth" : "64",
        "numjobs" : "2",
        "runtime" : "30",
        "ramp_time" : "10",
        "direct" : "1"
      },
      "read" : {
        "io_bytes" : 24789975040,
        "io_kbytes" : 24208960,
        "bw_bytes" : 826304957,
        "bw" : 806938,
        "iops" : 201730.408986,
        "runtime" : 30001,
        "total_ios" : 6052114,
        "short_ios" : 0,
        "drop_ios" : 0,
        "slat_ns" : {
          "min" : 1500,
          "max" : 121092,
          "mean" : 2393.946206,
          "stddev" : 1164.459356,
          "N" : 6052115
        },
        "clat_ns" : {
          "min" : 16461,
          "max" : 20719551,
          "mean" : 562312.952610,
          "stddev" : 559836.638572,
          "N" : 6052240,
          "percentile" : {
            "1.000000" : 68096,
            "5.000000" : 82432,
            "10.000000" : 100864,
            "20.000000" : 142336,
            "30.000000" : 183296,
            "40.000000" : 224256,
            "50.000000" : 288768,
            "60.000000" : 440320,
            "70.000000" : 741376,
            "80.000000" : 1138688,
            "90.000000" : 1433600,
            "95.000000" : 1564672,
            "99.000000" : 1777664,
            "99.500000" : 1859584,
            "99.900000" : 2244608,
            "99.950000" : 2899968,
            "99.990000" : 15138816
          }
        },
        "lat_ns" : {
          "min" : 19633,
          "max" : 20721244,
          "mean" : 564802.447699,
          "stddev" : 559801.845501,
          "N" : 6052240
        },
        "bw_min" : 676432,
        "bw_max" : 884904,
        "bw_agg" : 100.000000,
        "bw_mean" : 807352.850000,
        "bw_dev" : 20732.902703,
        "bw_samples" : 120,
        "iops_min" : 169108,
        "iops_max" : 221226,
        "iops_mean" : 201838.033333,
        "iops_stddev" : 5183.198871,
        "iops_samples" : 120
      },
      "write" : {
        "io_bytes" : 24786702336,
        "io_kbytes" : 24205764,
        "bw_bytes" : 826195871,
        "bw" : 806831,
        "iops" : 201707.943069,
        "runtime" : 30001,
        "total_ios" : 6051440,
        "short_ios" : 0,
        "drop_ios" : 0,
        "slat_ns" : {
          "min" : 1471,
          "max" : 131119,
          "mean" : 2332.457229,
          "stddev" : 1151.401042,
          "N" : 6051440
        },
        "clat_ns" : {
          "min" : 327,
          "max" : 23153122,
          "mean" : 66220.915055,
          "stddev" : 123388.213965,
          "N" : 6051440,
          "percentile" : {
            "1.000000" : 9920,
            "5.000000" : 11072,
            "10.000000" : 12736,
            "20.000000" : 18048,
            "30.000000" : 28032,
            "40.000000" : 41216,
            "50.000000" : 56064,
            "60.000000" : 72192,
            "70.000000" : 89600,
            "80.000000" : 109056,
            "90.000000" : 134144,
            "95.000000" : 152576,
            "99.000000" : 179200,
            "99.500000" : 187392,
            "99.900000" : 209920,
            "99.950000" : 234496,
            "99.990000" : 3358720
          }
        },
        "lat_ns" : {
          "min" : 9689,
          "max" : 23155946,
          "mean" : 68648.777474,
          "stddev" : 123440.910900,
          "N" : 6051440
        },
        "bw_min" : 668841,
        "bw_max" : 891320,
        "bw_agg" : 100.000000,
        "bw_mean" : 807258.583333,
        "bw_dev" : 20836.796034,
        "bw_samples" : 120,
        "iops_min" : 167212,
        "iops_max" : 222830,
        "iops_mean" : 201814.466667,
        "iops_stddev" : 5209.072721,
        "iops_samples" : 120
      },
      "trim" : {
        "io_bytes" : 0,
        "io_kbytes" : 0,
        "bw_bytes" : 0,
        "bw" : 0,
        "iops" : 0.000000,
        "runtime" : 0,
        "total_ios" : 0,
        "short_ios" : 0,
        "drop_ios" : 0,
        "slat_ns" : {
          "min" : 0,
          "max" : 0,
          "mean" : 0.000000,
          "stddev" : 0.000000,
          "N" : 0
        },
        "clat_ns" : {
          "min" : 0,
          "max" : 0,
          "mean" : 0.000000,
          "stddev" : 0.000000,
          "N" : 0
        },
        "lat_ns" : {
          "min" : 0,
          "max" : 0,
          "mean" : 0.000000,
          "stddev" : 0.000000,
          "N" : 0
        },
        "bw_min" : 0,
        "bw_max" : 0,
        "bw_agg" : 0.000000,
        "bw_mean" : 0.000000,
        "bw_dev" : 0.000000,
        "bw_samples" : 0,
        "iops_min" : 0,
        "iops_max" : 0,
        "iops_mean" : 0.000000,
        "iops_stddev" : 0.000000,
        "iops_samples" : 0
      },
      "sync" : {
        "total_ios" : 0,
        "lat_ns" : {
          "min" : 0,
          "max" : 0,
          "mean" : 0.000000,
          "stddev" : 0.000000,
          "N" : 0
        }
      },
      "job_runtime" : 60000,
      "usr_cpu" : 21.295000,
      "sys_cpu" : 51.986667,
      "ctx" : 847537,
      "majf" : 0,
      "minf" : 116,
      "iodepth_level" : {
        "1" : 0.000000,
        "2" : 0.000000,
        "4" : 0.000000,
        "8" : 0.000000,
        "16" : 0.000000,
        "32" : 0.000000,
        ">=64" : 100.000000
      },
      "iodepth_submit" : {
        "0" : 0.000000,
        "4" : 100.000000,
        "8" : 0.000000,
        "16" : 0.000000,
        "32" : 0.000000,
        "64" : 0.000000,
        ">=64" : 0.000000
      },
      "iodepth_complete" : {
        "0" : 0.000000,
        "4" : 99.999983,
        "8" : 0.000000,
        "16" : 0.000000,
        "32" : 0.000000,
        "64" : 0.100000,
        ">=64" : 0.000000
      },
      "latency_ns" : {
        "2" : 0.000000,
        "4" : 0.000000,
        "10" : 0.000000,
        "20" : 0.000000,
        "50" : 0.000000,
        "100" : 0.000000,
        "250" : 0.000000,
        "500" : 0.010000,
        "750" : 0.000000,
        "1000" : 0.000000
      },
      "latency_us" : {
        "2" : 0.000000,
        "4" : 0.010000,
        "10" : 0.554887,
        "20" : 10.641370,
        "50" : 11.865829,
        "100" : 19.608778,
        "250" : 29.880926,
        "500" : 8.659151,
        "750" : 3.856776,
        "1000" : 2.942342
      },
      "latency_ms" : {
        "2" : 11.888789,
        "4" : 0.084273,
        "10" : 0.010000,
        "20" : 0.010096,
        "50" : 0.010000,
        "100" : 0.000000,
        "250" : 0.000000,
        "500" : 0.000000,
        "750" : 0.000000,
        "1000" : 0.000000,
        "2000" : 0.000000,
        ">=2000" : 0.000000
      },
      "latency_depth" : 64,
      "latency_target" : 0,
      "latency_percentile" : 100.000000,
      "latency_window" : 0
    }
  ],
  "disk_util" : [
    {
      "name" : "nvme1n1",
      "read_ios" : 8053355,
      "write_ios" : 8052245,
      "read_merges" : 0,
      "write_merges" : 0,
      "read_ticks" : 4118231,
      "write_ticks" : 90127,
      "in_queue" : 4208359,
      "util" : 79.129481
    }
  ]
}
