{
  "fio version" : "fio-3.28",
  "timestamp" : 1757416373,
  "timestamp_ms" : 1757416373875,
  "time" : "Tue Sep  9 07:12:53 2025",
  "jobs" : [
    {
      "jobname" : "mixed_io",
      "groupid" : 0,
      "error" : 0,
      "eta" : 0,
      "elapsed" : 41,
      "job options" : {
        "name" : "mixed_io",
        "filename" : "/dev/nvme1n1p2",
        "rw" : "randrw",
        "rwmixread" : "25",
        "bs" : "64k",
        "ioengine" : "libaio",
        "iodepth" : "16",
        "numjobs" : "4",
        "runtime" : "30",
        "ramp_time" : "10",
        "direct" : "1"
      },
      "read" : {
        "io_bytes" : 38310051840,
        "io_kbytes" : 37412160,
        "bw_bytes" : 1276916600,
        "bw" : 1246988,
        "iops" : 19483.267782,
        "runtime" : 30002,
        "total_ios" : 584537,
        "short_ios" : 0,
        "drop_ios" : 0,
        "slat_ns" : {
          "min" : 5986,
          "max" : 321087,
          "mean" : 17411.379689,
          "stddev" : 6176.279659,
          "N" : 584537
        },
        "clat_ns" : {
          "min" : 81987,
          "max" : 21852899,
          "mean" : 2669357.756193,
          "stddev" : 3162990.746459,
          "N" : 584565,
          "percentile" : {
            "1.000000" : 216064,
            "5.000000" : 296960,
            "10.000000" : 362496,
            "20.000000" : 485376,
            "30.000000" : 643072,
            "40.000000" : 880640,
            "50.000000" : 1253376,
            "60.000000" : 1843200,
            "70.000000" : 2834432,
            "80.000000" : 4554752,
            "90.000000" : 7307264,
            "95.000000" : 9764864,
            "99.000000" : 14090240,
            "99.500000" : 15269888,
            "99.900000" : 17694720,
            "99.950000" : 18481152,
            "99.990000" : 19791872
          }
        },
        "lat_ns" : {
          "min" : 99681,
          "max" : 21870651,
          "mean" : 2687067.330545,
          "stddev" : 3163222.336143,
          "N" : 584565
        },
        "bw_min" : 889422,
        "bw_max" : 1616652,
        "bw_agg" : 100.000000,
        "bw_mean" : 1248182.500000,
        "bw_dev" : 59532.117272,
        "bw_samples" : 240,
        "iops_min" : 13896,
        "iops_max" : 25258,
        "iops_mean" : 19501.916667,
        "iops_stddev" : 930.199247,
        "iops_samples" : 240
      },
      "write" : {
        "io_bytes" : 115069747200,
        "io_kbytes" : 112372800,
        "bw_bytes" : 3835402546,
        "bw" : 3745510,
        "iops" : 58522.465169,
        "runtime" : 30002,
        "total_ios" : 1755791,
        "short_ios" : 0,
        "drop_ios" : 0,
        "slat_ns" : {
          "min" : 6520,
          "max" : 415306,
          "mean" : 18055.669599,
          "stddev" : 6156.295137,
          "N" : 1755793
        },
        "clat_ns" : {
          "min" : 1306,
          "max" : 7568679,
          "mean" : 178402.720562,
          "stddev" : 305516.535208,
          "N" : 1755823,
          "percentile" : {
            "1.000000" : 30080,
            "5.000000" : 33536,
            "10.000000" : 35584,
            "20.000000" : 40192,
            "30.000000" : 45824,
            "40.000000" : 51968,
            "50.000000" : 61184,
            "60.000000" : 73216,
            "70.000000" : 95744,
            "80.000000" : 350208,
            "90.000000" : 585728,
            "95.000000" : 667648,
            "99.000000" : 774144,
            "99.500000" : 823296,
            "99.900000" : 4554752,
            "99.950000" : 4751360,
            "99.990000" : 6324224
          }
        },
        "lat_ns" : {
          "min" : 34054,
          "max" : 7580993,
          "mean" : 196761.975407,
          "stddev" : 306250.157450,
          "N" : 1755823
        },
        "bw_min" : 2655462,
        "bw_max" : 4877409,
        "bw_agg" : 100.000000,
        "bw_mean" : 3749434.266667,
        "bw_dev" : 179600.779104,
        "bw_samples" : 240,
        "iops_min" : 41490,
        "iops_max" : 76209,
        "iops_mean" : 58583.916667,
        "iops_stddev" : 2806.268397,
        "iops_samples" : 240
      },
      "trim" : {
        "io_bytes" : 0,
        "io_kbytes" : 0,
        "bw_bytes" : 0,
        "bw" : 0,
        "iops" : 0.000000,
        "runtime" : 0,
        "total_ios" : 0,
        "short_ios" : 0,
        "drop_ios" : 0,
        "slat_ns" : {
          "min" : 0,
          "max" : 0,
          "mean" : 0.000000,
          "stddev" : 0.000000,
          "N" : 0
        },
        "clat_ns" : {
          "min" : 0,
          "max" : 0,
          "mean" : 0.000000,
          "stddev" : 0.000000,
          "N" : 0
        },
        "lat_ns" : {
          "min" : 0,
          "max" : 0,
          "mean" : 0.000000,
          "stddev" : 0.000000,
          "N" : 0
        },
        "bw_min" : 0,
        "bw_max" : 0,
        "bw_agg" : 0.000000,
        "bw_mean" : 0.000000,
        "bw_dev" : 0.000000,
        "bw_samples" : 0,
        "iops_min" : 0,
        "iops_max" : 0,
        "iops_mean" : 0.000000,
        "iops_stddev" : 0.000000,
        "iops_samples" : 0
      },
      "sync" : {
        "total_ios" : 0,
        "lat_ns" : {
          "min" : 0,
          "max" : 0,
          "mean" : 0.000000,
          "stddev" : 0.000000,
          "N" : 0
        }
      },
      "job_runtime" : 120002,
      "usr_cpu" : 11.924801,
      "sys_cpu" : 39.155181,
      "ctx" : 1008914,
      "majf" : 0,
      "minf" : 304,
      "iodepth_level" : {
        "1" : 0.000000,
        "2" : 0.000000,
        "4" : 0.000000,
        "8" : 0.000000,
        "16" : 100.000000,
        "32" : 0.000000,
        ">=64" : 0.000000
      },
      "iodepth_submit" : {
        "0" : 0.000000,
        "4" : 100.000000,
        "8" : 0.000000,
        "16" : 0.000000,
        "32" : 0.000000,
        "64" : 0.000000,
        ">=64" : 0.000000
      },
      "iodepth_complete" : {
        "0" : 0.000000,
        "4" : 99.999829,
        "8" : 0.000000,
        "16" : 0.100000,
        "32" : 0.000000,
        "64" : 0.000000,
        ">=64" : 0.000000
      },
      "latency_ns" : {
        "2" : 0.000000,
        "4" : 0.000000,
        "10" : 0.000000,
        "20" : 0.000000,
        "50" : 0.000000,
        "100" : 0.000000,
        "250" : 0.000000,
        "500" : 0.000000,
        "750" : 0.000000,
        "1000" : 0.000000
      },
      "latency_us" : {
        "2" : 0.010000,
        "4" : 0.010000,
        "10" : 0.000000,
        "20" : 0.010000,
        "50" : 27.876648,
        "100" : 25.523132,
        "250" : 6.281684,
        "500" : 8.884567,
        "750" : 14.160195,
        "1000" : 3.047821
      },
      "latency_ms" : {
        "2" : 4.526673,
        "4" : 3.847837,
        "10" : 4.693316,
        "20" : 1.157103,
        "50" : 0.010000,
        "100" : 0.000000,
        "250" : 0.000000,
        "500" : 0.000000,
        "750" : 0.000000,
        "1000" : 0.000000,
        "2000" : 0.000000,
        ">=2000" : 0.000000
      },
      "latency_depth" : 16,
      "latency_target" : 0,
      "latency_percentile" : 100.000000,
      "latency_window" : 0
    }
  ],
  "disk_util" : [
    {
      "name" : "nvme1n1",
      "read_ios" : 767030,
      "write_ios" : 2301491,
      "read_merges" : 0,
      "write_merges" : 0,
      "read_ticks" : 1916621,
      "write_ticks" : 527447,
      "in_queue" : 2444069,
      "util" : 73.466281
    }
  ]
}
