{
  "fio version" : "fio-3.28",
  "timestamp" : 1757417343,
  "timestamp_ms" : 1757417343574,
  "time" : "Tue Sep  9 07:29:03 2025",
  "jobs" : [
    {
      "jobname" : "mixed_io",
      "groupid" : 0,
      "error" : 0,
      "eta" : 0,
      "elapsed" : 41,
      "job options" : {
        "name" : "mixed_io",
        "filename" : "/dev/nvme1n1p2",
        "rw" : "randrw",
        "rwmixread" : "50",
        "bs" : "64k",
        "ioengine" : "libaio",
        "iodepth" : "4",
        "numjobs" : "2",
        "runtime" : "30",
        "ramp_time" : "10",
        "direct" : "1"
      },
      "read" : {
        "io_bytes" : 20444479488,
        "io_kbytes" : 19965312,
        "bw_bytes" : 681459934,
        "bw" : 665488,
        "iops" : 10398.053398,
        "runtime" : 30001,
        "total_ios" : 311952,
        "short_ios" : 0,
        "drop_ios" : 0,
        "slat_ns" : {
          "min" : 9720,
          "max" : 181373,
          "mean" : 21188.604718,
          "stddev" : 8186.680383,
          "N" : 311952
        },
        "clat_ns" : {
          "min" : 62186,
          "max" : 15994727,
          "mean" : 672885.568429,
          "stddev" : 656994.799779,
          "N" : 311958,
          "percentile" : {
            "1.000000" : 138240,
            "5.000000" : 164864,
            "10.000000" : 177152,
            "20.000000" : 199680,
            "30.000000" : 224256,
            "40.000000" : 259072,
            "50.000000" : 305152,
            "60.000000" : 382976,
            "70.000000" : 1056768,
            "80.000000" : 1449984,
            "90.000000" : 1646592,
            "95.000000" : 1744896,
            "99.000000" : 1941504,
            "99.500000" : 2056192,
            "99.900000" : 3031040,
            "99.950000" : 3325952,
            "99.990000" : 14352384
          }
        },
        "lat_ns" : {
          "min" : 113019,
          "max" : 16011767,
          "mean" : 694470.437960,
          "stddev" : 656460.518075,
          "N" : 311958
        },
        "bw_min" : 600624,
        "bw_max" : 715008,
        "bw_agg" : 100.000000,
        "bw_mean" : 666052.533333,
        "bw_dev" : 13444.389001,
        "bw_samples" : 120,
        "iops_min" : 9385,
        "iops_max" : 11172,
        "iops_mean" : 10406.616667,
        "iops_stddev" : 210.083500,
        "iops_samples" : 120
      },
      "write" : {
        "io_bytes" : 20485832704,
        "io_kbytes" : 20005696,
        "bw_bytes" : 682838328,
        "bw" : 666834,
        "iops" : 10419.286024,
        "runtime" : 30001,
        "total_ios" : 312589,
        "short_ios" : 0,
        "drop_ios" : 0,
        "slat_ns" : {
          "min" : 9691,
          "max" : 271098,
          "mean" : 21783.683265,
          "stddev" : 8025.266679,
          "N" : 312589
        },
        "clat_ns" : {
          "min" : 1548,
          "max" : 327615,
          "mean" : 48000.884935,
          "stddev" : 18497.980098,
          "N" : 312589,
          "percentile" : {
            "1.000000" : 26496,
            "5.000000" : 27264,
            "10.000000" : 28288,
            "20.000000" : 34048,
            "30.000000" : 34560,
            "40.000000" : 36608,
            "50.000000" : 43776,
            "60.000000" : 50432,
            "70.000000" : 55040,
            "80.000000" : 61696,
            "90.000000" : 74240,
            "95.000000" : 82432,
            "99.000000" : 107008,
            "99.500000" : 114176,
            "99.900000" : 138240,
            "99.950000" : 142336,
            "99.990000" : 162816
          }
        },
        "lat_ns" : {
          "min" : 41087,
          "max" : 361068,
          "mean" : 70206.430476,
          "stddev" : 21653.194730,
          "N" : 312589
        },
        "bw_min" : 601394,
        "bw_max" : 726233,
        "bw_agg" : 100.000000,
        "bw_mean" : 667424.350000,
        "bw_dev" : 15007.745196,
        "bw_samples" : 120,
        "iops_min" : 9396,
        "iops_max" : 11347,
        "iops_mean" : 10428.100000,
        "iops_stddev" : 234.515515,
        "iops_samples" : 120
      },
      "trim" : {
        "io_bytes" : 0,
        "io_kbytes" : 0,
        "bw_bytes" : 0,
        "bw" : 0,
        "iops" : 0.000000,
        "runtime" : 0,
        "total_ios" : 0,
        "short_ios" : 0,
        "drop_ios" : 0,
        "slat_ns" : {
          "min" : 0,
          "max" : 0,
          "mean" : 0.000000,
          "stddev" : 0.000000,
          "N" : 0
        },
        "clat_ns" : {
          "min" : 0,
          "max" : 0,
          "mean" : 0.000000,
          "stddev" : 0.000000,
          "N" : 0
        },
        "lat_ns" : {
          "min" : 0,
          "max" : 0,
          "mean" : 0.000000,
          "stddev" : 0.000000,
          "N" : 0
        },
        "bw_min" : 0,
        "bw_max" : 0,
        "bw_agg" : 0.000000,
        "bw_mean" : 0.000000,
        "bw_dev" : 0.000000,
        "bw_samples" : 0,
        "iops_min" : 0,
        "iops_max" : 0,
        "iops_mean" : 0.000000,
        "iops_stddev" : 0.000000,
        "iops_samples" : 0
      },
      "sync" : {
        "total_ios" : 0,
        "lat_ns" : {
          "min" : 0,
          "max" : 0,
          "mean" : 0.000000,
          "stddev" : 0.000000,
          "N" : 0
        }
      },
      "job_runtime" : 60000,
      "usr_cpu" : 7.268333,
      "sys_cpu" : 27.473333,
      "ctx" : 261418,
      "majf" : 0,
      "minf" : 122,
      "iodepth_level" : {
        "1" : 0.000000,
        "2" : 0.000000,
        "4" : 100.000000,
        "8" : 0.000000,
        "16" : 0.000000,
        "32" : 0.000000,
        ">=64" : 0.000000
      },
      "iodepth_submit" : {
        "0" : 0.000000,
        "4" : 100.000000,
        "8" : 0.000000,
        "16" : 0.000000,
        "32" : 0.000000,
        "64" : 0.000000,
        ">=64" : 0.000000
      },
      "iodepth_complete" : {
        "0" : 0.000000,
        "4" : 100.000000,
        "8" : 0.000000,
        "16" : 0.000000,
        "32" : 0.000000,
        "64" : 0.000000,
        ">=64" : 0.000000
      },
      "latency_ns" : {
        "2" : 0.000000,
        "4" : 0.000000,
        "10" : 0.000000,
        "20" : 0.000000,
        "50" : 0.000000,
        "100" : 0.000000,
        "250" : 0.000000,
        "500" : 0.000000,
        "750" : 0.000000,
        "1000" : 0.000000
      },
      "latency_us" : {
        "2" : 0.010000,
        "4" : 0.000000,
        "10" : 0.010000,
        "20" : 0.010000,
        "50" : 29.884027,
        "100" : 19.417620,
        "250" : 19.419221,
        "500" : 13.525933,
        "750" : 1.255002,
        "1000" : 1.158291
      },
      "latency_ms" : {
        "2" : 15.003819,
        "4" : 0.311429,
        "10" : 0.010000,
        "20" : 0.017613,
        "50" : 0.000000,
        "100" : 0.000000,
        "250" : 0.000000,
        "500" : 0.000000,
        "750" : 0.000000,
        "1000" : 0.000000,
        "2000" : 0.000000,
        ">=2000" : 0.000000
      },
      "latency_depth" : 4,
      "latency_target" : 0,
      "latency_percentile" : 100.000000,
      "latency_window" : 0
    }
  ],
  "disk_util" : [
    {
      "name" : "nvme1n1",
      "read_ios" : 422476,
      "write_ios" : 423151,
      "read_merges" : 0,
      "write_merges" : 0,
      "read_ticks" : 267720,
      "write_ticks" : 16068,
      "in_queue" : 283787,
      "util" : 78.520626
    }
  ]
}
