{
  "fio version" : "fio-3.28",
  "timestamp" : 1757415606,
  "timestamp_ms" : 1757415606454,
  "time" : "Tue Sep  9 07:00:06 2025",
  "jobs" : [
    {
      "jobname" : "mixed_io",
      "groupid" : 0,
      "error" : 0,
      "eta" : 0,
      "elapsed" : 41,
      "job options" : {
        "name" : "mixed_io",
        "filename" : "/dev/nvme1n1p2",
        "rw" : "randrw",
        "rwmixread" : "25",
        "bs" : "4k",
        "ioengine" : "libaio",
        "iodepth" : "1",
        "numjobs" : "4",
        "runtime" : "30",
        "ramp_time" : "10",
        "direct" : "1"
      },
      "read" : {
        "io_bytes" : 2094321664,
        "io_kbytes" : 2045236,
        "bw_bytes" : 69806068,
        "bw" : 68169,
        "iops" : 17042.497167,
        "runtime" : 30002,
        "total_ios" : 511309,
        "short_ios" : 0,
        "drop_ios" : 0,
        "slat_ns" : {
          "min" : 5059,
          "max" : 166696,
          "mean" : 8253.153662,
          "stddev" : 3835.955492,
          "N" : 511309
        },
        "clat_ns" : {
          "min" : 1636,
          "max" : 13400152,
          "mean" : 126187.913272,
          "stddev" : 206403.873947,
          "N" : 511309,
          "percentile" : {
            "1.000000" : 28544,
            "5.000000" : 29312,
            "10.000000" : 73216,
            "20.000000" : 74240,
            "30.000000" : 75264,
            "40.000000" : 78336,
            "50.000000" : 79360,
            "60.000000" : 89600,
            "70.000000" : 90624,
            "80.000000" : 92672,
            "90.000000" : 177152,
            "95.000000" : 261120,
            "99.000000" : 1302528,
            "99.500000" : 1449984,
            "99.900000" : 1613824,
            "99.950000" : 1662976,
            "99.990000" : 1908736
          }
        },
        "lat_ns" : {
          "min" : 29660,
          "max" : 13407613,
          "mean" : 134724.312449,
          "stddev" : 206668.368707,
          "N" : 511309
        },
        "bw_min" : 54620,
        "bw_max" : 76620,
        "bw_agg" : 100.000000,
        "bw_mean" : 68189.676554,
        "bw_dev" : 1356.011136,
        "bw_samples" : 238,
        "iops_min" : 13653,
        "iops_max" : 19155,
        "iops_mean" : 17046.809605,
        "iops_stddev" : 339.007038,
        "iops_samples" : 238
      },
      "write" : {
        "io_bytes" : 6282719232,
        "io_kbytes" : 6135468,
        "bw_bytes" : 209410013,
        "bw" : 204501,
        "iops" : 51125.458303,
        "runtime" : 30002,
        "total_ios" : 1533866,
        "short_ios" : 0,
        "drop_ios" : 0,
        "slat_ns" : {
          "min" : 4938,
          "max" : 172056,
          "mean" : 7807.917774,
          "stddev" : 3666.651752,
          "N" : 1533867
        },
        "clat_ns" : {
          "min" : 1539,
          "max" : 255029,
          "mean" : 22579.718174,
          "stddev" : 4852.202884,
          "N" : 1533866,
          "percentile" : {
            "1.000000" : 20608,
            "5.000000" : 20608,
            "10.000000" : 20864,
            "20.000000" : 20864,
            "30.000000" : 20864,
            "40.000000" : 21120,
            "50.000000" : 21120,
            "60.000000" : 21376,
            "70.000000" : 21632,
            "80.000000" : 21888,
            "90.000000" : 24448,
            "95.000000" : 33536,
            "99.000000" : 44800,
            "99.500000" : 45312,
            "99.900000" : 56576,
            "99.950000" : 82432,
            "99.990000" : 117248
          }
        },
        "lat_ns" : {
          "min" : 18282,
          "max" : 263225,
          "mean" : 30672.627016,
          "stddev" : 6392.050972,
          "N" : 1533866
        },
        "bw_min" : 162200,
        "bw_max" : 229653,
        "bw_agg" : 100.000000,
        "bw_mean" : 204617.205650,
        "bw_dev" : 4036.510817,
        "bw_samples" : 238,
        "iops_min" : 40550,
        "iops_max" : 57412,
        "iops_mean" : 51153.553107,
        "iops_stddev" : 1009.132029,
        "iops_samples" : 238
      },
      "trim" : {
        "io_bytes" : 0,
        "io_kbytes" : 0,
        "bw_bytes" : 0,
        "bw" : 0,
        "iops" : 0.000000,
        "runtime" : 0,
        "total_ios" : 0,
        "short_ios" : 0,
        "drop_ios" : 0,
        "slat_ns" : {
          "min" : 0,
          "max" : 0,
          "mean" : 0.000000,
          "stddev" : 0.000000,
          "N" : 0
        },
        "clat_ns" : {
          "min" : 0,
          "max" : 0,
          "mean" : 0.000000,
          "stddev" : 0.000000,
          "N" : 0
        },
        "lat_ns" : {
          "min" : 0,
          "max" : 0,
          "mean" : 0.000000,
          "stddev" : 0.000000,
          "N" : 0
        },
        "bw_min" : 0,
        "bw_max" : 0,
        "bw_agg" : 0.000000,
        "bw_mean" : 0.000000,
        "bw_dev" : 0.000000,
        "bw_samples" : 0,
        "iops_min" : 0,
        "iops_max" : 0,
        "iops_mean" : 0.000000,
        "iops_stddev" : 0.000000,
        "iops_samples" : 0
      },
      "sync" : {
        "total_ios" : 0,
        "lat_ns" : {
          "min" : 0,
          "max" : 0,
          "mean" : 0.000000,
          "stddev" : 0.000000,
          "N" : 0
        }
      },
      "job_runtime" : 120001,
      "usr_cpu" : 9.522421,
      "sys_cpu" : 25.245623,
      "ctx" : 2040803,
      "majf" : 0,
      "minf" : 237,
      "iodepth_level" : {
        "1" : 100.000000,
        "2" : 0.000000,
        "4" : 0.000000,
        "8" : 0.000000,
        "16" : 0.000000,
        "32" : 0.000000,
        ">=64" : 0.000000
      },
      "iodepth_submit" : {
        "0" : 0.000000,
        "4" : 100.000000,
        "8" : 0.000000,
        "16" : 0.000000,
        "32" : 0.000000,
        "64" : 0.000000,
        ">=64" : 0.000000
      },
      "iodepth_complete" : {
        "0" : 0.000000,
        "4" : 100.000000,
        "8" : 0.000000,
        "16" : 0.000000,
        "32" : 0.000000,
        "64" : 0.000000,
        ">=64" : 0.000000
      },
      "latency_ns" : {
        "2" : 0.000000,
        "4" : 0.000000,
        "10" : 0.000000,
        "20" : 0.000000,
        "50" : 0.000000,
        "100" : 0.000000,
        "250" : 0.000000,
        "500" : 0.000000,
        "750" : 0.000000,
        "1000" : 0.000000
      },
      "latency_us" : {
        "2" : 0.071192,
        "4" : 0.029680,
        "10" : 0.017945,
        "20" : 0.352244,
        "50" : 76.308873,
        "100" : 19.034508,
        "250" : 2.911438,
        "500" : 0.374980,
        "750" : 0.232352,
        "1000" : 0.190350
      },
      "latency_ms" : {
        "2" : 0.474336,
        "4" : 0.010000,
        "10" : 0.010000,
        "20" : 0.010000,
        "50" : 0.000000,
        "100" : 0.000000,
        "250" : 0.000000,
        "500" : 0.000000,
        "750" : 0.000000,
        "1000" : 0.000000,
        "2000" : 0.000000,
        ">=2000" : 0.000000
      },
      "latency_depth" : 1,
      "latency_target" : 0,
      "latency_percentile" : 100.000000,
      "latency_window" : 0
    }
  ],
  "disk_util" : [
    {
      "name" : "nvme1n1",
      "read_ios" : 669357,
      "write_ios" : 2006777,
      "read_merges" : 0,
      "write_merges" : 0,
      "read_ticks" : 82129,
      "write_ticks" : 35476,
      "in_queue" : 117604,
      "util" : 67.440469
    }
  ]
}
