{
  "fio version" : "fio-3.28",
  "timestamp" : 1757417545,
  "timestamp_ms" : 1757417545588,
  "time" : "Tue Sep  9 07:32:25 2025",
  "jobs" : [
    {
      "jobname" : "mixed_io",
      "groupid" : 0,
      "error" : 0,
      "eta" : 0,
      "elapsed" : 41,
      "job options" : {
        "name" : "mixed_io",
        "filename" : "/dev/nvme1n1p2",
        "rw" : "randrw",
        "rwmixread" : "50",
        "bs" : "4k",
        "ioengine" : "libaio",
        "iodepth" : "16",
        "numjobs" : "1",
        "runtime" : "30",
        "ramp_time" : "10",
        "direct" : "1"
      },
      "read" : {
        "io_bytes" : 9701203968,
        "io_kbytes" : 9473832,
        "bw_bytes" : 323351908,
        "bw" : 315773,
        "iops" : 78943.070462,
        "runtime" : 30002,
        "total_ios" : 2368450,
        "short_ios" : 0,
        "drop_ios" : 0,
        "slat_ns" : {
          "min" : 1609,
          "max" : 112970,
          "mean" : 2593.309689,
          "stddev" : 1264.795612,
          "N" : 2368450
        },
        "clat_ns" : {
          "min" : 9156,
          "max" : 15375845,
          "mean" : 173499.289450,
          "stddev" : 294354.273315,
          "N" : 2368458,
          "percentile" : {
            "1.000000" : 62208,
            "5.000000" : 68096,
            "10.000000" : 70144,
            "20.000000" : 75264,
            "30.000000" : 81408,
            "40.000000" : 85504,
            "50.000000" : 89600,
            "60.000000" : 93696,
            "70.000000" : 100864,
            "80.000000" : 116224,
            "90.000000" : 214016,
            "95.000000" : 946176,
            "99.000000" : 1449984,
            "99.500000" : 1531904,
            "99.900000" : 1679360,
            "99.950000" : 1761280,
            "99.990000" : 2736128
          }
        },
        "lat_ns" : {
          "min" : 19851,
          "max" : 15378985,
          "mean" : 176199.495228,
          "stddev" : 294312.886856,
          "N" : 2368458
        },
        "bw_min" : 277787,
        "bw_max" : 367392,
        "bw_agg" : 100.000000,
        "bw_mean" : 316023.850000,
        "bw_dev" : 20286.123068,
        "bw_samples" : 60,
        "iops_min" : 69446,
        "iops_max" : 91848,
        "iops_mean" : 79005.816667,
        "iops_stddev" : 5071.522118,
        "iops_samples" : 60
      },
      "write" : {
        "io_bytes" : 9697673216,
        "io_kbytes" : 9470384,
        "bw_bytes" : 323234224,
        "bw" : 315658,
        "iops" : 78914.339044,
        "runtime" : 30002,
        "total_ios" : 2367588,
        "short_ios" : 0,
        "drop_ios" : 0,
        "slat_ns" : {
          "min" : 1579,
          "max" : 593455,
          "mean" : 2553.210517,
          "stddev" : 1318.272433,
          "N" : 2367589
        },
        "clat_ns" : {
          "min" : 728,
          "max" : 1273058,
          "mean" : 22613.791328,
          "stddev" : 10887.026162,
          "N" : 2367595,
          "percentile" : {
            "1.000000" : 9408,
            "5.000000" : 11072,
            "10.000000" : 11584,
            "20.000000" : 12864,
            "30.000000" : 14656,
            "40.000000" : 17280,
            "50.000000" : 20096,
            "60.000000" : 23424,
            "70.000000" : 27520,
            "80.000000" : 31872,
            "90.000000" : 37632,
            "95.000000" : 41728,
            "99.000000" : 49920,
            "99.500000" : 54016,
            "99.900000" : 74240,
            "99.950000" : 117248,
            "99.990000" : 187392
          }
        },
        "lat_ns" : {
          "min" : 10409,
          "max" : 1274956,
          "mean" : 25273.749359,
          "stddev" : 11283.262174,
          "N" : 2367595
        },
        "bw_min" : 278525,
        "bw_max" : 366768,
        "bw_agg" : 100.000000,
        "bw_mean" : 315909.883333,
        "bw_dev" : 20428.881148,
        "bw_samples" : 60,
        "iops_min" : 69631,
        "iops_max" : 91692,
        "iops_mean" : 78977.333333,
        "iops_stddev" : 5107.214033,
        "iops_samples" : 60
      },
      "trim" : {
        "io_bytes" : 0,
        "io_kbytes" : 0,
        "bw_bytes" : 0,
        "bw" : 0,
        "iops" : 0.000000,
        "runtime" : 0,
        "total_ios" : 0,
        "short_ios" : 0,
        "drop_ios" : 0,
        "slat_ns" : {
          "min" : 0,
          "max" : 0,
          "mean" : 0.000000,
          "stddev" : 0.000000,
          "N" : 0
        },
        "clat_ns" : {
          "min" : 0,
          "max" : 0,
          "mean" : 0.000000,
          "stddev" : 0.000000,
          "N" : 0
        },
        "lat_ns" : {
          "min" : 0,
          "max" : 0,
          "mean" : 0.000000,
          "stddev" : 0.000000,
          "N" : 0
        },
        "bw_min" : 0,
        "bw_max" : 0,
        "bw_agg" : 0.000000,
        "bw_mean" : 0.000000,
        "bw_dev" : 0.000000,
        "bw_samples" : 0,
        "iops_min" : 0,
        "iops_max" : 0,
        "iops_mean" : 0.000000,
        "iops_stddev" : 0.000000,
        "iops_samples" : 0
      },
      "sync" : {
        "total_ios" : 0,
        "lat_ns" : {
          "min" : 0,
          "max" : 0,
          "mean" : 0.000000,
          "stddev" : 0.000000,
          "N" : 0
        }
      },
      "job_runtime" : 30001,
      "usr_cpu" : 19.369354,
      "sys_cpu" : 46.915103,
      "ctx" : 694284,
      "majf" : 0,
      "minf" : 62,
      "iodepth_level" : {
        "1" : 0.000000,
        "2" : 0.000000,
        "4" : 0.000000,
        "8" : 0.000000,
        "16" : 100.000000,
        "32" : 0.000000,
        ">=64" : 0.000000
      },
      "iodepth_submit" : {
        "0" : 0.000000,
        "4" : 100.000000,
        "8" : 0.000000,
        "16" : 0.000000,
        "32" : 0.000000,
        "64" : 0.000000,
        ">=64" : 0.000000
      },
      "iodepth_complete" : {
        "0" : 0.000000,
        "4" : 99.999979,
        "8" : 0.000000,
        "16" : 0.100000,
        "32" : 0.000000,
        "64" : 0.000000,
        ">=64" : 0.000000
      },
      "latency_ns" : {
        "2" : 0.000000,
        "4" : 0.000000,
        "10" : 0.000000,
        "20" : 0.000000,
        "50" : 0.000000,
        "100" : 0.000000,
        "250" : 0.000000,
        "500" : 0.000000,
        "750" : 0.010000,
        "1000" : 0.000000
      },
      "latency_us" : {
        "2" : 0.000000,
        "4" : 0.010000,
        "10" : 0.876534,
        "20" : 24.130740,
        "50" : 24.719966,
        "100" : 34.680486,
        "250" : 10.892121,
        "500" : 1.053687,
        "750" : 0.660299,
        "1000" : 0.648010
      },
      "latency_ms" : {
        "2" : 2.324073,
        "4" : 0.010114,
        "10" : 0.010000,
        "20" : 0.010000,
        "50" : 0.000000,
        "100" : 0.000000,
        "250" : 0.000000,
        "500" : 0.000000,
        "750" : 0.000000,
        "1000" : 0.000000,
        "2000" : 0.000000,
        ">=2000" : 0.000000
      },
      "latency_depth" : 16,
      "latency_target" : 0,
      "latency_percentile" : 100.000000,
      "latency_window" : 0
    }
  ],
  "disk_util" : [
    {
      "name" : "nvme1n1",
      "read_ios" : 3206343,
      "write_ios" : 3204496,
      "read_merges" : 0,
      "write_merges" : 0,
      "read_ticks" : 505807,
      "write_ticks" : 32180,
      "in_queue" : 537988,
      "util" : 74.787465
    }
  ]
}
