{
  "fio version" : "fio-3.28",
  "timestamp" : 1757417182,
  "timestamp_ms" : 1757417182047,
  "time" : "Tue Sep  9 07:26:22 2025",
  "jobs" : [
    {
      "jobname" : "mixed_io",
      "groupid" : 0,
      "error" : 0,
      "eta" : 0,
      "elapsed" : 41,
      "job options" : {
        "name" : "mixed_io",
        "filename" : "/dev/nvme1n1p2",
        "rw" : "randrw",
        "rwmixread" : "50",
        "bs" : "4k",
        "ioengine" : "libaio",
        "iodepth" : "4",
        "numjobs" : "1",
        "runtime" : "30",
        "ramp_time" : "10",
        "direct" : "1"
      },
      "read" : {
        "io_bytes" : 3348221952,
        "io_kbytes" : 3269748,
        "bw_bytes" : 111603678,
        "bw" : 108987,
        "iops" : 27246.891770,
        "runtime" : 30001,
        "total_ios" : 817434,
        "short_ios" : 0,
        "drop_ios" : 0,
        "slat_ns" : {
          "min" : 3090,
          "max" : 186018,
          "mean" : 6108.512792,
          "stddev" : 2357.411933,
          "N" : 817435
        },
        "clat_ns" : {
          "min" : 7962,
          "max" : 10082505,
          "mean" : 112672.063248,
          "stddev" : 174014.947043,
          "N" : 817437,
          "percentile" : {
            "1.000000" : 34048,
            "5.000000" : 66048,
            "10.000000" : 70144,
            "20.000000" : 73216,
            "30.000000" : 75264,
            "40.000000" : 78336,
            "50.000000" : 81408,
            "60.000000" : 85504,
            "70.000000" : 88576,
            "80.000000" : 92672,
            "90.000000" : 101888,
            "95.000000" : 138240,
            "99.000000" : 1171456,
            "99.500000" : 1368064,
            "99.900000" : 1564672,
            "99.950000" : 1613824,
            "99.990000" : 1728512
          }
        },
        "lat_ns" : {
          "min" : 23783,
          "max" : 10089816,
          "mean" : 119181.999552,
          "stddev" : 173982.808427,
          "N" : 817437
        },
        "bw_min" : 98244,
        "bw_max" : 118941,
        "bw_agg" : 100.000000,
        "bw_mean" : 109083.366667,
        "bw_dev" : 4009.643532,
        "bw_samples" : 60,
        "iops_min" : 24561,
        "iops_max" : 29735,
        "iops_mean" : 27270.650000,
        "iops_stddev" : 1002.425970,
        "iops_samples" : 60
      },
      "write" : {
        "io_bytes" : 3346620416,
        "io_kbytes" : 3268184,
        "bw_bytes" : 111550295,
        "bw" : 108935,
        "iops" : 27233.925536,
        "runtime" : 30001,
        "total_ios" : 817045,
        "short_ios" : 0,
        "drop_ios" : 0,
        "slat_ns" : {
          "min" : 2771,
          "max" : 245722,
          "mean" : 5980.924676,
          "stddev" : 2368.836504,
          "N" : 817045
        },
        "clat_ns" : {
          "min" : 990,
          "max" : 269888,
          "mean" : 18732.344463,
          "stddev" : 6695.731825,
          "N" : 817045,
          "percentile" : {
            "1.000000" : 10560,
            "5.000000" : 10816,
            "10.000000" : 11072,
            "20.000000" : 11712,
            "30.000000" : 14784,
            "40.000000" : 16512,
            "50.000000" : 17536,
            "60.000000" : 19328,
            "70.000000" : 21120,
            "80.000000" : 23936,
            "90.000000" : 28032,
            "95.000000" : 31104,
            "99.000000" : 37120,
            "99.500000" : 41216,
            "99.900000" : 52992,
            "99.950000" : 58112,
            "99.990000" : 102912
          }
        },
        "lat_ns" : {
          "min" : 13949,
          "max" : 281974,
          "mean" : 25076.999696,
          "stddev" : 7532.246565,
          "N" : 817045
        },
        "bw_min" : 99326,
        "bw_max" : 117592,
        "bw_agg" : 100.000000,
        "bw_mean" : 109029.400000,
        "bw_dev" : 4068.917018,
        "bw_samples" : 60,
        "iops_min" : 24833,
        "iops_max" : 29398,
        "iops_mean" : 27257.266667,
        "iops_stddev" : 1017.152304,
        "iops_samples" : 60
      },
      "trim" : {
        "io_bytes" : 0,
        "io_kbytes" : 0,
        "bw_bytes" : 0,
        "bw" : 0,
        "iops" : 0.000000,
        "runtime" : 0,
        "total_ios" : 0,
        "short_ios" : 0,
        "drop_ios" : 0,
        "slat_ns" : {
          "min" : 0,
          "max" : 0,
          "mean" : 0.000000,
          "stddev" : 0.000000,
          "N" : 0
        },
        "clat_ns" : {
          "min" : 0,
          "max" : 0,
          "mean" : 0.000000,
          "stddev" : 0.000000,
          "N" : 0
        },
        "lat_ns" : {
          "min" : 0,
          "max" : 0,
          "mean" : 0.000000,
          "stddev" : 0.000000,
          "N" : 0
        },
        "bw_min" : 0,
        "bw_max" : 0,
        "bw_agg" : 0.000000,
        "bw_mean" : 0.000000,
        "bw_dev" : 0.000000,
        "bw_samples" : 0,
        "iops_min" : 0,
        "iops_max" : 0,
        "iops_mean" : 0.000000,
        "iops_stddev" : 0.000000,
        "iops_samples" : 0
      },
      "sync" : {
        "total_ios" : 0,
        "lat_ns" : {
          "min" : 0,
          "max" : 0,
          "mean" : 0.000000,
          "stddev" : 0.000000,
          "N" : 0
        }
      },
      "job_runtime" : 30000,
      "usr_cpu" : 18.820000,
      "sys_cpu" : 42.570000,
      "ctx" : 487084,
      "majf" : 0,
      "minf" : 58,
      "iodepth_level" : {
        "1" : 0.000000,
        "2" : 0.000000,
        "4" : 100.000000,
        "8" : 0.000000,
        "16" : 0.000000,
        "32" : 0.000000,
        ">=64" : 0.000000
      },
      "iodepth_submit" : {
        "0" : 0.000000,
        "4" : 100.000000,
        "8" : 0.000000,
        "16" : 0.000000,
        "32" : 0.000000,
        "64" : 0.000000,
        ">=64" : 0.000000
      },
      "iodepth_complete" : {
        "0" : 0.000000,
        "4" : 100.000000,
        "8" : 0.000000,
        "16" : 0.000000,
        "32" : 0.000000,
        "64" : 0.000000,
        ">=64" : 0.000000
      },
      "latency_ns" : {
        "2" : 0.000000,
        "4" : 0.000000,
        "10" : 0.000000,
        "20" : 0.000000,
        "50" : 0.000000,
        "100" : 0.000000,
        "250" : 0.000000,
        "500" : 0.000000,
        "750" : 0.000000,
        "1000" : 0.010000
      },
      "latency_us" : {
        "2" : 0.010000,
        "4" : 0.000000,
        "10" : 0.143838,
        "20" : 31.603159,
        "50" : 19.160356,
        "100" : 43.464370,
        "250" : 3.766399,
        "500" : 0.401229,
        "750" : 0.362195,
        "1000" : 0.357545
      },
      "latency_ms" : {
        "2" : 0.735158,
        "4" : 0.010000,
        "10" : 0.010000,
        "20" : 0.010000,
        "50" : 0.000000,
        "100" : 0.000000,
        "250" : 0.000000,
        "500" : 0.000000,
        "750" : 0.000000,
        "1000" : 0.000000,
        "2000" : 0.000000,
        ">=2000" : 0.000000
      },
      "latency_depth" : 4,
      "latency_target" : 0,
      "latency_percentile" : 100.000000,
      "latency_window" : 0
    }
  ],
  "disk_util" : [
    {
      "name" : "nvme1n1",
      "read_ios" : 1109968,
      "write_ios" : 1109443,
      "read_merges" : 0,
      "write_merges" : 0,
      "read_ticks" : 113020,
      "write_ticks" : 13559,
      "in_queue" : 126579,
      "util" : 69.759382
    }
  ]
}
