{
  "fio version" : "fio-3.28",
  "timestamp" : 1757416252,
  "timestamp_ms" : 1757416252696,
  "time" : "Tue Sep  9 07:10:52 2025",
  "jobs" : [
    {
      "jobname" : "mixed_io",
      "groupid" : 0,
      "error" : 0,
      "eta" : 0,
      "elapsed" : 41,
      "job options" : {
        "name" : "mixed_io",
        "filename" : "/dev/nvme1n1p2",
        "rw" : "randrw",
        "rwmixread" : "25",
        "bs" : "64k",
        "ioengine" : "libaio",
        "iodepth" : "16",
        "numjobs" : "2",
        "runtime" : "30",
        "ramp_time" : "10",
        "direct" : "1"
      },
      "read" : {
        "io_bytes" : 17507418112,
        "io_kbytes" : 17097088,
        "bw_bytes" : 583541700,
        "bw" : 569864,
        "iops" : 8903.139791,
        "runtime" : 30002,
        "total_ios" : 267112,
        "short_ios" : 0,
        "drop_ios" : 0,
        "slat_ns" : {
          "min" : 10038,
          "max" : 185207,
          "mean" : 19685.965441,
          "stddev" : 6294.568955,
          "N" : 267112
        },
        "clat_ns" : {
          "min" : 113523,
          "max" : 45498398,
          "mean" : 3269096.397732,
          "stddev" : 3188178.343771,
          "N" : 267142,
          "percentile" : {
            "1.000000" : 220160,
            "5.000000" : 569344,
            "10.000000" : 937984,
            "20.000000" : 1368064,
            "30.000000" : 1613824,
            "40.000000" : 1875968,
            "50.000000" : 2277376,
            "60.000000" : 2768896,
            "70.000000" : 3391488,
            "80.000000" : 4423680,
            "90.000000" : 6651904,
            "95.000000" : 9371648,
            "99.000000" : 16580608,
            "99.500000" : 19791872,
            "99.900000" : 26869760,
            "99.950000" : 30277632,
            "99.990000" : 37486592
          }
        },
        "lat_ns" : {
          "min" : 129069,
          "max" : 45542072,
          "mean" : 3289148.374217,
          "stddev" : 3188104.893707,
          "N" : 267142
        },
        "bw_min" : 488722,
        "bw_max" : 657208,
        "bw_agg" : 100.000000,
        "bw_mean" : 570340.616667,
        "bw_dev" : 14988.073561,
        "bw_samples" : 120,
        "iops_min" : 7636,
        "iops_max" : 10268,
        "iops_mean" : 8911.100000,
        "iops_stddev" : 234.203341,
        "iops_samples" : 120
      },
      "write" : {
        "io_bytes" : 52475920384,
        "io_kbytes" : 51246016,
        "bw_bytes" : 1749080740,
        "bw" : 1708086,
        "iops" : 26688.854076,
        "runtime" : 30002,
        "total_ios" : 800719,
        "short_ios" : 0,
        "drop_ios" : 0,
        "slat_ns" : {
          "min" : 9341,
          "max" : 248793,
          "mean" : 20138.512985,
          "stddev" : 6359.159883,
          "N" : 800719
        },
        "clat_ns" : {
          "min" : 1426,
          "max" : 25333861,
          "mean" : 78826.227899,
          "stddev" : 391875.924796,
          "N" : 800719,
          "percentile" : {
            "1.000000" : 26496,
            "5.000000" : 27776,
            "10.000000" : 32384,
            "20.000000" : 34048,
            "30.000000" : 36096,
            "40.000000" : 42240,
            "50.000000" : 50432,
            "60.000000" : 57088,
            "70.000000" : 72192,
            "80.000000" : 90624,
            "90.000000" : 132096,
            "95.000000" : 187392,
            "99.000000" : 399360,
            "99.500000" : 497664,
            "99.900000" : 733184,
            "99.950000" : 937984,
            "99.990000" : 23986176
          }
        },
        "lat_ns" : {
          "min" : 39808,
          "max" : 25354627,
          "mean" : 99352.933738,
          "stddev" : 392036.445196,
          "N" : 800719
        },
        "bw_min" : 1480321,
        "bw_max" : 1943144,
        "bw_agg" : 100.000000,
        "bw_mean" : 1709705.000000,
        "bw_dev" : 44874.191070,
        "bw_samples" : 120,
        "iops_min" : 23130,
        "iops_max" : 30361,
        "iops_mean" : 26713.750000,
        "iops_stddev" : 701.121669,
        "iops_samples" : 120
      },
      "trim" : {
        "io_bytes" : 0,
        "io_kbytes" : 0,
        "bw_bytes" : 0,
        "bw" : 0,
        "iops" : 0.000000,
        "runtime" : 0,
        "total_ios" : 0,
        "short_ios" : 0,
        "drop_ios" : 0,
        "slat_ns" : {
          "min" : 0,
          "max" : 0,
          "mean" : 0.000000,
          "stddev" : 0.000000,
          "N" : 0
        },
        "clat_ns" : {
          "min" : 0,
          "max" : 0,
          "mean" : 0.000000,
          "stddev" : 0.000000,
          "N" : 0
        },
        "lat_ns" : {
          "min" : 0,
          "max" : 0,
          "mean" : 0.000000,
          "stddev" : 0.000000,
          "N" : 0
        },
        "bw_min" : 0,
        "bw_max" : 0,
        "bw_agg" : 0.000000,
        "bw_mean" : 0.000000,
        "bw_dev" : 0.000000,
        "bw_samples" : 0,
        "iops_min" : 0,
        "iops_max" : 0,
        "iops_mean" : 0.000000,
        "iops_stddev" : 0.000000,
        "iops_samples" : 0
      },
      "sync" : {
        "total_ios" : 0,
        "lat_ns" : {
          "min" : 0,
          "max" : 0,
          "mean" : 0.000000,
          "stddev" : 0.000000,
          "N" : 0
        }
      },
      "job_runtime" : 60002,
      "usr_cpu" : 11.706276,
      "sys_cpu" : 39.417019,
      "ctx" : 398456,
      "majf" : 0,
      "minf" : 118,
      "iodepth_level" : {
        "1" : 0.000000,
        "2" : 0.000000,
        "4" : 0.000000,
        "8" : 0.000000,
        "16" : 100.000000,
        "32" : 0.000000,
        ">=64" : 0.000000
      },
      "iodepth_submit" : {
        "0" : 0.000000,
        "4" : 100.000000,
        "8" : 0.000000,
        "16" : 0.000000,
        "32" : 0.000000,
        "64" : 0.000000,
        ">=64" : 0.000000
      },
      "iodepth_complete" : {
        "0" : 0.000000,
        "4" : 99.999813,
        "8" : 0.000000,
        "16" : 0.100000,
        "32" : 0.000000,
        "64" : 0.000000,
        ">=64" : 0.000000
      },
      "latency_ns" : {
        "2" : 0.000000,
        "4" : 0.000000,
        "10" : 0.000000,
        "20" : 0.000000,
        "50" : 0.000000,
        "100" : 0.000000,
        "250" : 0.000000,
        "500" : 0.000000,
        "750" : 0.000000,
        "1000" : 0.000000
      },
      "latency_us" : {
        "2" : 0.010000,
        "4" : 0.010000,
        "10" : 0.010000,
        "20" : 0.010000,
        "50" : 36.827831,
        "100" : 25.401679,
        "250" : 10.962128,
        "500" : 2.477827,
        "750" : 1.038273,
        "1000" : 1.004747
      },
      "latency_ms" : {
        "2" : 8.150728,
        "4" : 8.242596,
        "10" : 4.792893,
        "20" : 0.967475,
        "50" : 0.134104,
        "100" : 0.000000,
        "250" : 0.000000,
        "500" : 0.000000,
        "750" : 0.000000,
        "1000" : 0.000000,
        "2000" : 0.000000,
        ">=2000" : 0.000000
      },
      "latency_depth" : 16,
      "latency_target" : 0,
      "latency_percentile" : 100.000000,
      "latency_window" : 0
    }
  ],
  "disk_util" : [
    {
      "name" : "nvme1n1",
      "read_ios" : 355536,
      "write_ios" : 1064923,
      "read_merges" : 0,
      "write_merges" : 0,
      "read_ticks" : 1160256,
      "write_ticks" : 58591,
      "in_queue" : 1218847,
      "util" : 72.846839
    }
  ]
}
