{
  "fio version" : "fio-3.28",
  "timestamp" : 1757416010,
  "timestamp_ms" : 1757416010392,
  "time" : "Tue Sep  9 07:06:50 2025",
  "jobs" : [
    {
      "jobname" : "mixed_io",
      "groupid" : 0,
      "error" : 0,
      "eta" : 0,
      "elapsed" : 41,
      "job options" : {
        "name" : "mixed_io",
        "filename" : "/dev/nvme1n1p2",
        "rw" : "randrw",
        "rwmixread" : "25",
        "bs" : "64k",
        "ioengine" : "libaio",
        "iodepth" : "4",
        "numjobs" : "4",
        "runtime" : "30",
        "ramp_time" : "10",
        "direct" : "1"
      },
      "read" : {
        "io_bytes" : 16546988032,
        "io_kbytes" : 16159168,
        "bw_bytes" : 551529499,
        "bw" : 538603,
        "iops" : 8415.305646,
        "runtime" : 30002,
        "total_ios" : 252476,
        "short_ios" : 0,
        "drop_ios" : 0,
        "slat_ns" : {
          "min" : 5154,
          "max" : 298827,
          "mean" : 20182.176333,
          "stddev" : 7417.651938,
          "N" : 252477
        },
        "clat_ns" : {
          "min" : 32373,
          "max" : 27618862,
          "mean" : 1645538.857430,
          "stddev" : 1143893.183687,
          "N" : 252487,
          "percentile" : {
            "1.000000" : 179200,
            "5.000000" : 254976,
            "10.000000" : 411648,
            "20.000000" : 823296,
            "30.000000" : 1138688,
            "40.000000" : 1368064,
            "50.000000" : 1531904,
            "60.000000" : 1662976,
            "70.000000" : 1843200,
            "80.000000" : 2244608,
            "90.000000" : 2932736,
            "95.000000" : 3522560,
            "99.000000" : 5210112,
            "99.500000" : 5931008,
            "99.900000" : 8290304,
            "99.950000" : 21889024,
            "99.990000" : 25034752
          }
        },
        "lat_ns" : {
          "min" : 105128,
          "max" : 27641162,
          "mean" : 1666094.080452,
          "stddev" : 1143628.049276,
          "N" : 252487
        },
        "bw_min" : 446702,
        "bw_max" : 604471,
        "bw_agg" : 100.000000,
        "bw_mean" : 539091.933333,
        "bw_dev" : 10625.356544,
        "bw_samples" : 240,
        "iops_min" : 6979,
        "iops_max" : 9443,
        "iops_mean" : 8422.600000,
        "iops_stddev" : 166.006356,
        "iops_samples" : 240
      },
      "write" : {
        "io_bytes" : 49663836160,
        "io_kbytes" : 48499840,
        "bw_bytes" : 1655350848,
        "bw" : 1616553,
        "iops" : 25258.549430,
        "runtime" : 30002,
        "total_ios" : 757807,
        "short_ios" : 0,
        "drop_ios" : 0,
        "slat_ns" : {
          "min" : 5381,
          "max" : 367459,
          "mean" : 21068.961753,
          "stddev" : 7383.446097,
          "N" : 757808
        },
        "clat_ns" : {
          "min" : 1602,
          "max" : 21349278,
          "mean" : 53740.075334,
          "stddev" : 237602.241522,
          "N" : 757808,
          "percentile" : {
            "1.000000" : 28032,
            "5.000000" : 30592,
            "10.000000" : 35072,
            "20.000000" : 36096,
            "30.000000" : 36608,
            "40.000000" : 38656,
            "50.000000" : 43264,
            "60.000000" : 48896,
            "70.000000" : 54528,
            "80.000000" : 62720,
            "90.000000" : 74240,
            "95.000000" : 82432,
            "99.000000" : 129536,
            "99.500000" : 203776,
            "99.900000" : 569344,
            "99.950000" : 692224,
            "99.990000" : 19791872
          }
        },
        "lat_ns" : {
          "min" : 33174,
          "max" : 21367162,
          "mean" : 75197.793913,
          "stddev" : 237847.794588,
          "N" : 757808
        },
        "bw_min" : 1341779,
        "bw_max" : 1855998,
        "bw_agg" : 100.000000,
        "bw_mean" : 1618105.250000,
        "bw_dev" : 32378.605998,
        "bw_samples" : 240,
        "iops_min" : 20965,
        "iops_max" : 28999,
        "iops_mean" : 25282.000000,
        "iops_stddev" : 505.903044,
        "iops_samples" : 240
      },
      "trim" : {
        "io_bytes" : 0,
        "io_kbytes" : 0,
        "bw_bytes" : 0,
        "bw" : 0,
        "iops" : 0.000000,
        "runtime" : 0,
        "total_ios" : 0,
        "short_ios" : 0,
        "drop_ios" : 0,
        "slat_ns" : {
          "min" : 0,
          "max" : 0,
          "mean" : 0.000000,
          "stddev" : 0.000000,
          "N" : 0
        },
        "clat_ns" : {
          "min" : 0,
          "max" : 0,
          "mean" : 0.000000,
          "stddev" : 0.000000,
          "N" : 0
        },
        "lat_ns" : {
          "min" : 0,
          "max" : 0,
          "mean" : 0.000000,
          "stddev" : 0.000000,
          "N" : 0
        },
        "bw_min" : 0,
        "bw_max" : 0,
        "bw_agg" : 0.000000,
        "bw_mean" : 0.000000,
        "bw_dev" : 0.000000,
        "bw_samples" : 0,
        "iops_min" : 0,
        "iops_max" : 0,
        "iops_mean" : 0.000000,
        "iops_stddev" : 0.000000,
        "iops_samples" : 0
      },
      "sync" : {
        "total_ios" : 0,
        "lat_ns" : {
          "min" : 0,
          "max" : 0,
          "mean" : 0.000000,
          "stddev" : 0.000000,
          "N" : 0
        }
      },
      "job_runtime" : 120003,
      "usr_cpu" : 7.256485,
      "sys_cpu" : 21.494463,
      "ctx" : 630110,
      "majf" : 0,
      "minf" : 1218,
      "iodepth_level" : {
        "1" : 0.000000,
        "2" : 0.000000,
        "4" : 100.000000,
        "8" : 0.000000,
        "16" : 0.000000,
        "32" : 0.000000,
        ">=64" : 0.000000
      },
      "iodepth_submit" : {
        "0" : 0.000000,
        "4" : 100.000000,
        "8" : 0.000000,
        "16" : 0.000000,
        "32" : 0.000000,
        "64" : 0.000000,
        ">=64" : 0.000000
      },
      "iodepth_complete" : {
        "0" : 0.000000,
        "4" : 100.000000,
        "8" : 0.000000,
        "16" : 0.000000,
        "32" : 0.000000,
        "64" : 0.000000,
        ">=64" : 0.000000
      },
      "latency_ns" : {
        "2" : 0.000000,
        "4" : 0.000000,
        "10" : 0.000000,
        "20" : 0.000000,
        "50" : 0.000000,
        "100" : 0.000000,
        "250" : 0.000000,
        "500" : 0.000000,
        "750" : 0.000000,
        "1000" : 0.000000
      },
      "latency_us" : {
        "2" : 0.010000,
        "4" : 0.010000,
        "10" : 0.010000,
        "20" : 0.010000,
        "50" : 46.263968,
        "100" : 27.093003,
        "250" : 2.536913,
        "500" : 2.008150,
        "750" : 1.573618,
        "1000" : 1.806326
      },
      "latency_ms" : {
        "2" : 12.477395,
        "4" : 5.448869,
        "10" : 0.758302,
        "20" : 0.010000,
        "50" : 0.020390,
        "100" : 0.000000,
        "250" : 0.000000,
        "500" : 0.000000,
        "750" : 0.000000,
        "1000" : 0.000000,
        "2000" : 0.000000,
        ">=2000" : 0.000000
      },
      "latency_depth" : 4,
      "latency_target" : 0,
      "latency_percentile" : 100.000000,
      "latency_window" : 0
    }
  ],
  "disk_util" : [
    {
      "name" : "nvme1n1",
      "read_ios" : 339087,
      "write_ios" : 1017324,
      "read_merges" : 0,
      "write_merges" : 0,
      "read_ticks" : 546418,
      "write_ticks" : 47851,
      "in_queue" : 594269,
      "util" : 75.004991
    }
  ]
}
