{
  "fio version" : "fio-3.28",
  "timestamp" : 1757414313,
  "timestamp_ms" : 1757414313499,
  "time" : "Tue Sep  9 06:38:33 2025",
  "jobs" : [
    {
      "jobname" : "mixed_io",
      "groupid" : 0,
      "error" : 0,
      "eta" : 0,
      "elapsed" : 41,
      "job options" : {
        "name" : "mixed_io",
        "filename" : "/dev/nvme1n1p2",
        "rw" : "randrw",
        "rwmixread" : "0",
        "bs" : "64k",
        "ioengine" : "libaio",
        "iodepth" : "4",
        "numjobs" : "1",
        "runtime" : "30",
        "ramp_time" : "10",
        "direct" : "1"
      },
      "read" : {
        "io_bytes" : 0,
        "io_kbytes" : 0,
        "bw_bytes" : 0,
        "bw" : 0,
        "iops" : 0.000000,
        "runtime" : 0,
        "total_ios" : 0,
        "short_ios" : 0,
        "drop_ios" : 0,
        "slat_ns" : {
          "min" : 0,
          "max" : 0,
          "mean" : 0.000000,
          "stddev" : 0.000000,
          "N" : 0
        },
        "clat_ns" : {
          "min" : 0,
          "max" : 0,
          "mean" : 0.000000,
          "stddev" : 0.000000,
          "N" : 0
        },
        "lat_ns" : {
          "min" : 0,
          "max" : 0,
          "mean" : 0.000000,
          "stddev" : 0.000000,
          "N" : 0
        },
        "bw_min" : 0,
        "bw_max" : 0,
        "bw_agg" : 0.000000,
        "bw_mean" : 0.000000,
        "bw_dev" : 0.000000,
        "bw_samples" : 0,
        "iops_min" : 0,
        "iops_max" : 0,
        "iops_mean" : 0.000000,
        "iops_stddev" : 0.000000,
        "iops_samples" : 0
      },
      "write" : {
        "io_bytes" : 54361784320,
        "io_kbytes" : 53087680,
        "bw_bytes" : 1811999077,
        "bw" : 1769530,
        "iops" : 27648.811706,
        "runtime" : 30001,
        "total_ios" : 829492,
        "short_ios" : 0,
        "drop_ios" : 0,
        "slat_ns" : {
          "min" : 10229,
          "max" : 131429,
          "mean" : 15836.633318,
          "stddev" : 3920.682042,
          "N" : 829492
        },
        "clat_ns" : {
          "min" : 32372,
          "max" : 30729778,
          "mean" : 127173.314289,
          "stddev" : 204374.227627,
          "N" : 829495,
          "percentile" : {
            "1.000000" : 53504,
            "5.000000" : 57600,
            "10.000000" : 60160,
            "20.000000" : 64768,
            "30.000000" : 69120,
            "40.000000" : 79360,
            "50.000000" : 92672,
            "60.000000" : 110080,
            "70.000000" : 132096,
            "80.000000" : 164864,
            "90.000000" : 228352,
            "95.000000" : 301056,
            "99.000000" : 489472,
            "99.500000" : 585728,
            "99.900000" : 897024,
            "99.950000" : 1236992,
            "99.990000" : 6193152
          }
        },
        "lat_ns" : {
          "min" : 60768,
          "max" : 30744153,
          "mean" : 143342.621636,
          "stddev" : 204069.165345,
          "N" : 829495
        },
        "bw_min" : 1627318,
        "bw_max" : 1884601,
        "bw_agg" : 100.000000,
        "bw_mean" : 1771045.000000,
        "bw_dev" : 62669.127256,
        "bw_samples" : 60,
        "iops_min" : 25426,
        "iops_max" : 29446,
        "iops_mean" : 27672.333333,
        "iops_stddev" : 979.262169,
        "iops_samples" : 60
      },
      "trim" : {
        "io_bytes" : 0,
        "io_kbytes" : 0,
        "bw_bytes" : 0,
        "bw" : 0,
        "iops" : 0.000000,
        "runtime" : 0,
        "total_ios" : 0,
        "short_ios" : 0,
        "drop_ios" : 0,
        "slat_ns" : {
          "min" : 0,
          "max" : 0,
          "mean" : 0.000000,
          "stddev" : 0.000000,
          "N" : 0
        },
        "clat_ns" : {
          "min" : 0,
          "max" : 0,
          "mean" : 0.000000,
          "stddev" : 0.000000,
          "N" : 0
        },
        "lat_ns" : {
          "min" : 0,
          "max" : 0,
          "mean" : 0.000000,
          "stddev" : 0.000000,
          "N" : 0
        },
        "bw_min" : 0,
        "bw_max" : 0,
        "bw_agg" : 0.000000,
        "bw_mean" : 0.000000,
        "bw_dev" : 0.000000,
        "bw_samples" : 0,
        "iops_min" : 0,
        "iops_max" : 0,
        "iops_mean" : 0.000000,
        "iops_stddev" : 0.000000,
        "iops_samples" : 0
      },
      "sync" : {
        "total_ios" : 0,
        "lat_ns" : {
          "min" : 0,
          "max" : 0,
          "mean" : 0.000000,
          "stddev" : 0.000000,
          "N" : 0
        }
      },
      "job_runtime" : 30000,
      "usr_cpu" : 15.806667,
      "sys_cpu" : 45.313333,
      "ctx" : 338810,
      "majf" : 0,
      "minf" : 58,
      "iodepth_level" : {
        "1" : 0.000000,
        "2" : 0.000000,
        "4" : 100.000000,
        "8" : 0.000000,
        "16" : 0.000000,
        "32" : 0.000000,
        ">=64" : 0.000000
      },
      "iodepth_submit" : {
        "0" : 0.000000,
        "4" : 100.000000,
        "8" : 0.000000,
        "16" : 0.000000,
        "32" : 0.000000,
        "64" : 0.000000,
        ">=64" : 0.000000
      },
      "iodepth_complete" : {
        "0" : 0.000000,
        "4" : 100.000000,
        "8" : 0.000000,
        "16" : 0.000000,
        "32" : 0.000000,
        "64" : 0.000000,
        ">=64" : 0.000000
      },
      "latency_ns" : {
        "2" : 0.000000,
        "4" : 0.000000,
        "10" : 0.000000,
        "20" : 0.000000,
        "50" : 0.000000,
        "100" : 0.000000,
        "250" : 0.000000,
        "500" : 0.000000,
        "750" : 0.000000,
        "1000" : 0.000000
      },
      "latency_us" : {
        "2" : 0.000000,
        "4" : 0.000000,
        "10" : 0.000000,
        "20" : 0.000000,
        "50" : 0.030501,
        "100" : 54.458391,
        "250" : 37.420614,
        "500" : 7.155946,
        "750" : 0.749133,
        "1000" : 0.112599
      },
      "latency_ms" : {
        "2" : 0.044003,
        "4" : 0.016637,
        "10" : 0.010000,
        "20" : 0.010000,
        "50" : 0.010000,
        "100" : 0.000000,
        "250" : 0.000000,
        "500" : 0.000000,
        "750" : 0.000000,
        "1000" : 0.000000,
        "2000" : 0.000000,
        ">=2000" : 0.000000
      },
      "latency_depth" : 4,
      "latency_target" : 0,
      "latency_percentile" : 100.000000,
      "latency_window" : 0
    }
  ],
  "disk_util" : [
    {
      "name" : "nvme1n1",
      "read_ios" : 0,
      "write_ios" : 1097754,
      "read_merges" : 0,
      "write_merges" : 0,
      "read_ticks" : 0,
      "write_ticks" : 129028,
      "in_queue" : 129027,
      "util" : 72.739524
    }
  ]
}
