{
  "fio version" : "fio-3.28",
  "timestamp" : 1757420050,
  "timestamp_ms" : 1757420050328,
  "time" : "Tue Sep  9 08:14:10 2025",
  "jobs" : [
    {
      "jobname" : "mixed_io",
      "groupid" : 0,
      "error" : 0,
      "eta" : 0,
      "elapsed" : 41,
      "job options" : {
        "name" : "mixed_io",
        "filename" : "/dev/nvme1n1p2",
        "rw" : "randrw",
        "rwmixread" : "100",
        "bs" : "1024k",
        "ioengine" : "libaio",
        "iodepth" : "1",
        "numjobs" : "4",
        "runtime" : "30",
        "ramp_time" : "10",
        "direct" : "1"
      },
      "read" : {
        "io_bytes" : 148791885824,
        "io_kbytes" : 145304576,
        "bw_bytes" : 4959564208,
        "bw" : 4843324,
        "iops" : 4729.809006,
        "runtime" : 30001,
        "total_ios" : 141899,
        "short_ios" : 0,
        "drop_ios" : 0,
        "slat_ns" : {
          "min" : 64159,
          "max" : 570480,
          "mean" : 198478.505141,
          "stddev" : 23720.184995,
          "N" : 141899
        },
        "clat_ns" : {
          "min" : 19835,
          "max" : 2484537,
          "mean" : 639424.962036,
          "stddev" : 218993.302405,
          "N" : 141899,
          "percentile" : {
            "1.000000" : 259072,
            "5.000000" : 333824,
            "10.000000" : 382976,
            "20.000000" : 452608,
            "30.000000" : 509952,
            "40.000000" : 561152,
            "50.000000" : 610304,
            "60.000000" : 667648,
            "70.000000" : 733184,
            "80.000000" : 806912,
            "90.000000" : 921600,
            "95.000000" : 1036288,
            "99.000000" : 1286144,
            "99.500000" : 1400832,
            "99.900000" : 1695744,
            "99.950000" : 1810432,
            "99.990000" : 2146304
          }
        },
        "lat_ns" : {
          "min" : 322338,
          "max" : 2684026,
          "mean" : 838528.573281,
          "stddev" : 225424.432993,
          "N" : 141899
        },
        "bw_min" : 4384714,
        "bw_max" : 5364992,
        "bw_agg" : 100.000000,
        "bw_mean" : 4846538.148023,
        "bw_dev" : 74992.545763,
        "bw_samples" : 238,
        "iops_min" : 4281,
        "iops_max" : 5238,
        "iops_mean" : 4732.194633,
        "iops_stddev" : 73.211709,
        "iops_samples" : 238
      },
      "write" : {
        "io_bytes" : 0,
        "io_kbytes" : 0,
        "bw_bytes" : 0,
        "bw" : 0,
        "iops" : 0.000000,
        "runtime" : 0,
        "total_ios" : 0,
        "short_ios" : 0,
        "drop_ios" : 0,
        "slat_ns" : {
          "min" : 0,
          "max" : 0,
          "mean" : 0.000000,
          "stddev" : 0.000000,
          "N" : 0
        },
        "clat_ns" : {
          "min" : 0,
          "max" : 0,
          "mean" : 0.000000,
          "stddev" : 0.000000,
          "N" : 0
        },
        "lat_ns" : {
          "min" : 0,
          "max" : 0,
          "mean" : 0.000000,
          "stddev" : 0.000000,
          "N" : 0
        },
        "bw_min" : 0,
        "bw_max" : 0,
        "bw_agg" : 0.000000,
        "bw_mean" : 0.000000,
        "bw_dev" : 0.000000,
        "bw_samples" : 0,
        "iops_min" : 0,
        "iops_max" : 0,
        "iops_mean" : 0.000000,
        "iops_stddev" : 0.000000,
        "iops_samples" : 0
      },
      "trim" : {
        "io_bytes" : 0,
        "io_kbytes" : 0,
        "bw_bytes" : 0,
        "bw" : 0,
        "iops" : 0.000000,
        "runtime" : 0,
        "total_ios" : 0,
        "short_ios" : 0,
        "drop_ios" : 0,
        "slat_ns" : {
          "min" : 0,
          "max" : 0,
          "mean" : 0.000000,
          "stddev" : 0.000000,
          "N" : 0
        },
        "clat_ns" : {
          "min" : 0,
          "max" : 0,
          "mean" : 0.000000,
          "stddev" : 0.000000,
          "N" : 0
        },
        "lat_ns" : {
          "min" : 0,
          "max" : 0,
          "mean" : 0.000000,
          "stddev" : 0.000000,
          "N" : 0
        },
        "bw_min" : 0,
        "bw_max" : 0,
        "bw_agg" : 0.000000,
        "bw_mean" : 0.000000,
        "bw_dev" : 0.000000,
        "bw_samples" : 0,
        "iops_min" : 0,
        "iops_max" : 0,
        "iops_mean" : 0.000000,
        "iops_stddev" : 0.000000,
        "iops_samples" : 0
      },
      "sync" : {
        "total_ios" : 0,
        "lat_ns" : {
          "min" : 0,
          "max" : 0,
          "mean" : 0.000000,
          "stddev" : 0.000000,
          "N" : 0
        }
      },
      "job_runtime" : 120000,
      "usr_cpu" : 1.794167,
      "sys_cpu" : 29.035833,
      "ctx" : 141910,
      "majf" : 0,
      "minf" : 243,
      "iodepth_level" : {
        "1" : 100.000000,
        "2" : 0.000000,
        "4" : 0.000000,
        "8" : 0.000000,
        "16" : 0.000000,
        "32" : 0.000000,
        ">=64" : 0.000000
      },
      "iodepth_submit" : {
        "0" : 0.000000,
        "4" : 100.000000,
        "8" : 0.000000,
        "16" : 0.000000,
        "32" : 0.000000,
        "64" : 0.000000,
        ">=64" : 0.000000
      },
      "iodepth_complete" : {
        "0" : 0.000000,
        "4" : 100.000000,
        "8" : 0.000000,
        "16" : 0.000000,
        "32" : 0.000000,
        "64" : 0.000000,
        ">=64" : 0.000000
      },
      "latency_ns" : {
        "2" : 0.000000,
        "4" : 0.000000,
        "10" : 0.000000,
        "20" : 0.000000,
        "50" : 0.000000,
        "100" : 0.000000,
        "250" : 0.000000,
        "500" : 0.000000,
        "750" : 0.000000,
        "1000" : 0.000000
      },
      "latency_us" : {
        "2" : 0.000000,
        "4" : 0.000000,
        "10" : 0.000000,
        "20" : 0.010000,
        "50" : 0.010000,
        "100" : 0.000000,
        "250" : 0.742782,
        "500" : 27.266577,
        "750" : 44.841754,
        "1000" : 21.048774
      },
      "latency_ms" : {
        "2" : 6.078267,
        "4" : 0.020437,
        "10" : 0.000000,
        "20" : 0.000000,
        "50" : 0.000000,
        "100" : 0.000000,
        "250" : 0.000000,
        "500" : 0.000000,
        "750" : 0.000000,
        "1000" : 0.000000,
        "2000" : 0.000000,
        ">=2000" : 0.000000
      },
      "latency_depth" : 1,
      "latency_target" : 0,
      "latency_percentile" : 100.000000,
      "latency_window" : 0
    }
  ],
  "disk_util" : [
    {
      "name" : "nvme1n1",
      "read_ios" : 1503343,
      "write_ios" : 0,
      "read_merges" : 0,
      "write_merges" : 0,
      "read_ticks" : 656826,
      "write_ticks" : 0,
      "in_queue" : 656827,
      "util" : 71.869931
    }
  ]
}
