{
  "fio version" : "fio-3.28",
  "timestamp" : 1757418313,
  "timestamp_ms" : 1757418313262,
  "time" : "Tue Sep  9 07:45:13 2025",
  "jobs" : [
    {
      "jobname" : "mixed_io",
      "groupid" : 0,
      "error" : 0,
      "eta" : 0,
      "elapsed" : 41,
      "job options" : {
        "name" : "mixed_io",
        "filename" : "/dev/nvme1n1p2",
        "rw" : "randrw",
        "rwmixread" : "75",
        "bs" : "64k",
        "ioengine" : "libaio",
        "iodepth" : "1",
        "numjobs" : "1",
        "runtime" : "30",
        "ramp_time" : "10",
        "direct" : "1"
      },
      "read" : {
        "io_bytes" : 6520373248,
        "io_kbytes" : 6367552,
        "bw_bytes" : 217338530,
        "bw" : 212244,
        "iops" : 3316.322789,
        "runtime" : 30001,
        "total_ios" : 99493,
        "short_ios" : 0,
        "drop_ios" : 0,
        "slat_ns" : {
          "min" : 13429,
          "max" : 141296,
          "mean" : 23524.682118,
          "stddev" : 12406.694331,
          "N" : 99493
        },
        "clat_ns" : {
          "min" : 86626,
          "max" : 10340055,
          "mean" : 249532.446604,
          "stddev" : 211441.355016,
          "N" : 99493,
          "percentile" : {
            "1.000000" : 121344,
            "5.000000" : 156672,
            "10.000000" : 158720,
            "20.000000" : 162816,
            "30.000000" : 166912,
            "40.000000" : 187392,
            "50.000000" : 191488,
            "60.000000" : 230400,
            "70.000000" : 272384,
            "80.000000" : 284672,
            "90.000000" : 305152,
            "95.000000" : 317440,
            "99.000000" : 1499136,
            "99.500000" : 1630208,
            "99.900000" : 1761280,
            "99.950000" : 1826816,
            "99.990000" : 1941504
          }
        },
        "lat_ns" : {
          "min" : 114801,
          "max" : 10354923,
          "mean" : 273490.509765,
          "stddev" : 212779.087765,
          "N" : 99493
        },
        "bw_min" : 190076,
        "bw_max" : 259328,
        "bw_agg" : 100.000000,
        "bw_mean" : 212411.033333,
        "bw_dev" : 10483.168413,
        "bw_samples" : 60,
        "iops_min" : 2969,
        "iops_max" : 4052,
        "iops_mean" : 3318.700000,
        "iops_stddev" : 163.817623,
        "iops_samples" : 60
      },
      "write" : {
        "io_bytes" : 2177957888,
        "io_kbytes" : 2126912,
        "bw_bytes" : 72596176,
        "bw" : 70894,
        "iops" : 1107.729742,
        "runtime" : 30001,
        "total_ios" : 33233,
        "short_ios" : 0,
        "drop_ios" : 0,
        "slat_ns" : {
          "min" : 13308,
          "max" : 348991,
          "mean" : 24613.715464,
          "stddev" : 12306.508420,
          "N" : 33233
        },
        "clat_ns" : {
          "min" : 1795,
          "max" : 138452,
          "mean" : 42335.104174,
          "stddev" : 11902.221475,
          "N" : 33233,
          "percentile" : {
            "1.000000" : 33536,
            "5.000000" : 33536,
            "10.000000" : 33536,
            "20.000000" : 34048,
            "30.000000" : 34048,
            "40.000000" : 34048,
            "50.000000" : 34560,
            "60.000000" : 39680,
            "70.000000" : 44800,
            "80.000000" : 56064,
            "90.000000" : 59648,
            "95.000000" : 69120,
            "99.000000" : 73216,
            "99.500000" : 75264,
            "99.900000" : 85504,
            "99.950000" : 86528,
            "99.990000" : 93696
          }
        },
        "lat_ns" : {
          "min" : 42488,
          "max" : 385043,
          "mean" : 67395.361027,
          "stddev" : 20596.957939,
          "N" : 33233
        },
        "bw_min" : 61819,
        "bw_max" : 85888,
        "bw_agg" : 100.000000,
        "bw_mean" : 70949.266667,
        "bw_dev" : 4318.950927,
        "bw_samples" : 60,
        "iops_min" : 965,
        "iops_max" : 1342,
        "iops_mean" : 1108.483333,
        "iops_stddev" : 67.462856,
        "iops_samples" : 60
      },
      "trim" : {
        "io_bytes" : 0,
        "io_kbytes" : 0,
        "bw_bytes" : 0,
        "bw" : 0,
        "iops" : 0.000000,
        "runtime" : 0,
        "total_ios" : 0,
        "short_ios" : 0,
        "drop_ios" : 0,
        "slat_ns" : {
          "min" : 0,
          "max" : 0,
          "mean" : 0.000000,
          "stddev" : 0.000000,
          "N" : 0
        },
        "clat_ns" : {
          "min" : 0,
          "max" : 0,
          "mean" : 0.000000,
          "stddev" : 0.000000,
          "N" : 0
        },
        "lat_ns" : {
          "min" : 0,
          "max" : 0,
          "mean" : 0.000000,
          "stddev" : 0.000000,
          "N" : 0
        },
        "bw_min" : 0,
        "bw_max" : 0,
        "bw_agg" : 0.000000,
        "bw_mean" : 0.000000,
        "bw_dev" : 0.000000,
        "bw_samples" : 0,
        "iops_min" : 0,
        "iops_max" : 0,
        "iops_mean" : 0.000000,
        "iops_stddev" : 0.000000,
        "iops_samples" : 0
      },
      "sync" : {
        "total_ios" : 0,
        "lat_ns" : {
          "min" : 0,
          "max" : 0,
          "mean" : 0.000000,
          "stddev" : 0.000000,
          "N" : 0
        }
      },
      "job_runtime" : 30000,
      "usr_cpu" : 4.650000,
      "sys_cpu" : 17.010000,
      "ctx" : 132685,
      "majf" : 0,
      "minf" : 60,
      "iodepth_level" : {
        "1" : 100.000000,
        "2" : 0.000000,
        "4" : 0.000000,
        "8" : 0.000000,
        "16" : 0.000000,
        "32" : 0.000000,
        ">=64" : 0.000000
      },
      "iodepth_submit" : {
        "0" : 0.000000,
        "4" : 100.000000,
        "8" : 0.000000,
        "16" : 0.000000,
        "32" : 0.000000,
        "64" : 0.000000,
        ">=64" : 0.000000
      },
      "iodepth_complete" : {
        "0" : 0.000000,
        "4" : 100.000000,
        "8" : 0.000000,
        "16" : 0.000000,
        "32" : 0.000000,
        "64" : 0.000000,
        ">=64" : 0.000000
      },
      "latency_ns" : {
        "2" : 0.000000,
        "4" : 0.000000,
        "10" : 0.000000,
        "20" : 0.000000,
        "50" : 0.000000,
        "100" : 0.000000,
        "250" : 0.000000,
        "500" : 0.000000,
        "750" : 0.000000,
        "1000" : 0.000000
      },
      "latency_us" : {
        "2" : 0.010000,
        "4" : 0.010000,
        "10" : 0.010000,
        "20" : 0.013562,
        "50" : 18.723536,
        "100" : 6.288142,
        "250" : 46.152223,
        "500" : 26.331691,
        "750" : 0.300619,
        "1000" : 0.397059
      },
      "latency_ms" : {
        "2" : 1.774332,
        "4" : 0.000000,
        "10" : 0.010000,
        "20" : 0.010000,
        "50" : 0.000000,
        "100" : 0.000000,
        "250" : 0.000000,
        "500" : 0.000000,
        "750" : 0.000000,
        "1000" : 0.000000,
        "2000" : 0.000000,
        ">=2000" : 0.000000
      },
      "latency_depth" : 1,
      "latency_target" : 0,
      "latency_percentile" : 100.000000,
      "latency_window" : 0
    }
  ],
  "disk_util" : [
    {
      "name" : "nvme1n1",
      "read_ios" : 133916,
      "write_ios" : 44650,
      "read_merges" : 0,
      "write_merges" : 0,
      "read_ticks" : 31301,
      "write_ticks" : 1754,
      "in_queue" : 33055,
      "util" : 83.108327
    }
  ]
}
