{
  "fio version" : "fio-3.28",
  "timestamp" : 1757418717,
  "timestamp_ms" : 1757418717126,
  "time" : "Tue Sep  9 07:51:57 2025",
  "jobs" : [
    {
      "jobname" : "mixed_io",
      "groupid" : 0,
      "error" : 0,
      "eta" : 0,
      "elapsed" : 41,
      "job options" : {
        "name" : "mixed_io",
        "filename" : "/dev/nvme1n1p2",
        "rw" : "randrw",
        "rwmixread" : "75",
        "bs" : "1024k",
        "ioengine" : "libaio",
        "iodepth" : "4",
        "numjobs" : "1",
        "runtime" : "30",
        "ramp_time" : "10",
        "direct" : "1"
      },
      "read" : {
        "io_bytes" : 63295193088,
        "io_kbytes" : 61811712,
        "bw_bytes" : 2109769443,
        "bw" : 2060321,
        "iops" : 2011.932936,
        "runtime" : 30001,
        "total_ios" : 60360,
        "short_ios" : 0,
        "drop_ios" : 0,
        "slat_ns" : {
          "min" : 61580,
          "max" : 531681,
          "mean" : 187029.363502,
          "stddev" : 34975.959592,
          "N" : 60360
        },
        "clat_ns" : {
          "min" : 265122,
          "max" : 27428618,
          "mean" : 1581553.563309,
          "stddev" : 951432.873048,
          "N" : 60363,
          "percentile" : {
            "1.000000" : 477184,
            "5.000000" : 585728,
            "10.000000" : 651264,
            "20.000000" : 757760,
            "30.000000" : 888832,
            "40.000000" : 1073152,
            "50.000000" : 1482752,
            "60.000000" : 1794048,
            "70.000000" : 2039808,
            "80.000000" : 2277376,
            "90.000000" : 2670592,
            "95.000000" : 3096576,
            "99.000000" : 3883008,
            "99.500000" : 4227072,
            "99.900000" : 5603328,
            "99.950000" : 7176192,
            "99.990000" : 24510464
          }
        },
        "lat_ns" : {
          "min" : 447604,
          "max" : 27590984,
          "mean" : 1768961.585309,
          "stddev" : 941082.003641,
          "N" : 60363
        },
        "bw_min" : 1579008,
        "bw_max" : 2249106,
        "bw_agg" : 100.000000,
        "bw_mean" : 2061819.083333,
        "bw_dev" : 108809.168238,
        "bw_samples" : 60,
        "iops_min" : 1542,
        "iops_max" : 2196,
        "iops_mean" : 2013.333333,
        "iops_stddev" : 106.286257,
        "iops_samples" : 60
      },
      "write" : {
        "io_bytes" : 21123563520,
        "io_kbytes" : 20628480,
        "bw_bytes" : 704095314,
        "bw" : 687593,
        "iops" : 671.444285,
        "runtime" : 30001,
        "total_ios" : 20144,
        "short_ios" : 0,
        "drop_ios" : 0,
        "slat_ns" : {
          "min" : 70541,
          "max" : 580205,
          "mean" : 260393.465972,
          "stddev" : 53850.656509,
          "N" : 20145
        },
        "clat_ns" : {
          "min" : 1761,
          "max" : 22058950,
          "mean" : 386314.326648,
          "stddev" : 378130.744314,
          "N" : 20144,
          "percentile" : {
            "1.000000" : 128512,
            "5.000000" : 138240,
            "10.000000" : 148480,
            "20.000000" : 187392,
            "30.000000" : 218112,
            "40.000000" : 305152,
            "50.000000" : 374784,
            "60.000000" : 432128,
            "70.000000" : 497664,
            "80.000000" : 561152,
            "90.000000" : 634880,
            "95.000000" : 684032,
            "99.000000" : 782336,
            "99.500000" : 831488,
            "99.900000" : 1302528,
            "99.950000" : 1810432,
            "99.990000" : 21102592
          }
        },
        "lat_ns" : {
          "min" : 256105,
          "max" : 22412535,
          "mean" : 647218.501688,
          "stddev" : 395554.717904,
          "N" : 20144
        },
        "bw_min" : 524288,
        "bw_max" : 768000,
        "bw_agg" : 100.000000,
        "bw_mean" : 688148.200000,
        "bw_dev" : 42612.577349,
        "bw_samples" : 60,
        "iops_min" : 512,
        "iops_max" : 750,
        "iops_mean" : 671.883333,
        "iops_stddev" : 41.577003,
        "iops_samples" : 60
      },
      "trim" : {
        "io_bytes" : 0,
        "io_kbytes" : 0,
        "bw_bytes" : 0,
        "bw" : 0,
        "iops" : 0.000000,
        "runtime" : 0,
        "total_ios" : 0,
        "short_ios" : 0,
        "drop_ios" : 0,
        "slat_ns" : {
          "min" : 0,
          "max" : 0,
          "mean" : 0.000000,
          "stddev" : 0.000000,
          "N" : 0
        },
        "clat_ns" : {
          "min" : 0,
          "max" : 0,
          "mean" : 0.000000,
          "stddev" : 0.000000,
          "N" : 0
        },
        "lat_ns" : {
          "min" : 0,
          "max" : 0,
          "mean" : 0.000000,
          "stddev" : 0.000000,
          "N" : 0
        },
        "bw_min" : 0,
        "bw_max" : 0,
        "bw_agg" : 0.000000,
        "bw_mean" : 0.000000,
        "bw_dev" : 0.000000,
        "bw_samples" : 0,
        "iops_min" : 0,
        "iops_max" : 0,
        "iops_mean" : 0.000000,
        "iops_stddev" : 0.000000,
        "iops_samples" : 0
      },
      "sync" : {
        "total_ios" : 0,
        "lat_ns" : {
          "min" : 0,
          "max" : 0,
          "mean" : 0.000000,
          "stddev" : 0.000000,
          "N" : 0
        }
      },
      "job_runtime" : 30000,
      "usr_cpu" : 7.043333,
      "sys_cpu" : 52.670000,
      "ctx" : 23458,
      "majf" : 0,
      "minf" : 62,
      "iodepth_level" : {
        "1" : 0.000000,
        "2" : 0.000000,
        "4" : 100.000000,
        "8" : 0.000000,
        "16" : 0.000000,
        "32" : 0.000000,
        ">=64" : 0.000000
      },
      "iodepth_submit" : {
        "0" : 0.000000,
        "4" : 100.000000,
        "8" : 0.000000,
        "16" : 0.000000,
        "32" : 0.000000,
        "64" : 0.000000,
        ">=64" : 0.000000
      },
      "iodepth_complete" : {
        "0" : 0.000000,
        "4" : 100.000000,
        "8" : 0.000000,
        "16" : 0.000000,
        "32" : 0.000000,
        "64" : 0.000000,
        ">=64" : 0.000000
      },
      "latency_ns" : {
        "2" : 0.000000,
        "4" : 0.000000,
        "10" : 0.000000,
        "20" : 0.000000,
        "50" : 0.000000,
        "100" : 0.000000,
        "250" : 0.000000,
        "500" : 0.000000,
        "750" : 0.000000,
        "1000" : 0.000000
      },
      "latency_us" : {
        "2" : 0.010000,
        "4" : 0.000000,
        "10" : 0.000000,
        "20" : 0.000000,
        "50" : 0.000000,
        "100" : 0.013664,
        "250" : 8.732485,
        "500" : 9.749826,
        "750" : 20.690897,
        "1000" : 13.067674
      },
      "latency_ms" : {
        "2" : 24.108119,
        "4" : 23.062208,
        "10" : 0.542830,
        "20" : 0.000000,
        "50" : 0.034781,
        "100" : 0.000000,
        "250" : 0.000000,
        "500" : 0.000000,
        "750" : 0.000000,
        "1000" : 0.000000,
        "2000" : 0.000000,
        ">=2000" : 0.000000
      },
      "latency_depth" : 4,
      "latency_target" : 0,
      "latency_percentile" : 100.000000,
      "latency_window" : 0
    }
  ],
  "disk_util" : [
    {
      "name" : "nvme1n1",
      "read_ios" : 642375,
      "write_ios" : 214168,
      "read_merges" : 0,
      "write_merges" : 0,
      "read_ticks" : 654918,
      "write_ticks" : 22337,
      "in_queue" : 677255,
      "util" : 74.280082
    }
  ]
}
