{
  "fio version" : "fio-3.28",
  "timestamp" : 1757417262,
  "timestamp_ms" : 1757417262775,
  "time" : "Tue Sep  9 07:27:42 2025",
  "jobs" : [
    {
      "jobname" : "mixed_io",
      "groupid" : 0,
      "error" : 0,
      "eta" : 0,
      "elapsed" : 41,
      "job options" : {
        "name" : "mixed_io",
        "filename" : "/dev/nvme1n1p2",
        "rw" : "randrw",
        "rwmixread" : "50",
        "bs" : "1024k",
        "ioengine" : "libaio",
        "iodepth" : "4",
        "numjobs" : "1",
        "runtime" : "30",
        "ramp_time" : "10",
        "direct" : "1"
      },
      "read" : {
        "io_bytes" : 34524364800,
        "io_kbytes" : 33715200,
        "bw_bytes" : 1150773800,
        "bw" : 1123802,
        "iops" : 1097.363421,
        "runtime" : 30001,
        "total_ios" : 32922,
        "short_ios" : 0,
        "drop_ios" : 0,
        "slat_ns" : {
          "min" : 141549,
          "max" : 371731,
          "mean" : 195598.392795,
          "stddev" : 31022.220551,
          "N" : 32923
        },
        "clat_ns" : {
          "min" : 264577,
          "max" : 26104713,
          "mean" : 2754545.058740,
          "stddev" : 1509360.170664,
          "N" : 32925,
          "percentile" : {
            "1.000000" : 602112,
            "5.000000" : 774144,
            "10.000000" : 921600,
            "20.000000" : 1466368,
            "30.000000" : 1892352,
            "40.000000" : 2244608,
            "50.000000" : 2637824,
            "60.000000" : 2998272,
            "70.000000" : 3391488,
            "80.000000" : 3817472,
            "90.000000" : 4554752,
            "95.000000" : 5275648,
            "99.000000" : 6848512,
            "99.500000" : 7569408,
            "99.900000" : 10158080,
            "99.950000" : 23199744,
            "99.990000" : 25296896
          }
        },
        "lat_ns" : {
          "min" : 462475,
          "max" : 26300935,
          "mean" : 2950539.782111,
          "stddev" : 1501128.103763,
          "N" : 32925
        },
        "bw_min" : 982957,
        "bw_max" : 1280000,
        "bw_agg" : 100.000000,
        "bw_mean" : 1124712.916667,
        "bw_dev" : 71098.273330,
        "bw_samples" : 60,
        "iops_min" : 959,
        "iops_max" : 1250,
        "iops_mean" : 1098.250000,
        "iops_stddev" : 69.411235,
        "iops_samples" : 60
      },
      "write" : {
        "io_bytes" : 34185674752,
        "io_kbytes" : 33384448,
        "bw_bytes" : 1139484508,
        "bw" : 1112777,
        "iops" : 1086.663778,
        "runtime" : 30001,
        "total_ios" : 32601,
        "short_ios" : 0,
        "drop_ios" : 0,
        "slat_ns" : {
          "min" : 155861,
          "max" : 506909,
          "mean" : 253776.591884,
          "stddev" : 48914.123208,
          "N" : 32601
        },
        "clat_ns" : {
          "min" : 72749,
          "max" : 21942560,
          "mean" : 441366.199012,
          "stddev" : 609495.985330,
          "N" : 32601,
          "percentile" : {
            "1.000000" : 119296,
            "5.000000" : 134144,
            "10.000000" : 138240,
            "20.000000" : 152576,
            "30.000000" : 222208,
            "40.000000" : 280576,
            "50.000000" : 387072,
            "60.000000" : 468992,
            "70.000000" : 561152,
            "80.000000" : 659456,
            "90.000000" : 749568,
            "95.000000" : 856064,
            "99.000000" : 1318912,
            "99.500000" : 1482752,
            "99.900000" : 2506752,
            "99.950000" : 20578304,
            "99.990000" : 21626880
          }
        },
        "lat_ns" : {
          "min" : 299398,
          "max" : 22200658,
          "mean" : 695600.583663,
          "stddev" : 615911.680742,
          "N" : 32601
        },
        "bw_min" : 960512,
        "bw_max" : 1216897,
        "bw_agg" : 100.000000,
        "bw_mean" : 1113705.533333,
        "bw_dev" : 56549.690864,
        "bw_samples" : 60,
        "iops_min" : 938,
        "iops_max" : 1188,
        "iops_mean" : 1087.516667,
        "iops_stddev" : 55.220818,
        "iops_samples" : 60
      },
      "trim" : {
        "io_bytes" : 0,
        "io_kbytes" : 0,
        "bw_bytes" : 0,
        "bw" : 0,
        "iops" : 0.000000,
        "runtime" : 0,
        "total_ios" : 0,
        "short_ios" : 0,
        "drop_ios" : 0,
        "slat_ns" : {
          "min" : 0,
          "max" : 0,
          "mean" : 0.000000,
          "stddev" : 0.000000,
          "N" : 0
        },
        "clat_ns" : {
          "min" : 0,
          "max" : 0,
          "mean" : 0.000000,
          "stddev" : 0.000000,
          "N" : 0
        },
        "lat_ns" : {
          "min" : 0,
          "max" : 0,
          "mean" : 0.000000,
          "stddev" : 0.000000,
          "N" : 0
        },
        "bw_min" : 0,
        "bw_max" : 0,
        "bw_agg" : 0.000000,
        "bw_mean" : 0.000000,
        "bw_dev" : 0.000000,
        "bw_samples" : 0,
        "iops_min" : 0,
        "iops_max" : 0,
        "iops_mean" : 0.000000,
        "iops_stddev" : 0.000000,
        "iops_samples" : 0
      },
      "sync" : {
        "total_ios" : 0,
        "lat_ns" : {
          "min" : 0,
          "max" : 0,
          "mean" : 0.000000,
          "stddev" : 0.000000,
          "N" : 0
        }
      },
      "job_runtime" : 30000,
      "usr_cpu" : 9.743333,
      "sys_cpu" : 44.013333,
      "ctx" : 25749,
      "majf" : 0,
      "minf" : 64,
      "iodepth_level" : {
        "1" : 0.000000,
        "2" : 0.000000,
        "4" : 100.000000,
        "8" : 0.000000,
        "16" : 0.000000,
        "32" : 0.000000,
        ">=64" : 0.000000
      },
      "iodepth_submit" : {
        "0" : 0.000000,
        "4" : 100.000000,
        "8" : 0.000000,
        "16" : 0.000000,
        "32" : 0.000000,
        "64" : 0.000000,
        ">=64" : 0.000000
      },
      "iodepth_complete" : {
        "0" : 0.000000,
        "4" : 100.000000,
        "8" : 0.000000,
        "16" : 0.000000,
        "32" : 0.000000,
        "64" : 0.000000,
        ">=64" : 0.000000
      },
      "latency_ns" : {
        "2" : 0.000000,
        "4" : 0.000000,
        "10" : 0.000000,
        "20" : 0.000000,
        "50" : 0.000000,
        "100" : 0.000000,
        "250" : 0.000000,
        "500" : 0.000000,
        "750" : 0.000000,
        "1000" : 0.000000
      },
      "latency_us" : {
        "2" : 0.000000,
        "4" : 0.000000,
        "10" : 0.000000,
        "20" : 0.000000,
        "50" : 0.000000,
        "100" : 0.065626,
        "250" : 17.077973,
        "500" : 14.622346,
        "750" : 15.072570,
        "1000" : 7.295148
      },
      "latency_ms" : {
        "2" : 12.249134,
        "4" : 25.018696,
        "10" : 8.516094,
        "20" : 0.022893,
        "50" : 0.064100,
        "100" : 0.000000,
        "250" : 0.000000,
        "500" : 0.000000,
        "750" : 0.000000,
        "1000" : 0.000000,
        "2000" : 0.000000,
        ">=2000" : 0.000000
      },
      "latency_depth" : 4,
      "latency_target" : 0,
      "latency_percentile" : 100.000000,
      "latency_window" : 0
    }
  ],
  "disk_util" : [
    {
      "name" : "nvme1n1",
      "read_ios" : 343696,
      "write_ios" : 340994,
      "read_merges" : 0,
      "write_merges" : 0,
      "read_ticks" : 641276,
      "write_ticks" : 56775,
      "in_queue" : 698050,
      "util" : 76.050011
    }
  ]
}
