{
  "fio version" : "fio-3.28",
  "timestamp" : 1757414353,
  "timestamp_ms" : 1757414353874,
  "time" : "Tue Sep  9 06:39:13 2025",
  "jobs" : [
    {
      "jobname" : "mixed_io",
      "groupid" : 0,
      "error" : 0,
      "eta" : 0,
      "elapsed" : 41,
      "job options" : {
        "name" : "mixed_io",
        "filename" : "/dev/nvme1n1p2",
        "rw" : "randrw",
        "rwmixread" : "0",
        "bs" : "1024k",
        "ioengine" : "libaio",
        "iodepth" : "4",
        "numjobs" : "1",
        "runtime" : "30",
        "ramp_time" : "10",
        "direct" : "1"
      },
      "read" : {
        "io_bytes" : 0,
        "io_kbytes" : 0,
        "bw_bytes" : 0,
        "bw" : 0,
        "iops" : 0.000000,
        "runtime" : 0,
        "total_ios" : 0,
        "short_ios" : 0,
        "drop_ios" : 0,
        "slat_ns" : {
          "min" : 0,
          "max" : 0,
          "mean" : 0.000000,
          "stddev" : 0.000000,
          "N" : 0
        },
        "clat_ns" : {
          "min" : 0,
          "max" : 0,
          "mean" : 0.000000,
          "stddev" : 0.000000,
          "N" : 0
        },
        "lat_ns" : {
          "min" : 0,
          "max" : 0,
          "mean" : 0.000000,
          "stddev" : 0.000000,
          "N" : 0
        },
        "bw_min" : 0,
        "bw_max" : 0,
        "bw_agg" : 0.000000,
        "bw_mean" : 0.000000,
        "bw_dev" : 0.000000,
        "bw_samples" : 0,
        "iops_min" : 0,
        "iops_max" : 0,
        "iops_mean" : 0.000000,
        "iops_stddev" : 0.000000,
        "iops_samples" : 0
      },
      "write" : {
        "io_bytes" : 55235837952,
        "io_kbytes" : 53941248,
        "bw_bytes" : 1841071860,
        "bw" : 1797921,
        "iops" : 1755.649623,
        "runtime" : 30002,
        "total_ios" : 52673,
        "short_ios" : 0,
        "drop_ios" : 0,
        "slat_ns" : {
          "min" : 62943,
          "max" : 467175,
          "mean" : 171991.874720,
          "stddev" : 34191.653989,
          "N" : 52674
        },
        "clat_ns" : {
          "min" : 1257699,
          "max" : 24273281,
          "mean" : 2101577.017788,
          "stddev" : 904754.198034,
          "N" : 52676,
          "percentile" : {
            "1.000000" : 1466368,
            "5.000000" : 1597440,
            "10.000000" : 1646592,
            "20.000000" : 1744896,
            "30.000000" : 1810432,
            "40.000000" : 1892352,
            "50.000000" : 1974272,
            "60.000000" : 2072576,
            "70.000000" : 2211840,
            "80.000000" : 2375680,
            "90.000000" : 2637824,
            "95.000000" : 2801664,
            "99.000000" : 3162112,
            "99.500000" : 4751360,
            "99.900000" : 22675456,
            "99.950000" : 23461888,
            "99.990000" : 23986176
          }
        },
        "lat_ns" : {
          "min" : 1512395,
          "max" : 24432790,
          "mean" : 2274047.607620,
          "stddev" : 901913.449711,
          "N" : 52676
        },
        "bw_min" : 1701888,
        "bw_max" : 1906404,
        "bw_agg" : 100.000000,
        "bw_mean" : 1799417.300000,
        "bw_dev" : 60717.997870,
        "bw_samples" : 60,
        "iops_min" : 1662,
        "iops_max" : 1861,
        "iops_mean" : 1757.033333,
        "iops_stddev" : 59.299003,
        "iops_samples" : 60
      },
      "trim" : {
        "io_bytes" : 0,
        "io_kbytes" : 0,
        "bw_bytes" : 0,
        "bw" : 0,
        "iops" : 0.000000,
        "runtime" : 0,
        "total_ios" : 0,
        "short_ios" : 0,
        "drop_ios" : 0,
        "slat_ns" : {
          "min" : 0,
          "max" : 0,
          "mean" : 0.000000,
          "stddev" : 0.000000,
          "N" : 0
        },
        "clat_ns" : {
          "min" : 0,
          "max" : 0,
          "mean" : 0.000000,
          "stddev" : 0.000000,
          "N" : 0
        },
        "lat_ns" : {
          "min" : 0,
          "max" : 0,
          "mean" : 0.000000,
          "stddev" : 0.000000,
          "N" : 0
        },
        "bw_min" : 0,
        "bw_max" : 0,
        "bw_agg" : 0.000000,
        "bw_mean" : 0.000000,
        "bw_dev" : 0.000000,
        "bw_samples" : 0,
        "iops_min" : 0,
        "iops_max" : 0,
        "iops_mean" : 0.000000,
        "iops_stddev" : 0.000000,
        "iops_samples" : 0
      },
      "sync" : {
        "total_ios" : 0,
        "lat_ns" : {
          "min" : 0,
          "max" : 0,
          "mean" : 0.000000,
          "stddev" : 0.000000,
          "N" : 0
        }
      },
      "job_runtime" : 30001,
      "usr_cpu" : 10.586314,
      "sys_cpu" : 26.312456,
      "ctx" : 50807,
      "majf" : 0,
      "minf" : 62,
      "iodepth_level" : {
        "1" : 0.000000,
        "2" : 0.000000,
        "4" : 100.000000,
        "8" : 0.000000,
        "16" : 0.000000,
        "32" : 0.000000,
        ">=64" : 0.000000
      },
      "iodepth_submit" : {
        "0" : 0.000000,
        "4" : 100.000000,
        "8" : 0.000000,
        "16" : 0.000000,
        "32" : 0.000000,
        "64" : 0.000000,
        ">=64" : 0.000000
      },
      "iodepth_complete" : {
        "0" : 0.000000,
        "4" : 100.000000,
        "8" : 0.000000,
        "16" : 0.000000,
        "32" : 0.000000,
        "64" : 0.000000,
        ">=64" : 0.000000
      },
      "latency_ns" : {
        "2" : 0.000000,
        "4" : 0.000000,
        "10" : 0.000000,
        "20" : 0.000000,
        "50" : 0.000000,
        "100" : 0.000000,
        "250" : 0.000000,
        "500" : 0.000000,
        "750" : 0.000000,
        "1000" : 0.000000
      },
      "latency_us" : {
        "2" : 0.000000,
        "4" : 0.000000,
        "10" : 0.000000,
        "20" : 0.000000,
        "50" : 0.000000,
        "100" : 0.000000,
        "250" : 0.000000,
        "500" : 0.000000,
        "750" : 0.000000,
        "1000" : 0.000000
      },
      "latency_ms" : {
        "2" : 53.249293,
        "4" : 46.177358,
        "10" : 0.411976,
        "20" : 0.037970,
        "50" : 0.129098,
        "100" : 0.000000,
        "250" : 0.000000,
        "500" : 0.000000,
        "750" : 0.000000,
        "1000" : 0.000000,
        "2000" : 0.000000,
        ">=2000" : 0.000000
      },
      "latency_depth" : 4,
      "latency_target" : 0,
      "latency_percentile" : 100.000000,
      "latency_window" : 0
    }
  ],
  "disk_util" : [
    {
      "name" : "nvme1n1",
      "read_ios" : 0,
      "write_ios" : 560911,
      "read_merges" : 0,
      "write_merges" : 0,
      "read_ticks" : 0,
      "write_ticks" : 1038343,
      "in_queue" : 1038343,
      "util" : 88.165710
    }
  ]
}
