{
  "fio version" : "fio-3.28",
  "timestamp" : 1757415929,
  "timestamp_ms" : 1757415929568,
  "time" : "Tue Sep  9 07:05:29 2025",
  "jobs" : [
    {
      "jobname" : "mixed_io",
      "groupid" : 0,
      "error" : 0,
      "eta" : 0,
      "elapsed" : 41,
      "job options" : {
        "name" : "mixed_io",
        "filename" : "/dev/nvme1n1p2",
        "rw" : "randrw",
        "rwmixread" : "25",
        "bs" : "1024k",
        "ioengine" : "libaio",
        "iodepth" : "4",
        "numjobs" : "2",
        "runtime" : "30",
        "ramp_time" : "10",
        "direct" : "1"
      },
      "read" : {
        "io_bytes" : 17365467136,
        "io_kbytes" : 16958464,
        "bw_bytes" : 578771734,
        "bw" : 565206,
        "iops" : 551.793094,
        "runtime" : 30004,
        "total_ios" : 16556,
        "short_ios" : 0,
        "drop_ios" : 0,
        "slat_ns" : {
          "min" : 60355,
          "max" : 410669,
          "mean" : 202186.689135,
          "stddev" : 28998.776531,
          "N" : 16557
        },
        "clat_ns" : {
          "min" : 216982,
          "max" : 40179050,
          "mean" : 8306421.155486,
          "stddev" : 4367648.446791,
          "N" : 16561,
          "percentile" : {
            "1.000000" : 1695744,
            "5.000000" : 3031040,
            "10.000000" : 3751936,
            "20.000000" : 4816896,
            "30.000000" : 5668864,
            "40.000000" : 6520832,
            "50.000000" : 7438336,
            "60.000000" : 8454144,
            "70.000000" : 9764864,
            "80.000000" : 11337728,
            "90.000000" : 13828096,
            "95.000000" : 16449536,
            "99.000000" : 22675456,
            "99.500000" : 26083328,
            "99.900000" : 33161216,
            "99.950000" : 34340864,
            "99.990000" : 39059456
          }
        },
        "lat_ns" : {
          "min" : 379488,
          "max" : 40378512,
          "mean" : 8509153.917215,
          "stddev" : 4366629.197766,
          "N" : 16561
        },
        "bw_min" : 424785,
        "bw_max" : 696997,
        "bw_agg" : 100.000000,
        "bw_mean" : 565608.333333,
        "bw_dev" : 28324.690817,
        "bw_samples" : 120,
        "iops_min" : 414,
        "iops_max" : 680,
        "iops_mean" : 551.833333,
        "iops_stddev" : 27.664324,
        "iops_samples" : 120
      },
      "write" : {
        "io_bytes" : 52102692864,
        "io_kbytes" : 50881536,
        "bw_bytes" : 1736524892,
        "bw" : 1695825,
        "iops" : 1656.012532,
        "runtime" : 30004,
        "total_ios" : 49687,
        "short_ios" : 0,
        "drop_ios" : 0,
        "slat_ns" : {
          "min" : 73645,
          "max" : 555793,
          "mean" : 243245.301729,
          "stddev" : 39725.612650,
          "N" : 49687
        },
        "clat_ns" : {
          "min" : 67249,
          "max" : 28027548,
          "mean" : 1744063.817139,
          "stddev" : 1299267.505577,
          "N" : 49688,
          "percentile" : {
            "1.000000" : 132096,
            "5.000000" : 162816,
            "10.000000" : 288768,
            "20.000000" : 667648,
            "30.000000" : 1028096,
            "40.000000" : 1368064,
            "50.000000" : 1662976,
            "60.000000" : 2007040,
            "70.000000" : 2342912,
            "80.000000" : 2703360,
            "90.000000" : 3129344,
            "95.000000" : 3424256,
            "99.000000" : 4014080,
            "99.500000" : 4227072,
            "99.900000" : 21364736,
            "99.950000" : 23199744,
            "99.990000" : 27918336
          }
        },
        "lat_ns" : {
          "min" : 306255,
          "max" : 28262074,
          "mean" : 1987925.123189,
          "stddev" : 1295716.802136,
          "N" : 49688
        },
        "bw_min" : 1307189,
        "bw_max" : 2037677,
        "bw_agg" : 100.000000,
        "bw_mean" : 1697610.766667,
        "bw_dev" : 71511.212920,
        "bw_samples" : 120,
        "iops_min" : 1276,
        "iops_max" : 1989,
        "iops_mean" : 1657.216667,
        "iops_stddev" : 69.791598,
        "iops_samples" : 120
      },
      "trim" : {
        "io_bytes" : 0,
        "io_kbytes" : 0,
        "bw_bytes" : 0,
        "bw" : 0,
        "iops" : 0.000000,
        "runtime" : 0,
        "total_ios" : 0,
        "short_ios" : 0,
        "drop_ios" : 0,
        "slat_ns" : {
          "min" : 0,
          "max" : 0,
          "mean" : 0.000000,
          "stddev" : 0.000000,
          "N" : 0
        },
        "clat_ns" : {
          "min" : 0,
          "max" : 0,
          "mean" : 0.000000,
          "stddev" : 0.000000,
          "N" : 0
        },
        "lat_ns" : {
          "min" : 0,
          "max" : 0,
          "mean" : 0.000000,
          "stddev" : 0.000000,
          "N" : 0
        },
        "bw_min" : 0,
        "bw_max" : 0,
        "bw_agg" : 0.000000,
        "bw_mean" : 0.000000,
        "bw_dev" : 0.000000,
        "bw_samples" : 0,
        "iops_min" : 0,
        "iops_max" : 0,
        "iops_mean" : 0.000000,
        "iops_stddev" : 0.000000,
        "iops_samples" : 0
      },
      "sync" : {
        "total_ios" : 0,
        "lat_ns" : {
          "min" : 0,
          "max" : 0,
          "mean" : 0.000000,
          "stddev" : 0.000000,
          "N" : 0
        }
      },
      "job_runtime" : 60006,
      "usr_cpu" : 7.484252,
      "sys_cpu" : 23.435990,
      "ctx" : 52459,
      "majf" : 0,
      "minf" : 122,
      "iodepth_level" : {
        "1" : 0.000000,
        "2" : 0.000000,
        "4" : 100.000000,
        "8" : 0.000000,
        "16" : 0.000000,
        "32" : 0.000000,
        ">=64" : 0.000000
      },
      "iodepth_submit" : {
        "0" : 0.000000,
        "4" : 100.000000,
        "8" : 0.000000,
        "16" : 0.000000,
        "32" : 0.000000,
        "64" : 0.000000,
        ">=64" : 0.000000
      },
      "iodepth_complete" : {
        "0" : 0.000000,
        "4" : 100.000000,
        "8" : 0.000000,
        "16" : 0.000000,
        "32" : 0.000000,
        "64" : 0.000000,
        ">=64" : 0.000000
      },
      "latency_ns" : {
        "2" : 0.000000,
        "4" : 0.000000,
        "10" : 0.000000,
        "20" : 0.000000,
        "50" : 0.000000,
        "100" : 0.000000,
        "250" : 0.000000,
        "500" : 0.000000,
        "750" : 0.000000,
        "1000" : 0.000000
      },
      "latency_us" : {
        "2" : 0.000000,
        "4" : 0.000000,
        "10" : 0.000000,
        "20" : 0.000000,
        "50" : 0.000000,
        "100" : 0.028682,
        "250" : 6.106306,
        "500" : 5.766647,
        "750" : 4.632942,
        "1000" : 5.505487
      },
      "latency_ms" : {
        "2" : 23.344353,
        "4" : 31.909787,
        "10" : 15.556361,
        "20" : 6.602962,
        "50" : 0.555530,
        "100" : 0.000000,
        "250" : 0.000000,
        "500" : 0.000000,
        "750" : 0.000000,
        "1000" : 0.000000,
        "2000" : 0.000000,
        ">=2000" : 0.000000
      },
      "latency_depth" : 4,
      "latency_target" : 0,
      "latency_percentile" : 100.000000,
      "latency_window" : 0
    }
  ],
  "disk_util" : [
    {
      "name" : "nvme1n1",
      "read_ios" : 173067,
      "write_ios" : 520755,
      "read_merges" : 0,
      "write_merges" : 0,
      "read_ticks" : 1024178,
      "write_ticks" : 716201,
      "in_queue" : 1740379,
      "util" : 79.021188
    }
  ]
}
