{
  "fio version" : "fio-3.28",
  "timestamp" : 1757416656,
  "timestamp_ms" : 1757416656794,
  "time" : "Tue Sep  9 07:17:36 2025",
  "jobs" : [
    {
      "jobname" : "mixed_io",
      "groupid" : 0,
      "error" : 0,
      "eta" : 0,
      "elapsed" : 41,
      "job options" : {
        "name" : "mixed_io",
        "filename" : "/dev/nvme1n1p2",
        "rw" : "randrw",
        "rwmixread" : "25",
        "bs" : "1024k",
        "ioengine" : "libaio",
        "iodepth" : "64",
        "numjobs" : "2",
        "runtime" : "30",
        "ramp_time" : "10",
        "direct" : "1"
      },
      "read" : {
        "io_bytes" : 16920870912,
        "io_kbytes" : 16524288,
        "bw_bytes" : 563053071,
        "bw" : 549856,
        "iops" : 534.839611,
        "runtime" : 30052,
        "total_ios" : 16073,
        "short_ios" : 0,
        "drop_ios" : 0,
        "slat_ns" : {
          "min" : 108445,
          "max" : 815253,
          "mean" : 167771.431007,
          "stddev" : 30440.736617,
          "N" : 16074
        },
        "clat_ns" : {
          "min" : 6203192,
          "max" : 224371906,
          "mean" : 63120400.797905,
          "stddev" : 24560619.969205,
          "N" : 16136,
          "percentile" : {
            "1.000000" : 38535168,
            "5.000000" : 44826624,
            "10.000000" : 46399488,
            "20.000000" : 48496640,
            "30.000000" : 50069504,
            "40.000000" : 51642368,
            "50.000000" : 54263808,
            "60.000000" : 56885248,
            "70.000000" : 61603840,
            "80.000000" : 73924608,
            "90.000000" : 93847552,
            "95.000000" : 115867648,
            "99.000000" : 162529280,
            "99.500000" : 173015040,
            "99.900000" : 187695104,
            "99.950000" : 196083712,
            "99.990000" : 219152384
          }
        },
        "lat_ns" : {
          "min" : 6419167,
          "max" : 224532172,
          "mean" : 63288767.783837,
          "stddev" : 24559754.973143,
          "N" : 16136
        },
        "bw_min" : 436679,
        "bw_max" : 654620,
        "bw_agg" : 99.915884,
        "bw_mean" : 549394.250000,
        "bw_dev" : 21779.524312,
        "bw_samples" : 120,
        "iops_min" : 426,
        "iops_max" : 638,
        "iops_mean" : 535.733333,
        "iops_stddev" : 21.227031,
        "iops_samples" : 120
      },
      "write" : {
        "io_bytes" : 50798264320,
        "io_kbytes" : 49607680,
        "bw_bytes" : 1690345545,
        "bw" : 1650728,
        "iops" : 1609.942766,
        "runtime" : 30052,
        "total_ios" : 48382,
        "short_ios" : 0,
        "drop_ios" : 0,
        "slat_ns" : {
          "min" : 119729,
          "max" : 1381573,
          "mean" : 233417.818073,
          "stddev" : 40983.609038,
          "N" : 48382
        },
        "clat_ns" : {
          "min" : 1582931,
          "max" : 91693617,
          "mean" : 58185943.035091,
          "stddev" : 9617791.075096,
          "N" : 48445,
          "percentile" : {
            "1.000000" : 32899072,
            "5.000000" : 40108032,
            "10.000000" : 44826624,
            "20.000000" : 52690944,
            "30.000000" : 56360960,
            "40.000000" : 57933824,
            "50.000000" : 58982400,
            "60.000000" : 60555264,
            "70.000000" : 61603840,
            "80.000000" : 63700992,
            "90.000000" : 66846720,
            "95.000000" : 72876032,
            "99.000000" : 84410368,
            "99.500000" : 86507520,
            "99.900000" : 89653248,
            "99.950000" : 89653248,
            "99.990000" : 90701824
          }
        },
        "lat_ns" : {
          "min" : 1858770,
          "max" : 91900891,
          "mean" : 58420062.908060,
          "stddev" : 9618572.695461,
          "N" : 48445
        },
        "bw_min" : 1455536,
        "bw_max" : 1824320,
        "bw_agg" : 100.000000,
        "bw_mean" : 1653766.666667,
        "bw_dev" : 35581.114994,
        "bw_samples" : 120,
        "iops_min" : 1421,
        "iops_max" : 1780,
        "iops_mean" : 1614.100000,
        "iops_stddev" : 34.648725,
        "iops_samples" : 120
      },
      "trim" : {
        "io_bytes" : 0,
        "io_kbytes" : 0,
        "bw_bytes" : 0,
        "bw" : 0,
        "iops" : 0.000000,
        "runtime" : 0,
        "total_ios" : 0,
        "short_ios" : 0,
        "drop_ios" : 0,
        "slat_ns" : {
          "min" : 0,
          "max" : 0,
          "mean" : 0.000000,
          "stddev" : 0.000000,
          "N" : 0
        },
        "clat_ns" : {
          "min" : 0,
          "max" : 0,
          "mean" : 0.000000,
          "stddev" : 0.000000,
          "N" : 0
        },
        "lat_ns" : {
          "min" : 0,
          "max" : 0,
          "mean" : 0.000000,
          "stddev" : 0.000000,
          "N" : 0
        },
        "bw_min" : 0,
        "bw_max" : 0,
        "bw_agg" : 0.000000,
        "bw_mean" : 0.000000,
        "bw_dev" : 0.000000,
        "bw_samples" : 0,
        "iops_min" : 0,
        "iops_max" : 0,
        "iops_mean" : 0.000000,
        "iops_stddev" : 0.000000,
        "iops_samples" : 0
      },
      "sync" : {
        "total_ios" : 0,
        "lat_ns" : {
          "min" : 0,
          "max" : 0,
          "mean" : 0.000000,
          "stddev" : 0.000000,
          "N" : 0
        }
      },
      "job_runtime" : 60101,
      "usr_cpu" : 9.688691,
      "sys_cpu" : 19.515482,
      "ctx" : 53535,
      "majf" : 0,
      "minf" : 122,
      "iodepth_level" : {
        "1" : 0.000000,
        "2" : 0.000000,
        "4" : 0.000000,
        "8" : 0.000000,
        "16" : 0.000000,
        "32" : 0.000000,
        ">=64" : 100.000000
      },
      "iodepth_submit" : {
        "0" : 0.000000,
        "4" : 100.000000,
        "8" : 0.000000,
        "16" : 0.000000,
        "32" : 0.000000,
        "64" : 0.000000,
        ">=64" : 0.000000
      },
      "iodepth_complete" : {
        "0" : 0.000000,
        "4" : 99.996897,
        "8" : 0.000000,
        "16" : 0.000000,
        "32" : 0.000000,
        "64" : 0.100000,
        ">=64" : 0.000000
      },
      "latency_ns" : {
        "2" : 0.000000,
        "4" : 0.000000,
        "10" : 0.000000,
        "20" : 0.000000,
        "50" : 0.000000,
        "100" : 0.000000,
        "250" : 0.000000,
        "500" : 0.000000,
        "750" : 0.000000,
        "1000" : 0.000000
      },
      "latency_us" : {
        "2" : 0.000000,
        "4" : 0.000000,
        "10" : 0.000000,
        "20" : 0.000000,
        "50" : 0.000000,
        "100" : 0.000000,
        "250" : 0.000000,
        "500" : 0.000000,
        "750" : 0.000000,
        "1000" : 0.000000
      },
      "latency_ms" : {
        "2" : 0.010000,
        "4" : 0.010860,
        "10" : 0.037235,
        "20" : 0.212551,
        "50" : 19.415096,
        "100" : 78.474905,
        "250" : 2.043286,
        "500" : 0.000000,
        "750" : 0.000000,
        "1000" : 0.000000,
        "2000" : 0.000000,
        ">=2000" : 0.000000
      },
      "latency_depth" : 64,
      "latency_target" : 0,
      "latency_percentile" : 100.000000,
      "latency_window" : 0
    }
  ],
  "disk_util" : [
    {
      "name" : "nvme1n1",
      "read_ios" : 167475,
      "write_ios" : 505455,
      "read_merges" : 0,
      "write_merges" : 0,
      "read_ticks" : 11293885,
      "write_ticks" : 28227432,
      "in_queue" : 39521318,
      "util" : 83.745821
    }
  ]
}
