{
  "fio version" : "fio-3.28",
  "timestamp" : 1757420979,
  "timestamp_ms" : 1757420979262,
  "time" : "Tue Sep  9 08:29:39 2025",
  "jobs" : [
    {
      "jobname" : "mixed_io",
      "groupid" : 0,
      "error" : 0,
      "eta" : 0,
      "elapsed" : 41,
      "job options" : {
        "name" : "mixed_io",
        "filename" : "/dev/nvme1n1p2",
        "rw" : "randrw",
        "rwmixread" : "100",
        "bs" : "64k",
        "ioengine" : "libaio",
        "iodepth" : "64",
        "numjobs" : "2",
        "runtime" : "30",
        "ramp_time" : "10",
        "direct" : "1"
      },
      "read" : {
        "io_bytes" : 135430012928,
        "io_kbytes" : 132255872,
        "bw_bytes" : 4513882376,
        "bw" : 4408088,
        "iops" : 68872.146119,
        "runtime" : 30003,
        "total_ios" : 2066371,
        "short_ios" : 0,
        "drop_ios" : 0,
        "slat_ns" : {
          "min" : 5064,
          "max" : 250995,
          "mean" : 12573.686785,
          "stddev" : 4801.846947,
          "N" : 2066372
        },
        "clat_ns" : {
          "min" : 640836,
          "max" : 7522639,
          "mean" : 1844503.868875,
          "stddev" : 506774.732796,
          "N" : 2066497,
          "percentile" : {
            "1.000000" : 1011712,
            "5.000000" : 1155072,
            "10.000000" : 1253376,
            "20.000000" : 1449984,
            "30.000000" : 1597440,
            "40.000000" : 1695744,
            "50.000000" : 1777664,
            "60.000000" : 1875968,
            "70.000000" : 1990656,
            "80.000000" : 2146304,
            "90.000000" : 2473984,
            "95.000000" : 2768896,
            "99.000000" : 3522560,
            "99.500000" : 3850240,
            "99.900000" : 4620288,
            "99.950000" : 4947968,
            "99.990000" : 5799936
          }
        },
        "lat_ns" : {
          "min" : 651065,
          "max" : 7533573,
          "mean" : 1857292.990259,
          "stddev" : 507206.245381,
          "N" : 2066497
        },
        "bw_min" : 3976502,
        "bw_max" : 4946317,
        "bw_agg" : 100.000000,
        "bw_mean" : 4412360.100000,
        "bw_dev" : 194835.425148,
        "bw_samples" : 120,
        "iops_min" : 62132,
        "iops_max" : 77286,
        "iops_mean" : 68942.833333,
        "iops_stddev" : 3044.372868,
        "iops_samples" : 120
      },
      "write" : {
        "io_bytes" : 0,
        "io_kbytes" : 0,
        "bw_bytes" : 0,
        "bw" : 0,
        "iops" : 0.000000,
        "runtime" : 0,
        "total_ios" : 0,
        "short_ios" : 0,
        "drop_ios" : 0,
        "slat_ns" : {
          "min" : 0,
          "max" : 0,
          "mean" : 0.000000,
          "stddev" : 0.000000,
          "N" : 0
        },
        "clat_ns" : {
          "min" : 0,
          "max" : 0,
          "mean" : 0.000000,
          "stddev" : 0.000000,
          "N" : 0
        },
        "lat_ns" : {
          "min" : 0,
          "max" : 0,
          "mean" : 0.000000,
          "stddev" : 0.000000,
          "N" : 0
        },
        "bw_min" : 0,
        "bw_max" : 0,
        "bw_agg" : 0.000000,
        "bw_mean" : 0.000000,
        "bw_dev" : 0.000000,
        "bw_samples" : 0,
        "iops_min" : 0,
        "iops_max" : 0,
        "iops_mean" : 0.000000,
        "iops_stddev" : 0.000000,
        "iops_samples" : 0
      },
      "trim" : {
        "io_bytes" : 0,
        "io_kbytes" : 0,
        "bw_bytes" : 0,
        "bw" : 0,
        "iops" : 0.000000,
        "runtime" : 0,
        "total_ios" : 0,
        "short_ios" : 0,
        "drop_ios" : 0,
        "slat_ns" : {
          "min" : 0,
          "max" : 0,
          "mean" : 0.000000,
          "stddev" : 0.000000,
          "N" : 0
        },
        "clat_ns" : {
          "min" : 0,
          "max" : 0,
          "mean" : 0.000000,
          "stddev" : 0.000000,
          "N" : 0
        },
        "lat_ns" : {
          "min" : 0,
          "max" : 0,
          "mean" : 0.000000,
          "stddev" : 0.000000,
          "N" : 0
        },
        "bw_min" : 0,
        "bw_max" : 0,
        "bw_agg" : 0.000000,
        "bw_mean" : 0.000000,
        "bw_dev" : 0.000000,
        "bw_samples" : 0,
        "iops_min" : 0,
        "iops_max" : 0,
        "iops_mean" : 0.000000,
        "iops_stddev" : 0.000000,
        "iops_samples" : 0
      },
      "sync" : {
        "total_ios" : 0,
        "lat_ns" : {
          "min" : 0,
          "max" : 0,
          "mean" : 0.000000,
          "stddev" : 0.000000,
          "N" : 0
        }
      },
      "job_runtime" : 60003,
      "usr_cpu" : 8.749563,
      "sys_cpu" : 52.680699,
      "ctx" : 681972,
      "majf" : 0,
      "minf" : 120,
      "iodepth_level" : {
        "1" : 0.000000,
        "2" : 0.000000,
        "4" : 0.000000,
        "8" : 0.000000,
        "16" : 0.000000,
        "32" : 0.000000,
        ">=64" : 100.000000
      },
      "iodepth_submit" : {
        "0" : 0.000000,
        "4" : 100.000000,
        "8" : 0.000000,
        "16" : 0.000000,
        "32" : 0.000000,
        "64" : 0.000000,
        ">=64" : 0.000000
      },
      "iodepth_complete" : {
        "0" : 0.000000,
        "4" : 99.999903,
        "8" : 0.000000,
        "16" : 0.000000,
        "32" : 0.000000,
        "64" : 0.100000,
        ">=64" : 0.000000
      },
      "latency_ns" : {
        "2" : 0.000000,
        "4" : 0.000000,
        "10" : 0.000000,
        "20" : 0.000000,
        "50" : 0.000000,
        "100" : 0.000000,
        "250" : 0.000000,
        "500" : 0.000000,
        "750" : 0.000000,
        "1000" : 0.000000
      },
      "latency_us" : {
        "2" : 0.000000,
        "4" : 0.000000,
        "10" : 0.000000,
        "20" : 0.000000,
        "50" : 0.000000,
        "100" : 0.000000,
        "250" : 0.000000,
        "500" : 0.000000,
        "750" : 0.010000,
        "1000" : 0.792500
      },
      "latency_ms" : {
        "2" : 69.797098,
        "4" : 29.045075,
        "10" : 0.365181,
        "20" : 0.000000,
        "50" : 0.000000,
        "100" : 0.000000,
        "250" : 0.000000,
        "500" : 0.000000,
        "750" : 0.000000,
        "1000" : 0.000000,
        "2000" : 0.000000,
        ">=2000" : 0.000000
      },
      "latency_depth" : 64,
      "latency_target" : 0,
      "latency_percentile" : 100.000000,
      "latency_window" : 0
    }
  ],
  "disk_util" : [
    {
      "name" : "nvme1n1",
      "read_ios" : 2755222,
      "write_ios" : 0,
      "read_merges" : 0,
      "write_merges" : 0,
      "read_ticks" : 5028046,
      "write_ticks" : 0,
      "in_queue" : 5028046,
      "util" : 61.861742
    }
  ]
}
