{
  "fio version" : "fio-3.28",
  "timestamp" : 1757418595,
  "timestamp_ms" : 1757418595968,
  "time" : "Tue Sep  9 07:49:55 2025",
  "jobs" : [
    {
      "jobname" : "mixed_io",
      "groupid" : 0,
      "error" : 0,
      "eta" : 0,
      "elapsed" : 41,
      "job options" : {
        "name" : "mixed_io",
        "filename" : "/dev/nvme1n1p2",
        "rw" : "randrw",
        "rwmixread" : "75",
        "bs" : "1024k",
        "ioengine" : "libaio",
        "iodepth" : "1",
        "numjobs" : "4",
        "runtime" : "30",
        "ramp_time" : "10",
        "direct" : "1"
      },
      "read" : {
        "io_bytes" : 68658659328,
        "io_kbytes" : 67049472,
        "bw_bytes" : 2288545692,
        "bw" : 2234907,
        "iops" : 2182.493917,
        "runtime" : 30001,
        "total_ios" : 65477,
        "short_ios" : 0,
        "drop_ios" : 0,
        "slat_ns" : {
          "min" : 89491,
          "max" : 442229,
          "mean" : 174356.360213,
          "stddev" : 26976.822011,
          "N" : 65478
        },
        "clat_ns" : {
          "min" : 132250,
          "max" : 26225041,
          "mean" : 1497588.807077,
          "stddev" : 1003081.131902,
          "N" : 65477,
          "percentile" : {
            "1.000000" : 292864,
            "5.000000" : 395264,
            "10.000000" : 468992,
            "20.000000" : 585728,
            "30.000000" : 708608,
            "40.000000" : 872448,
            "50.000000" : 1564672,
            "60.000000" : 1892352,
            "70.000000" : 2056192,
            "80.000000" : 2244608,
            "90.000000" : 2506752,
            "95.000000" : 3063808,
            "99.000000" : 3948544,
            "99.500000" : 4358144,
            "99.900000" : 6520832,
            "99.950000" : 14876672,
            "99.990000" : 23461888
          }
        },
        "lat_ns" : {
          "min" : 316697,
          "max" : 26350024,
          "mean" : 1672582.835652,
          "stddev" : 1000935.803104,
          "N" : 65477
        },
        "bw_min" : 1773568,
        "bw_max" : 2532674,
        "bw_agg" : 100.000000,
        "bw_mean" : 2236720.516949,
        "bw_dev" : 37215.699527,
        "bw_samples" : 239,
        "iops_min" : 1732,
        "iops_max" : 2473,
        "iops_mean" : 2183.899153,
        "iops_stddev" : 36.400478,
        "iops_samples" : 239
      },
      "write" : {
        "io_bytes" : 22985834496,
        "io_kbytes" : 22447104,
        "bw_bytes" : 766168944,
        "bw" : 748211,
        "iops" : 730.675644,
        "runtime" : 30001,
        "total_ios" : 21921,
        "short_ios" : 0,
        "drop_ios" : 0,
        "slat_ns" : {
          "min" : 116046,
          "max" : 554140,
          "mean" : 200348.067561,
          "stddev" : 32617.834448,
          "N" : 21921
        },
        "clat_ns" : {
          "min" : 12438,
          "max" : 21722750,
          "mean" : 248411.054468,
          "stddev" : 266492.141815,
          "N" : 21921,
          "percentile" : {
            "1.000000" : 123392,
            "5.000000" : 136192,
            "10.000000" : 146432,
            "20.000000" : 164864,
            "30.000000" : 183296,
            "40.000000" : 193536,
            "50.000000" : 205824,
            "60.000000" : 220160,
            "70.000000" : 240640,
            "80.000000" : 276480,
            "90.000000" : 374784,
            "95.000000" : 460800,
            "99.000000" : 1036288,
            "99.500000" : 1187840,
            "99.900000" : 1449984,
            "99.950000" : 1548288,
            "99.990000" : 12517376
          }
        },
        "lat_ns" : {
          "min" : 302336,
          "max" : 21929136,
          "mean" : 449543.071256,
          "stddev" : 265049.091877,
          "N" : 21921
        },
        "bw_min" : 562004,
        "bw_max" : 994756,
        "bw_agg" : 100.000000,
        "bw_mean" : 748508.360169,
        "bw_dev" : 22627.830914,
        "bw_samples" : 239,
        "iops_min" : 548,
        "iops_max" : 970,
        "iops_mean" : 730.311299,
        "iops_stddev" : 22.078154,
        "iops_samples" : 239
      },
      "trim" : {
        "io_bytes" : 0,
        "io_kbytes" : 0,
        "bw_bytes" : 0,
        "bw" : 0,
        "iops" : 0.000000,
        "runtime" : 0,
        "total_ios" : 0,
        "short_ios" : 0,
        "drop_ios" : 0,
        "slat_ns" : {
          "min" : 0,
          "max" : 0,
          "mean" : 0.000000,
          "stddev" : 0.000000,
          "N" : 0
        },
        "clat_ns" : {
          "min" : 0,
          "max" : 0,
          "mean" : 0.000000,
          "stddev" : 0.000000,
          "N" : 0
        },
        "lat_ns" : {
          "min" : 0,
          "max" : 0,
          "mean" : 0.000000,
          "stddev" : 0.000000,
          "N" : 0
        },
        "bw_min" : 0,
        "bw_max" : 0,
        "bw_agg" : 0.000000,
        "bw_mean" : 0.000000,
        "bw_dev" : 0.000000,
        "bw_samples" : 0,
        "iops_min" : 0,
        "iops_max" : 0,
        "iops_mean" : 0.000000,
        "iops_stddev" : 0.000000,
        "iops_samples" : 0
      },
      "sync" : {
        "total_ios" : 0,
        "lat_ns" : {
          "min" : 0,
          "max" : 0,
          "mean" : 0.000000,
          "stddev" : 0.000000,
          "N" : 0
        }
      },
      "job_runtime" : 120000,
      "usr_cpu" : 2.035000,
      "sys_cpu" : 15.613333,
      "ctx" : 87417,
      "majf" : 0,
      "minf" : 241,
      "iodepth_level" : {
        "1" : 100.000000,
        "2" : 0.000000,
        "4" : 0.000000,
        "8" : 0.000000,
        "16" : 0.000000,
        "32" : 0.000000,
        ">=64" : 0.000000
      },
      "iodepth_submit" : {
        "0" : 0.000000,
        "4" : 100.000000,
        "8" : 0.000000,
        "16" : 0.000000,
        "32" : 0.000000,
        "64" : 0.000000,
        ">=64" : 0.000000
      },
      "iodepth_complete" : {
        "0" : 0.000000,
        "4" : 100.000000,
        "8" : 0.000000,
        "16" : 0.000000,
        "32" : 0.000000,
        "64" : 0.000000,
        ">=64" : 0.000000
      },
      "latency_ns" : {
        "2" : 0.000000,
        "4" : 0.000000,
        "10" : 0.000000,
        "20" : 0.000000,
        "50" : 0.000000,
        "100" : 0.000000,
        "250" : 0.000000,
        "500" : 0.000000,
        "750" : 0.000000,
        "1000" : 0.000000
      },
      "latency_us" : {
        "2" : 0.000000,
        "4" : 0.000000,
        "10" : 0.000000,
        "20" : 0.010000,
        "50" : 0.000000,
        "100" : 0.010000,
        "250" : 18.759011,
        "500" : 14.683402,
        "750" : 15.972906,
        "1000" : 8.467013
      },
      "latency_ms" : {
        "2" : 16.645690,
        "4" : 24.771734,
        "10" : 0.638459,
        "20" : 0.036614,
        "50" : 0.013730,
        "100" : 0.000000,
        "250" : 0.000000,
        "500" : 0.000000,
        "750" : 0.000000,
        "1000" : 0.000000,
        "2000" : 0.000000,
        ">=2000" : 0.000000
      },
      "latency_depth" : 1,
      "latency_target" : 0,
      "latency_percentile" : 100.000000,
      "latency_window" : 0
    }
  ],
  "disk_util" : [
    {
      "name" : "nvme1n1",
      "read_ios" : 698792,
      "write_ios" : 235570,
      "read_merges" : 0,
      "write_merges" : 0,
      "read_ticks" : 748326,
      "write_ticks" : 35758,
      "in_queue" : 784084,
      "util" : 81.972696
    }
  ]
}
