{
  "fio version" : "fio-3.28",
  "timestamp" : 1757415242,
  "timestamp_ms" : 1757415242737,
  "time" : "Tue Sep  9 06:54:02 2025",
  "jobs" : [
    {
      "jobname" : "mixed_io",
      "groupid" : 0,
      "error" : 0,
      "eta" : 0,
      "elapsed" : 41,
      "job options" : {
        "name" : "mixed_io",
        "filename" : "/dev/nvme1n1p2",
        "rw" : "randrw",
        "rwmixread" : "0",
        "bs" : "4k",
        "ioengine" : "libaio",
        "iodepth" : "64",
        "numjobs" : "4",
        "runtime" : "30",
        "ramp_time" : "10",
        "direct" : "1"
      },
      "read" : {
        "io_bytes" : 0,
        "io_kbytes" : 0,
        "bw_bytes" : 0,
        "bw" : 0,
        "iops" : 0.000000,
        "runtime" : 0,
        "total_ios" : 0,
        "short_ios" : 0,
        "drop_ios" : 0,
        "slat_ns" : {
          "min" : 0,
          "max" : 0,
          "mean" : 0.000000,
          "stddev" : 0.000000,
          "N" : 0
        },
        "clat_ns" : {
          "min" : 0,
          "max" : 0,
          "mean" : 0.000000,
          "stddev" : 0.000000,
          "N" : 0
        },
        "lat_ns" : {
          "min" : 0,
          "max" : 0,
          "mean" : 0.000000,
          "stddev" : 0.000000,
          "N" : 0
        },
        "bw_min" : 0,
        "bw_max" : 0,
        "bw_agg" : 0.000000,
        "bw_mean" : 0.000000,
        "bw_dev" : 0.000000,
        "bw_samples" : 0,
        "iops_min" : 0,
        "iops_max" : 0,
        "iops_mean" : 0.000000,
        "iops_stddev" : 0.000000,
        "iops_samples" : 0
      },
      "write" : {
        "io_bytes" : 59501305856,
        "io_kbytes" : 58106744,
        "bw_bytes" : 1983310751,
        "bw" : 1936826,
        "iops" : 484198.193394,
        "runtime" : 30001,
        "total_ios" : 14526430,
        "short_ios" : 0,
        "drop_ios" : 0,
        "slat_ns" : {
          "min" : 1867,
          "max" : 919827,
          "mean" : 3481.170226,
          "stddev" : 2025.153667,
          "N" : 14526434
        },
        "clat_ns" : {
          "min" : 168083,
          "max" : 21669030,
          "mean" : 524388.570602,
          "stddev" : 430104.632513,
          "N" : 14526682,
          "percentile" : {
            "1.000000" : 292864,
            "5.000000" : 329728,
            "10.000000" : 354304,
            "20.000000" : 391168,
            "30.000000" : 423936,
            "40.000000" : 456704,
            "50.000000" : 489472,
            "60.000000" : 528384,
            "70.000000" : 561152,
            "80.000000" : 610304,
            "90.000000" : 684032,
            "95.000000" : 749568,
            "99.000000" : 954368,
            "99.500000" : 1171456,
            "99.900000" : 6062080,
            "99.950000" : 8290304,
            "99.990000" : 20054016
          }
        },
        "lat_ns" : {
          "min" : 170826,
          "max" : 21672193,
          "mean" : 528004.216742,
          "stddev" : 430030.515053,
          "N" : 14526682
        },
        "bw_min" : 1820416,
        "bw_max" : 2088543,
        "bw_agg" : 100.000000,
        "bw_mean" : 1938975.535876,
        "bw_dev" : 16022.835607,
        "bw_samples" : 239,
        "iops_min" : 455104,
        "iops_max" : 522134,
        "iops_mean" : 484743.076836,
        "iops_stddev" : 4005.650600,
        "iops_samples" : 239
      },
      "trim" : {
        "io_bytes" : 0,
        "io_kbytes" : 0,
        "bw_bytes" : 0,
        "bw" : 0,
        "iops" : 0.000000,
        "runtime" : 0,
        "total_ios" : 0,
        "short_ios" : 0,
        "drop_ios" : 0,
        "slat_ns" : {
          "min" : 0,
          "max" : 0,
          "mean" : 0.000000,
          "stddev" : 0.000000,
          "N" : 0
        },
        "clat_ns" : {
          "min" : 0,
          "max" : 0,
          "mean" : 0.000000,
          "stddev" : 0.000000,
          "N" : 0
        },
        "lat_ns" : {
          "min" : 0,
          "max" : 0,
          "mean" : 0.000000,
          "stddev" : 0.000000,
          "N" : 0
        },
        "bw_min" : 0,
        "bw_max" : 0,
        "bw_agg" : 0.000000,
        "bw_mean" : 0.000000,
        "bw_dev" : 0.000000,
        "bw_samples" : 0,
        "iops_min" : 0,
        "iops_max" : 0,
        "iops_mean" : 0.000000,
        "iops_stddev" : 0.000000,
        "iops_samples" : 0
      },
      "sync" : {
        "total_ios" : 0,
        "lat_ns" : {
          "min" : 0,
          "max" : 0,
          "mean" : 0.000000,
          "stddev" : 0.000000,
          "N" : 0
        }
      },
      "job_runtime" : 120000,
      "usr_cpu" : 18.382500,
      "sys_cpu" : 48.465833,
      "ctx" : 2046084,
      "majf" : 0,
      "minf" : 263,
      "iodepth_level" : {
        "1" : 0.000000,
        "2" : 0.000000,
        "4" : 0.000000,
        "8" : 0.000000,
        "16" : 0.000000,
        "32" : 0.000000,
        ">=64" : 100.000000
      },
      "iodepth_submit" : {
        "0" : 0.000000,
        "4" : 100.000000,
        "8" : 0.000000,
        "16" : 0.000000,
        "32" : 0.000000,
        "64" : 0.000000,
        ">=64" : 0.000000
      },
      "iodepth_complete" : {
        "0" : 0.000000,
        "4" : 99.999972,
        "8" : 0.000000,
        "16" : 0.000000,
        "32" : 0.000000,
        "64" : 0.100000,
        ">=64" : 0.000000
      },
      "latency_ns" : {
        "2" : 0.000000,
        "4" : 0.000000,
        "10" : 0.000000,
        "20" : 0.000000,
        "50" : 0.000000,
        "100" : 0.000000,
        "250" : 0.000000,
        "500" : 0.000000,
        "750" : 0.000000,
        "1000" : 0.000000
      },
      "latency_us" : {
        "2" : 0.000000,
        "4" : 0.000000,
        "10" : 0.000000,
        "20" : 0.000000,
        "50" : 0.000000,
        "100" : 0.000000,
        "250" : 0.084942,
        "500" : 52.717357,
        "750" : 42.126730,
        "1000" : 4.261295
      },
      "latency_ms" : {
        "2" : 0.583289,
        "4" : 0.068296,
        "10" : 0.119802,
        "20" : 0.031054,
        "50" : 0.010000,
        "100" : 0.000000,
        "250" : 0.000000,
        "500" : 0.000000,
        "750" : 0.000000,
        "1000" : 0.000000,
        "2000" : 0.000000,
        ">=2000" : 0.000000
      },
      "latency_depth" : 64,
      "latency_target" : 0,
      "latency_percentile" : 100.000000,
      "latency_window" : 0
    }
  ],
  "disk_util" : [
    {
      "name" : "nvme1n1",
      "read_ios" : 0,
      "write_ios" : 19316115,
      "read_merges" : 0,
      "write_merges" : 0,
      "read_ticks" : 0,
      "write_ticks" : 9374879,
      "in_queue" : 9374879,
      "util" : 66.481324
    }
  ]
}
