{
  "fio version" : "fio-3.28",
  "timestamp" : 1757419201,
  "timestamp_ms" : 1757419201799,
  "time" : "Tue Sep  9 08:00:01 2025",
  "jobs" : [
    {
      "jobname" : "mixed_io",
      "groupid" : 0,
      "error" : 0,
      "eta" : 0,
      "elapsed" : 41,
      "job options" : {
        "name" : "mixed_io",
        "filename" : "/dev/nvme1n1p2",
        "rw" : "randrw",
        "rwmixread" : "75",
        "bs" : "1024k",
        "ioengine" : "libaio",
        "iodepth" : "16",
        "numjobs" : "2",
        "runtime" : "30",
        "ramp_time" : "10",
        "direct" : "1"
      },
      "read" : {
        "io_bytes" : 77769736192,
        "io_kbytes" : 75947008,
        "bw_bytes" : 2591719805,
        "bw" : 2530976,
        "iops" : 2470.690172,
        "runtime" : 30007,
        "total_ios" : 74138,
        "short_ios" : 0,
        "drop_ios" : 0,
        "slat_ns" : {
          "min" : 53582,
          "max" : 470958,
          "mean" : 190184.381882,
          "stddev" : 38752.149574,
          "N" : 74138
        },
        "clat_ns" : {
          "min" : 326345,
          "max" : 48318985,
          "mean" : 12463292.250273,
          "stddev" : 2891894.945434,
          "N" : 74167,
          "percentile" : {
            "1.000000" : 7045120,
            "5.000000" : 8716288,
            "10.000000" : 9502720,
            "20.000000" : 10420224,
            "30.000000" : 11075584,
            "40.000000" : 11599872,
            "50.000000" : 12255232,
            "60.000000" : 12779520,
            "70.000000" : 13565952,
            "80.000000" : 14352384,
            "90.000000" : 15532032,
            "95.000000" : 16711680,
            "99.000000" : 19791872,
            "99.500000" : 22413312,
            "99.900000" : 38535168,
            "99.950000" : 39583744,
            "99.990000" : 45350912
          }
        },
        "lat_ns" : {
          "min" : 472243,
          "max" : 48476066,
          "mean" : 12653948.513935,
          "stddev" : 2888714.886479,
          "N" : 74167
        },
        "bw_min" : 1964032,
        "bw_max" : 2794964,
        "bw_agg" : 100.000000,
        "bw_mean" : 2533138.616667,
        "bw_dev" : 79648.008232,
        "bw_samples" : 120,
        "iops_min" : 1918,
        "iops_max" : 2728,
        "iops_mean" : 2473.266667,
        "iops_stddev" : 77.689564,
        "iops_samples" : 120
      },
      "write" : {
        "io_bytes" : 25930235904,
        "io_kbytes" : 25322496,
        "bw_bytes" : 864139564,
        "bw" : 843886,
        "iops" : 824.074383,
        "runtime" : 30007,
        "total_ios" : 24728,
        "short_ios" : 0,
        "drop_ios" : 0,
        "slat_ns" : {
          "min" : 93480,
          "max" : 558525,
          "mean" : 250607.071377,
          "stddev" : 52399.384020,
          "N" : 24728
        },
        "clat_ns" : {
          "min" : 63466,
          "max" : 44065996,
          "mean" : 619392.561608,
          "stddev" : 2725553.752740,
          "N" : 24729,
          "percentile" : {
            "1.000000" : 126464,
            "5.000000" : 144384,
            "10.000000" : 158720,
            "20.000000" : 181248,
            "30.000000" : 203776,
            "40.000000" : 228352,
            "50.000000" : 276480,
            "60.000000" : 354304,
            "70.000000" : 428032,
            "80.000000" : 536576,
            "90.000000" : 741376,
            "95.000000" : 970752,
            "99.000000" : 1892352,
            "99.500000" : 27131904,
            "99.900000" : 38010880,
            "99.950000" : 40108032,
            "99.990000" : 43253760
          }
        },
        "lat_ns" : {
          "min" : 288674,
          "max" : 44383315,
          "mean" : 870607.977476,
          "stddev" : 2726418.622057,
          "N" : 24729
        },
        "bw_min" : 673089,
        "bw_max" : 997376,
        "bw_agg" : 100.000000,
        "bw_mean" : 844933.850000,
        "bw_dev" : 34354.902938,
        "bw_samples" : 120,
        "iops_min" : 656,
        "iops_max" : 974,
        "iops_mean" : 824.300000,
        "iops_stddev" : 33.564646,
        "iops_samples" : 120
      },
      "trim" : {
        "io_bytes" : 0,
        "io_kbytes" : 0,
        "bw_bytes" : 0,
        "bw" : 0,
        "iops" : 0.000000,
        "runtime" : 0,
        "total_ios" : 0,
        "short_ios" : 0,
        "drop_ios" : 0,
        "slat_ns" : {
          "min" : 0,
          "max" : 0,
          "mean" : 0.000000,
          "stddev" : 0.000000,
          "N" : 0
        },
        "clat_ns" : {
          "min" : 0,
          "max" : 0,
          "mean" : 0.000000,
          "stddev" : 0.000000,
          "N" : 0
        },
        "lat_ns" : {
          "min" : 0,
          "max" : 0,
          "mean" : 0.000000,
          "stddev" : 0.000000,
          "N" : 0
        },
        "bw_min" : 0,
        "bw_max" : 0,
        "bw_agg" : 0.000000,
        "bw_mean" : 0.000000,
        "bw_dev" : 0.000000,
        "bw_samples" : 0,
        "iops_min" : 0,
        "iops_max" : 0,
        "iops_mean" : 0.000000,
        "iops_stddev" : 0.000000,
        "iops_samples" : 0
      },
      "sync" : {
        "total_ios" : 0,
        "lat_ns" : {
          "min" : 0,
          "max" : 0,
          "mean" : 0.000000,
          "stddev" : 0.000000,
          "N" : 0
        }
      },
      "job_runtime" : 60011,
      "usr_cpu" : 4.605822,
      "sys_cpu" : 34.243722,
      "ctx" : 47440,
      "majf" : 0,
      "minf" : 120,
      "iodepth_level" : {
        "1" : 0.000000,
        "2" : 0.000000,
        "4" : 0.000000,
        "8" : 0.000000,
        "16" : 100.000000,
        "32" : 0.000000,
        ">=64" : 0.000000
      },
      "iodepth_submit" : {
        "0" : 0.000000,
        "4" : 100.000000,
        "8" : 0.000000,
        "16" : 0.000000,
        "32" : 0.000000,
        "64" : 0.000000,
        ">=64" : 0.000000
      },
      "iodepth_complete" : {
        "0" : 0.000000,
        "4" : 99.997977,
        "8" : 0.000000,
        "16" : 0.100000,
        "32" : 0.000000,
        "64" : 0.000000,
        ">=64" : 0.000000
      },
      "latency_ns" : {
        "2" : 0.000000,
        "4" : 0.000000,
        "10" : 0.000000,
        "20" : 0.000000,
        "50" : 0.000000,
        "100" : 0.000000,
        "250" : 0.000000,
        "500" : 0.000000,
        "750" : 0.000000,
        "1000" : 0.000000
      },
      "latency_us" : {
        "2" : 0.000000,
        "4" : 0.000000,
        "10" : 0.000000,
        "20" : 0.000000,
        "50" : 0.000000,
        "100" : 0.021241,
        "250" : 11.253616,
        "500" : 7.927902,
        "750" : 3.416746,
        "1000" : 1.279510
      },
      "latency_ms" : {
        "2" : 0.970000,
        "4" : 0.182065,
        "10" : 11.071551,
        "20" : 63.029757,
        "50" : 0.877956,
        "100" : 0.000000,
        "250" : 0.000000,
        "500" : 0.000000,
        "750" : 0.000000,
        "1000" : 0.000000,
        "2000" : 0.000000,
        ">=2000" : 0.000000
      },
      "latency_depth" : 16,
      "latency_target" : 0,
      "latency_percentile" : 100.000000,
      "latency_window" : 0
    }
  ],
  "disk_util" : [
    {
      "name" : "nvme1n1",
      "read_ios" : 772678,
      "write_ios" : 258904,
      "read_merges" : 0,
      "write_merges" : 0,
      "read_ticks" : 9369981,
      "write_ticks" : 88014,
      "in_queue" : 9457996,
      "util" : 77.740623
    }
  ]
}
