{
  "fio version" : "fio-3.28",
  "timestamp" : 1757417828,
  "timestamp_ms" : 1757417828314,
  "time" : "Tue Sep  9 07:37:08 2025",
  "jobs" : [
    {
      "jobname" : "mixed_io",
      "groupid" : 0,
      "error" : 0,
      "eta" : 0,
      "elapsed" : 41,
      "job options" : {
        "name" : "mixed_io",
        "filename" : "/dev/nvme1n1p2",
        "rw" : "randrw",
        "rwmixread" : "50",
        "bs" : "64k",
        "ioengine" : "libaio",
        "iodepth" : "16",
        "numjobs" : "4",
        "runtime" : "30",
        "ramp_time" : "10",
        "direct" : "1"
      },
      "read" : {
        "io_bytes" : 38521405440,
        "io_kbytes" : 37618560,
        "bw_bytes" : 1283875664,
        "bw" : 1253784,
        "iops" : 19588.388215,
        "runtime" : 30004,
        "total_ios" : 587730,
        "short_ios" : 0,
        "drop_ios" : 0,
        "slat_ns" : {
          "min" : 7892,
          "max" : 161038,
          "mean" : 21906.381552,
          "stddev" : 9616.387813,
          "N" : 587731
        },
        "clat_ns" : {
          "min" : 118191,
          "max" : 33945543,
          "mean" : 3148225.827331,
          "stddev" : 1388510.181177,
          "N" : 587789,
          "percentile" : {
            "1.000000" : 1036288,
            "5.000000" : 1695744,
            "10.000000" : 1974272,
            "20.000000" : 2244608,
            "30.000000" : 2473984,
            "40.000000" : 2670592,
            "50.000000" : 2899968,
            "60.000000" : 3162112,
            "70.000000" : 3457024,
            "80.000000" : 3850240,
            "90.000000" : 4554752,
            "95.000000" : 5341184,
            "99.000000" : 7372800,
            "99.500000" : 8454144,
            "99.900000" : 17432576,
            "99.950000" : 24772608,
            "99.990000" : 28442624
          }
        },
        "lat_ns" : {
          "min" : 135121,
          "max" : 33970027,
          "mean" : 3170526.557491,
          "stddev" : 1388299.701516,
          "N" : 587789
        },
        "bw_min" : 1086528,
        "bw_max" : 1347974,
        "bw_agg" : 100.000000,
        "bw_mean" : 1254967.516667,
        "bw_dev" : 14288.981247,
        "bw_samples" : 240,
        "iops_min" : 16976,
        "iops_max" : 21060,
        "iops_mean" : 19608.083333,
        "iops_stddev" : 223.274573,
        "iops_samples" : 240
      },
      "write" : {
        "io_bytes" : 38632751104,
        "io_kbytes" : 37727296,
        "bw_bytes" : 1287586691,
        "bw" : 1257408,
        "iops" : 19646.980403,
        "runtime" : 30004,
        "total_ios" : 589488,
        "short_ios" : 0,
        "drop_ios" : 0,
        "slat_ns" : {
          "min" : 11342,
          "max" : 182043,
          "mean" : 22468.423939,
          "stddev" : 9382.437478,
          "N" : 589488
        },
        "clat_ns" : {
          "min" : 1415,
          "max" : 25556844,
          "mean" : 67979.253150,
          "stddev" : 468580.386355,
          "N" : 589489,
          "percentile" : {
            "1.000000" : 27008,
            "5.000000" : 28544,
            "10.000000" : 32640,
            "20.000000" : 35072,
            "30.000000" : 37632,
            "40.000000" : 43776,
            "50.000000" : 49408,
            "60.000000" : 55040,
            "70.000000" : 62208,
            "80.000000" : 72192,
            "90.000000" : 86528,
            "95.000000" : 105984,
            "99.000000" : 152576,
            "99.500000" : 179200,
            "99.900000" : 1777664,
            "99.950000" : 12255232,
            "99.990000" : 24510464
          }
        },
        "lat_ns" : {
          "min" : 38688,
          "max" : 25573872,
          "mean" : 90860.049835,
          "stddev" : 468800.281791,
          "N" : 589489
        },
        "bw_min" : 1073248,
        "bw_max" : 1394997,
        "bw_agg" : 100.000000,
        "bw_mean" : 1258728.783333,
        "bw_dev" : 16578.203603,
        "bw_samples" : 240,
        "iops_min" : 16768,
        "iops_max" : 21795,
        "iops_mean" : 19666.733333,
        "iops_stddev" : 259.052923,
        "iops_samples" : 240
      },
      "trim" : {
        "io_bytes" : 0,
        "io_kbytes" : 0,
        "bw_bytes" : 0,
        "bw" : 0,
        "iops" : 0.000000,
        "runtime" : 0,
        "total_ios" : 0,
        "short_ios" : 0,
        "drop_ios" : 0,
        "slat_ns" : {
          "min" : 0,
          "max" : 0,
          "mean" : 0.000000,
          "stddev" : 0.000000,
          "N" : 0
        },
        "clat_ns" : {
          "min" : 0,
          "max" : 0,
          "mean" : 0.000000,
          "stddev" : 0.000000,
          "N" : 0
        },
        "lat_ns" : {
          "min" : 0,
          "max" : 0,
          "mean" : 0.000000,
          "stddev" : 0.000000,
          "N" : 0
        },
        "bw_min" : 0,
        "bw_max" : 0,
        "bw_agg" : 0.000000,
        "bw_mean" : 0.000000,
        "bw_dev" : 0.000000,
        "bw_samples" : 0,
        "iops_min" : 0,
        "iops_max" : 0,
        "iops_mean" : 0.000000,
        "iops_stddev" : 0.000000,
        "iops_samples" : 0
      },
      "sync" : {
        "total_ios" : 0,
        "lat_ns" : {
          "min" : 0,
          "max" : 0,
          "mean" : 0.000000,
          "stddev" : 0.000000,
          "N" : 0
        }
      },
      "job_runtime" : 120008,
      "usr_cpu" : 7.383674,
      "sys_cpu" : 27.596494,
      "ctx" : 544254,
      "majf" : 0,
      "minf" : 237,
      "iodepth_level" : {
        "1" : 0.000000,
        "2" : 0.000000,
        "4" : 0.000000,
        "8" : 0.000000,
        "16" : 100.000000,
        "32" : 0.000000,
        ">=64" : 0.000000
      },
      "iodepth_submit" : {
        "0" : 0.000000,
        "4" : 100.000000,
        "8" : 0.000000,
        "16" : 0.000000,
        "32" : 0.000000,
        "64" : 0.000000,
        ">=64" : 0.000000
      },
      "iodepth_complete" : {
        "0" : 0.000000,
        "4" : 99.999660,
        "8" : 0.000000,
        "16" : 0.100000,
        "32" : 0.000000,
        "64" : 0.000000,
        ">=64" : 0.000000
      },
      "latency_ns" : {
        "2" : 0.000000,
        "4" : 0.000000,
        "10" : 0.000000,
        "20" : 0.000000,
        "50" : 0.000000,
        "100" : 0.000000,
        "250" : 0.000000,
        "500" : 0.000000,
        "750" : 0.000000,
        "1000" : 0.000000
      },
      "latency_us" : {
        "2" : 0.010000,
        "4" : 0.010000,
        "10" : 0.010000,
        "20" : 0.010000,
        "50" : 25.620828,
        "100" : 21.279916,
        "250" : 3.055934,
        "500" : 0.055725,
        "750" : 0.118500,
        "1000" : 0.302408
      },
      "latency_ms" : {
        "2" : 5.030079,
        "4" : 35.782158,
        "10" : 8.622787,
        "20" : 0.063455,
        "50" : 0.063879,
        "100" : 0.000000,
        "250" : 0.000000,
        "500" : 0.000000,
        "750" : 0.000000,
        "1000" : 0.000000,
        "2000" : 0.000000,
        ">=2000" : 0.000000
      },
      "latency_depth" : 16,
      "latency_target" : 0,
      "latency_percentile" : 100.000000,
      "latency_window" : 0
    }
  ],
  "disk_util" : [
    {
      "name" : "nvme1n1",
      "read_ios" : 783507,
      "write_ios" : 785290,
      "read_merges" : 0,
      "write_merges" : 0,
      "read_ticks" : 2446400,
      "write_ticks" : 40122,
      "in_queue" : 2486523,
      "util" : 75.419287
    }
  ]
}
