{
  "fio version" : "fio-3.28",
  "timestamp" : 1757417626,
  "timestamp_ms" : 1757417626337,
  "time" : "Tue Sep  9 07:33:46 2025",
  "jobs" : [
    {
      "jobname" : "mixed_io",
      "groupid" : 0,
      "error" : 0,
      "eta" : 0,
      "elapsed" : 41,
      "job options" : {
        "name" : "mixed_io",
        "filename" : "/dev/nvme1n1p2",
        "rw" : "randrw",
        "rwmixread" : "50",
        "bs" : "1024k",
        "ioengine" : "libaio",
        "iodepth" : "16",
        "numjobs" : "1",
        "runtime" : "30",
        "ramp_time" : "10",
        "direct" : "1"
      },
      "read" : {
        "io_bytes" : 38216400896,
        "io_kbytes" : 37320704,
        "bw_bytes" : 1273582860,
        "bw" : 1243733,
        "iops" : 1214.050055,
        "runtime" : 30007,
        "total_ios" : 36430,
        "short_ios" : 0,
        "drop_ios" : 0,
        "slat_ns" : {
          "min" : 111654,
          "max" : 565549,
          "mean" : 186376.674179,
          "stddev" : 37061.319383,
          "N" : 36431
        },
        "clat_ns" : {
          "min" : 255823,
          "max" : 44416009,
          "mean" : 11819336.022966,
          "stddev" : 4474351.894381,
          "N" : 36445,
          "percentile" : {
            "1.000000" : 2703360,
            "5.000000" : 5210112,
            "10.000000" : 6651904,
            "20.000000" : 8224768,
            "30.000000" : 9371648,
            "40.000000" : 10420224,
            "50.000000" : 11468800,
            "60.000000" : 12517376,
            "70.000000" : 13697024,
            "80.000000" : 15138816,
            "90.000000" : 17432576,
            "95.000000" : 19267584,
            "99.000000" : 24510464,
            "99.500000" : 28180480,
            "99.900000" : 37486592,
            "99.950000" : 39059456,
            "99.990000" : 41156608
          }
        },
        "lat_ns" : {
          "min" : 398099,
          "max" : 44623720,
          "mean" : 12006104.692468,
          "stddev" : 4471790.578624,
          "N" : 36445
        },
        "bw_min" : 927551,
        "bw_max" : 1476608,
        "bw_agg" : 100.000000,
        "bw_mean" : 1244863.433333,
        "bw_dev" : 130343.792962,
        "bw_samples" : 60,
        "iops_min" : 905,
        "iops_max" : 1442,
        "iops_mean" : 1215.450000,
        "iops_stddev" : 127.204816,
        "iops_samples" : 60
      },
      "write" : {
        "io_bytes" : 37914411008,
        "io_kbytes" : 37025792,
        "bw_bytes" : 1263518879,
        "bw" : 1233905,
        "iops" : 1204.985503,
        "runtime" : 30007,
        "total_ios" : 36158,
        "short_ios" : 0,
        "drop_ios" : 0,
        "slat_ns" : {
          "min" : 123645,
          "max" : 992482,
          "mean" : 252267.163560,
          "stddev" : 56716.605298,
          "N" : 36158
        },
        "clat_ns" : {
          "min" : 2400,
          "max" : 34293692,
          "mean" : 920221.094806,
          "stddev" : 1349704.264312,
          "N" : 36158,
          "percentile" : {
            "1.000000" : 128512,
            "5.000000" : 142336,
            "10.000000" : 158720,
            "20.000000" : 230400,
            "30.000000" : 354304,
            "40.000000" : 493568,
            "50.000000" : 651264,
            "60.000000" : 823296,
            "70.000000" : 1028096,
            "80.000000" : 1318912,
            "90.000000" : 1794048,
            "95.000000" : 2342912,
            "99.000000" : 4816896,
            "99.500000" : 7176192,
            "99.900000" : 21102592,
            "99.950000" : 24510464,
            "99.990000" : 33816576
          }
        },
        "lat_ns" : {
          "min" : 292740,
          "max" : 34518236,
          "mean" : 1172975.349107,
          "stddev" : 1353146.297317,
          "N" : 36158
        },
        "bw_min" : 983040,
        "bw_max" : 1387222,
        "bw_agg" : 100.000000,
        "bw_mean" : 1235328.033333,
        "bw_dev" : 119670.810712,
        "bw_samples" : 60,
        "iops_min" : 960,
        "iops_max" : 1354,
        "iops_mean" : 1206.133333,
        "iops_stddev" : 116.804990,
        "iops_samples" : 60
      },
      "trim" : {
        "io_bytes" : 0,
        "io_kbytes" : 0,
        "bw_bytes" : 0,
        "bw" : 0,
        "iops" : 0.000000,
        "runtime" : 0,
        "total_ios" : 0,
        "short_ios" : 0,
        "drop_ios" : 0,
        "slat_ns" : {
          "min" : 0,
          "max" : 0,
          "mean" : 0.000000,
          "stddev" : 0.000000,
          "N" : 0
        },
        "clat_ns" : {
          "min" : 0,
          "max" : 0,
          "mean" : 0.000000,
          "stddev" : 0.000000,
          "N" : 0
        },
        "lat_ns" : {
          "min" : 0,
          "max" : 0,
          "mean" : 0.000000,
          "stddev" : 0.000000,
          "N" : 0
        },
        "bw_min" : 0,
        "bw_max" : 0,
        "bw_agg" : 0.000000,
        "bw_mean" : 0.000000,
        "bw_dev" : 0.000000,
        "bw_samples" : 0,
        "iops_min" : 0,
        "iops_max" : 0,
        "iops_mean" : 0.000000,
        "iops_stddev" : 0.000000,
        "iops_samples" : 0
      },
      "sync" : {
        "total_ios" : 0,
        "lat_ns" : {
          "min" : 0,
          "max" : 0,
          "mean" : 0.000000,
          "stddev" : 0.000000,
          "N" : 0
        }
      },
      "job_runtime" : 30006,
      "usr_cpu" : 12.317536,
      "sys_cpu" : 45.404252,
      "ctx" : 26461,
      "majf" : 0,
      "minf" : 62,
      "iodepth_level" : {
        "1" : 0.000000,
        "2" : 0.000000,
        "4" : 0.000000,
        "8" : 0.000000,
        "16" : 100.000000,
        "32" : 0.000000,
        ">=64" : 0.000000
      },
      "iodepth_submit" : {
        "0" : 0.000000,
        "4" : 100.000000,
        "8" : 0.000000,
        "16" : 0.000000,
        "32" : 0.000000,
        "64" : 0.000000,
        ">=64" : 0.000000
      },
      "iodepth_complete" : {
        "0" : 0.000000,
        "4" : 99.998622,
        "8" : 0.000000,
        "16" : 0.100000,
        "32" : 0.000000,
        "64" : 0.000000,
        ">=64" : 0.000000
      },
      "latency_ns" : {
        "2" : 0.000000,
        "4" : 0.000000,
        "10" : 0.000000,
        "20" : 0.000000,
        "50" : 0.000000,
        "100" : 0.000000,
        "250" : 0.000000,
        "500" : 0.000000,
        "750" : 0.000000,
        "1000" : 0.000000
      },
      "latency_us" : {
        "2" : 0.000000,
        "4" : 0.010000,
        "10" : 0.000000,
        "20" : 0.000000,
        "50" : 0.000000,
        "100" : 0.027553,
        "250" : 10.895740,
        "500" : 9.158539,
        "750" : 7.687221,
        "1000" : 6.507963
      },
      "latency_ms" : {
        "2" : 12.032292,
        "4" : 4.117761,
        "10" : 17.151595,
        "20" : 30.478867,
        "50" : 1.961757,
        "100" : 0.000000,
        "250" : 0.000000,
        "500" : 0.000000,
        "750" : 0.000000,
        "1000" : 0.000000,
        "2000" : 0.000000,
        ">=2000" : 0.000000
      },
      "latency_depth" : 16,
      "latency_target" : 0,
      "latency_percentile" : 100.000000,
      "latency_window" : 0
    }
  ],
  "disk_util" : [
    {
      "name" : "nvme1n1",
      "read_ios" : 385046,
      "write_ios" : 382672,
      "read_merges" : 0,
      "write_merges" : 0,
      "read_ticks" : 3219184,
      "write_ticks" : 170411,
      "in_queue" : 3389594,
      "util" : 76.159701
    }
  ]
}
