{
  "fio version" : "fio-3.28",
  "timestamp" : 1757416778,
  "timestamp_ms" : 1757416778144,
  "time" : "Tue Sep  9 07:19:38 2025",
  "jobs" : [
    {
      "jobname" : "mixed_io",
      "groupid" : 0,
      "error" : 0,
      "eta" : 0,
      "elapsed" : 41,
      "job options" : {
        "name" : "mixed_io",
        "filename" : "/dev/nvme1n1p2",
        "rw" : "randrw",
        "rwmixread" : "25",
        "bs" : "1024k",
        "ioengine" : "libaio",
        "iodepth" : "64",
        "numjobs" : "4",
        "runtime" : "30",
        "ramp_time" : "10",
        "direct" : "1"
      },
      "read" : {
        "io_bytes" : 17190354944,
        "io_kbytes" : 16787456,
        "bw_bytes" : 570861586,
        "bw" : 557482,
        "iops" : 542.556371,
        "runtime" : 30113,
        "total_ios" : 16338,
        "short_ios" : 0,
        "drop_ios" : 0,
        "slat_ns" : {
          "min" : 58642,
          "max" : 316316,
          "mean" : 162649.818104,
          "stddev" : 23271.463697,
          "N" : 16339
        },
        "clat_ns" : {
          "min" : 13001805,
          "max" : 278798796,
          "mean" : 123547356.130604,
          "stddev" : 26628157.936698,
          "N" : 16393,
          "percentile" : {
            "1.000000" : 89653248,
            "5.000000" : 100139008,
            "10.000000" : 102236160,
            "20.000000" : 105381888,
            "30.000000" : 108527616,
            "40.000000" : 110624768,
            "50.000000" : 114819072,
            "60.000000" : 119013376,
            "70.000000" : 126353408,
            "80.000000" : 141557760,
            "90.000000" : 162529280,
            "95.000000" : 179306496,
            "99.000000" : 210763776,
            "99.500000" : 221249536,
            "99.900000" : 256901120,
            "99.950000" : 263192576,
            "99.990000" : 270532608
          }
        },
        "lat_ns" : {
          "min" : 13145879,
          "max" : 278943479,
          "mean" : 123710766.751479,
          "stddev" : 26627581.484714,
          "N" : 16393
        },
        "bw_min" : 395456,
        "bw_max" : 770413,
        "bw_agg" : 99.940264,
        "bw_mean" : 557149.983333,
        "bw_dev" : 18107.687042,
        "bw_samples" : 240,
        "iops_min" : 386,
        "iops_max" : 752,
        "iops_mean" : 543.683333,
        "iops_stddev" : 17.674563,
        "iops_samples" : 240
      },
      "write" : {
        "io_bytes" : 51349815296,
        "io_kbytes" : 50146304,
        "bw_bytes" : 1705237448,
        "bw" : 1665270,
        "iops" : 1619.699133,
        "runtime" : 30113,
        "total_ios" : 48774,
        "short_ios" : 0,
        "drop_ios" : 0,
        "slat_ns" : {
          "min" : 121638,
          "max" : 1145005,
          "mean" : 231257.428466,
          "stddev" : 33747.088514,
          "N" : 48774
        },
        "clat_ns" : {
          "min" : 2531236,
          "max" : 216794902,
          "mean" : 116030725.670703,
          "stddev" : 14989871.765705,
          "N" : 48971,
          "percentile" : {
            "1.000000" : 64749568,
            "5.000000" : 95944704,
            "10.000000" : 100139008,
            "20.000000" : 108527616,
            "30.000000" : 111673344,
            "40.000000" : 113770496,
            "50.000000" : 115867648,
            "60.000000" : 117964800,
            "70.000000" : 121110528,
            "80.000000" : 124256256,
            "90.000000" : 130547712,
            "95.000000" : 139460608,
            "99.000000" : 156237824,
            "99.500000" : 160432128,
            "99.900000" : 185597952,
            "99.950000" : 200278016,
            "99.990000" : 212860928
          }
        },
        "lat_ns" : {
          "min" : 2742560,
          "max" : 217048732,
          "mean" : 116262847.570603,
          "stddev" : 14989650.152296,
          "N" : 48971
        },
        "bw_min" : 1458158,
        "bw_max" : 1974111,
        "bw_agg" : 100.000000,
        "bw_mean" : 1666609.966667,
        "bw_dev" : 24661.604328,
        "bw_samples" : 240,
        "iops_min" : 1423,
        "iops_max" : 1926,
        "iops_mean" : 1626.466667,
        "iops_stddev" : 24.080615,
        "iops_samples" : 240
      },
      "trim" : {
        "io_bytes" : 0,
        "io_kbytes" : 0,
        "bw_bytes" : 0,
        "bw" : 0,
        "iops" : 0.000000,
        "runtime" : 0,
        "total_ios" : 0,
        "short_ios" : 0,
        "drop_ios" : 0,
        "slat_ns" : {
          "min" : 0,
          "max" : 0,
          "mean" : 0.000000,
          "stddev" : 0.000000,
          "N" : 0
        },
        "clat_ns" : {
          "min" : 0,
          "max" : 0,
          "mean" : 0.000000,
          "stddev" : 0.000000,
          "N" : 0
        },
        "lat_ns" : {
          "min" : 0,
          "max" : 0,
          "mean" : 0.000000,
          "stddev" : 0.000000,
          "N" : 0
        },
        "bw_min" : 0,
        "bw_max" : 0,
        "bw_agg" : 0.000000,
        "bw_mean" : 0.000000,
        "bw_dev" : 0.000000,
        "bw_samples" : 0,
        "iops_min" : 0,
        "iops_max" : 0,
        "iops_mean" : 0.000000,
        "iops_stddev" : 0.000000,
        "iops_samples" : 0
      },
      "sync" : {
        "total_ios" : 0,
        "lat_ns" : {
          "min" : 0,
          "max" : 0,
          "mean" : 0.000000,
          "stddev" : 0.000000,
          "N" : 0
        }
      },
      "job_runtime" : 120443,
      "usr_cpu" : 5.291300,
      "sys_cpu" : 9.875211,
      "ctx" : 59471,
      "majf" : 0,
      "minf" : 241,
      "iodepth_level" : {
        "1" : 0.000000,
        "2" : 0.000000,
        "4" : 0.000000,
        "8" : 0.000000,
        "16" : 0.000000,
        "32" : 0.000000,
        ">=64" : 100.000000
      },
      "iodepth_submit" : {
        "0" : 0.000000,
        "4" : 100.000000,
        "8" : 0.000000,
        "16" : 0.000000,
        "32" : 0.000000,
        "64" : 0.000000,
        ">=64" : 0.000000
      },
      "iodepth_complete" : {
        "0" : 0.000000,
        "4" : 99.993857,
        "8" : 0.000000,
        "16" : 0.000000,
        "32" : 0.000000,
        "64" : 0.100000,
        ">=64" : 0.000000
      },
      "latency_ns" : {
        "2" : 0.000000,
        "4" : 0.000000,
        "10" : 0.000000,
        "20" : 0.000000,
        "50" : 0.000000,
        "100" : 0.000000,
        "250" : 0.000000,
        "500" : 0.000000,
        "750" : 0.000000,
        "1000" : 0.000000
      },
      "latency_us" : {
        "2" : 0.000000,
        "4" : 0.000000,
        "10" : 0.000000,
        "20" : 0.000000,
        "50" : 0.000000,
        "100" : 0.000000,
        "250" : 0.000000,
        "500" : 0.000000,
        "750" : 0.000000,
        "1000" : 0.000000
      },
      "latency_ms" : {
        "2" : 0.000000,
        "4" : 0.010000,
        "10" : 0.030716,
        "20" : 0.109043,
        "50" : 0.514498,
        "100" : 7.711328,
        "250" : 91.978437,
        "500" : 0.033788,
        "750" : 0.000000,
        "1000" : 0.000000,
        "2000" : 0.000000,
        ">=2000" : 0.000000
      },
      "latency_depth" : 64,
      "latency_target" : 0,
      "latency_percentile" : 100.000000,
      "latency_window" : 0
    }
  ],
  "disk_util" : [
    {
      "name" : "nvme1n1",
      "read_ios" : 173566,
      "write_ios" : 522065,
      "read_merges" : 0,
      "write_merges" : 0,
      "read_ticks" : 20226104,
      "write_ticks" : 60231699,
      "in_queue" : 80457804,
      "util" : 83.962853
    }
  ]
}
