{
  "fio version" : "fio-3.28",
  "timestamp" : 1757419282,
  "timestamp_ms" : 1757419282587,
  "time" : "Tue Sep  9 08:01:22 2025",
  "jobs" : [
    {
      "jobname" : "mixed_io",
      "groupid" : 0,
      "error" : 0,
      "eta" : 0,
      "elapsed" : 41,
      "job options" : {
        "name" : "mixed_io",
        "filename" : "/dev/nvme1n1p2",
        "rw" : "randrw",
        "rwmixread" : "75",
        "bs" : "64k",
        "ioengine" : "libaio",
        "iodepth" : "16",
        "numjobs" : "4",
        "runtime" : "30",
        "ramp_time" : "10",
        "direct" : "1"
      },
      "read" : {
        "io_bytes" : 59682652160,
        "io_kbytes" : 58283840,
        "bw_bytes" : 1989289119,
        "bw" : 1942665,
        "iops" : 30352.143190,
        "runtime" : 30002,
        "total_ios" : 910625,
        "short_ios" : 0,
        "drop_ios" : 0,
        "slat_ns" : {
          "min" : 6050,
          "max" : 172587,
          "mean" : 23051.531298,
          "stddev" : 10996.347575,
          "N" : 910625
        },
        "clat_ns" : {
          "min" : 120720,
          "max" : 29290227,
          "mean" : 2049955.920603,
          "stddev" : 898645.772135,
          "N" : 910684,
          "percentile" : {
            "1.000000" : 626688,
            "5.000000" : 839680,
            "10.000000" : 1019904,
            "20.000000" : 1335296,
            "30.000000" : 1581056,
            "40.000000" : 1794048,
            "50.000000" : 1990656,
            "60.000000" : 2211840,
            "70.000000" : 2408448,
            "80.000000" : 2703360,
            "90.000000" : 3063808,
            "95.000000" : 3391488,
            "99.000000" : 4227072,
            "99.500000" : 4751360,
            "99.900000" : 7045120,
            "99.950000" : 11993088,
            "99.990000" : 21626880
          }
        },
        "lat_ns" : {
          "min" : 141416,
          "max" : 29334101,
          "mean" : 2073403.920330,
          "stddev" : 898424.076402,
          "N" : 910684
        },
        "bw_min" : 1689984,
        "bw_max" : 2081811,
        "bw_agg" : 100.000000,
        "bw_mean" : 1944474.183333,
        "bw_dev" : 22149.648800,
        "bw_samples" : 240,
        "iops_min" : 26406,
        "iops_max" : 32528,
        "iops_mean" : 30381.383333,
        "iops_stddev" : 346.081579,
        "iops_samples" : 240
      },
      "write" : {
        "io_bytes" : 20008075264,
        "io_kbytes" : 19539136,
        "bw_bytes" : 666891382,
        "bw" : 651261,
        "iops" : 10175.921605,
        "runtime" : 30002,
        "total_ios" : 305298,
        "short_ios" : 0,
        "drop_ios" : 0,
        "slat_ns" : {
          "min" : 6427,
          "max" : 177559,
          "mean" : 24401.828355,
          "stddev" : 10637.173071,
          "N" : 305299
        },
        "clat_ns" : {
          "min" : 1544,
          "max" : 22739167,
          "mean" : 67937.050819,
          "stddev" : 304223.296892,
          "N" : 305299,
          "percentile" : {
            "1.000000" : 27264,
            "5.000000" : 28544,
            "10.000000" : 33024,
            "20.000000" : 35584,
            "30.000000" : 40192,
            "40.000000" : 46336,
            "50.000000" : 52480,
            "60.000000" : 56576,
            "70.000000" : 65280,
            "80.000000" : 74240,
            "90.000000" : 92672,
            "95.000000" : 111104,
            "99.000000" : 156672,
            "99.500000" : 185344,
            "99.900000" : 3522560,
            "99.950000" : 4751360,
            "99.990000" : 11730944
          }
        },
        "lat_ns" : {
          "min" : 34887,
          "max" : 22760715,
          "mean" : 92755.468665,
          "stddev" : 304557.594450,
          "N" : 305299
        },
        "bw_min" : 545547,
        "bw_max" : 742120,
        "bw_agg" : 100.000000,
        "bw_mean" : 651907.050000,
        "bw_dev" : 9494.290452,
        "bw_samples" : 240,
        "iops_min" : 8524,
        "iops_max" : 11595,
        "iops_mean" : 10185.316667,
        "iops_stddev" : 148.400765,
        "iops_samples" : 240
      },
      "trim" : {
        "io_bytes" : 0,
        "io_kbytes" : 0,
        "bw_bytes" : 0,
        "bw" : 0,
        "iops" : 0.000000,
        "runtime" : 0,
        "total_ios" : 0,
        "short_ios" : 0,
        "drop_ios" : 0,
        "slat_ns" : {
          "min" : 0,
          "max" : 0,
          "mean" : 0.000000,
          "stddev" : 0.000000,
          "N" : 0
        },
        "clat_ns" : {
          "min" : 0,
          "max" : 0,
          "mean" : 0.000000,
          "stddev" : 0.000000,
          "N" : 0
        },
        "lat_ns" : {
          "min" : 0,
          "max" : 0,
          "mean" : 0.000000,
          "stddev" : 0.000000,
          "N" : 0
        },
        "bw_min" : 0,
        "bw_max" : 0,
        "bw_agg" : 0.000000,
        "bw_mean" : 0.000000,
        "bw_dev" : 0.000000,
        "bw_samples" : 0,
        "iops_min" : 0,
        "iops_max" : 0,
        "iops_mean" : 0.000000,
        "iops_stddev" : 0.000000,
        "iops_samples" : 0
      },
      "sync" : {
        "total_ios" : 0,
        "lat_ns" : {
          "min" : 0,
          "max" : 0,
          "mean" : 0.000000,
          "stddev" : 0.000000,
          "N" : 0
        }
      },
      "job_runtime" : 120004,
      "usr_cpu" : 7.728076,
      "sys_cpu" : 31.205626,
      "ctx" : 521931,
      "majf" : 0,
      "minf" : 237,
      "iodepth_level" : {
        "1" : 0.000000,
        "2" : 0.000000,
        "4" : 0.000000,
        "8" : 0.000000,
        "16" : 100.000000,
        "32" : 0.000000,
        ">=64" : 0.000000
      },
      "iodepth_submit" : {
        "0" : 0.000000,
        "4" : 100.000000,
        "8" : 0.000000,
        "16" : 0.000000,
        "32" : 0.000000,
        "64" : 0.000000,
        ">=64" : 0.000000
      },
      "iodepth_complete" : {
        "0" : 0.000000,
        "4" : 99.999671,
        "8" : 0.000000,
        "16" : 0.100000,
        "32" : 0.000000,
        "64" : 0.000000,
        ">=64" : 0.000000
      },
      "latency_ns" : {
        "2" : 0.000000,
        "4" : 0.000000,
        "10" : 0.000000,
        "20" : 0.000000,
        "50" : 0.000000,
        "100" : 0.000000,
        "250" : 0.000000,
        "500" : 0.000000,
        "750" : 0.000000,
        "1000" : 0.000000
      },
      "latency_us" : {
        "2" : 0.010000,
        "4" : 0.010000,
        "10" : 0.010000,
        "20" : 0.010000,
        "50" : 11.628450,
        "100" : 11.508706,
        "250" : 1.914677,
        "500" : 0.170323,
        "750" : 1.982445,
        "1000" : 4.901791
      },
      "latency_ms" : {
        "2" : 30.816672,
        "4" : 36.015192,
        "10" : 1.007301,
        "20" : 0.043424,
        "50" : 0.011020,
        "100" : 0.000000,
        "250" : 0.000000,
        "500" : 0.000000,
        "750" : 0.000000,
        "1000" : 0.000000,
        "2000" : 0.000000,
        ">=2000" : 0.000000
      },
      "latency_depth" : 16,
      "latency_target" : 0,
      "latency_percentile" : 100.000000,
      "latency_window" : 0
    }
  ],
  "disk_util" : [
    {
      "name" : "nvme1n1",
      "read_ios" : 1217436,
      "write_ios" : 408019,
      "read_merges" : 0,
      "write_merges" : 0,
      "read_ticks" : 2444214,
      "write_ticks" : 19892,
      "in_queue" : 2464106,
      "util" : 73.062814
    }
  ]
}
