{
  "fio version" : "fio-3.28",
  "timestamp" : 1757415646,
  "timestamp_ms" : 1757415646848,
  "time" : "Tue Sep  9 07:00:46 2025",
  "jobs" : [
    {
      "jobname" : "mixed_io",
      "groupid" : 0,
      "error" : 0,
      "eta" : 0,
      "elapsed" : 41,
      "job options" : {
        "name" : "mixed_io",
        "filename" : "/dev/nvme1n1p2",
        "rw" : "randrw",
        "rwmixread" : "25",
        "bs" : "64k",
        "ioengine" : "libaio",
        "iodepth" : "1",
        "numjobs" : "4",
        "runtime" : "30",
        "ramp_time" : "10",
        "direct" : "1"
      },
      "read" : {
        "io_bytes" : 9159376896,
        "io_kbytes" : 8944704,
        "bw_bytes" : 305302386,
        "bw" : 298146,
        "iops" : 4658.544715,
        "runtime" : 30001,
        "total_ios" : 139761,
        "short_ios" : 0,
        "drop_ios" : 0,
        "slat_ns" : {
          "min" : 6323,
          "max" : 155125,
          "mean" : 22622.313499,
          "stddev" : 8568.334441,
          "N" : 139761
        },
        "clat_ns" : {
          "min" : 114510,
          "max" : 22236892,
          "mean" : 617356.712888,
          "stddev" : 620159.193715,
          "N" : 139761,
          "percentile" : {
            "1.000000" : 156672,
            "5.000000" : 162816,
            "10.000000" : 168960,
            "20.000000" : 191488,
            "30.000000" : 207872,
            "40.000000" : 257024,
            "50.000000" : 284672,
            "60.000000" : 362496,
            "70.000000" : 888832,
            "80.000000" : 1269760,
            "90.000000" : 1515520,
            "95.000000" : 1630208,
            "99.000000" : 1826816,
            "99.500000" : 1892352,
            "99.900000" : 2703360,
            "99.950000" : 3063808,
            "99.990000" : 21626880
          }
        },
        "lat_ns" : {
          "min" : 131370,
          "max" : 22257256,
          "mean" : 640357.228619,
          "stddev" : 620065.790289,
          "N" : 139761
        },
        "bw_min" : 256910,
        "bw_max" : 337076,
        "bw_agg" : 100.000000,
        "bw_mean" : 298214.389831,
        "bw_dev" : 5025.506025,
        "bw_samples" : 236,
        "iops_min" : 4013,
        "iops_max" : 5266,
        "iops_mean" : 4659.050847,
        "iops_stddev" : 78.488736,
        "iops_samples" : 236
      },
      "write" : {
        "io_bytes" : 27326349312,
        "io_kbytes" : 26685888,
        "bw_bytes" : 910847948,
        "bw" : 889499,
        "iops" : 13898.436719,
        "runtime" : 30001,
        "total_ios" : 416967,
        "short_ios" : 0,
        "drop_ios" : 0,
        "slat_ns" : {
          "min" : 6480,
          "max" : 340812,
          "mean" : 22277.365897,
          "stddev" : 8604.832847,
          "N" : 416967
        },
        "clat_ns" : {
          "min" : 1789,
          "max" : 19796254,
          "mean" : 46302.516453,
          "stddev" : 66526.319746,
          "N" : 416967,
          "percentile" : {
            "1.000000" : 34048,
            "5.000000" : 35072,
            "10.000000" : 35072,
            "20.000000" : 35584,
            "30.000000" : 36096,
            "40.000000" : 36096,
            "50.000000" : 37120,
            "60.000000" : 39680,
            "70.000000" : 48896,
            "80.000000" : 59136,
            "90.000000" : 72192,
            "95.000000" : 74240,
            "99.000000" : 78336,
            "99.500000" : 82432,
            "99.900000" : 160768,
            "99.950000" : 171008,
            "99.990000" : 183296
          }
        },
        "lat_ns" : {
          "min" : 34282,
          "max" : 19814614,
          "mean" : 68961.247809,
          "stddev" : 67719.449092,
          "N" : 416967
        },
        "bw_min" : 744081,
        "bw_max" : 1019136,
        "bw_agg" : 100.000000,
        "bw_mean" : 890237.033898,
        "bw_dev" : 17248.052458,
        "bw_samples" : 236,
        "iops_min" : 11625,
        "iops_max" : 15924,
        "iops_mean" : 13909.423729,
        "iops_stddev" : 269.500852,
        "iops_samples" : 236
      },
      "trim" : {
        "io_bytes" : 0,
        "io_kbytes" : 0,
        "bw_bytes" : 0,
        "bw" : 0,
        "iops" : 0.000000,
        "runtime" : 0,
        "total_ios" : 0,
        "short_ios" : 0,
        "drop_ios" : 0,
        "slat_ns" : {
          "min" : 0,
          "max" : 0,
          "mean" : 0.000000,
          "stddev" : 0.000000,
          "N" : 0
        },
        "clat_ns" : {
          "min" : 0,
          "max" : 0,
          "mean" : 0.000000,
          "stddev" : 0.000000,
          "N" : 0
        },
        "lat_ns" : {
          "min" : 0,
          "max" : 0,
          "mean" : 0.000000,
          "stddev" : 0.000000,
          "N" : 0
        },
        "bw_min" : 0,
        "bw_max" : 0,
        "bw_agg" : 0.000000,
        "bw_mean" : 0.000000,
        "bw_dev" : 0.000000,
        "bw_samples" : 0,
        "iops_min" : 0,
        "iops_max" : 0,
        "iops_mean" : 0.000000,
        "iops_stddev" : 0.000000,
        "iops_samples" : 0
      },
      "sync" : {
        "total_ios" : 0,
        "lat_ns" : {
          "min" : 0,
          "max" : 0,
          "mean" : 0.000000,
          "stddev" : 0.000000,
          "N" : 0
        }
      },
      "job_runtime" : 120000,
      "usr_cpu" : 4.744167,
      "sys_cpu" : 14.874167,
      "ctx" : 556581,
      "majf" : 0,
      "minf" : 243,
      "iodepth_level" : {
        "1" : 100.000000,
        "2" : 0.000000,
        "4" : 0.000000,
        "8" : 0.000000,
        "16" : 0.000000,
        "32" : 0.000000,
        ">=64" : 0.000000
      },
      "iodepth_submit" : {
        "0" : 0.000000,
        "4" : 100.000000,
        "8" : 0.000000,
        "16" : 0.000000,
        "32" : 0.000000,
        "64" : 0.000000,
        ">=64" : 0.000000
      },
      "iodepth_complete" : {
        "0" : 0.000000,
        "4" : 100.000000,
        "8" : 0.000000,
        "16" : 0.000000,
        "32" : 0.000000,
        "64" : 0.000000,
        ">=64" : 0.000000
      },
      "latency_ns" : {
        "2" : 0.000000,
        "4" : 0.000000,
        "10" : 0.000000,
        "20" : 0.000000,
        "50" : 0.000000,
        "100" : 0.000000,
        "250" : 0.000000,
        "500" : 0.000000,
        "750" : 0.000000,
        "1000" : 0.000000
      },
      "latency_us" : {
        "2" : 0.010000,
        "4" : 0.010000,
        "10" : 0.010000,
        "20" : 0.017064,
        "50" : 52.915966,
        "100" : 21.861484,
        "250" : 9.439439,
        "500" : 6.500661,
        "750" : 1.042520,
        "1000" : 1.311951
      },
      "latency_ms" : {
        "2" : 6.834037,
        "4" : 0.057838,
        "10" : 0.010000,
        "20" : 0.010000,
        "50" : 0.010000,
        "100" : 0.000000,
        "250" : 0.000000,
        "500" : 0.000000,
        "750" : 0.000000,
        "1000" : 0.000000,
        "2000" : 0.000000,
        ">=2000" : 0.000000
      },
      "latency_depth" : 1,
      "latency_target" : 0,
      "latency_percentile" : 100.000000,
      "latency_window" : 0
    }
  ],
  "disk_util" : [
    {
      "name" : "nvme1n1",
      "read_ios" : 187217,
      "write_ios" : 559889,
      "read_merges" : 0,
      "write_merges" : 0,
      "read_ticks" : 112147,
      "write_ticks" : 24427,
      "in_queue" : 136574,
      "util" : 73.213706
    }
  ]
}
