{
  "fio version" : "fio-3.28",
  "timestamp" : 1757415525,
  "timestamp_ms" : 1757415525663,
  "time" : "Tue Sep  9 06:58:45 2025",
  "jobs" : [
    {
      "jobname" : "mixed_io",
      "groupid" : 0,
      "error" : 0,
      "eta" : 0,
      "elapsed" : 41,
      "job options" : {
        "name" : "mixed_io",
        "filename" : "/dev/nvme1n1p2",
        "rw" : "randrw",
        "rwmixread" : "25",
        "bs" : "64k",
        "ioengine" : "libaio",
        "iodepth" : "1",
        "numjobs" : "2",
        "runtime" : "30",
        "ramp_time" : "10",
        "direct" : "1"
      },
      "read" : {
        "io_bytes" : 6397755392,
        "io_kbytes" : 6247808,
        "bw_bytes" : 213251404,
        "bw" : 208253,
        "iops" : 3253.958201,
        "runtime" : 30001,
        "total_ios" : 97622,
        "short_ios" : 0,
        "drop_ios" : 0,
        "slat_ns" : {
          "min" : 15538,
          "max" : 269767,
          "mean" : 20485.882844,
          "stddev" : 6885.370002,
          "N" : 97622
        },
        "clat_ns" : {
          "min" : 102918,
          "max" : 22504706,
          "mean" : 403190.758159,
          "stddev" : 489467.992771,
          "N" : 97622,
          "percentile" : {
            "1.000000" : 156672,
            "5.000000" : 158720,
            "10.000000" : 160768,
            "20.000000" : 166912,
            "30.000000" : 173056,
            "40.000000" : 191488,
            "50.000000" : 195584,
            "60.000000" : 218112,
            "70.000000" : 264192,
            "80.000000" : 423936,
            "90.000000" : 1253376,
            "95.000000" : 1482752,
            "99.000000" : 1695744,
            "99.500000" : 1761280,
            "99.900000" : 1990656,
            "99.950000" : 2605056,
            "99.990000" : 18481152
          }
        },
        "lat_ns" : {
          "min" : 120748,
          "max" : 22549728,
          "mean" : 424030.694464,
          "stddev" : 489422.858863,
          "N" : 97622
        },
        "bw_min" : 186424,
        "bw_max" : 229632,
        "bw_agg" : 100.000000,
        "bw_mean" : 208438.135593,
        "bw_dev" : 4976.697117,
        "bw_samples" : 118,
        "iops_min" : 2912,
        "iops_max" : 3588,
        "iops_mean" : 3256.576271,
        "iops_stddev" : 77.765586,
        "iops_samples" : 118
      },
      "write" : {
        "io_bytes" : 19140771840,
        "io_kbytes" : 18692160,
        "bw_bytes" : 638004461,
        "bw" : 623051,
        "iops" : 9735.142162,
        "runtime" : 30001,
        "total_ios" : 292064,
        "short_ios" : 0,
        "drop_ios" : 0,
        "slat_ns" : {
          "min" : 15204,
          "max" : 284241,
          "mean" : 20457.812069,
          "stddev" : 6681.301624,
          "N" : 292065
        },
        "clat_ns" : {
          "min" : 1848,
          "max" : 1219167,
          "mean" : 39601.702569,
          "stddev" : 11420.317882,
          "N" : 292064,
          "percentile" : {
            "1.000000" : 33536,
            "5.000000" : 33536,
            "10.000000" : 33536,
            "20.000000" : 34048,
            "30.000000" : 34048,
            "40.000000" : 34048,
            "50.000000" : 34560,
            "60.000000" : 35072,
            "70.000000" : 37120,
            "80.000000" : 41728,
            "90.000000" : 57088,
            "95.000000" : 70144,
            "99.000000" : 74240,
            "99.500000" : 75264,
            "99.900000" : 83456,
            "99.950000" : 87552,
            "99.990000" : 101888
          }
        },
        "lat_ns" : {
          "min" : 44453,
          "max" : 1236384,
          "mean" : 60420.047979,
          "stddev" : 15305.463762,
          "N" : 292064
        },
        "bw_min" : 548914,
        "bw_max" : 706179,
        "bw_agg" : 100.000000,
        "bw_mean" : 623385.915254,
        "bw_dev" : 15477.117778,
        "bw_samples" : 118,
        "iops_min" : 8576,
        "iops_max" : 11033,
        "iops_mean" : 9739.932203,
        "iops_stddev" : 241.829234,
        "iops_samples" : 118
      },
      "trim" : {
        "io_bytes" : 0,
        "io_kbytes" : 0,
        "bw_bytes" : 0,
        "bw" : 0,
        "iops" : 0.000000,
        "runtime" : 0,
        "total_ios" : 0,
        "short_ios" : 0,
        "drop_ios" : 0,
        "slat_ns" : {
          "min" : 0,
          "max" : 0,
          "mean" : 0.000000,
          "stddev" : 0.000000,
          "N" : 0
        },
        "clat_ns" : {
          "min" : 0,
          "max" : 0,
          "mean" : 0.000000,
          "stddev" : 0.000000,
          "N" : 0
        },
        "lat_ns" : {
          "min" : 0,
          "max" : 0,
          "mean" : 0.000000,
          "stddev" : 0.000000,
          "N" : 0
        },
        "bw_min" : 0,
        "bw_max" : 0,
        "bw_agg" : 0.000000,
        "bw_mean" : 0.000000,
        "bw_dev" : 0.000000,
        "bw_samples" : 0,
        "iops_min" : 0,
        "iops_max" : 0,
        "iops_mean" : 0.000000,
        "iops_stddev" : 0.000000,
        "iops_samples" : 0
      },
      "sync" : {
        "total_ios" : 0,
        "lat_ns" : {
          "min" : 0,
          "max" : 0,
          "mean" : 0.000000,
          "stddev" : 0.000000,
          "N" : 0
        }
      },
      "job_runtime" : 60000,
      "usr_cpu" : 5.666667,
      "sys_cpu" : 18.476667,
      "ctx" : 389574,
      "majf" : 0,
      "minf" : 120,
      "iodepth_level" : {
        "1" : 100.000000,
        "2" : 0.000000,
        "4" : 0.000000,
        "8" : 0.000000,
        "16" : 0.000000,
        "32" : 0.000000,
        ">=64" : 0.000000
      },
      "iodepth_submit" : {
        "0" : 0.000000,
        "4" : 100.000000,
        "8" : 0.000000,
        "16" : 0.000000,
        "32" : 0.000000,
        "64" : 0.000000,
        ">=64" : 0.000000
      },
      "iodepth_complete" : {
        "0" : 0.000000,
        "4" : 100.000000,
        "8" : 0.000000,
        "16" : 0.000000,
        "32" : 0.000000,
        "64" : 0.000000,
        ">=64" : 0.000000
      },
      "latency_ns" : {
        "2" : 0.000000,
        "4" : 0.000000,
        "10" : 0.000000,
        "20" : 0.000000,
        "50" : 0.000000,
        "100" : 0.000000,
        "250" : 0.000000,
        "500" : 0.000000,
        "750" : 0.000000,
        "1000" : 0.000000
      },
      "latency_us" : {
        "2" : 0.010000,
        "4" : 0.010000,
        "10" : 0.010000,
        "20" : 0.016167,
        "50" : 65.064950,
        "100" : 9.847159,
        "250" : 16.364971,
        "500" : 3.877224,
        "750" : 0.607925,
        "1000" : 0.720580
      },
      "latency_ms" : {
        "2" : 3.464584,
        "4" : 0.020529,
        "10" : 0.010000,
        "20" : 0.010000,
        "50" : 0.010000,
        "100" : 0.000000,
        "250" : 0.000000,
        "500" : 0.000000,
        "750" : 0.000000,
        "1000" : 0.000000,
        "2000" : 0.000000,
        ">=2000" : 0.000000
      },
      "latency_depth" : 1,
      "latency_target" : 0,
      "latency_percentile" : 100.000000,
      "latency_window" : 0
    }
  ],
  "disk_util" : [
    {
      "name" : "nvme1n1",
      "read_ios" : 128285,
      "write_ios" : 384393,
      "read_merges" : 0,
      "write_merges" : 0,
      "read_ticks" : 51309,
      "write_ticks" : 14519,
      "in_queue" : 65828,
      "util" : 74.837397
    }
  ]
}
