{
  "fio version" : "fio-3.28",
  "timestamp" : 1757419686,
  "timestamp_ms" : 1757419686824,
  "time" : "Tue Sep  9 08:08:06 2025",
  "jobs" : [
    {
      "jobname" : "mixed_io",
      "groupid" : 0,
      "error" : 0,
      "eta" : 0,
      "elapsed" : 41,
      "job options" : {
        "name" : "mixed_io",
        "filename" : "/dev/nvme1n1p2",
        "rw" : "randrw",
        "rwmixread" : "75",
        "bs" : "1024k",
        "ioengine" : "libaio",
        "iodepth" : "64",
        "numjobs" : "4",
        "runtime" : "30",
        "ramp_time" : "10",
        "direct" : "1"
      },
      "read" : {
        "io_bytes" : 72552022016,
        "io_kbytes" : 70851584,
        "bw_bytes" : 2411407651,
        "bw" : 2354890,
        "iops" : 2293.183102,
        "runtime" : 30087,
        "total_ios" : 68995,
        "short_ios" : 0,
        "drop_ios" : 0,
        "slat_ns" : {
          "min" : 56327,
          "max" : 1206445,
          "mean" : 176419.038409,
          "stddev" : 33082.337871,
          "N" : 68995
        },
        "clat_ns" : {
          "min" : 9577460,
          "max" : 201970501,
          "mean" : 86901207.030654,
          "stddev" : 15110350.413714,
          "N" : 69191,
          "percentile" : {
            "1.000000" : 26869760,
            "5.000000" : 56360960,
            "10.000000" : 77070336,
            "20.000000" : 81264640,
            "30.000000" : 83361792,
            "40.000000" : 85458944,
            "50.000000" : 87556096,
            "60.000000" : 89653248,
            "70.000000" : 91750400,
            "80.000000" : 94896128,
            "90.000000" : 101187584,
            "95.000000" : 108527616,
            "99.000000" : 123207680,
            "99.500000" : 127401984,
            "99.900000" : 170917888,
            "99.950000" : 187695104,
            "99.990000" : 200278016
          }
        },
        "lat_ns" : {
          "min" : 9765263,
          "max" : 202137314,
          "mean" : 87078257.089665,
          "stddev" : 15110088.617049,
          "N" : 69191
        },
        "bw_min" : 1794658,
        "bw_max" : 3646337,
        "bw_agg" : 100.000000,
        "bw_mean" : 2356267.133333,
        "bw_dev" : 68148.441505,
        "bw_samples" : 240,
        "iops_min" : 1750,
        "iops_max" : 3560,
        "iops_mean" : 2300.650000,
        "iops_stddev" : 66.584514,
        "iops_samples" : 240
      },
      "write" : {
        "io_bytes" : 24293408768,
        "io_kbytes" : 23724032,
        "bw_bytes" : 807438719,
        "bw" : 788514,
        "iops" : 768.172300,
        "runtime" : 30087,
        "total_ios" : 23112,
        "short_ios" : 0,
        "drop_ios" : 0,
        "slat_ns" : {
          "min" : 95451,
          "max" : 1246019,
          "mean" : 240539.911604,
          "stddev" : 41465.909031,
          "N" : 23112
        },
        "clat_ns" : {
          "min" : 904432,
          "max" : 185368786,
          "mean" : 72565322.791393,
          "stddev" : 14002768.918433,
          "N" : 23168,
          "percentile" : {
            "1.000000" : 13303808,
            "5.000000" : 46399488,
            "10.000000" : 63700992,
            "20.000000" : 67633152,
            "30.000000" : 69730304,
            "40.000000" : 71827456,
            "50.000000" : 72876032,
            "60.000000" : 74973184,
            "70.000000" : 76021760,
            "80.000000" : 79167488,
            "90.000000" : 86507520,
            "95.000000" : 92798976,
            "99.000000" : 105381888,
            "99.500000" : 109576192,
            "99.900000" : 149946368,
            "99.950000" : 164626432,
            "99.990000" : 181403648
          }
        },
        "lat_ns" : {
          "min" : 1140104,
          "max" : 185596584,
          "mean" : 72806602.978073,
          "stddev" : 14001681.105777,
          "N" : 23168
        },
        "bw_min" : 561717,
        "bw_max" : 1240653,
        "bw_agg" : 100.000000,
        "bw_mean" : 789712.050000,
        "bw_dev" : 28508.630610,
        "bw_samples" : 240,
        "iops_min" : 548,
        "iops_max" : 1210,
        "iops_mean" : 770.566667,
        "iops_stddev" : 27.833060,
        "iops_samples" : 240
      },
      "trim" : {
        "io_bytes" : 0,
        "io_kbytes" : 0,
        "bw_bytes" : 0,
        "bw" : 0,
        "iops" : 0.000000,
        "runtime" : 0,
        "total_ios" : 0,
        "short_ios" : 0,
        "drop_ios" : 0,
        "slat_ns" : {
          "min" : 0,
          "max" : 0,
          "mean" : 0.000000,
          "stddev" : 0.000000,
          "N" : 0
        },
        "clat_ns" : {
          "min" : 0,
          "max" : 0,
          "mean" : 0.000000,
          "stddev" : 0.000000,
          "N" : 0
        },
        "lat_ns" : {
          "min" : 0,
          "max" : 0,
          "mean" : 0.000000,
          "stddev" : 0.000000,
          "N" : 0
        },
        "bw_min" : 0,
        "bw_max" : 0,
        "bw_agg" : 0.000000,
        "bw_mean" : 0.000000,
        "bw_dev" : 0.000000,
        "bw_samples" : 0,
        "iops_min" : 0,
        "iops_max" : 0,
        "iops_mean" : 0.000000,
        "iops_stddev" : 0.000000,
        "iops_samples" : 0
      },
      "sync" : {
        "total_ios" : 0,
        "lat_ns" : {
          "min" : 0,
          "max" : 0,
          "mean" : 0.000000,
          "stddev" : 0.000000,
          "N" : 0
        }
      },
      "job_runtime" : 120340,
      "usr_cpu" : 3.153565,
      "sys_cpu" : 16.148413,
      "ctx" : 76228,
      "majf" : 0,
      "minf" : 241,
      "iodepth_level" : {
        "1" : 0.000000,
        "2" : 0.000000,
        "4" : 0.000000,
        "8" : 0.000000,
        "16" : 0.000000,
        "32" : 0.000000,
        ">=64" : 100.000000
      },
      "iodepth_submit" : {
        "0" : 0.000000,
        "4" : 100.000000,
        "8" : 0.000000,
        "16" : 0.000000,
        "32" : 0.000000,
        "64" : 0.000000,
        ">=64" : 0.000000
      },
      "iodepth_complete" : {
        "0" : 0.000000,
        "4" : 99.995657,
        "8" : 0.000000,
        "16" : 0.000000,
        "32" : 0.000000,
        "64" : 0.100000,
        ">=64" : 0.000000
      },
      "latency_ns" : {
        "2" : 0.000000,
        "4" : 0.000000,
        "10" : 0.000000,
        "20" : 0.000000,
        "50" : 0.000000,
        "100" : 0.000000,
        "250" : 0.000000,
        "500" : 0.000000,
        "750" : 0.000000,
        "1000" : 0.000000
      },
      "latency_us" : {
        "2" : 0.000000,
        "4" : 0.000000,
        "10" : 0.000000,
        "20" : 0.000000,
        "50" : 0.000000,
        "100" : 0.000000,
        "250" : 0.000000,
        "500" : 0.000000,
        "750" : 0.000000,
        "1000" : 0.010000
      },
      "latency_ms" : {
        "2" : 0.013028,
        "4" : 0.051028,
        "10" : 0.133540,
        "20" : 0.525476,
        "50" : 2.862975,
        "100" : 87.604634,
        "250" : 9.081829,
        "500" : 0.000000,
        "750" : 0.000000,
        "1000" : 0.000000,
        "2000" : 0.000000,
        ">=2000" : 0.000000
      },
      "latency_depth" : 64,
      "latency_target" : 0,
      "latency_percentile" : 100.000000,
      "latency_window" : 0
    }
  ],
  "disk_util" : [
    {
      "name" : "nvme1n1",
      "read_ios" : 729804,
      "write_ios" : 246339,
      "read_merges" : 0,
      "write_merges" : 0,
      "read_ticks" : 62972911,
      "write_ticks" : 17782767,
      "in_queue" : 80755677,
      "util" : 82.415360
    }
  ]
}
