{
  "fio version" : "fio-3.28",
  "timestamp" : 1757418272,
  "timestamp_ms" : 1757418272897,
  "time" : "Tue Sep  9 07:44:32 2025",
  "jobs" : [
    {
      "jobname" : "mixed_io",
      "groupid" : 0,
      "error" : 0,
      "eta" : 0,
      "elapsed" : 41,
      "job options" : {
        "name" : "mixed_io",
        "filename" : "/dev/nvme1n1p2",
        "rw" : "randrw",
        "rwmixread" : "75",
        "bs" : "4k",
        "ioengine" : "libaio",
        "iodepth" : "1",
        "numjobs" : "1",
        "runtime" : "30",
        "ramp_time" : "10",
        "direct" : "1"
      },
      "read" : {
        "io_bytes" : 1091801088,
        "io_kbytes" : 1066212,
        "bw_bytes" : 36392156,
        "bw" : 35539,
        "iops" : 8884.803840,
        "runtime" : 30001,
        "total_ios" : 266553,
        "short_ios" : 0,
        "drop_ios" : 0,
        "slat_ns" : {
          "min" : 6539,
          "max" : 127733,
          "mean" : 9066.109198,
          "stddev" : 6218.508243,
          "N" : 266553
        },
        "clat_ns" : {
          "min" : 1594,
          "max" : 1804497,
          "mean" : 88991.952891,
          "stddev" : 78036.514757,
          "N" : 266553,
          "percentile" : {
            "1.000000" : 28032,
            "5.000000" : 28288,
            "10.000000" : 35584,
            "20.000000" : 73216,
            "30.000000" : 74240,
            "40.000000" : 77312,
            "50.000000" : 77312,
            "60.000000" : 79360,
            "70.000000" : 89600,
            "80.000000" : 90624,
            "90.000000" : 125440,
            "95.000000" : 179200,
            "99.000000" : 205824,
            "99.500000" : 218112,
            "99.900000" : 1449984,
            "99.950000" : 1581056,
            "99.990000" : 1744896
          }
        },
        "lat_ns" : {
          "min" : 28494,
          "max" : 1811720,
          "mean" : 98392.333840,
          "stddev" : 79221.787363,
          "N" : 266553
        },
        "bw_min" : 31976,
        "bw_max" : 38752,
        "bw_agg" : 100.000000,
        "bw_mean" : 35590.389831,
        "bw_dev" : 1135.667934,
        "bw_samples" : 59,
        "iops_min" : 7994,
        "iops_max" : 9688,
        "iops_mean" : 8897.423729,
        "iops_stddev" : 283.956116,
        "iops_samples" : 59
      },
      "write" : {
        "io_bytes" : 365907968,
        "io_kbytes" : 357332,
        "bw_bytes" : 12196525,
        "bw" : 11910,
        "iops" : 2977.667411,
        "runtime" : 30001,
        "total_ios" : 89333,
        "short_ios" : 0,
        "drop_ios" : 0,
        "slat_ns" : {
          "min" : 6604,
          "max" : 66017,
          "mean" : 9381.777607,
          "stddev" : 6068.497516,
          "N" : 89333
        },
        "clat_ns" : {
          "min" : 1524,
          "max" : 1147767,
          "mean" : 22933.724727,
          "stddev" : 5763.649799,
          "N" : 89333,
          "percentile" : {
            "1.000000" : 20608,
            "5.000000" : 20864,
            "10.000000" : 21120,
            "20.000000" : 21376,
            "30.000000" : 21376,
            "40.000000" : 21632,
            "50.000000" : 21632,
            "60.000000" : 21888,
            "70.000000" : 22144,
            "80.000000" : 22912,
            "90.000000" : 24704,
            "95.000000" : 32384,
            "99.000000" : 42752,
            "99.500000" : 44800,
            "99.900000" : 55552,
            "99.950000" : 57088,
            "99.990000" : 63232
          }
        },
        "lat_ns" : {
          "min" : 19360,
          "max" : 1155275,
          "mean" : 32652.196669,
          "stddev" : 8752.235575,
          "N" : 89333
        },
        "bw_min" : 10688,
        "bw_max" : 12784,
        "bw_agg" : 100.000000,
        "bw_mean" : 11931.220339,
        "bw_dev" : 499.789682,
        "bw_samples" : 59,
        "iops_min" : 2672,
        "iops_max" : 3196,
        "iops_mean" : 2982.661017,
        "iops_stddev" : 125.057450,
        "iops_samples" : 59
      },
      "trim" : {
        "io_bytes" : 0,
        "io_kbytes" : 0,
        "bw_bytes" : 0,
        "bw" : 0,
        "iops" : 0.000000,
        "runtime" : 0,
        "total_ios" : 0,
        "short_ios" : 0,
        "drop_ios" : 0,
        "slat_ns" : {
          "min" : 0,
          "max" : 0,
          "mean" : 0.000000,
          "stddev" : 0.000000,
          "N" : 0
        },
        "clat_ns" : {
          "min" : 0,
          "max" : 0,
          "mean" : 0.000000,
          "stddev" : 0.000000,
          "N" : 0
        },
        "lat_ns" : {
          "min" : 0,
          "max" : 0,
          "mean" : 0.000000,
          "stddev" : 0.000000,
          "N" : 0
        },
        "bw_min" : 0,
        "bw_max" : 0,
        "bw_agg" : 0.000000,
        "bw_mean" : 0.000000,
        "bw_dev" : 0.000000,
        "bw_samples" : 0,
        "iops_min" : 0,
        "iops_max" : 0,
        "iops_mean" : 0.000000,
        "iops_stddev" : 0.000000,
        "iops_samples" : 0
      },
      "sync" : {
        "total_ios" : 0,
        "lat_ns" : {
          "min" : 0,
          "max" : 0,
          "mean" : 0.000000,
          "stddev" : 0.000000,
          "N" : 0
        }
      },
      "job_runtime" : 30000,
      "usr_cpu" : 7.400000,
      "sys_cpu" : 20.380000,
      "ctx" : 355531,
      "majf" : 0,
      "minf" : 60,
      "iodepth_level" : {
        "1" : 100.000000,
        "2" : 0.000000,
        "4" : 0.000000,
        "8" : 0.000000,
        "16" : 0.000000,
        "32" : 0.000000,
        ">=64" : 0.000000
      },
      "iodepth_submit" : {
        "0" : 0.000000,
        "4" : 100.000000,
        "8" : 0.000000,
        "16" : 0.000000,
        "32" : 0.000000,
        "64" : 0.000000,
        ">=64" : 0.000000
      },
      "iodepth_complete" : {
        "0" : 0.000000,
        "4" : 100.000000,
        "8" : 0.000000,
        "16" : 0.000000,
        "32" : 0.000000,
        "64" : 0.000000,
        ">=64" : 0.000000
      },
      "latency_ns" : {
        "2" : 0.000000,
        "4" : 0.000000,
        "10" : 0.000000,
        "20" : 0.000000,
        "50" : 0.000000,
        "100" : 0.000000,
        "250" : 0.000000,
        "500" : 0.000000,
        "750" : 0.000000,
        "1000" : 0.000000
      },
      "latency_us" : {
        "2" : 0.048611,
        "4" : 0.010000,
        "10" : 0.010000,
        "20" : 0.106495,
        "50" : 33.185346,
        "100" : 58.109900,
        "250" : 8.213585,
        "500" : 0.056760,
        "750" : 0.038495,
        "1000" : 0.054793
      },
      "latency_ms" : {
        "2" : 0.176180,
        "4" : 0.000000,
        "10" : 0.000000,
        "20" : 0.000000,
        "50" : 0.000000,
        "100" : 0.000000,
        "250" : 0.000000,
        "500" : 0.000000,
        "750" : 0.000000,
        "1000" : 0.000000,
        "2000" : 0.000000,
        ">=2000" : 0.000000
      },
      "latency_depth" : 1,
      "latency_target" : 0,
      "latency_percentile" : 100.000000,
      "latency_window" : 0
    }
  ],
  "disk_util" : [
    {
      "name" : "nvme1n1",
      "read_ios" : 347235,
      "write_ios" : 116172,
      "read_merges" : 0,
      "write_merges" : 0,
      "read_ticks" : 28872,
      "write_ticks" : 2137,
      "in_queue" : 31009,
      "util" : 76.876176
    }
  ]
}
