{
  "fio version" : "fio-3.28",
  "timestamp" : 1757419161,
  "timestamp_ms" : 1757419161414,
  "time" : "Tue Sep  9 07:59:21 2025",
  "jobs" : [
    {
      "jobname" : "mixed_io",
      "groupid" : 0,
      "error" : 0,
      "eta" : 0,
      "elapsed" : 41,
      "job options" : {
        "name" : "mixed_io",
        "filename" : "/dev/nvme1n1p2",
        "rw" : "randrw",
        "rwmixread" : "75",
        "bs" : "64k",
        "ioengine" : "libaio",
        "iodepth" : "16",
        "numjobs" : "2",
        "runtime" : "30",
        "ramp_time" : "10",
        "direct" : "1"
      },
      "read" : {
        "io_bytes" : 58198458368,
        "io_kbytes" : 56834432,
        "bw_bytes" : 1939883949,
        "bw" : 1894417,
        "iops" : 29599.246692,
        "runtime" : 30001,
        "total_ios" : 888007,
        "short_ios" : 0,
        "drop_ios" : 0,
        "slat_ns" : {
          "min" : 7017,
          "max" : 251196,
          "mean" : 20347.819033,
          "stddev" : 8344.207619,
          "N" : 888008
        },
        "clat_ns" : {
          "min" : 109545,
          "max" : 24547604,
          "mean" : 1022782.402714,
          "stddev" : 710496.888911,
          "N" : 888037,
          "percentile" : {
            "1.000000" : 189440,
            "5.000000" : 242688,
            "10.000000" : 288768,
            "20.000000" : 374784,
            "30.000000" : 473088,
            "40.000000" : 618496,
            "50.000000" : 839680,
            "60.000000" : 1155072,
            "70.000000" : 1466368,
            "80.000000" : 1695744,
            "90.000000" : 1941504,
            "95.000000" : 2146304,
            "99.000000" : 2637824,
            "99.500000" : 2867200,
            "99.900000" : 3653632,
            "99.950000" : 4358144,
            "99.990000" : 16056320
          }
        },
        "lat_ns" : {
          "min" : 125663,
          "max" : 24565508,
          "mean" : 1043516.948134,
          "stddev" : 710236.364065,
          "N" : 888037
        },
        "bw_min" : 1540360,
        "bw_max" : 3054300,
        "bw_agg" : 100.000000,
        "bw_mean" : 1896230.466667,
        "bw_dev" : 100102.536069,
        "bw_samples" : 120,
        "iops_min" : 24067,
        "iops_max" : 47723,
        "iops_mean" : 29628.116667,
        "iops_stddev" : 1564.138903,
        "iops_samples" : 120
      },
      "write" : {
        "io_bytes" : 19542769664,
        "io_kbytes" : 19084736,
        "bw_bytes" : 651403942,
        "bw" : 636136,
        "iops" : 9939.635345,
        "runtime" : 30001,
        "total_ios" : 298199,
        "short_ios" : 0,
        "drop_ios" : 0,
        "slat_ns" : {
          "min" : 9767,
          "max" : 290733,
          "mean" : 21633.413187,
          "stddev" : 8538.417107,
          "N" : 298199
        },
        "clat_ns" : {
          "min" : 1507,
          "max" : 22366153,
          "mean" : 81509.582987,
          "stddev" : 179298.353723,
          "N" : 298199,
          "percentile" : {
            "1.000000" : 27008,
            "5.000000" : 29056,
            "10.000000" : 34048,
            "20.000000" : 36608,
            "30.000000" : 45824,
            "40.000000" : 54016,
            "50.000000" : 64256,
            "60.000000" : 77312,
            "70.000000" : 93696,
            "80.000000" : 116224,
            "90.000000" : 150528,
            "95.000000" : 179200,
            "99.000000" : 232448,
            "99.500000" : 252928,
            "99.900000" : 292864,
            "99.950000" : 321536,
            "99.990000" : 5406720
          }
        },
        "lat_ns" : {
          "min" : 37872,
          "max" : 22382326,
          "mean" : 103555.873806,
          "stddev" : 180098.973459,
          "N" : 298199
        },
        "bw_min" : 520079,
        "bw_max" : 1029898,
        "bw_agg" : 100.000000,
        "bw_mean" : 636770.316667,
        "bw_dev" : 34388.087656,
        "bw_samples" : 120,
        "iops_min" : 8125,
        "iops_max" : 16091,
        "iops_mean" : 9949.083333,
        "iops_stddev" : 537.314427,
        "iops_samples" : 120
      },
      "trim" : {
        "io_bytes" : 0,
        "io_kbytes" : 0,
        "bw_bytes" : 0,
        "bw" : 0,
        "iops" : 0.000000,
        "runtime" : 0,
        "total_ios" : 0,
        "short_ios" : 0,
        "drop_ios" : 0,
        "slat_ns" : {
          "min" : 0,
          "max" : 0,
          "mean" : 0.000000,
          "stddev" : 0.000000,
          "N" : 0
        },
        "clat_ns" : {
          "min" : 0,
          "max" : 0,
          "mean" : 0.000000,
          "stddev" : 0.000000,
          "N" : 0
        },
        "lat_ns" : {
          "min" : 0,
          "max" : 0,
          "mean" : 0.000000,
          "stddev" : 0.000000,
          "N" : 0
        },
        "bw_min" : 0,
        "bw_max" : 0,
        "bw_agg" : 0.000000,
        "bw_mean" : 0.000000,
        "bw_dev" : 0.000000,
        "bw_samples" : 0,
        "iops_min" : 0,
        "iops_max" : 0,
        "iops_mean" : 0.000000,
        "iops_stddev" : 0.000000,
        "iops_samples" : 0
      },
      "sync" : {
        "total_ios" : 0,
        "lat_ns" : {
          "min" : 0,
          "max" : 0,
          "mean" : 0.000000,
          "stddev" : 0.000000,
          "N" : 0
        }
      },
      "job_runtime" : 60000,
      "usr_cpu" : 10.565000,
      "sys_cpu" : 47.061667,
      "ctx" : 296926,
      "majf" : 0,
      "minf" : 116,
      "iodepth_level" : {
        "1" : 0.000000,
        "2" : 0.000000,
        "4" : 0.000000,
        "8" : 0.000000,
        "16" : 100.000000,
        "32" : 0.000000,
        ">=64" : 0.000000
      },
      "iodepth_submit" : {
        "0" : 0.000000,
        "4" : 100.000000,
        "8" : 0.000000,
        "16" : 0.000000,
        "32" : 0.000000,
        "64" : 0.000000,
        ">=64" : 0.000000
      },
      "iodepth_complete" : {
        "0" : 0.000000,
        "4" : 99.999831,
        "8" : 0.000000,
        "16" : 0.100000,
        "32" : 0.000000,
        "64" : 0.000000,
        ">=64" : 0.000000
      },
      "latency_ns" : {
        "2" : 0.000000,
        "4" : 0.000000,
        "10" : 0.000000,
        "20" : 0.000000,
        "50" : 0.000000,
        "100" : 0.000000,
        "250" : 0.000000,
        "500" : 0.000000,
        "750" : 0.000000,
        "1000" : 0.000000
      },
      "latency_us" : {
        "2" : 0.010000,
        "4" : 0.000000,
        "10" : 0.000000,
        "20" : 0.010000,
        "50" : 8.626326,
        "100" : 9.738696,
        "250" : 10.983505,
        "500" : 19.836774,
        "750" : 10.656412,
        "1000" : 6.788534
      },
      "latency_ms" : {
        "2" : 27.191314,
        "4" : 6.125243,
        "10" : 0.034564,
        "20" : 0.014837,
        "50" : 0.010000,
        "100" : 0.000000,
        "250" : 0.000000,
        "500" : 0.000000,
        "750" : 0.000000,
        "1000" : 0.000000,
        "2000" : 0.000000,
        ">=2000" : 0.000000
      },
      "latency_depth" : 16,
      "latency_target" : 0,
      "latency_percentile" : 100.000000,
      "latency_window" : 0
    }
  ],
  "disk_util" : [
    {
      "name" : "nvme1n1",
      "read_ios" : 1181090,
      "write_ios" : 396060,
      "read_merges" : 0,
      "write_merges" : 0,
      "read_ticks" : 1156730,
      "write_ticks" : 15429,
      "in_queue" : 1172160,
      "util" : 72.507862
    }
  ]
}
