{
  "fio version" : "fio-3.28",
  "timestamp" : 1757417464,
  "timestamp_ms" : 1757417464768,
  "time" : "Tue Sep  9 07:31:04 2025",
  "jobs" : [
    {
      "jobname" : "mixed_io",
      "groupid" : 0,
      "error" : 0,
      "eta" : 0,
      "elapsed" : 41,
      "job options" : {
        "name" : "mixed_io",
        "filename" : "/dev/nvme1n1p2",
        "rw" : "randrw",
        "rwmixread" : "50",
        "bs" : "64k",
        "ioengine" : "libaio",
        "iodepth" : "4",
        "numjobs" : "4",
        "runtime" : "30",
        "ramp_time" : "10",
        "direct" : "1"
      },
      "read" : {
        "io_bytes" : 30866341888,
        "io_kbytes" : 30142912,
        "bw_bytes" : 1028809475,
        "bw" : 1004696,
        "iops" : 15698.020132,
        "runtime" : 30002,
        "total_ios" : 470972,
        "short_ios" : 0,
        "drop_ios" : 0,
        "slat_ns" : {
          "min" : 5906,
          "max" : 285622,
          "mean" : 23422.051780,
          "stddev" : 9951.854217,
          "N" : 470972
        },
        "clat_ns" : {
          "min" : 104045,
          "max" : 23402979,
          "mean" : 909753.835064,
          "stddev" : 688911.721298,
          "N" : 470983,
          "percentile" : {
            "1.000000" : 156672,
            "5.000000" : 185344,
            "10.000000" : 211968,
            "20.000000" : 272384,
            "30.000000" : 342016,
            "40.000000" : 489472,
            "50.000000" : 798720,
            "60.000000" : 1122304,
            "70.000000" : 1368064,
            "80.000000" : 1564672,
            "90.000000" : 1728512,
            "95.000000" : 1859584,
            "99.000000" : 2244608,
            "99.500000" : 2605056,
            "99.900000" : 3457024,
            "99.950000" : 3948544,
            "99.990000" : 21889024
          }
        },
        "lat_ns" : {
          "min" : 120487,
          "max" : 23420383,
          "mean" : 933552.707992,
          "stddev" : 688465.252804,
          "N" : 470983
        },
        "bw_min" : 914886,
        "bw_max" : 1101854,
        "bw_agg" : 100.000000,
        "bw_mean" : 1005627.450000,
        "bw_dev" : 10926.568995,
        "bw_samples" : 240,
        "iops_min" : 14294,
        "iops_max" : 17216,
        "iops_mean" : 15712.116667,
        "iops_stddev" : 170.760098,
        "iops_samples" : 240
      },
      "write" : {
        "io_bytes" : 30959599616,
        "io_kbytes" : 30233984,
        "bw_bytes" : 1031917859,
        "bw" : 1007732,
        "iops" : 15745.783614,
        "runtime" : 30002,
        "total_ios" : 472405,
        "short_ios" : 0,
        "drop_ios" : 0,
        "slat_ns" : {
          "min" : 6539,
          "max" : 218946,
          "mean" : 24572.545138,
          "stddev" : 9881.414926,
          "N" : 472405
        },
        "clat_ns" : {
          "min" : 1686,
          "max" : 23261292,
          "mean" : 54527.743452,
          "stddev" : 227119.028255,
          "N" : 472406,
          "percentile" : {
            "1.000000" : 28288,
            "5.000000" : 30336,
            "10.000000" : 34048,
            "20.000000" : 36096,
            "30.000000" : 37632,
            "40.000000" : 42240,
            "50.000000" : 48384,
            "60.000000" : 54016,
            "70.000000" : 58112,
            "80.000000" : 68096,
            "90.000000" : 75264,
            "95.000000" : 85504,
            "99.000000" : 112128,
            "99.500000" : 124416,
            "99.900000" : 218112,
            "99.950000" : 248832,
            "99.990000" : 19529728
          }
        },
        "lat_ns" : {
          "min" : 33776,
          "max" : 23305927,
          "mean" : 79499.258650,
          "stddev" : 227431.122699,
          "N" : 472406
        },
        "bw_min" : 902864,
        "bw_max" : 1124254,
        "bw_agg" : 100.000000,
        "bw_mean" : 1008676.783333,
        "bw_dev" : 12741.761153,
        "bw_samples" : 240,
        "iops_min" : 14106,
        "iops_max" : 17564,
        "iops_mean" : 15759.833333,
        "iops_stddev" : 199.081479,
        "iops_samples" : 240
      },
      "trim" : {
        "io_bytes" : 0,
        "io_kbytes" : 0,
        "bw_bytes" : 0,
        "bw" : 0,
        "iops" : 0.000000,
        "runtime" : 0,
        "total_ios" : 0,
        "short_ios" : 0,
        "drop_ios" : 0,
        "slat_ns" : {
          "min" : 0,
          "max" : 0,
          "mean" : 0.000000,
          "stddev" : 0.000000,
          "N" : 0
        },
        "clat_ns" : {
          "min" : 0,
          "max" : 0,
          "mean" : 0.000000,
          "stddev" : 0.000000,
          "N" : 0
        },
        "lat_ns" : {
          "min" : 0,
          "max" : 0,
          "mean" : 0.000000,
          "stddev" : 0.000000,
          "N" : 0
        },
        "bw_min" : 0,
        "bw_max" : 0,
        "bw_agg" : 0.000000,
        "bw_mean" : 0.000000,
        "bw_dev" : 0.000000,
        "bw_samples" : 0,
        "iops_min" : 0,
        "iops_max" : 0,
        "iops_mean" : 0.000000,
        "iops_stddev" : 0.000000,
        "iops_samples" : 0
      },
      "sync" : {
        "total_ios" : 0,
        "lat_ns" : {
          "min" : 0,
          "max" : 0,
          "mean" : 0.000000,
          "stddev" : 0.000000,
          "N" : 0
        }
      },
      "job_runtime" : 120003,
      "usr_cpu" : 6.768164,
      "sys_cpu" : 24.650217,
      "ctx" : 516371,
      "majf" : 0,
      "minf" : 245,
      "iodepth_level" : {
        "1" : 0.000000,
        "2" : 0.000000,
        "4" : 100.000000,
        "8" : 0.000000,
        "16" : 0.000000,
        "32" : 0.000000,
        ">=64" : 0.000000
      },
      "iodepth_submit" : {
        "0" : 0.000000,
        "4" : 100.000000,
        "8" : 0.000000,
        "16" : 0.000000,
        "32" : 0.000000,
        "64" : 0.000000,
        ">=64" : 0.000000
      },
      "iodepth_complete" : {
        "0" : 0.000000,
        "4" : 100.000000,
        "8" : 0.000000,
        "16" : 0.000000,
        "32" : 0.000000,
        "64" : 0.000000,
        ">=64" : 0.000000
      },
      "latency_ns" : {
        "2" : 0.000000,
        "4" : 0.000000,
        "10" : 0.000000,
        "20" : 0.000000,
        "50" : 0.000000,
        "100" : 0.000000,
        "250" : 0.000000,
        "500" : 0.000000,
        "750" : 0.000000,
        "1000" : 0.000000
      },
      "latency_us" : {
        "2" : 0.010000,
        "4" : 0.010000,
        "10" : 0.010000,
        "20" : 0.010000,
        "50" : 26.264261,
        "100" : 22.685416,
        "250" : 9.026190,
        "500" : 12.276640,
        "750" : 4.070271,
        "1000" : 3.725870
      },
      "latency_ms" : {
        "2" : 20.764021,
        "4" : 1.152455,
        "10" : 0.013780,
        "20" : 0.010000,
        "50" : 0.014310,
        "100" : 0.000000,
        "250" : 0.000000,
        "500" : 0.000000,
        "750" : 0.000000,
        "1000" : 0.000000,
        "2000" : 0.000000,
        ">=2000" : 0.000000
      },
      "latency_depth" : 4,
      "latency_target" : 0,
      "latency_percentile" : 100.000000,
      "latency_window" : 0
    }
  ],
  "disk_util" : [
    {
      "name" : "nvme1n1",
      "read_ios" : 631741,
      "write_ios" : 633305,
      "read_merges" : 0,
      "write_merges" : 0,
      "read_ticks" : 552951,
      "write_ticks" : 29042,
      "in_queue" : 581993,
      "util" : 74.785386
    }
  ]
}
