{
  "fio version" : "fio-3.28",
  "timestamp" : 1757416212,
  "timestamp_ms" : 1757416212341,
  "time" : "Tue Sep  9 07:10:12 2025",
  "jobs" : [
    {
      "jobname" : "mixed_io",
      "groupid" : 0,
      "error" : 0,
      "eta" : 0,
      "elapsed" : 41,
      "job options" : {
        "name" : "mixed_io",
        "filename" : "/dev/nvme1n1p2",
        "rw" : "randrw",
        "rwmixread" : "25",
        "bs" : "4k",
        "ioengine" : "libaio",
        "iodepth" : "16",
        "numjobs" : "2",
        "runtime" : "30",
        "ramp_time" : "10",
        "direct" : "1"
      },
      "read" : {
        "io_bytes" : 7633281024,
        "io_kbytes" : 7454376,
        "bw_bytes" : 254434219,
        "bw" : 248470,
        "iops" : 62116.996100,
        "runtime" : 30001,
        "total_ios" : 1863572,
        "short_ios" : 0,
        "drop_ios" : 0,
        "slat_ns" : {
          "min" : 1733,
          "max" : 93465,
          "mean" : 3364.739687,
          "stddev" : 1489.972045,
          "N" : 1863573
        },
        "clat_ns" : {
          "min" : 18394,
          "max" : 19080530,
          "mean" : 384391.339153,
          "stddev" : 506852.444551,
          "N" : 1863594,
          "percentile" : {
            "1.000000" : 67072,
            "5.000000" : 75264,
            "10.000000" : 84480,
            "20.000000" : 97792,
            "30.000000" : 109056,
            "40.000000" : 118272,
            "50.000000" : 127488,
            "60.000000" : 144384,
            "70.000000" : 211968,
            "80.000000" : 872448,
            "90.000000" : 1269760,
            "95.000000" : 1417216,
            "99.000000" : 1597440,
            "99.500000" : 1646592,
            "99.900000" : 1761280,
            "99.950000" : 1843200,
            "99.990000" : 13828096
          }
        },
        "lat_ns" : {
          "min" : 20524,
          "max" : 19084027,
          "mean" : 387889.558372,
          "stddev" : 506820.272127,
          "N" : 1863594
        },
        "bw_min" : 215120,
        "bw_max" : 285154,
        "bw_agg" : 100.000000,
        "bw_mean" : 249056.830508,
        "bw_dev" : 8907.990418,
        "bw_samples" : 118,
        "iops_min" : 53780,
        "iops_max" : 71288,
        "iops_mean" : 62263.966102,
        "iops_stddev" : 2226.971024,
        "iops_samples" : 118
      },
      "write" : {
        "io_bytes" : 22873595904,
        "io_kbytes" : 22337496,
        "bw_bytes" : 762427782,
        "bw" : 744558,
        "iops" : 186139.262025,
        "runtime" : 30001,
        "total_ios" : 5584364,
        "short_ios" : 0,
        "drop_ios" : 0,
        "slat_ns" : {
          "min" : 1678,
          "max" : 489691,
          "mean" : 3260.129043,
          "stddev" : 1479.831258,
          "N" : 5584365
        },
        "clat_ns" : {
          "min" : 402,
          "max" : 21070748,
          "mean" : 38131.409433,
          "stddev" : 53494.813457,
          "N" : 5584372,
          "percentile" : {
            "1.000000" : 10432,
            "5.000000" : 12224,
            "10.000000" : 13504,
            "20.000000" : 17024,
            "30.000000" : 23680,
            "40.000000" : 31104,
            "50.000000" : 38144,
            "60.000000" : 44288,
            "70.000000" : 50432,
            "80.000000" : 56064,
            "90.000000" : 63232,
            "95.000000" : 68096,
            "99.000000" : 76288,
            "99.500000" : 79360,
            "99.900000" : 87552,
            "99.950000" : 92672,
            "99.990000" : 114176
          }
        },
        "lat_ns" : {
          "min" : 10860,
          "max" : 21072895,
          "mean" : 41525.095898,
          "stddev" : 53618.250003,
          "N" : 5584372
        },
        "bw_min" : 638855,
        "bw_max" : 856544,
        "bw_agg" : 100.000000,
        "bw_mean" : 746340.966102,
        "bw_dev" : 26681.431631,
        "bw_samples" : 118,
        "iops_min" : 159713,
        "iops_max" : 214135,
        "iops_mean" : 186584.949153,
        "iops_stddev" : 6670.336292,
        "iops_samples" : 118
      },
      "trim" : {
        "io_bytes" : 0,
        "io_kbytes" : 0,
        "bw_bytes" : 0,
        "bw" : 0,
        "iops" : 0.000000,
        "runtime" : 0,
        "total_ios" : 0,
        "short_ios" : 0,
        "drop_ios" : 0,
        "slat_ns" : {
          "min" : 0,
          "max" : 0,
          "mean" : 0.000000,
          "stddev" : 0.000000,
          "N" : 0
        },
        "clat_ns" : {
          "min" : 0,
          "max" : 0,
          "mean" : 0.000000,
          "stddev" : 0.000000,
          "N" : 0
        },
        "lat_ns" : {
          "min" : 0,
          "max" : 0,
          "mean" : 0.000000,
          "stddev" : 0.000000,
          "N" : 0
        },
        "bw_min" : 0,
        "bw_max" : 0,
        "bw_agg" : 0.000000,
        "bw_mean" : 0.000000,
        "bw_dev" : 0.000000,
        "bw_samples" : 0,
        "iops_min" : 0,
        "iops_max" : 0,
        "iops_mean" : 0.000000,
        "iops_stddev" : 0.000000,
        "iops_samples" : 0
      },
      "sync" : {
        "total_ios" : 0,
        "lat_ns" : {
          "min" : 0,
          "max" : 0,
          "mean" : 0.000000,
          "stddev" : 0.000000,
          "N" : 0
        }
      },
      "job_runtime" : 60000,
      "usr_cpu" : 18.071667,
      "sys_cpu" : 45.235000,
      "ctx" : 660688,
      "majf" : 0,
      "minf" : 119,
      "iodepth_level" : {
        "1" : 0.000000,
        "2" : 0.000000,
        "4" : 0.000000,
        "8" : 0.000000,
        "16" : 100.000000,
        "32" : 0.000000,
        ">=64" : 0.000000
      },
      "iodepth_submit" : {
        "0" : 0.000000,
        "4" : 100.000000,
        "8" : 0.000000,
        "16" : 0.000000,
        "32" : 0.000000,
        "64" : 0.000000,
        ">=64" : 0.000000
      },
      "iodepth_complete" : {
        "0" : 0.000000,
        "4" : 99.999973,
        "8" : 0.000000,
        "16" : 0.100000,
        "32" : 0.000000,
        "64" : 0.000000,
        ">=64" : 0.000000
      },
      "latency_ns" : {
        "2" : 0.000000,
        "4" : 0.000000,
        "10" : 0.000000,
        "20" : 0.000000,
        "50" : 0.000000,
        "100" : 0.000000,
        "250" : 0.000000,
        "500" : 0.010000,
        "750" : 0.010000,
        "1000" : 0.000000
      },
      "latency_us" : {
        "2" : 0.000000,
        "4" : 0.010000,
        "10" : 0.565069,
        "20" : 18.080888,
        "50" : 33.616213,
        "100" : 28.108217,
        "250" : 12.518381,
        "500" : 1.011448,
        "750" : 0.578711,
        "1000" : 1.243418
      },
      "latency_ms" : {
        "2" : 4.267478,
        "4" : 0.010000,
        "10" : 0.010000,
        "20" : 0.010000,
        "50" : 0.010000,
        "100" : 0.000000,
        "250" : 0.000000,
        "500" : 0.000000,
        "750" : 0.000000,
        "1000" : 0.000000,
        "2000" : 0.000000,
        ">=2000" : 0.000000
      },
      "latency_depth" : 16,
      "latency_target" : 0,
      "latency_percentile" : 100.000000,
      "latency_window" : 0
    }
  ],
  "disk_util" : [
    {
      "name" : "nvme1n1",
      "read_ios" : 2471677,
      "write_ios" : 7410482,
      "read_merges" : 0,
      "write_merges" : 0,
      "read_ticks" : 885652,
      "write_ticks" : 81692,
      "in_queue" : 967344,
      "util" : 80.847968
    }
  ]
}
