{
  "fio version" : "fio-3.28",
  "timestamp" : 1757416535,
  "timestamp_ms" : 1757416535535,
  "time" : "Tue Sep  9 07:15:35 2025",
  "jobs" : [
    {
      "jobname" : "mixed_io",
      "groupid" : 0,
      "error" : 0,
      "eta" : 0,
      "elapsed" : 41,
      "job options" : {
        "name" : "mixed_io",
        "filename" : "/dev/nvme1n1p2",
        "rw" : "randrw",
        "rwmixread" : "25",
        "bs" : "1024k",
        "ioengine" : "libaio",
        "iodepth" : "64",
        "numjobs" : "1",
        "runtime" : "30",
        "ramp_time" : "10",
        "direct" : "1"
      },
      "read" : {
        "io_bytes" : 16178479104,
        "io_kbytes" : 15799296,
        "bw_bytes" : 538708014,
        "bw" : 526082,
        "iops" : 511.687533,
        "runtime" : 30032,
        "total_ios" : 15367,
        "short_ios" : 0,
        "drop_ios" : 0,
        "slat_ns" : {
          "min" : 123892,
          "max" : 420257,
          "mean" : 182062.327976,
          "stddev" : 32923.693056,
          "N" : 15367
        },
        "clat_ns" : {
          "min" : 8326093,
          "max" : 218454748,
          "mean" : 100395124.451617,
          "stddev" : 41438554.712069,
          "N" : 15429,
          "percentile" : {
            "1.000000" : 27131904,
            "5.000000" : 40632320,
            "10.000000" : 46923776,
            "20.000000" : 56885248,
            "30.000000" : 67633152,
            "40.000000" : 86507520,
            "50.000000" : 104333312,
            "60.000000" : 115867648,
            "70.000000" : 126353408,
            "80.000000" : 139460608,
            "90.000000" : 154140672,
            "95.000000" : 166723584,
            "99.000000" : 189792256,
            "99.500000" : 198180864,
            "99.900000" : 210763776,
            "99.950000" : 212860928,
            "99.990000" : 214958080
          }
        },
        "lat_ns" : {
          "min" : 8486151,
          "max" : 218601039,
          "mean" : 100577608.448506,
          "stddev" : 41438079.975968,
          "N" : 15429
        },
        "bw_min" : 436224,
        "bw_max" : 626688,
        "bw_agg" : 100.000000,
        "bw_mean" : 526662.616667,
        "bw_dev" : 43496.211382,
        "bw_samples" : 60,
        "iops_min" : 426,
        "iops_max" : 612,
        "iops_mean" : 514.000000,
        "iops_stddev" : 42.718233,
        "iops_samples" : 60
      },
      "write" : {
        "io_bytes" : 48270147584,
        "io_kbytes" : 47138816,
        "bw_bytes" : 1607290476,
        "bw" : 1569619,
        "iops" : 1532.798348,
        "runtime" : 30032,
        "total_ios" : 46033,
        "short_ios" : 0,
        "drop_ios" : 0,
        "slat_ns" : {
          "min" : 123746,
          "max" : 626995,
          "mean" : 251135.231638,
          "stddev" : 47098.834074,
          "N" : 46033
        },
        "clat_ns" : {
          "min" : 93401,
          "max" : 57968126,
          "mean" : 7880514.898379,
          "stddev" : 6128145.850354,
          "N" : 46034,
          "percentile" : {
            "1.000000" : 222208,
            "5.000000" : 987136,
            "10.000000" : 1761280,
            "20.000000" : 3162112,
            "30.000000" : 4489216,
            "40.000000" : 5603328,
            "50.000000" : 6782976,
            "60.000000" : 7897088,
            "70.000000" : 9240576,
            "80.000000" : 11075584,
            "90.000000" : 14090240,
            "95.000000" : 19529728,
            "99.000000" : 30539776,
            "99.500000" : 32374784,
            "99.900000" : 50593792,
            "99.950000" : 51642368,
            "99.990000" : 55312384
          }
        },
        "lat_ns" : {
          "min" : 304895,
          "max" : 58255300,
          "mean" : 8132152.653169,
          "stddev" : 6131656.051948,
          "N" : 46034
        },
        "bw_min" : 1437696,
        "bw_max" : 1671168,
        "bw_agg" : 100.000000,
        "bw_mean" : 1572170.283333,
        "bw_dev" : 58358.723783,
        "bw_samples" : 60,
        "iops_min" : 1404,
        "iops_max" : 1632,
        "iops_mean" : 1535.083333,
        "iops_stddev" : 57.144863,
        "iops_samples" : 60
      },
      "trim" : {
        "io_bytes" : 0,
        "io_kbytes" : 0,
        "bw_bytes" : 0,
        "bw" : 0,
        "iops" : 0.000000,
        "runtime" : 0,
        "total_ios" : 0,
        "short_ios" : 0,
        "drop_ios" : 0,
        "slat_ns" : {
          "min" : 0,
          "max" : 0,
          "mean" : 0.000000,
          "stddev" : 0.000000,
          "N" : 0
        },
        "clat_ns" : {
          "min" : 0,
          "max" : 0,
          "mean" : 0.000000,
          "stddev" : 0.000000,
          "N" : 0
        },
        "lat_ns" : {
          "min" : 0,
          "max" : 0,
          "mean" : 0.000000,
          "stddev" : 0.000000,
          "N" : 0
        },
        "bw_min" : 0,
        "bw_max" : 0,
        "bw_agg" : 0.000000,
        "bw_mean" : 0.000000,
        "bw_dev" : 0.000000,
        "bw_samples" : 0,
        "iops_min" : 0,
        "iops_max" : 0,
        "iops_mean" : 0.000000,
        "iops_stddev" : 0.000000,
        "iops_samples" : 0
      },
      "sync" : {
        "total_ios" : 0,
        "lat_ns" : {
          "min" : 0,
          "max" : 0,
          "mean" : 0.000000,
          "stddev" : 0.000000,
          "N" : 0
        }
      },
      "job_runtime" : 30031,
      "usr_cpu" : 17.255503,
      "sys_cpu" : 36.735373,
      "ctx" : 36227,
      "majf" : 0,
      "minf" : 59,
      "iodepth_level" : {
        "1" : 0.000000,
        "2" : 0.000000,
        "4" : 0.000000,
        "8" : 0.000000,
        "16" : 0.000000,
        "32" : 0.000000,
        ">=64" : 100.000000
      },
      "iodepth_submit" : {
        "0" : 0.000000,
        "4" : 100.000000,
        "8" : 0.000000,
        "16" : 0.000000,
        "32" : 0.000000,
        "64" : 0.000000,
        ">=64" : 0.000000
      },
      "iodepth_complete" : {
        "0" : 0.000000,
        "4" : 99.998371,
        "8" : 0.000000,
        "16" : 0.000000,
        "32" : 0.000000,
        "64" : 0.100000,
        ">=64" : 0.000000
      },
      "latency_ns" : {
        "2" : 0.000000,
        "4" : 0.000000,
        "10" : 0.000000,
        "20" : 0.000000,
        "50" : 0.000000,
        "100" : 0.000000,
        "250" : 0.000000,
        "500" : 0.000000,
        "750" : 0.000000,
        "1000" : 0.000000
      },
      "latency_us" : {
        "2" : 0.000000,
        "4" : 0.000000,
        "10" : 0.000000,
        "20" : 0.000000,
        "50" : 0.000000,
        "100" : 0.010000,
        "250" : 0.850163,
        "500" : 0.926710,
        "750" : 0.939739,
        "1000" : 1.073290
      },
      "latency_ms" : {
        "2" : 4.856678,
        "4" : 10.985342,
        "10" : 36.045603,
        "20" : 15.741042,
        "50" : 6.674267,
        "100" : 8.693811,
        "250" : 13.312704,
        "500" : 0.000000,
        "750" : 0.000000,
        "1000" : 0.000000,
        "2000" : 0.000000,
        ">=2000" : 0.000000
      },
      "latency_depth" : 64,
      "latency_target" : 0,
      "latency_percentile" : 100.000000,
      "latency_window" : 0
    }
  ],
  "disk_util" : [
    {
      "name" : "nvme1n1",
      "read_ios" : 159702,
      "write_ios" : 477719,
      "read_merges" : 0,
      "write_merges" : 0,
      "read_ticks" : 10236259,
      "write_ticks" : 4198863,
      "in_queue" : 14435122,
      "util" : 81.748348
    }
  ]
}
