{
  "fio version" : "fio-3.28",
  "timestamp" : 1757419040,
  "timestamp_ms" : 1757419040233,
  "time" : "Tue Sep  9 07:57:20 2025",
  "jobs" : [
    {
      "jobname" : "mixed_io",
      "groupid" : 0,
      "error" : 0,
      "eta" : 0,
      "elapsed" : 41,
      "job options" : {
        "name" : "mixed_io",
        "filename" : "/dev/nvme1n1p2",
        "rw" : "randrw",
        "rwmixread" : "75",
        "bs" : "64k",
        "ioengine" : "libaio",
        "iodepth" : "16",
        "numjobs" : "1",
        "runtime" : "30",
        "ramp_time" : "10",
        "direct" : "1"
      },
      "read" : {
        "io_bytes" : 47625338880,
        "io_kbytes" : 46509120,
        "bw_bytes" : 1587458380,
        "bw" : 1550252,
        "iops" : 24222.192594,
        "runtime" : 30001,
        "total_ios" : 726690,
        "short_ios" : 0,
        "drop_ios" : 0,
        "slat_ns" : {
          "min" : 5844,
          "max" : 217509,
          "mean" : 14443.885431,
          "stddev" : 5632.166992,
          "N" : 726690
        },
        "clat_ns" : {
          "min" : 75793,
          "max" : 23091619,
          "mean" : 609640.239786,
          "stddev" : 571856.392138,
          "N" : 726705,
          "percentile" : {
            "1.000000" : 160768,
            "5.000000" : 187392,
            "10.000000" : 209920,
            "20.000000" : 244736,
            "30.000000" : 276480,
            "40.000000" : 309248,
            "50.000000" : 342016,
            "60.000000" : 399360,
            "70.000000" : 528384,
            "80.000000" : 1155072,
            "90.000000" : 1581056,
            "95.000000" : 1728512,
            "99.000000" : 2007040,
            "99.500000" : 2113536,
            "99.900000" : 2637824,
            "99.950000" : 3194880,
            "99.990000" : 14090240
          }
        },
        "lat_ns" : {
          "min" : 87191,
          "max" : 23103753,
          "mean" : 624330.919358,
          "stddev" : 571708.148673,
          "N" : 726705
        },
        "bw_min" : 1300008,
        "bw_max" : 2616064,
        "bw_agg" : 100.000000,
        "bw_mean" : 1551625.566667,
        "bw_dev" : 212897.082279,
        "bw_samples" : 60,
        "iops_min" : 20312,
        "iops_max" : 40876,
        "iops_mean" : 24243.966667,
        "iops_stddev" : 3326.539185,
        "iops_samples" : 60
      },
      "write" : {
        "io_bytes" : 15913517056,
        "io_kbytes" : 15540544,
        "bw_bytes" : 530432887,
        "bw" : 518000,
        "iops" : 8093.763541,
        "runtime" : 30001,
        "total_ios" : 242821,
        "short_ios" : 0,
        "drop_ios" : 0,
        "slat_ns" : {
          "min" : 6396,
          "max" : 96198,
          "mean" : 15778.215719,
          "stddev" : 5856.528548,
          "N" : 242821
        },
        "clat_ns" : {
          "min" : 1150,
          "max" : 20824101,
          "mean" : 87167.469280,
          "stddev" : 88279.327153,
          "N" : 242821,
          "percentile" : {
            "1.000000" : 28032,
            "5.000000" : 30848,
            "10.000000" : 32128,
            "20.000000" : 37120,
            "30.000000" : 46848,
            "40.000000" : 59648,
            "50.000000" : 75264,
            "60.000000" : 92672,
            "70.000000" : 113152,
            "80.000000" : 134144,
            "90.000000" : 160768,
            "95.000000" : 181248,
            "99.000000" : 216064,
            "99.500000" : 230400,
            "99.900000" : 264192,
            "99.950000" : 280576,
            "99.990000" : 309248
          }
        },
        "lat_ns" : {
          "min" : 30816,
          "max" : 20837801,
          "mean" : 103194.385350,
          "stddev" : 89486.564470,
          "N" : 242821
        },
        "bw_min" : 433891,
        "bw_max" : 885482,
        "bw_agg" : 100.000000,
        "bw_mean" : 518463.250000,
        "bw_dev" : 72865.635630,
        "bw_samples" : 60,
        "iops_min" : 6779,
        "iops_max" : 13835,
        "iops_mean" : 8100.783333,
        "iops_stddev" : 1138.491733,
        "iops_samples" : 60
      },
      "trim" : {
        "io_bytes" : 0,
        "io_kbytes" : 0,
        "bw_bytes" : 0,
        "bw" : 0,
        "iops" : 0.000000,
        "runtime" : 0,
        "total_ios" : 0,
        "short_ios" : 0,
        "drop_ios" : 0,
        "slat_ns" : {
          "min" : 0,
          "max" : 0,
          "mean" : 0.000000,
          "stddev" : 0.000000,
          "N" : 0
        },
        "clat_ns" : {
          "min" : 0,
          "max" : 0,
          "mean" : 0.000000,
          "stddev" : 0.000000,
          "N" : 0
        },
        "lat_ns" : {
          "min" : 0,
          "max" : 0,
          "mean" : 0.000000,
          "stddev" : 0.000000,
          "N" : 0
        },
        "bw_min" : 0,
        "bw_max" : 0,
        "bw_agg" : 0.000000,
        "bw_mean" : 0.000000,
        "bw_dev" : 0.000000,
        "bw_samples" : 0,
        "iops_min" : 0,
        "iops_max" : 0,
        "iops_mean" : 0.000000,
        "iops_stddev" : 0.000000,
        "iops_samples" : 0
      },
      "sync" : {
        "total_ios" : 0,
        "lat_ns" : {
          "min" : 0,
          "max" : 0,
          "mean" : 0.000000,
          "stddev" : 0.000000,
          "N" : 0
        }
      },
      "job_runtime" : 30000,
      "usr_cpu" : 11.163333,
      "sys_cpu" : 50.820000,
      "ctx" : 162569,
      "majf" : 0,
      "minf" : 58,
      "iodepth_level" : {
        "1" : 0.000000,
        "2" : 0.000000,
        "4" : 0.000000,
        "8" : 0.000000,
        "16" : 100.000000,
        "32" : 0.000000,
        ">=64" : 0.000000
      },
      "iodepth_submit" : {
        "0" : 0.000000,
        "4" : 100.000000,
        "8" : 0.000000,
        "16" : 0.000000,
        "32" : 0.000000,
        "64" : 0.000000,
        ">=64" : 0.000000
      },
      "iodepth_complete" : {
        "0" : 0.000000,
        "4" : 99.999897,
        "8" : 0.000000,
        "16" : 0.100000,
        "32" : 0.000000,
        "64" : 0.000000,
        ">=64" : 0.000000
      },
      "latency_ns" : {
        "2" : 0.000000,
        "4" : 0.000000,
        "10" : 0.000000,
        "20" : 0.000000,
        "50" : 0.000000,
        "100" : 0.000000,
        "250" : 0.000000,
        "500" : 0.000000,
        "750" : 0.000000,
        "1000" : 0.000000
      },
      "latency_us" : {
        "2" : 0.010000,
        "4" : 0.000000,
        "10" : 0.000000,
        "20" : 0.010000,
        "50" : 8.093771,
        "100" : 7.841995,
        "250" : 25.088627,
        "500" : 35.542660,
        "750" : 5.137951,
        "1000" : 2.061039
      },
      "latency_ms" : {
        "2" : 15.468313,
        "4" : 0.747078,
        "10" : 0.010000,
        "20" : 0.013203,
        "50" : 0.010000,
        "100" : 0.000000,
        "250" : 0.000000,
        "500" : 0.000000,
        "750" : 0.000000,
        "1000" : 0.000000,
        "2000" : 0.000000,
        ">=2000" : 0.000000
      },
      "latency_depth" : 16,
      "latency_target" : 0,
      "latency_percentile" : 100.000000,
      "latency_window" : 0
    }
  ],
  "disk_util" : [
    {
      "name" : "nvme1n1",
      "read_ios" : 972893,
      "write_ios" : 325117,
      "read_merges" : 0,
      "write_merges" : 0,
      "read_ticks" : 542417,
      "write_ticks" : 10209,
      "in_queue" : 552626,
      "util" : 72.013277
    }
  ]
}
