{
  "fio version" : "fio-3.28",
  "timestamp" : 1757417020,
  "timestamp_ms" : 1757417020453,
  "time" : "Tue Sep  9 07:23:40 2025",
  "jobs" : [
    {
      "jobname" : "mixed_io",
      "groupid" : 0,
      "error" : 0,
      "eta" : 0,
      "elapsed" : 41,
      "job options" : {
        "name" : "mixed_io",
        "filename" : "/dev/nvme1n1p2",
        "rw" : "randrw",
        "rwmixread" : "50",
        "bs" : "1024k",
        "ioengine" : "libaio",
        "iodepth" : "1",
        "numjobs" : "2",
        "runtime" : "30",
        "ramp_time" : "10",
        "direct" : "1"
      },
      "read" : {
        "io_bytes" : 29215424512,
        "io_kbytes" : 28530688,
        "bw_bytes" : 973717654,
        "bw" : 950896,
        "iops" : 928.609519,
        "runtime" : 30004,
        "total_ios" : 27862,
        "short_ios" : 0,
        "drop_ios" : 0,
        "slat_ns" : {
          "min" : 74020,
          "max" : 322835,
          "mean" : 176913.793410,
          "stddev" : 24700.189675,
          "N" : 27862
        },
        "clat_ns" : {
          "min" : 191073,
          "max" : 23309199,
          "mean" : 1506324.971646,
          "stddev" : 891241.293831,
          "N" : 27862,
          "percentile" : {
            "1.000000" : 264192,
            "5.000000" : 346112,
            "10.000000" : 399360,
            "20.000000" : 514048,
            "30.000000" : 806912,
            "40.000000" : 1466368,
            "50.000000" : 1613824,
            "60.000000" : 1744896,
            "70.000000" : 1875968,
            "80.000000" : 2072576,
            "90.000000" : 2572288,
            "95.000000" : 2965504,
            "99.000000" : 3620864,
            "99.500000" : 3915776,
            "99.900000" : 4620288,
            "99.950000" : 5079040,
            "99.990000" : 22675456
          }
        },
        "lat_ns" : {
          "min" : 360731,
          "max" : 23475124,
          "mean" : 1683766.470282,
          "stddev" : 886755.574353,
          "N" : 27862
        },
        "bw_min" : 830273,
        "bw_max" : 1067093,
        "bw_agg" : 100.000000,
        "bw_mean" : 951746.616667,
        "bw_dev" : 25931.709486,
        "bw_samples" : 120,
        "iops_min" : 810,
        "iops_max" : 1042,
        "iops_mean" : 928.750000,
        "iops_stddev" : 25.395811,
        "iops_samples" : 120
      },
      "write" : {
        "io_bytes" : 29114761216,
        "io_kbytes" : 28432384,
        "bw_bytes" : 970362658,
        "bw" : 947619,
        "iops" : 925.409945,
        "runtime" : 30004,
        "total_ios" : 27766,
        "short_ios" : 0,
        "drop_ios" : 0,
        "slat_ns" : {
          "min" : 123585,
          "max" : 399534,
          "mean" : 219442.608010,
          "stddev" : 37238.878368,
          "N" : 27766
        },
        "clat_ns" : {
          "min" : 65179,
          "max" : 25575729,
          "mean" : 240252.974861,
          "stddev" : 470000.548842,
          "N" : 27766,
          "percentile" : {
            "1.000000" : 117248,
            "5.000000" : 134144,
            "10.000000" : 138240,
            "20.000000" : 146432,
            "30.000000" : 162816,
            "40.000000" : 177152,
            "50.000000" : 183296,
            "60.000000" : 191488,
            "70.000000" : 207872,
            "80.000000" : 252928,
            "90.000000" : 346112,
            "95.000000" : 561152,
            "99.000000" : 978944,
            "99.500000" : 1073152,
            "99.900000" : 1990656,
            "99.950000" : 3457024,
            "99.990000" : 21626880
          }
        },
        "lat_ns" : {
          "min" : 305476,
          "max" : 25753292,
          "mean" : 460421.122344,
          "stddev" : 468329.903394,
          "N" : 27766
        },
        "bw_min" : 804864,
        "bw_max" : 1080379,
        "bw_agg" : 100.000000,
        "bw_mean" : 948537.816667,
        "bw_dev" : 31678.464173,
        "bw_samples" : 120,
        "iops_min" : 786,
        "iops_max" : 1055,
        "iops_mean" : 925.683333,
        "iops_stddev" : 31.015219,
        "iops_samples" : 120
      },
      "trim" : {
        "io_bytes" : 0,
        "io_kbytes" : 0,
        "bw_bytes" : 0,
        "bw" : 0,
        "iops" : 0.000000,
        "runtime" : 0,
        "total_ios" : 0,
        "short_ios" : 0,
        "drop_ios" : 0,
        "slat_ns" : {
          "min" : 0,
          "max" : 0,
          "mean" : 0.000000,
          "stddev" : 0.000000,
          "N" : 0
        },
        "clat_ns" : {
          "min" : 0,
          "max" : 0,
          "mean" : 0.000000,
          "stddev" : 0.000000,
          "N" : 0
        },
        "lat_ns" : {
          "min" : 0,
          "max" : 0,
          "mean" : 0.000000,
          "stddev" : 0.000000,
          "N" : 0
        },
        "bw_min" : 0,
        "bw_max" : 0,
        "bw_agg" : 0.000000,
        "bw_mean" : 0.000000,
        "bw_dev" : 0.000000,
        "bw_samples" : 0,
        "iops_min" : 0,
        "iops_max" : 0,
        "iops_mean" : 0.000000,
        "iops_stddev" : 0.000000,
        "iops_samples" : 0
      },
      "sync" : {
        "total_ios" : 0,
        "lat_ns" : {
          "min" : 0,
          "max" : 0,
          "mean" : 0.000000,
          "stddev" : 0.000000,
          "N" : 0
        }
      },
      "job_runtime" : 60004,
      "usr_cpu" : 4.163056,
      "sys_cpu" : 19.080395,
      "ctx" : 55634,
      "majf" : 0,
      "minf" : 122,
      "iodepth_level" : {
        "1" : 100.000000,
        "2" : 0.000000,
        "4" : 0.000000,
        "8" : 0.000000,
        "16" : 0.000000,
        "32" : 0.000000,
        ">=64" : 0.000000
      },
      "iodepth_submit" : {
        "0" : 0.000000,
        "4" : 100.000000,
        "8" : 0.000000,
        "16" : 0.000000,
        "32" : 0.000000,
        "64" : 0.000000,
        ">=64" : 0.000000
      },
      "iodepth_complete" : {
        "0" : 0.000000,
        "4" : 100.000000,
        "8" : 0.000000,
        "16" : 0.000000,
        "32" : 0.000000,
        "64" : 0.000000,
        ">=64" : 0.000000
      },
      "latency_ns" : {
        "2" : 0.000000,
        "4" : 0.000000,
        "10" : 0.000000,
        "20" : 0.000000,
        "50" : 0.000000,
        "100" : 0.000000,
        "250" : 0.000000,
        "500" : 0.000000,
        "750" : 0.000000,
        "1000" : 0.000000
      },
      "latency_us" : {
        "2" : 0.000000,
        "4" : 0.000000,
        "10" : 0.000000,
        "20" : 0.000000,
        "50" : 0.000000,
        "100" : 0.055727,
        "250" : 40.012224,
        "500" : 16.421586,
        "750" : 6.716042,
        "1000" : 1.945064
      },
      "latency_ms" : {
        "2" : 23.344359,
        "4" : 11.282088,
        "10" : 0.188754,
        "20" : 0.010000,
        "50" : 0.028762,
        "100" : 0.000000,
        "250" : 0.000000,
        "500" : 0.000000,
        "750" : 0.000000,
        "1000" : 0.000000,
        "2000" : 0.000000,
        ">=2000" : 0.000000
      },
      "latency_depth" : 1,
      "latency_target" : 0,
      "latency_percentile" : 100.000000,
      "latency_window" : 0
    }
  ],
  "disk_util" : [
    {
      "name" : "nvme1n1",
      "read_ios" : 294784,
      "write_ios" : 295952,
      "read_merges" : 0,
      "write_merges" : 0,
      "read_ticks" : 299807,
      "write_ticks" : 42911,
      "in_queue" : 342718,
      "util" : 79.725986
    }
  ]
}
