{
  "fio version" : "fio-3.28",
  "timestamp" : 1757418797,
  "timestamp_ms" : 1757418797896,
  "time" : "Tue Sep  9 07:53:17 2025",
  "jobs" : [
    {
      "jobname" : "mixed_io",
      "groupid" : 0,
      "error" : 0,
      "eta" : 0,
      "elapsed" : 41,
      "job options" : {
        "name" : "mixed_io",
        "filename" : "/dev/nvme1n1p2",
        "rw" : "randrw",
        "rwmixread" : "75",
        "bs" : "64k",
        "ioengine" : "libaio",
        "iodepth" : "4",
        "numjobs" : "2",
        "runtime" : "30",
        "ramp_time" : "10",
        "direct" : "1"
      },
      "read" : {
        "io_bytes" : 35435773952,
        "io_kbytes" : 34605248,
        "bw_bytes" : 1181113724,
        "bw" : 1153431,
        "iops" : 18022.165189,
        "runtime" : 30002,
        "total_ios" : 540701,
        "short_ios" : 0,
        "drop_ios" : 0,
        "slat_ns" : {
          "min" : 5823,
          "max" : 162070,
          "mean" : 21014.612747,
          "stddev" : 9002.395924,
          "N" : 540701
        },
        "clat_ns" : {
          "min" : 69545,
          "max" : 14413883,
          "mean" : 396114.688321,
          "stddev" : 412358.343814,
          "N" : 540707,
          "percentile" : {
            "1.000000" : 138240,
            "5.000000" : 162816,
            "10.000000" : 171008,
            "20.000000" : 187392,
            "30.000000" : 203776,
            "40.000000" : 224256,
            "50.000000" : 252928,
            "60.000000" : 284672,
            "70.000000" : 325632,
            "80.000000" : 378880,
            "90.000000" : 1056768,
            "95.000000" : 1499136,
            "99.000000" : 1761280,
            "99.500000" : 1859584,
            "99.900000" : 2039808,
            "99.950000" : 2179072,
            "99.990000" : 9633792
          }
        },
        "lat_ns" : {
          "min" : 118997,
          "max" : 14431521,
          "mean" : 417511.170538,
          "stddev" : 412488.885226,
          "N" : 540707
        },
        "bw_min" : 965888,
        "bw_max" : 1725947,
        "bw_agg" : 100.000000,
        "bw_mean" : 1154517.383333,
        "bw_dev" : 95756.536660,
        "bw_samples" : 120,
        "iops_min" : 15092,
        "iops_max" : 26967,
        "iops_mean" : 18038.900000,
        "iops_stddev" : 1496.166292,
        "iops_samples" : 120
      },
      "write" : {
        "io_bytes" : 11904811008,
        "io_kbytes" : 11625792,
        "bw_bytes" : 396800580,
        "bw" : 387500,
        "iops" : 6054.696354,
        "runtime" : 30002,
        "total_ios" : 181653,
        "short_ios" : 0,
        "drop_ios" : 0,
        "slat_ns" : {
          "min" : 6126,
          "max" : 131257,
          "mean" : 22215.915856,
          "stddev" : 8833.308457,
          "N" : 181653
        },
        "clat_ns" : {
          "min" : 1447,
          "max" : 323679,
          "mean" : 46574.109126,
          "stddev" : 17497.772558,
          "N" : 181653,
          "percentile" : {
            "1.000000" : 26496,
            "5.000000" : 27520,
            "10.000000" : 28288,
            "20.000000" : 34048,
            "30.000000" : 34560,
            "40.000000" : 36096,
            "50.000000" : 41728,
            "60.000000" : 47872,
            "70.000000" : 53504,
            "80.000000" : 58112,
            "90.000000" : 71168,
            "95.000000" : 79360,
            "99.000000" : 107008,
            "99.500000" : 114176,
            "99.900000" : 136192,
            "99.950000" : 144384,
            "99.990000" : 164864
          }
        },
        "lat_ns" : {
          "min" : 31858,
          "max" : 341603,
          "mean" : 69187.426214,
          "stddev" : 21615.952183,
          "N" : 181653
        },
        "bw_min" : 324935,
        "bw_max" : 591947,
        "bw_agg" : 100.000000,
        "bw_mean" : 387868.200000,
        "bw_dev" : 33358.645425,
        "bw_samples" : 120,
        "iops_min" : 5077,
        "iops_max" : 9249,
        "iops_mean" : 6059.950000,
        "iops_stddev" : 521.249656,
        "iops_samples" : 120
      },
      "trim" : {
        "io_bytes" : 0,
        "io_kbytes" : 0,
        "bw_bytes" : 0,
        "bw" : 0,
        "iops" : 0.000000,
        "runtime" : 0,
        "total_ios" : 0,
        "short_ios" : 0,
        "drop_ios" : 0,
        "slat_ns" : {
          "min" : 0,
          "max" : 0,
          "mean" : 0.000000,
          "stddev" : 0.000000,
          "N" : 0
        },
        "clat_ns" : {
          "min" : 0,
          "max" : 0,
          "mean" : 0.000000,
          "stddev" : 0.000000,
          "N" : 0
        },
        "lat_ns" : {
          "min" : 0,
          "max" : 0,
          "mean" : 0.000000,
          "stddev" : 0.000000,
          "N" : 0
        },
        "bw_min" : 0,
        "bw_max" : 0,
        "bw_agg" : 0.000000,
        "bw_mean" : 0.000000,
        "bw_dev" : 0.000000,
        "bw_samples" : 0,
        "iops_min" : 0,
        "iops_max" : 0,
        "iops_mean" : 0.000000,
        "iops_stddev" : 0.000000,
        "iops_samples" : 0
      },
      "sync" : {
        "total_ios" : 0,
        "lat_ns" : {
          "min" : 0,
          "max" : 0,
          "mean" : 0.000000,
          "stddev" : 0.000000,
          "N" : 0
        }
      },
      "job_runtime" : 60001,
      "usr_cpu" : 7.733204,
      "sys_cpu" : 33.674439,
      "ctx" : 342176,
      "majf" : 0,
      "minf" : 118,
      "iodepth_level" : {
        "1" : 0.000000,
        "2" : 0.000000,
        "4" : 100.000000,
        "8" : 0.000000,
        "16" : 0.000000,
        "32" : 0.000000,
        ">=64" : 0.000000
      },
      "iodepth_submit" : {
        "0" : 0.000000,
        "4" : 100.000000,
        "8" : 0.000000,
        "16" : 0.000000,
        "32" : 0.000000,
        "64" : 0.000000,
        ">=64" : 0.000000
      },
      "iodepth_complete" : {
        "0" : 0.000000,
        "4" : 100.000000,
        "8" : 0.000000,
        "16" : 0.000000,
        "32" : 0.000000,
        "64" : 0.000000,
        ">=64" : 0.000000
      },
      "latency_ns" : {
        "2" : 0.000000,
        "4" : 0.000000,
        "10" : 0.000000,
        "20" : 0.000000,
        "50" : 0.000000,
        "100" : 0.000000,
        "250" : 0.000000,
        "500" : 0.000000,
        "750" : 0.000000,
        "1000" : 0.000000
      },
      "latency_us" : {
        "2" : 0.010000,
        "4" : 0.000000,
        "10" : 0.010000,
        "20" : 0.010000,
        "50" : 16.097924,
        "100" : 8.672756,
        "250" : 37.203089,
        "500" : 27.350579,
        "750" : 1.776137,
        "1000" : 1.133655
      },
      "latency_ms" : {
        "2" : 7.664386,
        "4" : 0.086800,
        "10" : 0.010000,
        "20" : 0.010000,
        "50" : 0.000000,
        "100" : 0.000000,
        "250" : 0.000000,
        "500" : 0.000000,
        "750" : 0.000000,
        "1000" : 0.000000,
        "2000" : 0.000000,
        ">=2000" : 0.000000
      },
      "latency_depth" : 4,
      "latency_target" : 0,
      "latency_percentile" : 100.000000,
      "latency_window" : 0
    }
  ],
  "disk_util" : [
    {
      "name" : "nvme1n1",
      "read_ios" : 743022,
      "write_ios" : 249232,
      "read_merges" : 0,
      "write_merges" : 0,
      "read_ticks" : 266802,
      "write_ticks" : 9144,
      "in_queue" : 275945,
      "util" : 71.673863
    }
  ]
}
