{
  "fio version" : "fio-3.28",
  "timestamp" : 1757415889,
  "timestamp_ms" : 1757415889187,
  "time" : "Tue Sep  9 07:04:49 2025",
  "jobs" : [
    {
      "jobname" : "mixed_io",
      "groupid" : 0,
      "error" : 0,
      "eta" : 0,
      "elapsed" : 41,
      "job options" : {
        "name" : "mixed_io",
        "filename" : "/dev/nvme1n1p2",
        "rw" : "randrw",
        "rwmixread" : "25",
        "bs" : "64k",
        "ioengine" : "libaio",
        "iodepth" : "4",
        "numjobs" : "2",
        "runtime" : "30",
        "ramp_time" : "10",
        "direct" : "1"
      },
      "read" : {
        "io_bytes" : 12701401088,
        "io_kbytes" : 12403712,
        "bw_bytes" : 423365924,
        "bw" : 413443,
        "iops" : 6459.851338,
        "runtime" : 30001,
        "total_ios" : 193802,
        "short_ios" : 0,
        "drop_ios" : 0,
        "slat_ns" : {
          "min" : 13618,
          "max" : 146412,
          "mean" : 20347.150979,
          "stddev" : 6288.400258,
          "N" : 193802
        },
        "clat_ns" : {
          "min" : 105605,
          "max" : 22856828,
          "mean" : 1006013.694605,
          "stddev" : 704202.106680,
          "N" : 193808,
          "percentile" : {
            "1.000000" : 158720,
            "5.000000" : 183296,
            "10.000000" : 205824,
            "20.000000" : 272384,
            "30.000000" : 468992,
            "40.000000" : 815104,
            "50.000000" : 1105920,
            "60.000000" : 1302528,
            "70.000000" : 1449984,
            "80.000000" : 1548288,
            "90.000000" : 1679360,
            "95.000000" : 1777664,
            "99.000000" : 2277376,
            "99.500000" : 2670592,
            "99.900000" : 3325952,
            "99.950000" : 4292608,
            "99.990000" : 22413312
          }
        },
        "lat_ns" : {
          "min" : 126705,
          "max" : 22882701,
          "mean" : 1026779.435627,
          "stddev" : 703832.631929,
          "N" : 193808
        },
        "bw_min" : 380669,
        "bw_max" : 464929,
        "bw_agg" : 100.000000,
        "bw_mean" : 413799.266667,
        "bw_dev" : 8652.065178,
        "bw_samples" : 120,
        "iops_min" : 5947,
        "iops_max" : 7263,
        "iops_mean" : 6465.183333,
        "iops_stddev" : 135.085767,
        "iops_samples" : 120
      },
      "write" : {
        "io_bytes" : 38148243456,
        "io_kbytes" : 37254144,
        "bw_bytes" : 1271565729,
        "bw" : 1241763,
        "iops" : 19402.553248,
        "runtime" : 30001,
        "total_ios" : 582096,
        "short_ios" : 0,
        "drop_ios" : 0,
        "slat_ns" : {
          "min" : 14384,
          "max" : 203863,
          "mean" : 20846.156003,
          "stddev" : 6197.896414,
          "N" : 582096
        },
        "clat_ns" : {
          "min" : 1400,
          "max" : 23008890,
          "mean" : 46609.735643,
          "stddev" : 157433.542158,
          "N" : 582096,
          "percentile" : {
            "1.000000" : 26240,
            "5.000000" : 27264,
            "10.000000" : 28032,
            "20.000000" : 33536,
            "30.000000" : 34048,
            "40.000000" : 35072,
            "50.000000" : 37120,
            "60.000000" : 45312,
            "70.000000" : 52480,
            "80.000000" : 58112,
            "90.000000" : 72192,
            "95.000000" : 80384,
            "99.000000" : 94720,
            "99.500000" : 105984,
            "99.900000" : 126464,
            "99.950000" : 142336,
            "99.990000" : 342016
          }
        },
        "lat_ns" : {
          "min" : 40862,
          "max" : 23026523,
          "mean" : 67933.568549,
          "stddev" : 157680.662347,
          "N" : 582096
        },
        "bw_min" : 1129069,
        "bw_max" : 1433584,
        "bw_agg" : 100.000000,
        "bw_mean" : 1242883.816667,
        "bw_dev" : 28583.686096,
        "bw_samples" : 120,
        "iops_min" : 17641,
        "iops_max" : 22399,
        "iops_mean" : 19419.633333,
        "iops_stddev" : 446.602032,
        "iops_samples" : 120
      },
      "trim" : {
        "io_bytes" : 0,
        "io_kbytes" : 0,
        "bw_bytes" : 0,
        "bw" : 0,
        "iops" : 0.000000,
        "runtime" : 0,
        "total_ios" : 0,
        "short_ios" : 0,
        "drop_ios" : 0,
        "slat_ns" : {
          "min" : 0,
          "max" : 0,
          "mean" : 0.000000,
          "stddev" : 0.000000,
          "N" : 0
        },
        "clat_ns" : {
          "min" : 0,
          "max" : 0,
          "mean" : 0.000000,
          "stddev" : 0.000000,
          "N" : 0
        },
        "lat_ns" : {
          "min" : 0,
          "max" : 0,
          "mean" : 0.000000,
          "stddev" : 0.000000,
          "N" : 0
        },
        "bw_min" : 0,
        "bw_max" : 0,
        "bw_agg" : 0.000000,
        "bw_mean" : 0.000000,
        "bw_dev" : 0.000000,
        "bw_samples" : 0,
        "iops_min" : 0,
        "iops_max" : 0,
        "iops_mean" : 0.000000,
        "iops_stddev" : 0.000000,
        "iops_samples" : 0
      },
      "sync" : {
        "total_ios" : 0,
        "lat_ns" : {
          "min" : 0,
          "max" : 0,
          "mean" : 0.000000,
          "stddev" : 0.000000,
          "N" : 0
        }
      },
      "job_runtime" : 60000,
      "usr_cpu" : 9.091667,
      "sys_cpu" : 30.260000,
      "ctx" : 323538,
      "majf" : 0,
      "minf" : 118,
      "iodepth_level" : {
        "1" : 0.000000,
        "2" : 0.000000,
        "4" : 100.000000,
        "8" : 0.000000,
        "16" : 0.000000,
        "32" : 0.000000,
        ">=64" : 0.000000
      },
      "iodepth_submit" : {
        "0" : 0.000000,
        "4" : 100.000000,
        "8" : 0.000000,
        "16" : 0.000000,
        "32" : 0.000000,
        "64" : 0.000000,
        ">=64" : 0.000000
      },
      "iodepth_complete" : {
        "0" : 0.000000,
        "4" : 100.000000,
        "8" : 0.000000,
        "16" : 0.000000,
        "32" : 0.000000,
        "64" : 0.000000,
        ">=64" : 0.000000
      },
      "latency_ns" : {
        "2" : 0.000000,
        "4" : 0.000000,
        "10" : 0.000000,
        "20" : 0.000000,
        "50" : 0.000000,
        "100" : 0.000000,
        "250" : 0.000000,
        "500" : 0.000000,
        "750" : 0.000000,
        "1000" : 0.000000
      },
      "latency_us" : {
        "2" : 0.010000,
        "4" : 0.010000,
        "10" : 0.010000,
        "20" : 0.010000,
        "50" : 48.710913,
        "100" : 25.779291,
        "250" : 4.820479,
        "500" : 3.428930,
        "750" : 1.771109,
        "1000" : 1.916747
      },
      "latency_ms" : {
        "2" : 13.131107,
        "4" : 0.417194,
        "10" : 0.010000,
        "20" : 0.010000,
        "50" : 0.010000,
        "100" : 0.000000,
        "250" : 0.000000,
        "500" : 0.000000,
        "750" : 0.000000,
        "1000" : 0.000000,
        "2000" : 0.000000,
        ">=2000" : 0.000000
      },
      "latency_depth" : 4,
      "latency_target" : 0,
      "latency_percentile" : 100.000000,
      "latency_window" : 0
    }
  ],
  "disk_util" : [
    {
      "name" : "nvme1n1",
      "read_ios" : 265589,
      "write_ios" : 797013,
      "read_merges" : 0,
      "write_merges" : 0,
      "read_ticks" : 253942,
      "write_ticks" : 29987,
      "in_queue" : 283929,
      "util" : 76.142943
    }
  ]
}
