{
  "fio version" : "fio-3.28",
  "timestamp" : 1757416414,
  "timestamp_ms" : 1757416414297,
  "time" : "Tue Sep  9 07:13:34 2025",
  "jobs" : [
    {
      "jobname" : "mixed_io",
      "groupid" : 0,
      "error" : 0,
      "eta" : 0,
      "elapsed" : 41,
      "job options" : {
        "name" : "mixed_io",
        "filename" : "/dev/nvme1n1p2",
        "rw" : "randrw",
        "rwmixread" : "25",
        "bs" : "1024k",
        "ioengine" : "libaio",
        "iodepth" : "16",
        "numjobs" : "4",
        "runtime" : "30",
        "ramp_time" : "10",
        "direct" : "1"
      },
      "read" : {
        "io_bytes" : 15696134144,
        "io_kbytes" : 15328256,
        "bw_bytes" : 522751420,
        "bw" : 510499,
        "iops" : 498.268168,
        "runtime" : 30026,
        "total_ios" : 14961,
        "short_ios" : 0,
        "drop_ios" : 0,
        "slat_ns" : {
          "min" : 71599,
          "max" : 401169,
          "mean" : 187282.815654,
          "stddev" : 25381.109242,
          "N" : 14961
        },
        "clat_ns" : {
          "min" : 6765014,
          "max" : 170212952,
          "mean" : 28018016.891843,
          "stddev" : 13840749.574165,
          "N" : 14969,
          "percentile" : {
            "1.000000" : 15138816,
            "5.000000" : 17170432,
            "10.000000" : 18219008,
            "20.000000" : 19791872,
            "30.000000" : 21364736,
            "40.000000" : 22675456,
            "50.000000" : 24248320,
            "60.000000" : 25821184,
            "70.000000" : 28180480,
            "80.000000" : 32112640,
            "90.000000" : 39583744,
            "95.000000" : 55312384,
            "99.000000" : 87556096,
            "99.500000" : 102236160,
            "99.900000" : 131596288,
            "99.950000" : 143654912,
            "99.990000" : 168820736
          }
        },
        "lat_ns" : {
          "min" : 6913736,
          "max" : 170382419,
          "mean" : 28205998.108959,
          "stddev" : 13840257.310339,
          "N" : 14969
        },
        "bw_min" : 375332,
        "bw_max" : 631744,
        "bw_agg" : 99.999719,
        "bw_mean" : 510498.866667,
        "bw_dev" : 14314.819705,
        "bw_samples" : 240,
        "iops_min" : 366,
        "iops_max" : 616,
        "iops_mean" : 497.750000,
        "iops_stddev" : 13.956045,
        "iops_samples" : 240
      },
      "write" : {
        "io_bytes" : 46831501312,
        "io_kbytes" : 45733888,
        "bw_bytes" : 1559698305,
        "bw" : 1523142,
        "iops" : 1485.712383,
        "runtime" : 30026,
        "total_ios" : 44610,
        "short_ios" : 0,
        "drop_ios" : 0,
        "slat_ns" : {
          "min" : 131642,
          "max" : 797203,
          "mean" : 254489.760323,
          "stddev" : 34685.349695,
          "N" : 44610
        },
        "clat_ns" : {
          "min" : 1347790,
          "max" : 65706942,
          "mean" : 33324646.370628,
          "stddev" : 5817954.280388,
          "N" : 44662,
          "percentile" : {
            "1.000000" : 13828096,
            "5.000000" : 23461888,
            "10.000000" : 28442624,
            "20.000000" : 30801920,
            "30.000000" : 31850496,
            "40.000000" : 32899072,
            "50.000000" : 33816576,
            "60.000000" : 34340864,
            "70.000000" : 35389440,
            "80.000000" : 36438016,
            "90.000000" : 38010880,
            "95.000000" : 39583744,
            "99.000000" : 56360960,
            "99.500000" : 58458112,
            "99.900000" : 61603840,
            "99.950000" : 62128128,
            "99.990000" : 64749568
          }
        },
        "lat_ns" : {
          "min" : 1676813,
          "max" : 65964638,
          "mean" : 33579957.578142,
          "stddev" : 5815939.018164,
          "N" : 44662
        },
        "bw_min" : 1337970,
        "bw_max" : 1686828,
        "bw_agg" : 100.000000,
        "bw_mean" : 1525890.966667,
        "bw_dev" : 18323.007819,
        "bw_samples" : 240,
        "iops_min" : 1304,
        "iops_max" : 1644,
        "iops_mean" : 1487.816667,
        "iops_stddev" : 17.879589,
        "iops_samples" : 240
      },
      "trim" : {
        "io_bytes" : 0,
        "io_kbytes" : 0,
        "bw_bytes" : 0,
        "bw" : 0,
        "iops" : 0.000000,
        "runtime" : 0,
        "total_ios" : 0,
        "short_ios" : 0,
        "drop_ios" : 0,
        "slat_ns" : {
          "min" : 0,
          "max" : 0,
          "mean" : 0.000000,
          "stddev" : 0.000000,
          "N" : 0
        },
        "clat_ns" : {
          "min" : 0,
          "max" : 0,
          "mean" : 0.000000,
          "stddev" : 0.000000,
          "N" : 0
        },
        "lat_ns" : {
          "min" : 0,
          "max" : 0,
          "mean" : 0.000000,
          "stddev" : 0.000000,
          "N" : 0
        },
        "bw_min" : 0,
        "bw_max" : 0,
        "bw_agg" : 0.000000,
        "bw_mean" : 0.000000,
        "bw_dev" : 0.000000,
        "bw_samples" : 0,
        "iops_min" : 0,
        "iops_max" : 0,
        "iops_mean" : 0.000000,
        "iops_stddev" : 0.000000,
        "iops_samples" : 0
      },
      "sync" : {
        "total_ios" : 0,
        "lat_ns" : {
          "min" : 0,
          "max" : 0,
          "mean" : 0.000000,
          "stddev" : 0.000000,
          "N" : 0
        }
      },
      "job_runtime" : 120097,
      "usr_cpu" : 4.746164,
      "sys_cpu" : 10.653055,
      "ctx" : 54770,
      "majf" : 0,
      "minf" : 245,
      "iodepth_level" : {
        "1" : 0.000000,
        "2" : 0.000000,
        "4" : 0.000000,
        "8" : 0.000000,
        "16" : 100.000000,
        "32" : 0.000000,
        ">=64" : 0.000000
      },
      "iodepth_submit" : {
        "0" : 0.000000,
        "4" : 100.000000,
        "8" : 0.000000,
        "16" : 0.000000,
        "32" : 0.000000,
        "64" : 0.000000,
        ">=64" : 0.000000
      },
      "iodepth_complete" : {
        "0" : 0.000000,
        "4" : 99.993286,
        "8" : 0.000000,
        "16" : 0.100000,
        "32" : 0.000000,
        "64" : 0.000000,
        ">=64" : 0.000000
      },
      "latency_ns" : {
        "2" : 0.000000,
        "4" : 0.000000,
        "10" : 0.000000,
        "20" : 0.000000,
        "50" : 0.000000,
        "100" : 0.000000,
        "250" : 0.000000,
        "500" : 0.000000,
        "750" : 0.000000,
        "1000" : 0.000000
      },
      "latency_us" : {
        "2" : 0.000000,
        "4" : 0.000000,
        "10" : 0.000000,
        "20" : 0.000000,
        "50" : 0.000000,
        "100" : 0.000000,
        "250" : 0.000000,
        "500" : 0.000000,
        "750" : 0.000000,
        "1000" : 0.000000
      },
      "latency_ms" : {
        "2" : 0.010000,
        "4" : 0.010000,
        "10" : 0.256836,
        "20" : 7.414682,
        "50" : 89.536855,
        "100" : 2.741267,
        "250" : 0.141008,
        "500" : 0.000000,
        "750" : 0.000000,
        "1000" : 0.000000,
        "2000" : 0.000000,
        ">=2000" : 0.000000
      },
      "latency_depth" : 16,
      "latency_target" : 0,
      "latency_percentile" : 100.000000,
      "latency_window" : 0
    }
  ],
  "disk_util" : [
    {
      "name" : "nvme1n1",
      "read_ios" : 158830,
      "write_ios" : 477702,
      "read_merges" : 0,
      "write_merges" : 0,
      "read_ticks" : 3813264,
      "write_ticks" : 15570360,
      "in_queue" : 19383624,
      "util" : 82.093017
    }
  ]
}
