{
  "fio version" : "fio-3.28",
  "timestamp" : 1757416091,
  "timestamp_ms" : 1757416091191,
  "time" : "Tue Sep  9 07:08:11 2025",
  "jobs" : [
    {
      "jobname" : "mixed_io",
      "groupid" : 0,
      "error" : 0,
      "eta" : 0,
      "elapsed" : 41,
      "job options" : {
        "name" : "mixed_io",
        "filename" : "/dev/nvme1n1p2",
        "rw" : "randrw",
        "rwmixread" : "25",
        "bs" : "4k",
        "ioengine" : "libaio",
        "iodepth" : "16",
        "numjobs" : "1",
        "runtime" : "30",
        "ramp_time" : "10",
        "direct" : "1"
      },
      "read" : {
        "io_bytes" : 5564903424,
        "io_kbytes" : 5434476,
        "bw_bytes" : 185490597,
        "bw" : 181143,
        "iops" : 45285.290490,
        "runtime" : 30001,
        "total_ios" : 1358604,
        "short_ios" : 0,
        "drop_ios" : 0,
        "slat_ns" : {
          "min" : 1521,
          "max" : 213882,
          "mean" : 2528.353169,
          "stddev" : 1217.444648,
          "N" : 1358604
        },
        "clat_ns" : {
          "min" : 17662,
          "max" : 14799057,
          "mean" : 249719.392280,
          "stddev" : 405095.017167,
          "N" : 1358619,
          "percentile" : {
            "1.000000" : 66048,
            "5.000000" : 72192,
            "10.000000" : 77312,
            "20.000000" : 85504,
            "30.000000" : 91648,
            "40.000000" : 96768,
            "50.000000" : 101888,
            "60.000000" : 107008,
            "70.000000" : 115200,
            "80.000000" : 150528,
            "90.000000" : 937984,
            "95.000000" : 1302528,
            "99.000000" : 1531904,
            "99.500000" : 1597440,
            "99.900000" : 1712128,
            "99.950000" : 1777664,
            "99.990000" : 13041664
          }
        },
        "lat_ns" : {
          "min" : 20223,
          "max" : 14802020,
          "mean" : 252373.285695,
          "stddev" : 405051.086320,
          "N" : 1358619
        },
        "bw_min" : 166092,
        "bw_max" : 196352,
        "bw_agg" : 100.000000,
        "bw_mean" : 181285.733333,
        "bw_dev" : 6720.804865,
        "bw_samples" : 60,
        "iops_min" : 41523,
        "iops_max" : 49088,
        "iops_mean" : 45321.316667,
        "iops_stddev" : 1680.258470,
        "iops_samples" : 60
      },
      "write" : {
        "io_bytes" : 16684855296,
        "io_kbytes" : 16293804,
        "bw_bytes" : 556143305,
        "bw" : 543108,
        "iops" : 135777.174094,
        "runtime" : 30001,
        "total_ios" : 4073451,
        "short_ios" : 0,
        "drop_ios" : 0,
        "slat_ns" : {
          "min" : 1472,
          "max" : 580917,
          "mean" : 2450.113037,
          "stddev" : 1219.092378,
          "N" : 4073451
        },
        "clat_ns" : {
          "min" : 349,
          "max" : 625087,
          "mean" : 30384.713469,
          "stddev" : 12980.885637,
          "N" : 4073451,
          "percentile" : {
            "1.000000" : 10048,
            "5.000000" : 11456,
            "10.000000" : 12608,
            "20.000000" : 15936,
            "30.000000" : 21120,
            "40.000000" : 26496,
            "50.000000" : 31360,
            "60.000000" : 35584,
            "70.000000" : 39168,
            "80.000000" : 42752,
            "90.000000" : 46848,
            "95.000000" : 49920,
            "99.000000" : 55552,
            "99.500000" : 58624,
            "99.900000" : 69120,
            "99.950000" : 77312,
            "99.990000" : 154624
          }
        },
        "lat_ns" : {
          "min" : 10171,
          "max" : 628092,
          "mean" : 32958.553896,
          "stddev" : 13233.160714,
          "N" : 4073451
        },
        "bw_min" : 495719,
        "bw_max" : 586220,
        "bw_agg" : 100.000000,
        "bw_mean" : 543543.233333,
        "bw_dev" : 19921.506999,
        "bw_samples" : 60,
        "iops_min" : 123929,
        "iops_max" : 146555,
        "iops_mean" : 135885.633333,
        "iops_stddev" : 4980.386807,
        "iops_samples" : 60
      },
      "trim" : {
        "io_bytes" : 0,
        "io_kbytes" : 0,
        "bw_bytes" : 0,
        "bw" : 0,
        "iops" : 0.000000,
        "runtime" : 0,
        "total_ios" : 0,
        "short_ios" : 0,
        "drop_ios" : 0,
        "slat_ns" : {
          "min" : 0,
          "max" : 0,
          "mean" : 0.000000,
          "stddev" : 0.000000,
          "N" : 0
        },
        "clat_ns" : {
          "min" : 0,
          "max" : 0,
          "mean" : 0.000000,
          "stddev" : 0.000000,
          "N" : 0
        },
        "lat_ns" : {
          "min" : 0,
          "max" : 0,
          "mean" : 0.000000,
          "stddev" : 0.000000,
          "N" : 0
        },
        "bw_min" : 0,
        "bw_max" : 0,
        "bw_agg" : 0.000000,
        "bw_mean" : 0.000000,
        "bw_dev" : 0.000000,
        "bw_samples" : 0,
        "iops_min" : 0,
        "iops_max" : 0,
        "iops_mean" : 0.000000,
        "iops_stddev" : 0.000000,
        "iops_samples" : 0
      },
      "sync" : {
        "total_ios" : 0,
        "lat_ns" : {
          "min" : 0,
          "max" : 0,
          "mean" : 0.000000,
          "stddev" : 0.000000,
          "N" : 0
        }
      },
      "job_runtime" : 30000,
      "usr_cpu" : 21.033333,
      "sys_cpu" : 49.223333,
      "ctx" : 399715,
      "majf" : 0,
      "minf" : 62,
      "iodepth_level" : {
        "1" : 0.000000,
        "2" : 0.000000,
        "4" : 0.000000,
        "8" : 0.000000,
        "16" : 100.000000,
        "32" : 0.000000,
        ">=64" : 0.000000
      },
      "iodepth_submit" : {
        "0" : 0.000000,
        "4" : 100.000000,
        "8" : 0.000000,
        "16" : 0.000000,
        "32" : 0.000000,
        "64" : 0.000000,
        ">=64" : 0.000000
      },
      "iodepth_complete" : {
        "0" : 0.000000,
        "4" : 99.999982,
        "8" : 0.000000,
        "16" : 0.100000,
        "32" : 0.000000,
        "64" : 0.000000,
        ">=64" : 0.000000
      },
      "latency_ns" : {
        "2" : 0.000000,
        "4" : 0.000000,
        "10" : 0.000000,
        "20" : 0.000000,
        "50" : 0.000000,
        "100" : 0.000000,
        "250" : 0.000000,
        "500" : 0.010000,
        "750" : 0.000000,
        "1000" : 0.000000
      },
      "latency_us" : {
        "2" : 0.000000,
        "4" : 0.010000,
        "10" : 0.662328,
        "20" : 20.417393,
        "50" : 50.265121,
        "100" : 15.298207,
        "250" : 9.280447,
        "500" : 0.801465,
        "750" : 0.394492,
        "1000" : 0.540422
      },
      "latency_ms" : {
        "2" : 2.333353,
        "4" : 0.010000,
        "10" : 0.010000,
        "20" : 0.010000,
        "50" : 0.000000,
        "100" : 0.000000,
        "250" : 0.000000,
        "500" : 0.000000,
        "750" : 0.000000,
        "1000" : 0.000000,
        "2000" : 0.000000,
        ">=2000" : 0.000000
      },
      "latency_depth" : 16,
      "latency_target" : 0,
      "latency_percentile" : 100.000000,
      "latency_window" : 0
    }
  ],
  "disk_util" : [
    {
      "name" : "nvme1n1",
      "read_ios" : 1787515,
      "write_ios" : 5357931,
      "read_merges" : 0,
      "write_merges" : 0,
      "read_ticks" : 407111,
      "write_ticks" : 53118,
      "in_queue" : 460228,
      "util" : 80.196958
    }
  ]
}
