{
  "fio version" : "fio-3.28",
  "timestamp" : 1757418232,
  "timestamp_ms" : 1757418232489,
  "time" : "Tue Sep  9 07:43:52 2025",
  "jobs" : [
    {
      "jobname" : "mixed_io",
      "groupid" : 0,
      "error" : 0,
      "eta" : 0,
      "elapsed" : 41,
      "job options" : {
        "name" : "mixed_io",
        "filename" : "/dev/nvme1n1p2",
        "rw" : "randrw",
        "rwmixread" : "50",
        "bs" : "1024k",
        "ioengine" : "libaio",
        "iodepth" : "64",
        "numjobs" : "4",
        "runtime" : "30",
        "ramp_time" : "10",
        "direct" : "1"
      },
      "read" : {
        "io_bytes" : 39789264896,
        "io_kbytes" : 38856704,
        "bw_bytes" : 1322341804,
        "bw" : 1291349,
        "iops" : 1256.098372,
        "runtime" : 30090,
        "total_ios" : 37796,
        "short_ios" : 0,
        "drop_ios" : 0,
        "slat_ns" : {
          "min" : 51687,
          "max" : 1184913,
          "mean" : 160511.926661,
          "stddev" : 30240.280038,
          "N" : 37797
        },
        "clat_ns" : {
          "min" : 21614557,
          "max" : 202382055,
          "mean" : 114602665.345069,
          "stddev" : 11686005.838474,
          "N" : 37946,
          "percentile" : {
            "1.000000" : 81264640,
            "5.000000" : 102236160,
            "10.000000" : 104333312,
            "20.000000" : 107479040,
            "30.000000" : 109576192,
            "40.000000" : 111673344,
            "50.000000" : 113770496,
            "60.000000" : 115867648,
            "70.000000" : 117964800,
            "80.000000" : 121110528,
            "90.000000" : 127401984,
            "95.000000" : 133693440,
            "99.000000" : 145752064,
            "99.500000" : 149946368,
            "99.900000" : 173015040,
            "99.950000" : 179306496,
            "99.990000" : 191889408
          }
        },
        "lat_ns" : {
          "min" : 21765742,
          "max" : 202594457,
          "mean" : 114763752.819612,
          "stddev" : 11685346.189505,
          "N" : 37946
        },
        "bw_min" : 1041413,
        "bw_max" : 1521664,
        "bw_agg" : 99.987113,
        "bw_mean" : 1291183.350000,
        "bw_dev" : 23971.123236,
        "bw_samples" : 240,
        "iops_min" : 1016,
        "iops_max" : 1486,
        "iops_mean" : 1260.150000,
        "iops_stddev" : 23.437797,
        "iops_samples" : 240
      },
      "write" : {
        "io_bytes" : 39733690368,
        "io_kbytes" : 38802432,
        "bw_bytes" : 1320494861,
        "bw" : 1289545,
        "iops" : 1255.898970,
        "runtime" : 30090,
        "total_ios" : 37790,
        "short_ios" : 0,
        "drop_ios" : 0,
        "slat_ns" : {
          "min" : 83429,
          "max" : 1174052,
          "mean" : 229746.107092,
          "stddev" : 38477.163912,
          "N" : 37790
        },
        "clat_ns" : {
          "min" : 970489,
          "max" : 170215859,
          "mean" : 88547161.003352,
          "stddev" : 10232177.776008,
          "N" : 37892,
          "percentile" : {
            "1.000000" : 57409536,
            "5.000000" : 79167488,
            "10.000000" : 81264640,
            "20.000000" : 83361792,
            "30.000000" : 85458944,
            "40.000000" : 86507520,
            "50.000000" : 87556096,
            "60.000000" : 89653248,
            "70.000000" : 90701824,
            "80.000000" : 92798976,
            "90.000000" : 96993280,
            "95.000000" : 105381888,
            "99.000000" : 115867648,
            "99.500000" : 123207680,
            "99.900000" : 145752064,
            "99.950000" : 156237824,
            "99.990000" : 166723584
          }
        },
        "lat_ns" : {
          "min" : 1210776,
          "max" : 170363814,
          "mean" : 88777540.738414,
          "stddev" : 10231573.766367,
          "N" : 37892
        },
        "bw_min" : 1114661,
        "bw_max" : 1579008,
        "bw_agg" : 100.000000,
        "bw_mean" : 1290337.816667,
        "bw_dev" : 23938.999261,
        "bw_samples" : 240,
        "iops_min" : 1088,
        "iops_max" : 1542,
        "iops_mean" : 1259.316667,
        "iops_stddev" : 23.390102,
        "iops_samples" : 240
      },
      "trim" : {
        "io_bytes" : 0,
        "io_kbytes" : 0,
        "bw_bytes" : 0,
        "bw" : 0,
        "iops" : 0.000000,
        "runtime" : 0,
        "total_ios" : 0,
        "short_ios" : 0,
        "drop_ios" : 0,
        "slat_ns" : {
          "min" : 0,
          "max" : 0,
          "mean" : 0.000000,
          "stddev" : 0.000000,
          "N" : 0
        },
        "clat_ns" : {
          "min" : 0,
          "max" : 0,
          "mean" : 0.000000,
          "stddev" : 0.000000,
          "N" : 0
        },
        "lat_ns" : {
          "min" : 0,
          "max" : 0,
          "mean" : 0.000000,
          "stddev" : 0.000000,
          "N" : 0
        },
        "bw_min" : 0,
        "bw_max" : 0,
        "bw_agg" : 0.000000,
        "bw_mean" : 0.000000,
        "bw_dev" : 0.000000,
        "bw_samples" : 0,
        "iops_min" : 0,
        "iops_max" : 0,
        "iops_mean" : 0.000000,
        "iops_stddev" : 0.000000,
        "iops_samples" : 0
      },
      "sync" : {
        "total_ios" : 0,
        "lat_ns" : {
          "min" : 0,
          "max" : 0,
          "mean" : 0.000000,
          "stddev" : 0.000000,
          "N" : 0
        }
      },
      "job_runtime" : 120353,
      "usr_cpu" : 4.094622,
      "sys_cpu" : 11.349946,
      "ctx" : 64480,
      "majf" : 0,
      "minf" : 243,
      "iodepth_level" : {
        "1" : 0.000000,
        "2" : 0.000000,
        "4" : 0.000000,
        "8" : 0.000000,
        "16" : 0.000000,
        "32" : 0.000000,
        ">=64" : 100.000000
      },
      "iodepth_submit" : {
        "0" : 0.000000,
        "4" : 100.000000,
        "8" : 0.000000,
        "16" : 0.000000,
        "32" : 0.000000,
        "64" : 0.000000,
        ">=64" : 0.000000
      },
      "iodepth_complete" : {
        "0" : 0.000000,
        "4" : 99.994708,
        "8" : 0.000000,
        "16" : 0.000000,
        "32" : 0.000000,
        "64" : 0.100000,
        ">=64" : 0.000000
      },
      "latency_ns" : {
        "2" : 0.000000,
        "4" : 0.000000,
        "10" : 0.000000,
        "20" : 0.000000,
        "50" : 0.000000,
        "100" : 0.000000,
        "250" : 0.000000,
        "500" : 0.000000,
        "750" : 0.000000,
        "1000" : 0.000000
      },
      "latency_us" : {
        "2" : 0.000000,
        "4" : 0.000000,
        "10" : 0.000000,
        "20" : 0.000000,
        "50" : 0.000000,
        "100" : 0.000000,
        "250" : 0.000000,
        "500" : 0.000000,
        "750" : 0.000000,
        "1000" : 0.010000
      },
      "latency_ms" : {
        "2" : 0.010000,
        "4" : 0.021168,
        "10" : 0.068796,
        "20" : 0.089964,
        "50" : 0.477602,
        "100" : 47.375175,
        "250" : 52.292753,
        "500" : 0.000000,
        "750" : 0.000000,
        "1000" : 0.000000,
        "2000" : 0.000000,
        ">=2000" : 0.000000
      },
      "latency_depth" : 64,
      "latency_target" : 0,
      "latency_percentile" : 100.000000,
      "latency_window" : 0
    }
  ],
  "disk_util" : [
    {
      "name" : "nvme1n1",
      "read_ios" : 398451,
      "write_ios" : 401839,
      "read_merges" : 0,
      "write_merges" : 0,
      "read_ticks" : 45351807,
      "write_ticks" : 35457429,
      "in_queue" : 80809237,
      "util" : 83.425704
    }
  ]
}
