{
  "fio version" : "fio-3.28",
  "timestamp" : 1757416131,
  "timestamp_ms" : 1757416131549,
  "time" : "Tue Sep  9 07:08:51 2025",
  "jobs" : [
    {
      "jobname" : "mixed_io",
      "groupid" : 0,
      "error" : 0,
      "eta" : 0,
      "elapsed" : 41,
      "job options" : {
        "name" : "mixed_io",
        "filename" : "/dev/nvme1n1p2",
        "rw" : "randrw",
        "rwmixread" : "25",
        "bs" : "64k",
        "ioengine" : "libaio",
        "iodepth" : "16",
        "numjobs" : "1",
        "runtime" : "30",
        "ramp_time" : "10",
        "direct" : "1"
      },
      "read" : {
        "io_bytes" : 16353787904,
        "io_kbytes" : 15970496,
        "bw_bytes" : 545108093,
        "bw" : 532332,
        "iops" : 8317.289424,
        "runtime" : 30001,
        "total_ios" : 249527,
        "short_ios" : 0,
        "drop_ios" : 0,
        "slat_ns" : {
          "min" : 8169,
          "max" : 138467,
          "mean" : 13450.032461,
          "stddev" : 3781.907448,
          "N" : 249528
        },
        "clat_ns" : {
          "min" : 46630,
          "max" : 29839804,
          "mean" : 1664730.677337,
          "stddev" : 1040623.470987,
          "N" : 249539,
          "percentile" : {
            "1.000000" : 197632,
            "5.000000" : 362496,
            "10.000000" : 634880,
            "20.000000" : 1003520,
            "30.000000" : 1253376,
            "40.000000" : 1400832,
            "50.000000" : 1531904,
            "60.000000" : 1646592,
            "70.000000" : 1826816,
            "80.000000" : 2179072,
            "90.000000" : 2768896,
            "95.000000" : 3325952,
            "99.000000" : 4882432,
            "99.500000" : 5603328,
            "99.900000" : 7897088,
            "99.950000" : 21626880,
            "99.990000" : 23986176
          }
        },
        "lat_ns" : {
          "min" : 59467,
          "max" : 29854300,
          "mean" : 1678392.214351,
          "stddev" : 1040554.249098,
          "N" : 249539
        },
        "bw_min" : 456593,
        "bw_max" : 578821,
        "bw_agg" : 100.000000,
        "bw_mean" : 532776.116667,
        "bw_dev" : 25845.491585,
        "bw_samples" : 60,
        "iops_min" : 7134,
        "iops_max" : 9044,
        "iops_mean" : 8324.433333,
        "iops_stddev" : 403.842534,
        "iops_samples" : 60
      },
      "write" : {
        "io_bytes" : 49116610560,
        "io_kbytes" : 47965440,
        "bw_bytes" : 1637165779,
        "bw" : 1598794,
        "iops" : 24981.033966,
        "runtime" : 30001,
        "total_ios" : 749456,
        "short_ios" : 0,
        "drop_ios" : 0,
        "slat_ns" : {
          "min" : 8107,
          "max" : 245678,
          "mean" : 14407.649709,
          "stddev" : 3988.060642,
          "N" : 749456
        },
        "clat_ns" : {
          "min" : 920,
          "max" : 24630107,
          "mean" : 65429.681649,
          "stddev" : 255059.018493,
          "N" : 749459,
          "percentile" : {
            "1.000000" : 28800,
            "5.000000" : 29568,
            "10.000000" : 30080,
            "20.000000" : 31104,
            "30.000000" : 34048,
            "40.000000" : 37120,
            "50.000000" : 46848,
            "60.000000" : 55552,
            "70.000000" : 69120,
            "80.000000" : 88576,
            "90.000000" : 120320,
            "95.000000" : 150528,
            "99.000000" : 209920,
            "99.500000" : 236544,
            "99.900000" : 296960,
            "99.950000" : 362496,
            "99.990000" : 20054016
          }
        },
        "lat_ns" : {
          "min" : 35228,
          "max" : 24641535,
          "mean" : 80053.422744,
          "stddev" : 255220.866068,
          "N" : 749459
        },
        "bw_min" : 1378885,
        "bw_max" : 1713792,
        "bw_agg" : 100.000000,
        "bw_mean" : 1600225.516667,
        "bw_dev" : 75586.114280,
        "bw_samples" : 60,
        "iops_min" : 21545,
        "iops_max" : 26778,
        "iops_mean" : 25003.283333,
        "iops_stddev" : 1181.042632,
        "iops_samples" : 60
      },
      "trim" : {
        "io_bytes" : 0,
        "io_kbytes" : 0,
        "bw_bytes" : 0,
        "bw" : 0,
        "iops" : 0.000000,
        "runtime" : 0,
        "total_ios" : 0,
        "short_ios" : 0,
        "drop_ios" : 0,
        "slat_ns" : {
          "min" : 0,
          "max" : 0,
          "mean" : 0.000000,
          "stddev" : 0.000000,
          "N" : 0
        },
        "clat_ns" : {
          "min" : 0,
          "max" : 0,
          "mean" : 0.000000,
          "stddev" : 0.000000,
          "N" : 0
        },
        "lat_ns" : {
          "min" : 0,
          "max" : 0,
          "mean" : 0.000000,
          "stddev" : 0.000000,
          "N" : 0
        },
        "bw_min" : 0,
        "bw_max" : 0,
        "bw_agg" : 0.000000,
        "bw_mean" : 0.000000,
        "bw_dev" : 0.000000,
        "bw_samples" : 0,
        "iops_min" : 0,
        "iops_max" : 0,
        "iops_mean" : 0.000000,
        "iops_stddev" : 0.000000,
        "iops_samples" : 0
      },
      "sync" : {
        "total_ios" : 0,
        "lat_ns" : {
          "min" : 0,
          "max" : 0,
          "mean" : 0.000000,
          "stddev" : 0.000000,
          "N" : 0
        }
      },
      "job_runtime" : 30000,
      "usr_cpu" : 15.520000,
      "sys_cpu" : 46.273333,
      "ctx" : 250619,
      "majf" : 0,
      "minf" : 58,
      "iodepth_level" : {
        "1" : 0.000000,
        "2" : 0.000000,
        "4" : 0.000000,
        "8" : 0.000000,
        "16" : 100.000000,
        "32" : 0.000000,
        ">=64" : 0.000000
      },
      "iodepth_submit" : {
        "0" : 0.000000,
        "4" : 100.000000,
        "8" : 0.000000,
        "16" : 0.000000,
        "32" : 0.000000,
        "64" : 0.000000,
        ">=64" : 0.000000
      },
      "iodepth_complete" : {
        "0" : 0.000000,
        "4" : 99.999900,
        "8" : 0.000000,
        "16" : 0.100000,
        "32" : 0.000000,
        "64" : 0.000000,
        ">=64" : 0.000000
      },
      "latency_ns" : {
        "2" : 0.000000,
        "4" : 0.000000,
        "10" : 0.000000,
        "20" : 0.000000,
        "50" : 0.000000,
        "100" : 0.000000,
        "250" : 0.000000,
        "500" : 0.000000,
        "750" : 0.000000,
        "1000" : 0.010000
      },
      "latency_us" : {
        "2" : 0.010000,
        "4" : 0.000000,
        "10" : 0.010000,
        "20" : 0.010000,
        "50" : 40.204088,
        "100" : 22.973664,
        "250" : 12.175482,
        "500" : 1.503429,
        "750" : 1.320543,
        "1000" : 1.812944
      },
      "latency_ms" : {
        "2" : 13.913550,
        "4" : 5.493587,
        "10" : 0.571481,
        "20" : 0.010000,
        "50" : 0.021121,
        "100" : 0.000000,
        "250" : 0.000000,
        "500" : 0.000000,
        "750" : 0.000000,
        "1000" : 0.000000,
        "2000" : 0.000000,
        ">=2000" : 0.000000
      },
      "latency_depth" : 16,
      "latency_target" : 0,
      "latency_percentile" : 100.000000,
      "latency_window" : 0
    }
  ],
  "disk_util" : [
    {
      "name" : "nvme1n1",
      "read_ios" : 335566,
      "write_ios" : 1004884,
      "read_merges" : 0,
      "write_merges" : 0,
      "read_ticks" : 545364,
      "write_ticks" : 33097,
      "in_queue" : 578461,
      "util" : 69.587462
    }
  ]
}
