{
  "fio version" : "fio-3.28",
  "timestamp" : 1757419525,
  "timestamp_ms" : 1757419525034,
  "time" : "Tue Sep  9 08:05:25 2025",
  "jobs" : [
    {
      "jobname" : "mixed_io",
      "groupid" : 0,
      "error" : 0,
      "eta" : 0,
      "elapsed" : 41,
      "job options" : {
        "name" : "mixed_io",
        "filename" : "/dev/nvme1n1p2",
        "rw" : "randrw",
        "rwmixread" : "75",
        "bs" : "64k",
        "ioengine" : "libaio",
        "iodepth" : "64",
        "numjobs" : "2",
        "runtime" : "30",
        "ramp_time" : "10",
        "direct" : "1"
      },
      "read" : {
        "io_bytes" : 60806660096,
        "io_kbytes" : 59381504,
        "bw_bytes" : 2026686001,
        "bw" : 1979185,
        "iops" : 30920.607939,
        "runtime" : 30003,
        "total_ios" : 927711,
        "short_ios" : 0,
        "drop_ios" : 0,
        "slat_ns" : {
          "min" : 4921,
          "max" : 257042,
          "mean" : 19425.546599,
          "stddev" : 8514.338585,
          "N" : 927711
        },
        "clat_ns" : {
          "min" : 1520790,
          "max" : 33877414,
          "mean" : 4080938.927113,
          "stddev" : 1053714.219849,
          "N" : 927836,
          "percentile" : {
            "1.000000" : 2072576,
            "5.000000" : 2703360,
            "10.000000" : 2998272,
            "20.000000" : 3325952,
            "30.000000" : 3588096,
            "40.000000" : 3850240,
            "50.000000" : 4079616,
            "60.000000" : 4292608,
            "70.000000" : 4489216,
            "80.000000" : 4751360,
            "90.000000" : 5144576,
            "95.000000" : 5406720,
            "99.000000" : 6127616,
            "99.500000" : 6520832,
            "99.900000" : 11337728,
            "99.950000" : 23461888,
            "99.990000" : 30015488
          }
        },
        "lat_ns" : {
          "min" : 1552758,
          "max" : 33907651,
          "mean" : 4100708.432361,
          "stddev" : 1053953.089798,
          "N" : 927836
        },
        "bw_min" : 1786099,
        "bw_max" : 3081618,
        "bw_agg" : 100.000000,
        "bw_mean" : 1981213.733333,
        "bw_dev" : 101386.328733,
        "bw_samples" : 120,
        "iops_min" : 27907,
        "iops_max" : 48150,
        "iops_mean" : 30955.966667,
        "iops_stddev" : 1584.195477,
        "iops_samples" : 120
      },
      "write" : {
        "io_bytes" : 20419182592,
        "io_kbytes" : 19940608,
        "bw_bytes" : 680571362,
        "bw" : 664620,
        "iops" : 10384.661534,
        "runtime" : 30003,
        "total_ios" : 311571,
        "short_ios" : 0,
        "drop_ios" : 0,
        "slat_ns" : {
          "min" : 5833,
          "max" : 292533,
          "mean" : 20940.083804,
          "stddev" : 8678.958446,
          "N" : 311571
        },
        "clat_ns" : {
          "min" : 1647,
          "max" : 6144972,
          "mean" : 85341.046673,
          "stddev" : 79812.637795,
          "N" : 311572,
          "percentile" : {
            "1.000000" : 27520,
            "5.000000" : 32128,
            "10.000000" : 34560,
            "20.000000" : 37632,
            "30.000000" : 45312,
            "40.000000" : 52992,
            "50.000000" : 62720,
            "60.000000" : 75264,
            "70.000000" : 93696,
            "80.000000" : 121344,
            "90.000000" : 168960,
            "95.000000" : 214016,
            "99.000000" : 317440,
            "99.500000" : 358400,
            "99.900000" : 448512,
            "99.950000" : 501760,
            "99.990000" : 790528
          }
        },
        "lat_ns" : {
          "min" : 31864,
          "max" : 6160076,
          "mean" : 106644.221490,
          "stddev" : 81900.537424,
          "N" : 311572
        },
        "bw_min" : 588103,
        "bw_max" : 1041185,
        "bw_agg" : 100.000000,
        "bw_mean" : 665389.800000,
        "bw_dev" : 33527.224493,
        "bw_samples" : 120,
        "iops_min" : 9189,
        "iops_max" : 16268,
        "iops_mean" : 10396.283333,
        "iops_stddev" : 523.870700,
        "iops_samples" : 120
      },
      "trim" : {
        "io_bytes" : 0,
        "io_kbytes" : 0,
        "bw_bytes" : 0,
        "bw" : 0,
        "iops" : 0.000000,
        "runtime" : 0,
        "total_ios" : 0,
        "short_ios" : 0,
        "drop_ios" : 0,
        "slat_ns" : {
          "min" : 0,
          "max" : 0,
          "mean" : 0.000000,
          "stddev" : 0.000000,
          "N" : 0
        },
        "clat_ns" : {
          "min" : 0,
          "max" : 0,
          "mean" : 0.000000,
          "stddev" : 0.000000,
          "N" : 0
        },
        "lat_ns" : {
          "min" : 0,
          "max" : 0,
          "mean" : 0.000000,
          "stddev" : 0.000000,
          "N" : 0
        },
        "bw_min" : 0,
        "bw_max" : 0,
        "bw_agg" : 0.000000,
        "bw_mean" : 0.000000,
        "bw_dev" : 0.000000,
        "bw_samples" : 0,
        "iops_min" : 0,
        "iops_max" : 0,
        "iops_mean" : 0.000000,
        "iops_stddev" : 0.000000,
        "iops_samples" : 0
      },
      "sync" : {
        "total_ios" : 0,
        "lat_ns" : {
          "min" : 0,
          "max" : 0,
          "mean" : 0.000000,
          "stddev" : 0.000000,
          "N" : 0
        }
      },
      "job_runtime" : 60004,
      "usr_cpu" : 11.352576,
      "sys_cpu" : 46.983534,
      "ctx" : 327514,
      "majf" : 0,
      "minf" : 117,
      "iodepth_level" : {
        "1" : 0.000000,
        "2" : 0.000000,
        "4" : 0.000000,
        "8" : 0.000000,
        "16" : 0.000000,
        "32" : 0.000000,
        ">=64" : 100.000000
      },
      "iodepth_submit" : {
        "0" : 0.000000,
        "4" : 100.000000,
        "8" : 0.000000,
        "16" : 0.000000,
        "32" : 0.000000,
        "64" : 0.000000,
        ">=64" : 0.000000
      },
      "iodepth_complete" : {
        "0" : 0.000000,
        "4" : 99.999839,
        "8" : 0.000000,
        "16" : 0.000000,
        "32" : 0.000000,
        "64" : 0.100000,
        ">=64" : 0.000000
      },
      "latency_ns" : {
        "2" : 0.000000,
        "4" : 0.000000,
        "10" : 0.000000,
        "20" : 0.000000,
        "50" : 0.000000,
        "100" : 0.000000,
        "250" : 0.000000,
        "500" : 0.000000,
        "750" : 0.000000,
        "1000" : 0.000000
      },
      "latency_us" : {
        "2" : 0.010000,
        "4" : 0.010000,
        "10" : 0.010000,
        "20" : 0.010000,
        "50" : 9.233492,
        "100" : 9.048223,
        "250" : 6.122658,
        "500" : 0.722273,
        "750" : 0.010409,
        "1000" : 0.010000
      },
      "latency_ms" : {
        "2" : 0.459863,
        "4" : 34.403227,
        "10" : 39.927313,
        "20" : 0.026790,
        "50" : 0.053902,
        "100" : 0.000000,
        "250" : 0.000000,
        "500" : 0.000000,
        "750" : 0.000000,
        "1000" : 0.000000,
        "2000" : 0.000000,
        ">=2000" : 0.000000
      },
      "latency_depth" : 64,
      "latency_target" : 0,
      "latency_percentile" : 100.000000,
      "latency_window" : 0
    }
  ],
  "disk_util" : [
    {
      "name" : "nvme1n1",
      "read_ios" : 1233759,
      "write_ios" : 413844,
      "read_merges" : 0,
      "write_merges" : 0,
      "read_ticks" : 4989796,
      "write_ticks" : 15009,
      "in_queue" : 5004805,
      "util" : 70.057907
    }
  ]
}
