{
  "fio version" : "fio-3.28",
  "timestamp" : 1757420534,
  "timestamp_ms" : 1757420534986,
  "time" : "Tue Sep  9 08:22:14 2025",
  "jobs" : [
    {
      "jobname" : "mixed_io",
      "groupid" : 0,
      "error" : 0,
      "eta" : 0,
      "elapsed" : 41,
      "job options" : {
        "name" : "mixed_io",
        "filename" : "/dev/nvme1n1p2",
        "rw" : "randrw",
        "rwmixread" : "100",
        "bs" : "1024k",
        "ioengine" : "libaio",
        "iodepth" : "16",
        "numjobs" : "1",
        "runtime" : "30",
        "ramp_time" : "10",
        "direct" : "1"
      },
      "read" : {
        "io_bytes" : 170329636864,
        "io_kbytes" : 166337536,
        "bw_bytes" : 5677086853,
        "bw" : 5544030,
        "iops" : 5413.591974,
        "runtime" : 30003,
        "total_ios" : 162424,
        "short_ios" : 0,
        "drop_ios" : 0,
        "slat_ns" : {
          "min" : 54149,
          "max" : 534362,
          "mean" : 100107.192687,
          "stddev" : 21407.633578,
          "N" : 162424
        },
        "clat_ns" : {
          "min" : 307898,
          "max" : 7671947,
          "mean" : 2854034.757817,
          "stddev" : 1011443.647388,
          "N" : 162439,
          "percentile" : {
            "1.000000" : 667648,
            "5.000000" : 1269760,
            "10.000000" : 1810432,
            "20.000000" : 2179072,
            "30.000000" : 2342912,
            "40.000000" : 2473984,
            "50.000000" : 2637824,
            "60.000000" : 2834432,
            "70.000000" : 3162112,
            "80.000000" : 3719168,
            "90.000000" : 4358144,
            "95.000000" : 4751360,
            "99.000000" : 5472256,
            "99.500000" : 5734400,
            "99.900000" : 6258688,
            "99.950000" : 6455296,
            "99.990000" : 6979584
          }
        },
        "lat_ns" : {
          "min" : 425342,
          "max" : 7764026,
          "mean" : 2954380.300802,
          "stddev" : 1014686.678437,
          "N" : 162439
        },
        "bw_min" : 4719839,
        "bw_max" : 6352896,
        "bw_agg" : 100.000000,
        "bw_mean" : 5548632.516667,
        "bw_dev" : 703071.511123,
        "bw_samples" : 60,
        "iops_min" : 4609,
        "iops_max" : 6204,
        "iops_mean" : 5418.400000,
        "iops_stddev" : 686.644018,
        "iops_samples" : 60
      },
      "write" : {
        "io_bytes" : 0,
        "io_kbytes" : 0,
        "bw_bytes" : 0,
        "bw" : 0,
        "iops" : 0.000000,
        "runtime" : 0,
        "total_ios" : 0,
        "short_ios" : 0,
        "drop_ios" : 0,
        "slat_ns" : {
          "min" : 0,
          "max" : 0,
          "mean" : 0.000000,
          "stddev" : 0.000000,
          "N" : 0
        },
        "clat_ns" : {
          "min" : 0,
          "max" : 0,
          "mean" : 0.000000,
          "stddev" : 0.000000,
          "N" : 0
        },
        "lat_ns" : {
          "min" : 0,
          "max" : 0,
          "mean" : 0.000000,
          "stddev" : 0.000000,
          "N" : 0
        },
        "bw_min" : 0,
        "bw_max" : 0,
        "bw_agg" : 0.000000,
        "bw_mean" : 0.000000,
        "bw_dev" : 0.000000,
        "bw_samples" : 0,
        "iops_min" : 0,
        "iops_max" : 0,
        "iops_mean" : 0.000000,
        "iops_stddev" : 0.000000,
        "iops_samples" : 0
      },
      "trim" : {
        "io_bytes" : 0,
        "io_kbytes" : 0,
        "bw_bytes" : 0,
        "bw" : 0,
        "iops" : 0.000000,
        "runtime" : 0,
        "total_ios" : 0,
        "short_ios" : 0,
        "drop_ios" : 0,
        "slat_ns" : {
          "min" : 0,
          "max" : 0,
          "mean" : 0.000000,
          "stddev" : 0.000000,
          "N" : 0
        },
        "clat_ns" : {
          "min" : 0,
          "max" : 0,
          "mean" : 0.000000,
          "stddev" : 0.000000,
          "N" : 0
        },
        "lat_ns" : {
          "min" : 0,
          "max" : 0,
          "mean" : 0.000000,
          "stddev" : 0.000000,
          "N" : 0
        },
        "bw_min" : 0,
        "bw_max" : 0,
        "bw_agg" : 0.000000,
        "bw_mean" : 0.000000,
        "bw_dev" : 0.000000,
        "bw_samples" : 0,
        "iops_min" : 0,
        "iops_max" : 0,
        "iops_mean" : 0.000000,
        "iops_stddev" : 0.000000,
        "iops_samples" : 0
      },
      "sync" : {
        "total_ios" : 0,
        "lat_ns" : {
          "min" : 0,
          "max" : 0,
          "mean" : 0.000000,
          "stddev" : 0.000000,
          "N" : 0
        }
      },
      "job_runtime" : 30002,
      "usr_cpu" : 1.263249,
      "sys_cpu" : 59.672688,
      "ctx" : 78878,
      "majf" : 0,
      "minf" : 63,
      "iodepth_level" : {
        "1" : 0.000000,
        "2" : 0.000000,
        "4" : 0.000000,
        "8" : 0.000000,
        "16" : 100.000000,
        "32" : 0.000000,
        ">=64" : 0.000000
      },
      "iodepth_submit" : {
        "0" : 0.000000,
        "4" : 100.000000,
        "8" : 0.000000,
        "16" : 0.000000,
        "32" : 0.000000,
        "64" : 0.000000,
        ">=64" : 0.000000
      },
      "iodepth_complete" : {
        "0" : 0.000000,
        "4" : 99.999384,
        "8" : 0.000000,
        "16" : 0.100000,
        "32" : 0.000000,
        "64" : 0.000000,
        ">=64" : 0.000000
      },
      "latency_ns" : {
        "2" : 0.000000,
        "4" : 0.000000,
        "10" : 0.000000,
        "20" : 0.000000,
        "50" : 0.000000,
        "100" : 0.000000,
        "250" : 0.000000,
        "500" : 0.000000,
        "750" : 0.000000,
        "1000" : 0.000000
      },
      "latency_us" : {
        "2" : 0.000000,
        "4" : 0.000000,
        "10" : 0.000000,
        "20" : 0.000000,
        "50" : 0.000000,
        "100" : 0.000000,
        "250" : 0.000000,
        "500" : 0.264124,
        "750" : 1.237502,
        "1000" : 1.633379
      },
      "latency_ms" : {
        "2" : 10.730557,
        "4" : 70.365217,
        "10" : 15.778456,
        "20" : 0.000000,
        "50" : 0.000000,
        "100" : 0.000000,
        "250" : 0.000000,
        "500" : 0.000000,
        "750" : 0.000000,
        "1000" : 0.000000,
        "2000" : 0.000000,
        ">=2000" : 0.000000
      },
      "latency_depth" : 16,
      "latency_target" : 0,
      "latency_percentile" : 100.000000,
      "latency_window" : 0
    }
  ],
  "disk_util" : [
    {
      "name" : "nvme1n1",
      "read_ios" : 1645428,
      "write_ios" : 0,
      "read_merges" : 0,
      "write_merges" : 0,
      "read_ticks" : 3212567,
      "write_ticks" : 0,
      "in_queue" : 3212568,
      "util" : 74.182281
    }
  ]
}
