{
  "fio version" : "fio-3.28",
  "timestamp" : 1757415323,
  "timestamp_ms" : 1757415323725,
  "time" : "Tue Sep  9 06:55:23 2025",
  "jobs" : [
    {
      "jobname" : "mixed_io",
      "groupid" : 0,
      "error" : 0,
      "eta" : 0,
      "elapsed" : 41,
      "job options" : {
        "name" : "mixed_io",
        "filename" : "/dev/nvme1n1p2",
        "rw" : "randrw",
        "rwmixread" : "0",
        "bs" : "1024k",
        "ioengine" : "libaio",
        "iodepth" : "64",
        "numjobs" : "4",
        "runtime" : "30",
        "ramp_time" : "10",
        "direct" : "1"
      },
      "read" : {
        "io_bytes" : 0,
        "io_kbytes" : 0,
        "bw_bytes" : 0,
        "bw" : 0,
        "iops" : 0.000000,
        "runtime" : 0,
        "total_ios" : 0,
        "short_ios" : 0,
        "drop_ios" : 0,
        "slat_ns" : {
          "min" : 0,
          "max" : 0,
          "mean" : 0.000000,
          "stddev" : 0.000000,
          "N" : 0
        },
        "clat_ns" : {
          "min" : 0,
          "max" : 0,
          "mean" : 0.000000,
          "stddev" : 0.000000,
          "N" : 0
        },
        "lat_ns" : {
          "min" : 0,
          "max" : 0,
          "mean" : 0.000000,
          "stddev" : 0.000000,
          "N" : 0
        },
        "bw_min" : 0,
        "bw_max" : 0,
        "bw_agg" : 0.000000,
        "bw_mean" : 0.000000,
        "bw_dev" : 0.000000,
        "bw_samples" : 0,
        "iops_min" : 0,
        "iops_max" : 0,
        "iops_mean" : 0.000000,
        "iops_stddev" : 0.000000,
        "iops_samples" : 0
      },
      "write" : {
        "io_bytes" : 59701723136,
        "io_kbytes" : 58302464,
        "bw_bytes" : 1979893982,
        "bw" : 1933490,
        "iops" : 1879.816940,
        "runtime" : 30154,
        "total_ios" : 56684,
        "short_ios" : 0,
        "drop_ios" : 0,
        "slat_ns" : {
          "min" : 91513,
          "max" : 10249220,
          "mean" : 230558.766954,
          "stddev" : 54803.034952,
          "N" : 56684
        },
        "clat_ns" : {
          "min" : 17530658,
          "max" : 336116124,
          "mean" : 135538679.885854,
          "stddev" : 18731134.216569,
          "N" : 56936,
          "percentile" : {
            "1.000000" : 52166656,
            "5.000000" : 124256256,
            "10.000000" : 125304832,
            "20.000000" : 128450560,
            "30.000000" : 129499136,
            "40.000000" : 131596288,
            "50.000000" : 133693440,
            "60.000000" : 137363456,
            "70.000000" : 139460608,
            "80.000000" : 141557760,
            "90.000000" : 154140672,
            "95.000000" : 160432128,
            "99.000000" : 185597952,
            "99.500000" : 206569472,
            "99.900000" : 274726912,
            "99.950000" : 304087040,
            "99.990000" : 325058560
          }
        },
        "lat_ns" : {
          "min" : 17796720,
          "max" : 336332847,
          "mean" : 135770139.595879,
          "stddev" : 18731675.183657,
          "N" : 56936
        },
        "bw_min" : 1683456,
        "bw_max" : 2277548,
        "bw_agg" : 100.000000,
        "bw_mean" : 1936093.916667,
        "bw_dev" : 27038.584514,
        "bw_samples" : 240,
        "iops_min" : 1644,
        "iops_max" : 2224,
        "iops_mean" : 1889.516667,
        "iops_stddev" : 26.497042,
        "iops_samples" : 240
      },
      "trim" : {
        "io_bytes" : 0,
        "io_kbytes" : 0,
        "bw_bytes" : 0,
        "bw" : 0,
        "iops" : 0.000000,
        "runtime" : 0,
        "total_ios" : 0,
        "short_ios" : 0,
        "drop_ios" : 0,
        "slat_ns" : {
          "min" : 0,
          "max" : 0,
          "mean" : 0.000000,
          "stddev" : 0.000000,
          "N" : 0
        },
        "clat_ns" : {
          "min" : 0,
          "max" : 0,
          "mean" : 0.000000,
          "stddev" : 0.000000,
          "N" : 0
        },
        "lat_ns" : {
          "min" : 0,
          "max" : 0,
          "mean" : 0.000000,
          "stddev" : 0.000000,
          "N" : 0
        },
        "bw_min" : 0,
        "bw_max" : 0,
        "bw_agg" : 0.000000,
        "bw_mean" : 0.000000,
        "bw_dev" : 0.000000,
        "bw_samples" : 0,
        "iops_min" : 0,
        "iops_max" : 0,
        "iops_mean" : 0.000000,
        "iops_stddev" : 0.000000,
        "iops_samples" : 0
      },
      "sync" : {
        "total_ios" : 0,
        "lat_ns" : {
          "min" : 0,
          "max" : 0,
          "mean" : 0.000000,
          "stddev" : 0.000000,
          "N" : 0
        }
      },
      "job_runtime" : 120554,
      "usr_cpu" : 5.806527,
      "sys_cpu" : 8.334025,
      "ctx" : 56151,
      "majf" : 0,
      "minf" : 242,
      "iodepth_level" : {
        "1" : 0.000000,
        "2" : 0.000000,
        "4" : 0.000000,
        "8" : 0.000000,
        "16" : 0.000000,
        "32" : 0.000000,
        ">=64" : 100.000000
      },
      "iodepth_submit" : {
        "0" : 0.000000,
        "4" : 100.000000,
        "8" : 0.000000,
        "16" : 0.000000,
        "32" : 0.000000,
        "64" : 0.000000,
        ">=64" : 0.000000
      },
      "iodepth_complete" : {
        "0" : 0.000000,
        "4" : 99.992944,
        "8" : 0.000000,
        "16" : 0.000000,
        "32" : 0.000000,
        "64" : 0.100000,
        ">=64" : 0.000000
      },
      "latency_ns" : {
        "2" : 0.000000,
        "4" : 0.000000,
        "10" : 0.000000,
        "20" : 0.000000,
        "50" : 0.000000,
        "100" : 0.000000,
        "250" : 0.000000,
        "500" : 0.000000,
        "750" : 0.000000,
        "1000" : 0.000000
      },
      "latency_us" : {
        "2" : 0.000000,
        "4" : 0.000000,
        "10" : 0.000000,
        "20" : 0.000000,
        "50" : 0.000000,
        "100" : 0.000000,
        "250" : 0.000000,
        "500" : 0.000000,
        "750" : 0.000000,
        "1000" : 0.000000
      },
      "latency_ms" : {
        "2" : 0.000000,
        "4" : 0.000000,
        "10" : 0.000000,
        "20" : 0.105850,
        "50" : 0.846800,
        "100" : 1.328417,
        "250" : 97.932397,
        "500" : 0.231106,
        "750" : 0.000000,
        "1000" : 0.000000,
        "2000" : 0.000000,
        ">=2000" : 0.000000
      },
      "latency_depth" : 64,
      "latency_target" : 0,
      "latency_percentile" : 100.000000,
      "latency_window" : 0
    }
  ],
  "disk_util" : [
    {
      "name" : "nvme1n1",
      "read_ios" : 0,
      "write_ios" : 605046,
      "read_merges" : 0,
      "write_merges" : 0,
      "read_ticks" : 0,
      "write_ticks" : 80995694,
      "in_queue" : 80995695,
      "util" : 85.039822
    }
  ]
}
