{
  "fio version" : "fio-3.28",
  "timestamp" : 1757418515,
  "timestamp_ms" : 1757418515219,
  "time" : "Tue Sep  9 07:48:35 2025",
  "jobs" : [
    {
      "jobname" : "mixed_io",
      "groupid" : 0,
      "error" : 0,
      "eta" : 0,
      "elapsed" : 41,
      "job options" : {
        "name" : "mixed_io",
        "filename" : "/dev/nvme1n1p2",
        "rw" : "randrw",
        "rwmixread" : "75",
        "bs" : "4k",
        "ioengine" : "libaio",
        "iodepth" : "1",
        "numjobs" : "4",
        "runtime" : "30",
        "ramp_time" : "10",
        "direct" : "1"
      },
      "read" : {
        "io_bytes" : 3269066752,
        "io_kbytes" : 3192448,
        "bw_bytes" : 108957995,
        "bw" : 106404,
        "iops" : 26601.073226,
        "runtime" : 30003,
        "total_ios" : 798112,
        "short_ios" : 0,
        "drop_ios" : 0,
        "slat_ns" : {
          "min" : 2616,
          "max" : 1093110,
          "mean" : 13044.698809,
          "stddev" : 9616.485799,
          "N" : 798112
        },
        "clat_ns" : {
          "min" : 1609,
          "max" : 8070967,
          "mean" : 119057.567536,
          "stddev" : 117076.344371,
          "N" : 798112,
          "percentile" : {
            "1.000000" : 28544,
            "5.000000" : 62208,
            "10.000000" : 74240,
            "20.000000" : 75264,
            "30.000000" : 78336,
            "40.000000" : 80384,
            "50.000000" : 90624,
            "60.000000" : 91648,
            "70.000000" : 105984,
            "80.000000" : 179200,
            "90.000000" : 187392,
            "95.000000" : 195584,
            "99.000000" : 528384,
            "99.500000" : 1056768,
            "99.900000" : 1482752,
            "99.950000" : 1548288,
            "99.990000" : 1728512
          }
        },
        "lat_ns" : {
          "min" : 24674,
          "max" : 8078255,
          "mean" : 132506.671413,
          "stddev" : 119540.275922,
          "N" : 798112
        },
        "bw_min" : 88743,
        "bw_max" : 127551,
        "bw_agg" : 100.000000,
        "bw_mean" : 106513.545198,
        "bw_dev" : 2502.080905,
        "bw_samples" : 239,
        "iops_min" : 22185,
        "iops_max" : 31887,
        "iops_mean" : 26627.812147,
        "iops_stddev" : 625.510332,
        "iops_samples" : 239
      },
      "write" : {
        "io_bytes" : 1097166848,
        "io_kbytes" : 1071452,
        "bw_bytes" : 36568571,
        "bw" : 35711,
        "iops" : 8927.873879,
        "runtime" : 30003,
        "total_ios" : 267863,
        "short_ios" : 0,
        "drop_ios" : 0,
        "slat_ns" : {
          "min" : 2655,
          "max" : 1279100,
          "mean" : 12920.474399,
          "stddev" : 9295.788750,
          "N" : 267863
        },
        "clat_ns" : {
          "min" : 1512,
          "max" : 1075638,
          "mean" : 25402.861862,
          "stddev" : 7165.625833,
          "N" : 267863,
          "percentile" : {
            "1.000000" : 17536,
            "5.000000" : 21120,
            "10.000000" : 21376,
            "20.000000" : 21632,
            "30.000000" : 21632,
            "40.000000" : 21888,
            "50.000000" : 22400,
            "60.000000" : 23424,
            "70.000000" : 23936,
            "80.000000" : 27776,
            "90.000000" : 36096,
            "95.000000" : 41216,
            "99.000000" : 45312,
            "99.500000" : 47872,
            "99.900000" : 59136,
            "99.950000" : 76288,
            "99.990000" : 101888
          }
        },
        "lat_ns" : {
          "min" : 15475,
          "max" : 1300432,
          "mean" : 38729.140404,
          "stddev" : 11499.668575,
          "N" : 267863
        },
        "bw_min" : 29447,
        "bw_max" : 43497,
        "bw_agg" : 100.000000,
        "bw_mean" : 35740.997740,
        "bw_dev" : 868.101240,
        "bw_samples" : 239,
        "iops_min" : 7361,
        "iops_max" : 10874,
        "iops_mean" : 8934.642938,
        "iops_stddev" : 217.029541,
        "iops_samples" : 239
      },
      "trim" : {
        "io_bytes" : 0,
        "io_kbytes" : 0,
        "bw_bytes" : 0,
        "bw" : 0,
        "iops" : 0.000000,
        "runtime" : 0,
        "total_ios" : 0,
        "short_ios" : 0,
        "drop_ios" : 0,
        "slat_ns" : {
          "min" : 0,
          "max" : 0,
          "mean" : 0.000000,
          "stddev" : 0.000000,
          "N" : 0
        },
        "clat_ns" : {
          "min" : 0,
          "max" : 0,
          "mean" : 0.000000,
          "stddev" : 0.000000,
          "N" : 0
        },
        "lat_ns" : {
          "min" : 0,
          "max" : 0,
          "mean" : 0.000000,
          "stddev" : 0.000000,
          "N" : 0
        },
        "bw_min" : 0,
        "bw_max" : 0,
        "bw_agg" : 0.000000,
        "bw_mean" : 0.000000,
        "bw_dev" : 0.000000,
        "bw_samples" : 0,
        "iops_min" : 0,
        "iops_max" : 0,
        "iops_mean" : 0.000000,
        "iops_stddev" : 0.000000,
        "iops_samples" : 0
      },
      "sync" : {
        "total_ios" : 0,
        "lat_ns" : {
          "min" : 0,
          "max" : 0,
          "mean" : 0.000000,
          "stddev" : 0.000000,
          "N" : 0
        }
      },
      "job_runtime" : 120004,
      "usr_cpu" : 8.182227,
      "sys_cpu" : 21.503450,
      "ctx" : 1064824,
      "majf" : 0,
      "minf" : 241,
      "iodepth_level" : {
        "1" : 100.000000,
        "2" : 0.000000,
        "4" : 0.000000,
        "8" : 0.000000,
        "16" : 0.000000,
        "32" : 0.000000,
        ">=64" : 0.000000
      },
      "iodepth_submit" : {
        "0" : 0.000000,
        "4" : 100.000000,
        "8" : 0.000000,
        "16" : 0.000000,
        "32" : 0.000000,
        "64" : 0.000000,
        ">=64" : 0.000000
      },
      "iodepth_complete" : {
        "0" : 0.000000,
        "4" : 100.000000,
        "8" : 0.000000,
        "16" : 0.000000,
        "32" : 0.000000,
        "64" : 0.000000,
        ">=64" : 0.000000
      },
      "latency_ns" : {
        "2" : 0.000000,
        "4" : 0.000000,
        "10" : 0.000000,
        "20" : 0.000000,
        "50" : 0.000000,
        "100" : 0.000000,
        "250" : 0.000000,
        "500" : 0.000000,
        "750" : 0.000000,
        "1000" : 0.000000
      },
      "latency_us" : {
        "2" : 0.035273,
        "4" : 0.023734,
        "10" : 0.010000,
        "20" : 0.404043,
        "50" : 27.666972,
        "100" : 48.366050,
        "250" : 22.553062,
        "500" : 0.179835,
        "750" : 0.174113,
        "1000" : 0.180586
      },
      "latency_ms" : {
        "2" : 0.411360,
        "4" : 0.010000,
        "10" : 0.010000,
        "20" : 0.000000,
        "50" : 0.000000,
        "100" : 0.000000,
        "250" : 0.000000,
        "500" : 0.000000,
        "750" : 0.000000,
        "1000" : 0.000000,
        "2000" : 0.000000,
        ">=2000" : 0.000000
      },
      "latency_depth" : 1,
      "latency_target" : 0,
      "latency_percentile" : 100.000000,
      "latency_window" : 0
    }
  ],
  "disk_util" : [
    {
      "name" : "nvme1n1",
      "read_ios" : 1054869,
      "write_ios" : 353583,
      "read_merges" : 0,
      "write_merges" : 0,
      "read_ticks" : 113128,
      "write_ticks" : 7447,
      "in_queue" : 120575,
      "util" : 70.015706
    }
  ]
}
