{
  "fio version" : "fio-3.28",
  "timestamp" : 1757416899,
  "timestamp_ms" : 1757416899290,
  "time" : "Tue Sep  9 07:21:39 2025",
  "jobs" : [
    {
      "jobname" : "mixed_io",
      "groupid" : 0,
      "error" : 0,
      "eta" : 0,
      "elapsed" : 41,
      "job options" : {
        "name" : "mixed_io",
        "filename" : "/dev/nvme1n1p2",
        "rw" : "randrw",
        "rwmixread" : "50",
        "bs" : "1024k",
        "ioengine" : "libaio",
        "iodepth" : "1",
        "numjobs" : "1",
        "runtime" : "30",
        "ramp_time" : "10",
        "direct" : "1"
      },
      "read" : {
        "io_bytes" : 19910361088,
        "io_kbytes" : 19443712,
        "bw_bytes" : 663656581,
        "bw" : 648102,
        "iops" : 632.912236,
        "runtime" : 30001,
        "total_ios" : 18988,
        "short_ios" : 0,
        "drop_ios" : 0,
        "slat_ns" : {
          "min" : 156537,
          "max" : 304891,
          "mean" : 171352.833948,
          "stddev" : 14446.527979,
          "N" : 18988
        },
        "clat_ns" : {
          "min" : 207481,
          "max" : 23172666,
          "mean" : 1051508.536865,
          "stddev" : 730242.887701,
          "N" : 18988,
          "percentile" : {
            "1.000000" : 268288,
            "5.000000" : 309248,
            "10.000000" : 337920,
            "20.000000" : 387072,
            "30.000000" : 440320,
            "40.000000" : 505856,
            "50.000000" : 675840,
            "60.000000" : 1433600,
            "70.000000" : 1564672,
            "80.000000" : 1679360,
            "90.000000" : 1859584,
            "95.000000" : 2146304,
            "99.000000" : 2867200,
            "99.500000" : 3096576,
            "99.900000" : 3620864,
            "99.950000" : 3784704,
            "99.990000" : 14352384
          }
        },
        "lat_ns" : {
          "min" : 396771,
          "max" : 23332615,
          "mean" : 1223276.378871,
          "stddev" : 726132.658072,
          "N" : 18988
        },
        "bw_min" : 570484,
        "bw_max" : 767486,
        "bw_agg" : 100.000000,
        "bw_mean" : 648630.400000,
        "bw_dev" : 32599.745759,
        "bw_samples" : 60,
        "iops_min" : 557,
        "iops_max" : 749,
        "iops_mean" : 633.316667,
        "iops_stddev" : 31.802618,
        "iops_samples" : 60
      },
      "write" : {
        "io_bytes" : 19792920576,
        "io_kbytes" : 19329024,
        "bw_bytes" : 659742027,
        "bw" : 644279,
        "iops" : 629.179027,
        "runtime" : 30001,
        "total_ios" : 18876,
        "short_ios" : 0,
        "drop_ios" : 0,
        "slat_ns" : {
          "min" : 155489,
          "max" : 473116,
          "mean" : 201825.984901,
          "stddev" : 19390.064175,
          "N" : 18876
        },
        "clat_ns" : {
          "min" : 18008,
          "max" : 21220235,
          "mean" : 148790.214611,
          "stddev" : 282552.348234,
          "N" : 18876,
          "percentile" : {
            "1.000000" : 111104,
            "5.000000" : 119296,
            "10.000000" : 132096,
            "20.000000" : 134144,
            "30.000000" : 134144,
            "40.000000" : 136192,
            "50.000000" : 136192,
            "60.000000" : 136192,
            "70.000000" : 138240,
            "80.000000" : 140288,
            "90.000000" : 154624,
            "95.000000" : 177152,
            "99.000000" : 366592,
            "99.500000" : 493568,
            "99.900000" : 659456,
            "99.950000" : 700416,
            "99.990000" : 21102592
          }
        },
        "lat_ns" : {
          "min" : 303229,
          "max" : 21412757,
          "mean" : 351080.900191,
          "stddev" : 282553.570487,
          "N" : 18876
        },
        "bw_min" : 555008,
        "bw_max" : 718236,
        "bw_agg" : 100.000000,
        "bw_mean" : 644836.883333,
        "bw_dev" : 33563.740298,
        "bw_samples" : 60,
        "iops_min" : 542,
        "iops_max" : 701,
        "iops_mean" : 629.616667,
        "iops_stddev" : 32.752845,
        "iops_samples" : 60
      },
      "trim" : {
        "io_bytes" : 0,
        "io_kbytes" : 0,
        "bw_bytes" : 0,
        "bw" : 0,
        "iops" : 0.000000,
        "runtime" : 0,
        "total_ios" : 0,
        "short_ios" : 0,
        "drop_ios" : 0,
        "slat_ns" : {
          "min" : 0,
          "max" : 0,
          "mean" : 0.000000,
          "stddev" : 0.000000,
          "N" : 0
        },
        "clat_ns" : {
          "min" : 0,
          "max" : 0,
          "mean" : 0.000000,
          "stddev" : 0.000000,
          "N" : 0
        },
        "lat_ns" : {
          "min" : 0,
          "max" : 0,
          "mean" : 0.000000,
          "stddev" : 0.000000,
          "N" : 0
        },
        "bw_min" : 0,
        "bw_max" : 0,
        "bw_agg" : 0.000000,
        "bw_mean" : 0.000000,
        "bw_dev" : 0.000000,
        "bw_samples" : 0,
        "iops_min" : 0,
        "iops_max" : 0,
        "iops_mean" : 0.000000,
        "iops_stddev" : 0.000000,
        "iops_samples" : 0
      },
      "sync" : {
        "total_ios" : 0,
        "lat_ns" : {
          "min" : 0,
          "max" : 0,
          "mean" : 0.000000,
          "stddev" : 0.000000,
          "N" : 0
        }
      },
      "job_runtime" : 30000,
      "usr_cpu" : 3.776667,
      "sys_cpu" : 24.993333,
      "ctx" : 37866,
      "majf" : 0,
      "minf" : 60,
      "iodepth_level" : {
        "1" : 100.000000,
        "2" : 0.000000,
        "4" : 0.000000,
        "8" : 0.000000,
        "16" : 0.000000,
        "32" : 0.000000,
        ">=64" : 0.000000
      },
      "iodepth_submit" : {
        "0" : 0.000000,
        "4" : 100.000000,
        "8" : 0.000000,
        "16" : 0.000000,
        "32" : 0.000000,
        "64" : 0.000000,
        ">=64" : 0.000000
      },
      "iodepth_complete" : {
        "0" : 0.000000,
        "4" : 100.000000,
        "8" : 0.000000,
        "16" : 0.000000,
        "32" : 0.000000,
        "64" : 0.000000,
        ">=64" : 0.000000
      },
      "latency_ns" : {
        "2" : 0.000000,
        "4" : 0.000000,
        "10" : 0.000000,
        "20" : 0.000000,
        "50" : 0.000000,
        "100" : 0.000000,
        "250" : 0.000000,
        "500" : 0.000000,
        "750" : 0.000000,
        "1000" : 0.000000
      },
      "latency_us" : {
        "2" : 0.000000,
        "4" : 0.000000,
        "10" : 0.000000,
        "20" : 0.010000,
        "50" : 0.000000,
        "100" : 0.184872,
        "250" : 48.412740,
        "500" : 20.753222,
        "750" : 6.187936,
        "1000" : 0.438411
      },
      "latency_ms" : {
        "2" : 20.652863,
        "4" : 3.343545,
        "10" : 0.010000,
        "20" : 0.010564,
        "50" : 0.010564,
        "100" : 0.000000,
        "250" : 0.000000,
        "500" : 0.000000,
        "750" : 0.000000,
        "1000" : 0.000000,
        "2000" : 0.000000,
        ">=2000" : 0.000000
      },
      "latency_depth" : 1,
      "latency_target" : 0,
      "latency_percentile" : 100.000000,
      "latency_window" : 0
    }
  ],
  "disk_util" : [
    {
      "name" : "nvme1n1",
      "read_ios" : 199264,
      "write_ios" : 198968,
      "read_merges" : 0,
      "write_merges" : 0,
      "read_ticks" : 146075,
      "write_ticks" : 19129,
      "in_queue" : 165204,
      "util" : 77.449463
    }
  ]
}
