{
  "fio version" : "fio-3.28",
  "timestamp" : 1757414798,
  "timestamp_ms" : 1757414798152,
  "time" : "Tue Sep  9 06:46:38 2025",
  "jobs" : [
    {
      "jobname" : "mixed_io",
      "groupid" : 0,
      "error" : 0,
      "eta" : 0,
      "elapsed" : 41,
      "job options" : {
        "name" : "mixed_io",
        "filename" : "/dev/nvme1n1p2",
        "rw" : "randrw",
        "rwmixread" : "0",
        "bs" : "64k",
        "ioengine" : "libaio",
        "iodepth" : "16",
        "numjobs" : "2",
        "runtime" : "30",
        "ramp_time" : "10",
        "direct" : "1"
      },
      "read" : {
        "io_bytes" : 0,
        "io_kbytes" : 0,
        "bw_bytes" : 0,
        "bw" : 0,
        "iops" : 0.000000,
        "runtime" : 0,
        "total_ios" : 0,
        "short_ios" : 0,
        "drop_ios" : 0,
        "slat_ns" : {
          "min" : 0,
          "max" : 0,
          "mean" : 0.000000,
          "stddev" : 0.000000,
          "N" : 0
        },
        "clat_ns" : {
          "min" : 0,
          "max" : 0,
          "mean" : 0.000000,
          "stddev" : 0.000000,
          "N" : 0
        },
        "lat_ns" : {
          "min" : 0,
          "max" : 0,
          "mean" : 0.000000,
          "stddev" : 0.000000,
          "N" : 0
        },
        "bw_min" : 0,
        "bw_max" : 0,
        "bw_agg" : 0.000000,
        "bw_mean" : 0.000000,
        "bw_dev" : 0.000000,
        "bw_samples" : 0,
        "iops_min" : 0,
        "iops_max" : 0,
        "iops_mean" : 0.000000,
        "iops_stddev" : 0.000000,
        "iops_samples" : 0
      },
      "write" : {
        "io_bytes" : 59031158784,
        "io_kbytes" : 57647616,
        "bw_bytes" : 1967639704,
        "bw" : 1921523,
        "iops" : 30022.765908,
        "runtime" : 30001,
        "total_ios" : 900713,
        "short_ios" : 0,
        "drop_ios" : 0,
        "slat_ns" : {
          "min" : 6739,
          "max" : 243446,
          "mean" : 22185.455432,
          "stddev" : 9272.336748,
          "N" : 900714
        },
        "clat_ns" : {
          "min" : 310071,
          "max" : 28269510,
          "mean" : 1041087.415066,
          "stddev" : 562271.393589,
          "N" : 900743,
          "percentile" : {
            "1.000000" : 552960,
            "5.000000" : 700416,
            "10.000000" : 774144,
            "20.000000" : 864256,
            "30.000000" : 929792,
            "40.000000" : 978944,
            "50.000000" : 1019904,
            "60.000000" : 1073152,
            "70.000000" : 1122304,
            "80.000000" : 1171456,
            "90.000000" : 1269760,
            "95.000000" : 1368064,
            "99.000000" : 1597440,
            "99.500000" : 1728512,
            "99.900000" : 3358720,
            "99.950000" : 20316160,
            "99.990000" : 21889024
          }
        },
        "lat_ns" : {
          "min" : 331066,
          "max" : 28286898,
          "mean" : 1063624.165749,
          "stddev" : 562099.034110,
          "N" : 900743
        },
        "bw_min" : 1798272,
        "bw_max" : 2036977,
        "bw_agg" : 100.000000,
        "bw_mean" : 1923320.833333,
        "bw_dev" : 32173.402985,
        "bw_samples" : 120,
        "iops_min" : 28098,
        "iops_max" : 31827,
        "iops_mean" : 30051.400000,
        "iops_stddev" : 502.642994,
        "iops_samples" : 120
      },
      "trim" : {
        "io_bytes" : 0,
        "io_kbytes" : 0,
        "bw_bytes" : 0,
        "bw" : 0,
        "iops" : 0.000000,
        "runtime" : 0,
        "total_ios" : 0,
        "short_ios" : 0,
        "drop_ios" : 0,
        "slat_ns" : {
          "min" : 0,
          "max" : 0,
          "mean" : 0.000000,
          "stddev" : 0.000000,
          "N" : 0
        },
        "clat_ns" : {
          "min" : 0,
          "max" : 0,
          "mean" : 0.000000,
          "stddev" : 0.000000,
          "N" : 0
        },
        "lat_ns" : {
          "min" : 0,
          "max" : 0,
          "mean" : 0.000000,
          "stddev" : 0.000000,
          "N" : 0
        },
        "bw_min" : 0,
        "bw_max" : 0,
        "bw_agg" : 0.000000,
        "bw_mean" : 0.000000,
        "bw_dev" : 0.000000,
        "bw_samples" : 0,
        "iops_min" : 0,
        "iops_max" : 0,
        "iops_mean" : 0.000000,
        "iops_stddev" : 0.000000,
        "iops_samples" : 0
      },
      "sync" : {
        "total_ios" : 0,
        "lat_ns" : {
          "min" : 0,
          "max" : 0,
          "mean" : 0.000000,
          "stddev" : 0.000000,
          "N" : 0
        }
      },
      "job_runtime" : 60000,
      "usr_cpu" : 12.010000,
      "sys_cpu" : 36.431667,
      "ctx" : 281353,
      "majf" : 0,
      "minf" : 118,
      "iodepth_level" : {
        "1" : 0.000000,
        "2" : 0.000000,
        "4" : 0.000000,
        "8" : 0.000000,
        "16" : 100.000000,
        "32" : 0.000000,
        ">=64" : 0.000000
      },
      "iodepth_submit" : {
        "0" : 0.000000,
        "4" : 100.000000,
        "8" : 0.000000,
        "16" : 0.000000,
        "32" : 0.000000,
        "64" : 0.000000,
        ">=64" : 0.000000
      },
      "iodepth_complete" : {
        "0" : 0.000000,
        "4" : 99.999778,
        "8" : 0.000000,
        "16" : 0.100000,
        "32" : 0.000000,
        "64" : 0.000000,
        ">=64" : 0.000000
      },
      "latency_ns" : {
        "2" : 0.000000,
        "4" : 0.000000,
        "10" : 0.000000,
        "20" : 0.000000,
        "50" : 0.000000,
        "100" : 0.000000,
        "250" : 0.000000,
        "500" : 0.000000,
        "750" : 0.000000,
        "1000" : 0.000000
      },
      "latency_us" : {
        "2" : 0.000000,
        "4" : 0.000000,
        "10" : 0.000000,
        "20" : 0.000000,
        "50" : 0.000000,
        "100" : 0.000000,
        "250" : 0.000000,
        "500" : 0.510595,
        "750" : 7.486513,
        "1000" : 36.993582
      },
      "latency_ms" : {
        "2" : 54.803472,
        "4" : 0.116574,
        "10" : 0.027867,
        "20" : 0.011768,
        "50" : 0.052958,
        "100" : 0.000000,
        "250" : 0.000000,
        "500" : 0.000000,
        "750" : 0.000000,
        "1000" : 0.000000,
        "2000" : 0.000000,
        ">=2000" : 0.000000
      },
      "latency_depth" : 16,
      "latency_target" : 0,
      "latency_percentile" : 100.000000,
      "latency_window" : 0
    }
  ],
  "disk_util" : [
    {
      "name" : "nvme1n1",
      "read_ios" : 0,
      "write_ios" : 1197927,
      "read_merges" : 0,
      "write_merges" : 0,
      "read_ticks" : 0,
      "write_ticks" : 1197425,
      "in_queue" : 1197424,
      "util" : 74.807198
    }
  ]
}
