{
  "fio version" : "fio-3.28",
  "timestamp" : 1757419565,
  "timestamp_ms" : 1757419565506,
  "time" : "Tue Sep  9 08:06:05 2025",
  "jobs" : [
    {
      "jobname" : "mixed_io",
      "groupid" : 0,
      "error" : 0,
      "eta" : 0,
      "elapsed" : 41,
      "job options" : {
        "name" : "mixed_io",
        "filename" : "/dev/nvme1n1p2",
        "rw" : "randrw",
        "rwmixread" : "75",
        "bs" : "1024k",
        "ioengine" : "libaio",
        "iodepth" : "64",
        "numjobs" : "2",
        "runtime" : "30",
        "ramp_time" : "10",
        "direct" : "1"
      },
      "read" : {
        "io_bytes" : 73998008320,
        "io_kbytes" : 72263680,
        "bw_bytes" : 2463561884,
        "bw" : 2405822,
        "iops" : 2346.206346,
        "runtime" : 30037,
        "total_ios" : 70473,
        "short_ios" : 0,
        "drop_ios" : 0,
        "slat_ns" : {
          "min" : 46279,
          "max" : 530464,
          "mean" : 171155.189959,
          "stddev" : 38935.403981,
          "N" : 70473
        },
        "clat_ns" : {
          "min" : 12113997,
          "max" : 86202519,
          "mean" : 44272754.254088,
          "stddev" : 5224105.421947,
          "N" : 70570,
          "percentile" : {
            "1.000000" : 31850496,
            "5.000000" : 38010880,
            "10.000000" : 39583744,
            "20.000000" : 41156608,
            "30.000000" : 42205184,
            "40.000000" : 43253760,
            "50.000000" : 43778048,
            "60.000000" : 44826624,
            "70.000000" : 45875200,
            "80.000000" : 46923776,
            "90.000000" : 49020928,
            "95.000000" : 51642368,
            "99.000000" : 63176704,
            "99.500000" : 67633152,
            "99.900000" : 77070336,
            "99.950000" : 78118912,
            "99.990000" : 83361792
          }
        },
        "lat_ns" : {
          "min" : 12277540,
          "max" : 86437611,
          "mean" : 44444399.663455,
          "stddev" : 5222384.085131,
          "N" : 70570
        },
        "bw_min" : 2111533,
        "bw_max" : 2681505,
        "bw_agg" : 100.000000,
        "bw_mean" : 2409166.283333,
        "bw_dev" : 60819.095611,
        "bw_samples" : 120,
        "iops_min" : 2062,
        "iops_max" : 2618,
        "iops_mean" : 2352.116667,
        "iops_stddev" : 59.325106,
        "iops_samples" : 120
      },
      "write" : {
        "io_bytes" : 24585961472,
        "io_kbytes" : 24009728,
        "bw_bytes" : 818522537,
        "bw" : 799338,
        "iops" : 779.638446,
        "runtime" : 30037,
        "total_ios" : 23418,
        "short_ios" : 0,
        "drop_ios" : 0,
        "slat_ns" : {
          "min" : 92896,
          "max" : 531147,
          "mean" : 229923.662738,
          "stddev" : 50710.440174,
          "N" : 23418
        },
        "clat_ns" : {
          "min" : 385264,
          "max" : 69001449,
          "mean" : 30077730.062012,
          "stddev" : 4445847.475087,
          "N" : 23447,
          "percentile" : {
            "1.000000" : 15663104,
            "5.000000" : 25559040,
            "10.000000" : 26607616,
            "20.000000" : 27918336,
            "30.000000" : 28704768,
            "40.000000" : 29229056,
            "50.000000" : 30015488,
            "60.000000" : 30539776,
            "70.000000" : 31064064,
            "80.000000" : 32112640,
            "90.000000" : 33423360,
            "95.000000" : 34865152,
            "99.000000" : 46923776,
            "99.500000" : 51642368,
            "99.900000" : 61603840,
            "99.950000" : 65273856,
            "99.990000" : 66846720
          }
        },
        "lat_ns" : {
          "min" : 589184,
          "max" : 69188824,
          "mean" : 30308245.765386,
          "stddev" : 4443887.421454,
          "N" : 23447
        },
        "bw_min" : 687454,
        "bw_max" : 923446,
        "bw_agg" : 100.000000,
        "bw_mean" : 800800.350000,
        "bw_dev" : 27959.630743,
        "bw_samples" : 120,
        "iops_min" : 670,
        "iops_max" : 900,
        "iops_mean" : 780.750000,
        "iops_stddev" : 27.252433,
        "iops_samples" : 120
      },
      "trim" : {
        "io_bytes" : 0,
        "io_kbytes" : 0,
        "bw_bytes" : 0,
        "bw" : 0,
        "iops" : 0.000000,
        "runtime" : 0,
        "total_ios" : 0,
        "short_ios" : 0,
        "drop_ios" : 0,
        "slat_ns" : {
          "min" : 0,
          "max" : 0,
          "mean" : 0.000000,
          "stddev" : 0.000000,
          "N" : 0
        },
        "clat_ns" : {
          "min" : 0,
          "max" : 0,
          "mean" : 0.000000,
          "stddev" : 0.000000,
          "N" : 0
        },
        "lat_ns" : {
          "min" : 0,
          "max" : 0,
          "mean" : 0.000000,
          "stddev" : 0.000000,
          "N" : 0
        },
        "bw_min" : 0,
        "bw_max" : 0,
        "bw_agg" : 0.000000,
        "bw_mean" : 0.000000,
        "bw_dev" : 0.000000,
        "bw_samples" : 0,
        "iops_min" : 0,
        "iops_max" : 0,
        "iops_mean" : 0.000000,
        "iops_stddev" : 0.000000,
        "iops_samples" : 0
      },
      "sync" : {
        "total_ios" : 0,
        "lat_ns" : {
          "min" : 0,
          "max" : 0,
          "mean" : 0.000000,
          "stddev" : 0.000000,
          "N" : 0
        }
      },
      "job_runtime" : 60071,
      "usr_cpu" : 5.102296,
      "sys_cpu" : 29.714837,
      "ctx" : 52442,
      "majf" : 0,
      "minf" : 120,
      "iodepth_level" : {
        "1" : 0.000000,
        "2" : 0.000000,
        "4" : 0.000000,
        "8" : 0.000000,
        "16" : 0.000000,
        "32" : 0.000000,
        ">=64" : 100.000000
      },
      "iodepth_submit" : {
        "0" : 0.000000,
        "4" : 100.000000,
        "8" : 0.000000,
        "16" : 0.000000,
        "32" : 0.000000,
        "64" : 0.000000,
        ">=64" : 0.000000
      },
      "iodepth_complete" : {
        "0" : 0.000000,
        "4" : 99.997870,
        "8" : 0.000000,
        "16" : 0.000000,
        "32" : 0.000000,
        "64" : 0.100000,
        ">=64" : 0.000000
      },
      "latency_ns" : {
        "2" : 0.000000,
        "4" : 0.000000,
        "10" : 0.000000,
        "20" : 0.000000,
        "50" : 0.000000,
        "100" : 0.000000,
        "250" : 0.000000,
        "500" : 0.000000,
        "750" : 0.000000,
        "1000" : 0.000000
      },
      "latency_us" : {
        "2" : 0.000000,
        "4" : 0.000000,
        "10" : 0.000000,
        "20" : 0.000000,
        "50" : 0.000000,
        "100" : 0.000000,
        "250" : 0.000000,
        "500" : 0.010000,
        "750" : 0.010000,
        "1000" : 0.010000
      },
      "latency_ms" : {
        "2" : 0.010000,
        "4" : 0.029822,
        "10" : 0.109702,
        "20" : 0.365317,
        "50" : 93.612806,
        "100" : 5.995250,
        "250" : 0.000000,
        "500" : 0.000000,
        "750" : 0.000000,
        "1000" : 0.000000,
        "2000" : 0.000000,
        ">=2000" : 0.000000
      },
      "latency_depth" : 64,
      "latency_target" : 0,
      "latency_percentile" : 100.000000,
      "latency_window" : 0
    }
  ],
  "disk_util" : [
    {
      "name" : "nvme1n1",
      "read_ios" : 739500,
      "write_ios" : 247104,
      "read_merges" : 0,
      "write_merges" : 0,
      "read_ticks" : 32667197,
      "write_ticks" : 7455713,
      "in_queue" : 40122912,
      "util" : 81.717721
    }
  ]
}
